policy_family,policy_name,uses_mlp_signal,final_head,policy_params,simplicity_rank,num_cases,mean_requests,median_requests,mean_revealed_root_count,forced_end_rate,rule_stop_rate,target_budget_gap,correct_count,accuracy,top3_accuracy,top5_accuracy,macro_f1
llm_confidence,llm_conf_ge_0.65_stab_0,False,llm_final,"{""deterministic_stability_min"": 0, ""llm_confidence_min"": 0.65, ""min_requests"": 1}",1,24,1.7083333333333333,1.0,2.7083333333333335,0.0,1.0,5.791666666666667,11,0.4583333333333333,0.7083333333333334,0.7916666666666666,0.3471264367816092
llm_confidence,llm_conf_ge_0.65_stab_0,False,mlp_final,"{""deterministic_stability_min"": 0, ""llm_confidence_min"": 0.65, ""min_requests"": 1}",1,24,1.7083333333333333,1.0,2.7083333333333335,0.0,1.0,5.791666666666667,11,0.4583333333333333,0.75,0.8333333333333334,0.37142857142857144
llm_confidence,llm_conf_ge_0.65_stab_0,False,conservative_hybrid_final,"{""deterministic_stability_min"": 0, ""llm_confidence_min"": 0.65, ""min_requests"": 1}",1,24,1.7083333333333333,1.0,2.7083333333333335,0.0,1.0,5.791666666666667,11,0.4583333333333333,0.7083333333333334,0.7916666666666666,0.3471264367816092
llm_confidence,llm_conf_ge_0.65_stab_0,False,agreement_hybrid_final,"{""deterministic_stability_min"": 0, ""llm_confidence_min"": 0.65, ""min_requests"": 1}",1,24,1.7083333333333333,1.0,2.7083333333333335,0.0,1.0,5.791666666666667,11,0.4583333333333333,0.7083333333333334,0.7916666666666666,0.3471264367816092
llm_confidence,llm_conf_ge_0.65_stab_1,False,llm_final,"{""deterministic_stability_min"": 1, ""llm_confidence_min"": 0.65, ""min_requests"": 1}",1,24,1.7083333333333333,1.0,2.7083333333333335,0.0,1.0,5.791666666666667,11,0.4583333333333333,0.7083333333333334,0.7916666666666666,0.3471264367816092
llm_confidence,llm_conf_ge_0.65_stab_1,False,mlp_final,"{""deterministic_stability_min"": 1, ""llm_confidence_min"": 0.65, ""min_requests"": 1}",1,24,1.7083333333333333,1.0,2.7083333333333335,0.0,1.0,5.791666666666667,11,0.4583333333333333,0.75,0.8333333333333334,0.37142857142857144
llm_confidence,llm_conf_ge_0.65_stab_1,False,conservative_hybrid_final,"{""deterministic_stability_min"": 1, ""llm_confidence_min"": 0.65, ""min_requests"": 1}",1,24,1.7083333333333333,1.0,2.7083333333333335,0.0,1.0,5.791666666666667,11,0.4583333333333333,0.7083333333333334,0.7916666666666666,0.3471264367816092
llm_confidence,llm_conf_ge_0.65_stab_1,False,agreement_hybrid_final,"{""deterministic_stability_min"": 1, ""llm_confidence_min"": 0.65, ""min_requests"": 1}",1,24,1.7083333333333333,1.0,2.7083333333333335,0.0,1.0,5.791666666666667,11,0.4583333333333333,0.7083333333333334,0.7916666666666666,0.3471264367816092
llm_confidence,llm_conf_ge_0.65_stab_2,False,llm_final,"{""deterministic_stability_min"": 2, ""llm_confidence_min"": 0.65, ""min_requests"": 1}",1,24,3.9583333333333335,4.0,4.958333333333333,0.0,1.0,3.5416666666666665,16,0.6666666666666666,0.7916666666666666,0.8333333333333334,0.5476190476190476
llm_confidence,llm_conf_ge_0.65_stab_2,False,mlp_final,"{""deterministic_stability_min"": 2, ""llm_confidence_min"": 0.65, ""min_requests"": 1}",1,24,3.9583333333333335,4.0,4.958333333333333,0.0,1.0,3.5416666666666665,18,0.75,0.8333333333333334,0.8333333333333334,0.6419753086419753
llm_confidence,llm_conf_ge_0.65_stab_2,False,conservative_hybrid_final,"{""deterministic_stability_min"": 2, ""llm_confidence_min"": 0.65, ""min_requests"": 1}",1,24,3.9583333333333335,4.0,4.958333333333333,0.0,1.0,3.5416666666666665,16,0.6666666666666666,0.7916666666666666,0.8333333333333334,0.5476190476190476
llm_confidence,llm_conf_ge_0.65_stab_2,False,agreement_hybrid_final,"{""deterministic_stability_min"": 2, ""llm_confidence_min"": 0.65, ""min_requests"": 1}",1,24,3.9583333333333335,4.0,4.958333333333333,0.0,1.0,3.5416666666666665,16,0.6666666666666666,0.7916666666666666,0.8333333333333334,0.5476190476190476
llm_confidence,llm_conf_ge_0.70_stab_0,False,llm_final,"{""deterministic_stability_min"": 0, ""llm_confidence_min"": 0.7, ""min_requests"": 1}",1,24,2.125,1.0,3.125,0.0,1.0,5.375,13,0.5416666666666666,0.75,0.7916666666666666,0.4469135802469136
llm_confidence,llm_conf_ge_0.70_stab_0,False,mlp_final,"{""deterministic_stability_min"": 0, ""llm_confidence_min"": 0.7, ""min_requests"": 1}",1,24,2.125,1.0,3.125,0.0,1.0,5.375,13,0.5416666666666666,0.75,0.8333333333333334,0.4428571428571429
llm_confidence,llm_conf_ge_0.70_stab_0,False,conservative_hybrid_final,"{""deterministic_stability_min"": 0, ""llm_confidence_min"": 0.7, ""min_requests"": 1}",1,24,2.125,1.0,3.125,0.0,1.0,5.375,13,0.5416666666666666,0.75,0.7916666666666666,0.4469135802469136
llm_confidence,llm_conf_ge_0.70_stab_0,False,agreement_hybrid_final,"{""deterministic_stability_min"": 0, ""llm_confidence_min"": 0.7, ""min_requests"": 1}",1,24,2.125,1.0,3.125,0.0,1.0,5.375,13,0.5416666666666666,0.75,0.7916666666666666,0.4469135802469136
llm_confidence,llm_conf_ge_0.70_stab_1,False,llm_final,"{""deterministic_stability_min"": 1, ""llm_confidence_min"": 0.7, ""min_requests"": 1}",1,24,2.125,1.0,3.125,0.0,1.0,5.375,13,0.5416666666666666,0.75,0.7916666666666666,0.4469135802469136
llm_confidence,llm_conf_ge_0.70_stab_1,False,mlp_final,"{""deterministic_stability_min"": 1, ""llm_confidence_min"": 0.7, ""min_requests"": 1}",1,24,2.125,1.0,3.125,0.0,1.0,5.375,13,0.5416666666666666,0.75,0.8333333333333334,0.4428571428571429
llm_confidence,llm_conf_ge_0.70_stab_1,False,conservative_hybrid_final,"{""deterministic_stability_min"": 1, ""llm_confidence_min"": 0.7, ""min_requests"": 1}",1,24,2.125,1.0,3.125,0.0,1.0,5.375,13,0.5416666666666666,0.75,0.7916666666666666,0.4469135802469136
llm_confidence,llm_conf_ge_0.70_stab_1,False,agreement_hybrid_final,"{""deterministic_stability_min"": 1, ""llm_confidence_min"": 0.7, ""min_requests"": 1}",1,24,2.125,1.0,3.125,0.0,1.0,5.375,13,0.5416666666666666,0.75,0.7916666666666666,0.4469135802469136
llm_confidence,llm_conf_ge_0.70_stab_2,False,llm_final,"{""deterministic_stability_min"": 2, ""llm_confidence_min"": 0.7, ""min_requests"": 1}",1,24,4.25,4.0,5.25,0.0,1.0,3.25,18,0.75,0.7916666666666666,0.8333333333333334,0.6543209876543209
llm_confidence,llm_conf_ge_0.70_stab_2,False,mlp_final,"{""deterministic_stability_min"": 2, ""llm_confidence_min"": 0.7, ""min_requests"": 1}",1,24,4.25,4.0,5.25,0.0,1.0,3.25,18,0.75,0.8333333333333334,0.8333333333333334,0.6419753086419753
llm_confidence,llm_conf_ge_0.70_stab_2,False,conservative_hybrid_final,"{""deterministic_stability_min"": 2, ""llm_confidence_min"": 0.7, ""min_requests"": 1}",1,24,4.25,4.0,5.25,0.0,1.0,3.25,18,0.75,0.7916666666666666,0.8333333333333334,0.6543209876543209
llm_confidence,llm_conf_ge_0.70_stab_2,False,agreement_hybrid_final,"{""deterministic_stability_min"": 2, ""llm_confidence_min"": 0.7, ""min_requests"": 1}",1,24,4.25,4.0,5.25,0.0,1.0,3.25,18,0.75,0.7916666666666666,0.8333333333333334,0.6543209876543209
llm_confidence,llm_conf_ge_0.75_stab_0,False,llm_final,"{""deterministic_stability_min"": 0, ""llm_confidence_min"": 0.75, ""min_requests"": 1}",1,24,3.0,1.5,4.0,0.08333333333333333,0.9166666666666666,4.5,15,0.625,0.7916666666666666,0.8333333333333334,0.5178571428571429
llm_confidence,llm_conf_ge_0.75_stab_0,False,mlp_final,"{""deterministic_stability_min"": 0, ""llm_confidence_min"": 0.75, ""min_requests"": 1}",1,24,3.0,1.5,4.0,0.08333333333333333,0.9166666666666666,4.5,14,0.5833333333333334,0.75,0.8333333333333334,0.46551724137931033
llm_confidence,llm_conf_ge_0.75_stab_0,False,conservative_hybrid_final,"{""deterministic_stability_min"": 0, ""llm_confidence_min"": 0.75, ""min_requests"": 1}",1,24,3.0,1.5,4.0,0.08333333333333333,0.9166666666666666,4.5,15,0.625,0.7916666666666666,0.8333333333333334,0.5178571428571429
llm_confidence,llm_conf_ge_0.75_stab_0,False,agreement_hybrid_final,"{""deterministic_stability_min"": 0, ""llm_confidence_min"": 0.75, ""min_requests"": 1}",1,24,3.0,1.5,4.0,0.08333333333333333,0.9166666666666666,4.5,15,0.625,0.7916666666666666,0.8333333333333334,0.5178571428571429
llm_confidence,llm_conf_ge_0.75_stab_1,False,llm_final,"{""deterministic_stability_min"": 1, ""llm_confidence_min"": 0.75, ""min_requests"": 1}",1,24,3.0,1.5,4.0,0.08333333333333333,0.9166666666666666,4.5,15,0.625,0.7916666666666666,0.8333333333333334,0.5178571428571429
llm_confidence,llm_conf_ge_0.75_stab_1,False,mlp_final,"{""deterministic_stability_min"": 1, ""llm_confidence_min"": 0.75, ""min_requests"": 1}",1,24,3.0,1.5,4.0,0.08333333333333333,0.9166666666666666,4.5,14,0.5833333333333334,0.75,0.8333333333333334,0.46551724137931033
llm_confidence,llm_conf_ge_0.75_stab_1,False,conservative_hybrid_final,"{""deterministic_stability_min"": 1, ""llm_confidence_min"": 0.75, ""min_requests"": 1}",1,24,3.0,1.5,4.0,0.08333333333333333,0.9166666666666666,4.5,15,0.625,0.7916666666666666,0.8333333333333334,0.5178571428571429
llm_confidence,llm_conf_ge_0.75_stab_1,False,agreement_hybrid_final,"{""deterministic_stability_min"": 1, ""llm_confidence_min"": 0.75, ""min_requests"": 1}",1,24,3.0,1.5,4.0,0.08333333333333333,0.9166666666666666,4.5,15,0.625,0.7916666666666666,0.8333333333333334,0.5178571428571429
llm_confidence,llm_conf_ge_0.75_stab_2,False,llm_final,"{""deterministic_stability_min"": 2, ""llm_confidence_min"": 0.75, ""min_requests"": 1}",1,24,4.791666666666667,4.0,5.791666666666667,0.08333333333333333,0.9166666666666666,2.708333333333333,18,0.75,0.7916666666666666,0.8333333333333334,0.6309523809523808
llm_confidence,llm_conf_ge_0.75_stab_2,False,mlp_final,"{""deterministic_stability_min"": 2, ""llm_confidence_min"": 0.75, ""min_requests"": 1}",1,24,4.791666666666667,4.0,5.791666666666667,0.08333333333333333,0.9166666666666666,2.708333333333333,18,0.75,0.8333333333333334,0.8333333333333334,0.6419753086419753
llm_confidence,llm_conf_ge_0.75_stab_2,False,conservative_hybrid_final,"{""deterministic_stability_min"": 2, ""llm_confidence_min"": 0.75, ""min_requests"": 1}",1,24,4.791666666666667,4.0,5.791666666666667,0.08333333333333333,0.9166666666666666,2.708333333333333,18,0.75,0.7916666666666666,0.8333333333333334,0.6309523809523808
llm_confidence,llm_conf_ge_0.75_stab_2,False,agreement_hybrid_final,"{""deterministic_stability_min"": 2, ""llm_confidence_min"": 0.75, ""min_requests"": 1}",1,24,4.791666666666667,4.0,5.791666666666667,0.08333333333333333,0.9166666666666666,2.708333333333333,18,0.75,0.7916666666666666,0.8333333333333334,0.6309523809523808
llm_confidence,llm_conf_ge_0.80_stab_0,False,llm_final,"{""deterministic_stability_min"": 0, ""llm_confidence_min"": 0.8, ""min_requests"": 1}",1,24,6.041666666666667,4.5,7.041666666666667,0.20833333333333334,0.7916666666666666,1.458333333333333,19,0.7916666666666666,0.875,0.875,0.6666666666666666
llm_confidence,llm_conf_ge_0.80_stab_0,False,mlp_final,"{""deterministic_stability_min"": 0, ""llm_confidence_min"": 0.8, ""min_requests"": 1}",1,24,6.041666666666667,4.5,7.041666666666667,0.20833333333333334,0.7916666666666666,1.458333333333333,17,0.7083333333333334,0.875,0.9166666666666666,0.5952380952380951
llm_confidence,llm_conf_ge_0.80_stab_0,False,conservative_hybrid_final,"{""deterministic_stability_min"": 0, ""llm_confidence_min"": 0.8, ""min_requests"": 1}",1,24,6.041666666666667,4.5,7.041666666666667,0.20833333333333334,0.7916666666666666,1.458333333333333,19,0.7916666666666666,0.875,0.875,0.6666666666666666
llm_confidence,llm_conf_ge_0.80_stab_0,False,agreement_hybrid_final,"{""deterministic_stability_min"": 0, ""llm_confidence_min"": 0.8, ""min_requests"": 1}",1,24,6.041666666666667,4.5,7.041666666666667,0.20833333333333334,0.7916666666666666,1.458333333333333,19,0.7916666666666666,0.875,0.875,0.6666666666666666
llm_confidence,llm_conf_ge_0.80_stab_1,False,llm_final,"{""deterministic_stability_min"": 1, ""llm_confidence_min"": 0.8, ""min_requests"": 1}",1,24,6.041666666666667,4.5,7.041666666666667,0.20833333333333334,0.7916666666666666,1.458333333333333,19,0.7916666666666666,0.875,0.875,0.6666666666666666
llm_confidence,llm_conf_ge_0.80_stab_1,False,mlp_final,"{""deterministic_stability_min"": 1, ""llm_confidence_min"": 0.8, ""min_requests"": 1}",1,24,6.041666666666667,4.5,7.041666666666667,0.20833333333333334,0.7916666666666666,1.458333333333333,17,0.7083333333333334,0.875,0.9166666666666666,0.5952380952380951
llm_confidence,llm_conf_ge_0.80_stab_1,False,conservative_hybrid_final,"{""deterministic_stability_min"": 1, ""llm_confidence_min"": 0.8, ""min_requests"": 1}",1,24,6.041666666666667,4.5,7.041666666666667,0.20833333333333334,0.7916666666666666,1.458333333333333,19,0.7916666666666666,0.875,0.875,0.6666666666666666
llm_confidence,llm_conf_ge_0.80_stab_1,False,agreement_hybrid_final,"{""deterministic_stability_min"": 1, ""llm_confidence_min"": 0.8, ""min_requests"": 1}",1,24,6.041666666666667,4.5,7.041666666666667,0.20833333333333334,0.7916666666666666,1.458333333333333,19,0.7916666666666666,0.875,0.875,0.6666666666666666
llm_confidence,llm_conf_ge_0.80_stab_2,False,llm_final,"{""deterministic_stability_min"": 2, ""llm_confidence_min"": 0.8, ""min_requests"": 1}",1,24,8.375,6.5,9.375,0.2916666666666667,0.7083333333333334,0.875,21,0.875,0.875,0.875,0.7777777777777778
llm_confidence,llm_conf_ge_0.80_stab_2,False,mlp_final,"{""deterministic_stability_min"": 2, ""llm_confidence_min"": 0.8, ""min_requests"": 1}",1,24,8.375,6.5,9.375,0.2916666666666667,0.7083333333333334,0.875,22,0.9166666666666666,0.9166666666666666,0.9166666666666666,0.8888888888888888
llm_confidence,llm_conf_ge_0.80_stab_2,False,conservative_hybrid_final,"{""deterministic_stability_min"": 2, ""llm_confidence_min"": 0.8, ""min_requests"": 1}",1,24,8.375,6.5,9.375,0.2916666666666667,0.7083333333333334,0.875,21,0.875,0.875,0.875,0.7777777777777778
llm_confidence,llm_conf_ge_0.80_stab_2,False,agreement_hybrid_final,"{""deterministic_stability_min"": 2, ""llm_confidence_min"": 0.8, ""min_requests"": 1}",1,24,8.375,6.5,9.375,0.2916666666666667,0.7083333333333334,0.875,21,0.875,0.875,0.875,0.7777777777777778
llm_confidence,llm_conf_ge_0.85_stab_0,False,llm_final,"{""deterministic_stability_min"": 0, ""llm_confidence_min"": 0.85, ""min_requests"": 1}",1,24,9.208333333333334,7.0,10.208333333333334,0.4583333333333333,0.5416666666666666,1.708333333333334,21,0.875,0.9166666666666666,0.9166666666666666,0.7948717948717948
llm_confidence,llm_conf_ge_0.85_stab_0,False,mlp_final,"{""deterministic_stability_min"": 0, ""llm_confidence_min"": 0.85, ""min_requests"": 1}",1,24,9.208333333333334,7.0,10.208333333333334,0.4583333333333333,0.5416666666666666,1.708333333333334,21,0.875,1.0,1.0,0.7948717948717948
llm_confidence,llm_conf_ge_0.85_stab_0,False,conservative_hybrid_final,"{""deterministic_stability_min"": 0, ""llm_confidence_min"": 0.85, ""min_requests"": 1}",1,24,9.208333333333334,7.0,10.208333333333334,0.4583333333333333,0.5416666666666666,1.708333333333334,21,0.875,0.9166666666666666,0.9166666666666666,0.7948717948717948
llm_confidence,llm_conf_ge_0.85_stab_0,False,agreement_hybrid_final,"{""deterministic_stability_min"": 0, ""llm_confidence_min"": 0.85, ""min_requests"": 1}",1,24,9.208333333333334,7.0,10.208333333333334,0.4583333333333333,0.5416666666666666,1.708333333333334,21,0.875,0.9166666666666666,0.9166666666666666,0.7948717948717948
llm_confidence,llm_conf_ge_0.85_stab_1,False,llm_final,"{""deterministic_stability_min"": 1, ""llm_confidence_min"": 0.85, ""min_requests"": 1}",1,24,9.208333333333334,7.0,10.208333333333334,0.4583333333333333,0.5416666666666666,1.708333333333334,21,0.875,0.9166666666666666,0.9166666666666666,0.7948717948717948
llm_confidence,llm_conf_ge_0.85_stab_1,False,mlp_final,"{""deterministic_stability_min"": 1, ""llm_confidence_min"": 0.85, ""min_requests"": 1}",1,24,9.208333333333334,7.0,10.208333333333334,0.4583333333333333,0.5416666666666666,1.708333333333334,21,0.875,1.0,1.0,0.7948717948717948
llm_confidence,llm_conf_ge_0.85_stab_1,False,conservative_hybrid_final,"{""deterministic_stability_min"": 1, ""llm_confidence_min"": 0.85, ""min_requests"": 1}",1,24,9.208333333333334,7.0,10.208333333333334,0.4583333333333333,0.5416666666666666,1.708333333333334,21,0.875,0.9166666666666666,0.9166666666666666,0.7948717948717948
llm_confidence,llm_conf_ge_0.85_stab_1,False,agreement_hybrid_final,"{""deterministic_stability_min"": 1, ""llm_confidence_min"": 0.85, ""min_requests"": 1}",1,24,9.208333333333334,7.0,10.208333333333334,0.4583333333333333,0.5416666666666666,1.708333333333334,21,0.875,0.9166666666666666,0.9166666666666666,0.7948717948717948
llm_confidence,llm_conf_ge_0.85_stab_2,False,llm_final,"{""deterministic_stability_min"": 2, ""llm_confidence_min"": 0.85, ""min_requests"": 1}",1,24,9.833333333333334,7.0,10.833333333333334,0.4583333333333333,0.5416666666666666,2.333333333333334,22,0.9166666666666666,0.9166666666666666,0.9166666666666666,0.8461538461538461
llm_confidence,llm_conf_ge_0.85_stab_2,False,mlp_final,"{""deterministic_stability_min"": 2, ""llm_confidence_min"": 0.85, ""min_requests"": 1}",1,24,9.833333333333334,7.0,10.833333333333334,0.4583333333333333,0.5416666666666666,2.333333333333334,23,0.9583333333333334,1.0,1.0,0.92
llm_confidence,llm_conf_ge_0.85_stab_2,False,conservative_hybrid_final,"{""deterministic_stability_min"": 2, ""llm_confidence_min"": 0.85, ""min_requests"": 1}",1,24,9.833333333333334,7.0,10.833333333333334,0.4583333333333333,0.5416666666666666,2.333333333333334,22,0.9166666666666666,0.9166666666666666,0.9166666666666666,0.8461538461538461
llm_confidence,llm_conf_ge_0.85_stab_2,False,agreement_hybrid_final,"{""deterministic_stability_min"": 2, ""llm_confidence_min"": 0.85, ""min_requests"": 1}",1,24,9.833333333333334,7.0,10.833333333333334,0.4583333333333333,0.5416666666666666,2.333333333333334,22,0.9166666666666666,0.9166666666666666,0.9166666666666666,0.8461538461538461
llm_confidence,llm_conf_ge_0.90_stab_0,False,llm_final,"{""deterministic_stability_min"": 0, ""llm_confidence_min"": 0.9, ""min_requests"": 1}",1,24,10.166666666666666,8.5,11.166666666666666,0.625,0.375,2.666666666666666,21,0.875,0.9166666666666666,0.9166666666666666,0.7948717948717948
llm_confidence,llm_conf_ge_0.90_stab_0,False,mlp_final,"{""deterministic_stability_min"": 0, ""llm_confidence_min"": 0.9, ""min_requests"": 1}",1,24,10.166666666666666,8.5,11.166666666666666,0.625,0.375,2.666666666666666,21,0.875,1.0,1.0,0.7777777777777778
llm_confidence,llm_conf_ge_0.90_stab_0,False,conservative_hybrid_final,"{""deterministic_stability_min"": 0, ""llm_confidence_min"": 0.9, ""min_requests"": 1}",1,24,10.166666666666666,8.5,11.166666666666666,0.625,0.375,2.666666666666666,21,0.875,0.9166666666666666,0.9166666666666666,0.7948717948717948
llm_confidence,llm_conf_ge_0.90_stab_0,False,agreement_hybrid_final,"{""deterministic_stability_min"": 0, ""llm_confidence_min"": 0.9, ""min_requests"": 1}",1,24,10.166666666666666,8.5,11.166666666666666,0.625,0.375,2.666666666666666,21,0.875,0.9166666666666666,0.9166666666666666,0.7948717948717948
llm_confidence,llm_conf_ge_0.90_stab_1,False,llm_final,"{""deterministic_stability_min"": 1, ""llm_confidence_min"": 0.9, ""min_requests"": 1}",1,24,10.166666666666666,8.5,11.166666666666666,0.625,0.375,2.666666666666666,21,0.875,0.9166666666666666,0.9166666666666666,0.7948717948717948
llm_confidence,llm_conf_ge_0.90_stab_1,False,mlp_final,"{""deterministic_stability_min"": 1, ""llm_confidence_min"": 0.9, ""min_requests"": 1}",1,24,10.166666666666666,8.5,11.166666666666666,0.625,0.375,2.666666666666666,21,0.875,1.0,1.0,0.7777777777777778
llm_confidence,llm_conf_ge_0.90_stab_1,False,conservative_hybrid_final,"{""deterministic_stability_min"": 1, ""llm_confidence_min"": 0.9, ""min_requests"": 1}",1,24,10.166666666666666,8.5,11.166666666666666,0.625,0.375,2.666666666666666,21,0.875,0.9166666666666666,0.9166666666666666,0.7948717948717948
llm_confidence,llm_conf_ge_0.90_stab_1,False,agreement_hybrid_final,"{""deterministic_stability_min"": 1, ""llm_confidence_min"": 0.9, ""min_requests"": 1}",1,24,10.166666666666666,8.5,11.166666666666666,0.625,0.375,2.666666666666666,21,0.875,0.9166666666666666,0.9166666666666666,0.7948717948717948
llm_confidence,llm_conf_ge_0.90_stab_2,False,llm_final,"{""deterministic_stability_min"": 2, ""llm_confidence_min"": 0.9, ""min_requests"": 1}",1,24,10.5,8.5,11.5,0.625,0.375,3.0,22,0.9166666666666666,0.9166666666666666,0.9166666666666666,0.8461538461538461
llm_confidence,llm_conf_ge_0.90_stab_2,False,mlp_final,"{""deterministic_stability_min"": 2, ""llm_confidence_min"": 0.9, ""min_requests"": 1}",1,24,10.5,8.5,11.5,0.625,0.375,3.0,22,0.9166666666666666,1.0,1.0,0.8461538461538461
llm_confidence,llm_conf_ge_0.90_stab_2,False,conservative_hybrid_final,"{""deterministic_stability_min"": 2, ""llm_confidence_min"": 0.9, ""min_requests"": 1}",1,24,10.5,8.5,11.5,0.625,0.375,3.0,22,0.9166666666666666,0.9166666666666666,0.9166666666666666,0.8461538461538461
llm_confidence,llm_conf_ge_0.90_stab_2,False,agreement_hybrid_final,"{""deterministic_stability_min"": 2, ""llm_confidence_min"": 0.9, ""min_requests"": 1}",1,24,10.5,8.5,11.5,0.625,0.375,3.0,22,0.9166666666666666,0.9166666666666666,0.9166666666666666,0.8461538461538461
llm_confidence,llm_conf_ge_0.95_stab_0,False,llm_final,"{""deterministic_stability_min"": 0, ""llm_confidence_min"": 0.95, ""min_requests"": 1}",1,24,10.375,8.5,11.375,0.6666666666666666,0.3333333333333333,2.875,21,0.875,0.9166666666666666,0.9166666666666666,0.7948717948717948
llm_confidence,llm_conf_ge_0.95_stab_0,False,mlp_final,"{""deterministic_stability_min"": 0, ""llm_confidence_min"": 0.95, ""min_requests"": 1}",1,24,10.375,8.5,11.375,0.6666666666666666,0.3333333333333333,2.875,21,0.875,1.0,1.0,0.7777777777777778
llm_confidence,llm_conf_ge_0.95_stab_0,False,conservative_hybrid_final,"{""deterministic_stability_min"": 0, ""llm_confidence_min"": 0.95, ""min_requests"": 1}",1,24,10.375,8.5,11.375,0.6666666666666666,0.3333333333333333,2.875,21,0.875,0.9166666666666666,0.9166666666666666,0.7948717948717948
llm_confidence,llm_conf_ge_0.95_stab_0,False,agreement_hybrid_final,"{""deterministic_stability_min"": 0, ""llm_confidence_min"": 0.95, ""min_requests"": 1}",1,24,10.375,8.5,11.375,0.6666666666666666,0.3333333333333333,2.875,21,0.875,0.9166666666666666,0.9166666666666666,0.7948717948717948
llm_confidence,llm_conf_ge_0.95_stab_1,False,llm_final,"{""deterministic_stability_min"": 1, ""llm_confidence_min"": 0.95, ""min_requests"": 1}",1,24,10.375,8.5,11.375,0.6666666666666666,0.3333333333333333,2.875,21,0.875,0.9166666666666666,0.9166666666666666,0.7948717948717948
llm_confidence,llm_conf_ge_0.95_stab_1,False,mlp_final,"{""deterministic_stability_min"": 1, ""llm_confidence_min"": 0.95, ""min_requests"": 1}",1,24,10.375,8.5,11.375,0.6666666666666666,0.3333333333333333,2.875,21,0.875,1.0,1.0,0.7777777777777778
llm_confidence,llm_conf_ge_0.95_stab_1,False,conservative_hybrid_final,"{""deterministic_stability_min"": 1, ""llm_confidence_min"": 0.95, ""min_requests"": 1}",1,24,10.375,8.5,11.375,0.6666666666666666,0.3333333333333333,2.875,21,0.875,0.9166666666666666,0.9166666666666666,0.7948717948717948
llm_confidence,llm_conf_ge_0.95_stab_1,False,agreement_hybrid_final,"{""deterministic_stability_min"": 1, ""llm_confidence_min"": 0.95, ""min_requests"": 1}",1,24,10.375,8.5,11.375,0.6666666666666666,0.3333333333333333,2.875,21,0.875,0.9166666666666666,0.9166666666666666,0.7948717948717948
llm_confidence,llm_conf_ge_0.95_stab_2,False,llm_final,"{""deterministic_stability_min"": 2, ""llm_confidence_min"": 0.95, ""min_requests"": 1}",1,24,10.666666666666666,8.5,11.666666666666666,0.6666666666666666,0.3333333333333333,3.166666666666666,22,0.9166666666666666,0.9166666666666666,0.9166666666666666,0.8461538461538461
llm_confidence,llm_conf_ge_0.95_stab_2,False,mlp_final,"{""deterministic_stability_min"": 2, ""llm_confidence_min"": 0.95, ""min_requests"": 1}",1,24,10.666666666666666,8.5,11.666666666666666,0.6666666666666666,0.3333333333333333,3.166666666666666,22,0.9166666666666666,1.0,1.0,0.8461538461538461
llm_confidence,llm_conf_ge_0.95_stab_2,False,conservative_hybrid_final,"{""deterministic_stability_min"": 2, ""llm_confidence_min"": 0.95, ""min_requests"": 1}",1,24,10.666666666666666,8.5,11.666666666666666,0.6666666666666666,0.3333333333333333,3.166666666666666,22,0.9166666666666666,0.9166666666666666,0.9166666666666666,0.8461538461538461
llm_confidence,llm_conf_ge_0.95_stab_2,False,agreement_hybrid_final,"{""deterministic_stability_min"": 2, ""llm_confidence_min"": 0.95, ""min_requests"": 1}",1,24,10.666666666666666,8.5,11.666666666666666,0.6666666666666666,0.3333333333333333,3.166666666666666,22,0.9166666666666666,0.9166666666666666,0.9166666666666666,0.8461538461538461
deterministic_state,det_margin_ge_0.50_unres_le_0.05,False,llm_final,"{""margin_min"": 0.5, ""min_requests"": 1, ""stability_min"": 1, ""unresolved_max"": 0.05}",2,24,6.708333333333333,3.5,7.708333333333333,0.041666666666666664,0.9583333333333334,0.791666666666667,20,0.8333333333333334,0.875,0.9166666666666666,0.7435897435897435
deterministic_state,det_margin_ge_0.50_unres_le_0.05,False,mlp_final,"{""margin_min"": 0.5, ""min_requests"": 1, ""stability_min"": 1, ""unresolved_max"": 0.05}",2,24,6.708333333333333,3.5,7.708333333333333,0.041666666666666664,0.9583333333333334,0.791666666666667,20,0.8333333333333334,0.9583333333333334,1.0,0.76
deterministic_state,det_margin_ge_0.50_unres_le_0.05,False,conservative_hybrid_final,"{""margin_min"": 0.5, ""min_requests"": 1, ""stability_min"": 1, ""unresolved_max"": 0.05}",2,24,6.708333333333333,3.5,7.708333333333333,0.041666666666666664,0.9583333333333334,0.791666666666667,20,0.8333333333333334,0.875,0.9166666666666666,0.7435897435897435
deterministic_state,det_margin_ge_0.50_unres_le_0.05,False,agreement_hybrid_final,"{""margin_min"": 0.5, ""min_requests"": 1, ""stability_min"": 1, ""unresolved_max"": 0.05}",2,24,6.708333333333333,3.5,7.708333333333333,0.041666666666666664,0.9583333333333334,0.791666666666667,20,0.8333333333333334,0.875,0.9166666666666666,0.7435897435897435
deterministic_state,det_margin_ge_0.50_unres_le_0.10,False,llm_final,"{""margin_min"": 0.5, ""min_requests"": 1, ""stability_min"": 1, ""unresolved_max"": 0.1}",2,24,6.583333333333333,3.5,7.583333333333333,0.041666666666666664,0.9583333333333334,0.916666666666667,20,0.8333333333333334,0.875,0.9166666666666666,0.7435897435897435
deterministic_state,det_margin_ge_0.50_unres_le_0.10,False,mlp_final,"{""margin_min"": 0.5, ""min_requests"": 1, ""stability_min"": 1, ""unresolved_max"": 0.1}",2,24,6.583333333333333,3.5,7.583333333333333,0.041666666666666664,0.9583333333333334,0.916666666666667,20,0.8333333333333334,0.9583333333333334,1.0,0.76
deterministic_state,det_margin_ge_0.50_unres_le_0.10,False,conservative_hybrid_final,"{""margin_min"": 0.5, ""min_requests"": 1, ""stability_min"": 1, ""unresolved_max"": 0.1}",2,24,6.583333333333333,3.5,7.583333333333333,0.041666666666666664,0.9583333333333334,0.916666666666667,20,0.8333333333333334,0.875,0.9166666666666666,0.7435897435897435
deterministic_state,det_margin_ge_0.50_unres_le_0.10,False,agreement_hybrid_final,"{""margin_min"": 0.5, ""min_requests"": 1, ""stability_min"": 1, ""unresolved_max"": 0.1}",2,24,6.583333333333333,3.5,7.583333333333333,0.041666666666666664,0.9583333333333334,0.916666666666667,20,0.8333333333333334,0.875,0.9166666666666666,0.7435897435897435
deterministic_state,det_margin_ge_0.50_unres_le_0.20,False,llm_final,"{""margin_min"": 0.5, ""min_requests"": 1, ""stability_min"": 1, ""unresolved_max"": 0.2}",2,24,6.041666666666667,3.0,7.041666666666667,0.0,1.0,1.458333333333333,19,0.7916666666666666,0.9166666666666666,0.9583333333333334,0.6987179487179487
deterministic_state,det_margin_ge_0.50_unres_le_0.20,False,mlp_final,"{""margin_min"": 0.5, ""min_requests"": 1, ""stability_min"": 1, ""unresolved_max"": 0.2}",2,24,6.041666666666667,3.0,7.041666666666667,0.0,1.0,1.458333333333333,19,0.7916666666666666,0.9583333333333334,1.0,0.7051282051282051
deterministic_state,det_margin_ge_0.50_unres_le_0.20,False,conservative_hybrid_final,"{""margin_min"": 0.5, ""min_requests"": 1, ""stability_min"": 1, ""unresolved_max"": 0.2}",2,24,6.041666666666667,3.0,7.041666666666667,0.0,1.0,1.458333333333333,19,0.7916666666666666,0.9166666666666666,0.9583333333333334,0.6987179487179487
deterministic_state,det_margin_ge_0.50_unres_le_0.20,False,agreement_hybrid_final,"{""margin_min"": 0.5, ""min_requests"": 1, ""stability_min"": 1, ""unresolved_max"": 0.2}",2,24,6.041666666666667,3.0,7.041666666666667,0.0,1.0,1.458333333333333,19,0.7916666666666666,0.9166666666666666,0.9583333333333334,0.6987179487179487
deterministic_state,det_margin_ge_0.50_unres_le_0.40,False,llm_final,"{""margin_min"": 0.5, ""min_requests"": 1, ""stability_min"": 1, ""unresolved_max"": 0.4}",2,24,3.7083333333333335,2.0,4.708333333333333,0.0,1.0,3.7916666666666665,17,0.7083333333333334,0.7916666666666666,0.8333333333333334,0.62
deterministic_state,det_margin_ge_0.50_unres_le_0.40,False,mlp_final,"{""margin_min"": 0.5, ""min_requests"": 1, ""stability_min"": 1, ""unresolved_max"": 0.4}",2,24,3.7083333333333335,2.0,4.708333333333333,0.0,1.0,3.7916666666666665,15,0.625,0.7916666666666666,0.8333333333333334,0.5384615384615384
deterministic_state,det_margin_ge_0.50_unres_le_0.40,False,conservative_hybrid_final,"{""margin_min"": 0.5, ""min_requests"": 1, ""stability_min"": 1, ""unresolved_max"": 0.4}",2,24,3.7083333333333335,2.0,4.708333333333333,0.0,1.0,3.7916666666666665,17,0.7083333333333334,0.7916666666666666,0.8333333333333334,0.62
deterministic_state,det_margin_ge_0.50_unres_le_0.40,False,agreement_hybrid_final,"{""margin_min"": 0.5, ""min_requests"": 1, ""stability_min"": 1, ""unresolved_max"": 0.4}",2,24,3.7083333333333335,2.0,4.708333333333333,0.0,1.0,3.7916666666666665,17,0.7083333333333334,0.7916666666666666,0.8333333333333334,0.62
deterministic_state,det_margin_ge_0.50_unres_le_0.70,False,llm_final,"{""margin_min"": 0.5, ""min_requests"": 1, ""stability_min"": 1, ""unresolved_max"": 0.7}",2,24,3.7083333333333335,2.0,4.708333333333333,0.0,1.0,3.7916666666666665,17,0.7083333333333334,0.7916666666666666,0.8333333333333334,0.62
deterministic_state,det_margin_ge_0.50_unres_le_0.70,False,mlp_final,"{""margin_min"": 0.5, ""min_requests"": 1, ""stability_min"": 1, ""unresolved_max"": 0.7}",2,24,3.7083333333333335,2.0,4.708333333333333,0.0,1.0,3.7916666666666665,15,0.625,0.7916666666666666,0.8333333333333334,0.5384615384615384
deterministic_state,det_margin_ge_0.50_unres_le_0.70,False,conservative_hybrid_final,"{""margin_min"": 0.5, ""min_requests"": 1, ""stability_min"": 1, ""unresolved_max"": 0.7}",2,24,3.7083333333333335,2.0,4.708333333333333,0.0,1.0,3.7916666666666665,17,0.7083333333333334,0.7916666666666666,0.8333333333333334,0.62
deterministic_state,det_margin_ge_0.50_unres_le_0.70,False,agreement_hybrid_final,"{""margin_min"": 0.5, ""min_requests"": 1, ""stability_min"": 1, ""unresolved_max"": 0.7}",2,24,3.7083333333333335,2.0,4.708333333333333,0.0,1.0,3.7916666666666665,17,0.7083333333333334,0.7916666666666666,0.8333333333333334,0.62
deterministic_state,det_margin_ge_0.80_unres_le_0.05,False,llm_final,"{""margin_min"": 0.8, ""min_requests"": 1, ""stability_min"": 1, ""unresolved_max"": 0.05}",2,24,6.708333333333333,3.5,7.708333333333333,0.041666666666666664,0.9583333333333334,0.791666666666667,20,0.8333333333333334,0.875,0.9166666666666666,0.7435897435897435
deterministic_state,det_margin_ge_0.80_unres_le_0.05,False,mlp_final,"{""margin_min"": 0.8, ""min_requests"": 1, ""stability_min"": 1, ""unresolved_max"": 0.05}",2,24,6.708333333333333,3.5,7.708333333333333,0.041666666666666664,0.9583333333333334,0.791666666666667,20,0.8333333333333334,0.9583333333333334,1.0,0.76
deterministic_state,det_margin_ge_0.80_unres_le_0.05,False,conservative_hybrid_final,"{""margin_min"": 0.8, ""min_requests"": 1, ""stability_min"": 1, ""unresolved_max"": 0.05}",2,24,6.708333333333333,3.5,7.708333333333333,0.041666666666666664,0.9583333333333334,0.791666666666667,20,0.8333333333333334,0.875,0.9166666666666666,0.7435897435897435
deterministic_state,det_margin_ge_0.80_unres_le_0.05,False,agreement_hybrid_final,"{""margin_min"": 0.8, ""min_requests"": 1, ""stability_min"": 1, ""unresolved_max"": 0.05}",2,24,6.708333333333333,3.5,7.708333333333333,0.041666666666666664,0.9583333333333334,0.791666666666667,20,0.8333333333333334,0.875,0.9166666666666666,0.7435897435897435
deterministic_state,det_margin_ge_0.80_unres_le_0.10,False,llm_final,"{""margin_min"": 0.8, ""min_requests"": 1, ""stability_min"": 1, ""unresolved_max"": 0.1}",2,24,6.625,3.5,7.625,0.041666666666666664,0.9583333333333334,0.875,20,0.8333333333333334,0.875,0.9166666666666666,0.7435897435897435
deterministic_state,det_margin_ge_0.80_unres_le_0.10,False,mlp_final,"{""margin_min"": 0.8, ""min_requests"": 1, ""stability_min"": 1, ""unresolved_max"": 0.1}",2,24,6.625,3.5,7.625,0.041666666666666664,0.9583333333333334,0.875,20,0.8333333333333334,0.9583333333333334,1.0,0.76
deterministic_state,det_margin_ge_0.80_unres_le_0.10,False,conservative_hybrid_final,"{""margin_min"": 0.8, ""min_requests"": 1, ""stability_min"": 1, ""unresolved_max"": 0.1}",2,24,6.625,3.5,7.625,0.041666666666666664,0.9583333333333334,0.875,20,0.8333333333333334,0.875,0.9166666666666666,0.7435897435897435
deterministic_state,det_margin_ge_0.80_unres_le_0.10,False,agreement_hybrid_final,"{""margin_min"": 0.8, ""min_requests"": 1, ""stability_min"": 1, ""unresolved_max"": 0.1}",2,24,6.625,3.5,7.625,0.041666666666666664,0.9583333333333334,0.875,20,0.8333333333333334,0.875,0.9166666666666666,0.7435897435897435
deterministic_state,det_margin_ge_0.80_unres_le_0.20,False,llm_final,"{""margin_min"": 0.8, ""min_requests"": 1, ""stability_min"": 1, ""unresolved_max"": 0.2}",2,24,6.333333333333333,3.0,7.333333333333333,0.0,1.0,1.166666666666667,20,0.8333333333333334,0.9166666666666666,0.9583333333333334,0.7666666666666666
deterministic_state,det_margin_ge_0.80_unres_le_0.20,False,mlp_final,"{""margin_min"": 0.8, ""min_requests"": 1, ""stability_min"": 1, ""unresolved_max"": 0.2}",2,24,6.333333333333333,3.0,7.333333333333333,0.0,1.0,1.166666666666667,20,0.8333333333333334,0.9583333333333334,1.0,0.76
deterministic_state,det_margin_ge_0.80_unres_le_0.20,False,conservative_hybrid_final,"{""margin_min"": 0.8, ""min_requests"": 1, ""stability_min"": 1, ""unresolved_max"": 0.2}",2,24,6.333333333333333,3.0,7.333333333333333,0.0,1.0,1.166666666666667,20,0.8333333333333334,0.9166666666666666,0.9583333333333334,0.7666666666666666
deterministic_state,det_margin_ge_0.80_unres_le_0.20,False,agreement_hybrid_final,"{""margin_min"": 0.8, ""min_requests"": 1, ""stability_min"": 1, ""unresolved_max"": 0.2}",2,24,6.333333333333333,3.0,7.333333333333333,0.0,1.0,1.166666666666667,20,0.8333333333333334,0.9166666666666666,0.9583333333333334,0.7666666666666666
deterministic_state,det_margin_ge_0.80_unres_le_0.40,False,llm_final,"{""margin_min"": 0.8, ""min_requests"": 1, ""stability_min"": 1, ""unresolved_max"": 0.4}",2,24,6.333333333333333,3.0,7.333333333333333,0.0,1.0,1.166666666666667,20,0.8333333333333334,0.9166666666666666,0.9583333333333334,0.7666666666666666
deterministic_state,det_margin_ge_0.80_unres_le_0.40,False,mlp_final,"{""margin_min"": 0.8, ""min_requests"": 1, ""stability_min"": 1, ""unresolved_max"": 0.4}",2,24,6.333333333333333,3.0,7.333333333333333,0.0,1.0,1.166666666666667,20,0.8333333333333334,0.9583333333333334,1.0,0.76
deterministic_state,det_margin_ge_0.80_unres_le_0.40,False,conservative_hybrid_final,"{""margin_min"": 0.8, ""min_requests"": 1, ""stability_min"": 1, ""unresolved_max"": 0.4}",2,24,6.333333333333333,3.0,7.333333333333333,0.0,1.0,1.166666666666667,20,0.8333333333333334,0.9166666666666666,0.9583333333333334,0.7666666666666666
deterministic_state,det_margin_ge_0.80_unres_le_0.40,False,agreement_hybrid_final,"{""margin_min"": 0.8, ""min_requests"": 1, ""stability_min"": 1, ""unresolved_max"": 0.4}",2,24,6.333333333333333,3.0,7.333333333333333,0.0,1.0,1.166666666666667,20,0.8333333333333334,0.9166666666666666,0.9583333333333334,0.7666666666666666
deterministic_state,det_margin_ge_0.80_unres_le_0.70,False,llm_final,"{""margin_min"": 0.8, ""min_requests"": 1, ""stability_min"": 1, ""unresolved_max"": 0.7}",2,24,6.333333333333333,3.0,7.333333333333333,0.0,1.0,1.166666666666667,20,0.8333333333333334,0.9166666666666666,0.9583333333333334,0.7666666666666666
deterministic_state,det_margin_ge_0.80_unres_le_0.70,False,mlp_final,"{""margin_min"": 0.8, ""min_requests"": 1, ""stability_min"": 1, ""unresolved_max"": 0.7}",2,24,6.333333333333333,3.0,7.333333333333333,0.0,1.0,1.166666666666667,20,0.8333333333333334,0.9583333333333334,1.0,0.76
deterministic_state,det_margin_ge_0.80_unres_le_0.70,False,conservative_hybrid_final,"{""margin_min"": 0.8, ""min_requests"": 1, ""stability_min"": 1, ""unresolved_max"": 0.7}",2,24,6.333333333333333,3.0,7.333333333333333,0.0,1.0,1.166666666666667,20,0.8333333333333334,0.9166666666666666,0.9583333333333334,0.7666666666666666
deterministic_state,det_margin_ge_0.80_unres_le_0.70,False,agreement_hybrid_final,"{""margin_min"": 0.8, ""min_requests"": 1, ""stability_min"": 1, ""unresolved_max"": 0.7}",2,24,6.333333333333333,3.0,7.333333333333333,0.0,1.0,1.166666666666667,20,0.8333333333333334,0.9166666666666666,0.9583333333333334,0.7666666666666666
deterministic_state,det_margin_ge_1.00_unres_le_0.05,False,llm_final,"{""margin_min"": 1.0, ""min_requests"": 1, ""stability_min"": 1, ""unresolved_max"": 0.05}",2,24,6.708333333333333,3.5,7.708333333333333,0.041666666666666664,0.9583333333333334,0.791666666666667,20,0.8333333333333334,0.875,0.9166666666666666,0.7435897435897435
deterministic_state,det_margin_ge_1.00_unres_le_0.05,False,mlp_final,"{""margin_min"": 1.0, ""min_requests"": 1, ""stability_min"": 1, ""unresolved_max"": 0.05}",2,24,6.708333333333333,3.5,7.708333333333333,0.041666666666666664,0.9583333333333334,0.791666666666667,20,0.8333333333333334,0.9583333333333334,1.0,0.76
deterministic_state,det_margin_ge_1.00_unres_le_0.05,False,conservative_hybrid_final,"{""margin_min"": 1.0, ""min_requests"": 1, ""stability_min"": 1, ""unresolved_max"": 0.05}",2,24,6.708333333333333,3.5,7.708333333333333,0.041666666666666664,0.9583333333333334,0.791666666666667,20,0.8333333333333334,0.875,0.9166666666666666,0.7435897435897435
deterministic_state,det_margin_ge_1.00_unres_le_0.05,False,agreement_hybrid_final,"{""margin_min"": 1.0, ""min_requests"": 1, ""stability_min"": 1, ""unresolved_max"": 0.05}",2,24,6.708333333333333,3.5,7.708333333333333,0.041666666666666664,0.9583333333333334,0.791666666666667,20,0.8333333333333334,0.875,0.9166666666666666,0.7435897435897435
deterministic_state,det_margin_ge_1.00_unres_le_0.10,False,llm_final,"{""margin_min"": 1.0, ""min_requests"": 1, ""stability_min"": 1, ""unresolved_max"": 0.1}",2,24,6.666666666666667,3.5,7.666666666666667,0.041666666666666664,0.9583333333333334,0.833333333333333,20,0.8333333333333334,0.875,0.9166666666666666,0.7435897435897435
deterministic_state,det_margin_ge_1.00_unres_le_0.10,False,mlp_final,"{""margin_min"": 1.0, ""min_requests"": 1, ""stability_min"": 1, ""unresolved_max"": 0.1}",2,24,6.666666666666667,3.5,7.666666666666667,0.041666666666666664,0.9583333333333334,0.833333333333333,20,0.8333333333333334,0.9583333333333334,1.0,0.76
deterministic_state,det_margin_ge_1.00_unres_le_0.10,False,conservative_hybrid_final,"{""margin_min"": 1.0, ""min_requests"": 1, ""stability_min"": 1, ""unresolved_max"": 0.1}",2,24,6.666666666666667,3.5,7.666666666666667,0.041666666666666664,0.9583333333333334,0.833333333333333,20,0.8333333333333334,0.875,0.9166666666666666,0.7435897435897435
deterministic_state,det_margin_ge_1.00_unres_le_0.10,False,agreement_hybrid_final,"{""margin_min"": 1.0, ""min_requests"": 1, ""stability_min"": 1, ""unresolved_max"": 0.1}",2,24,6.666666666666667,3.5,7.666666666666667,0.041666666666666664,0.9583333333333334,0.833333333333333,20,0.8333333333333334,0.875,0.9166666666666666,0.7435897435897435
deterministic_state,det_margin_ge_1.00_unres_le_0.20,False,llm_final,"{""margin_min"": 1.0, ""min_requests"": 1, ""stability_min"": 1, ""unresolved_max"": 0.2}",2,24,6.583333333333333,3.0,7.583333333333333,0.041666666666666664,0.9583333333333334,0.916666666666667,20,0.8333333333333334,0.875,0.9166666666666666,0.7435897435897435
deterministic_state,det_margin_ge_1.00_unres_le_0.20,False,mlp_final,"{""margin_min"": 1.0, ""min_requests"": 1, ""stability_min"": 1, ""unresolved_max"": 0.2}",2,24,6.583333333333333,3.0,7.583333333333333,0.041666666666666664,0.9583333333333334,0.916666666666667,20,0.8333333333333334,0.9583333333333334,1.0,0.76
deterministic_state,det_margin_ge_1.00_unres_le_0.20,False,conservative_hybrid_final,"{""margin_min"": 1.0, ""min_requests"": 1, ""stability_min"": 1, ""unresolved_max"": 0.2}",2,24,6.583333333333333,3.0,7.583333333333333,0.041666666666666664,0.9583333333333334,0.916666666666667,20,0.8333333333333334,0.875,0.9166666666666666,0.7435897435897435
deterministic_state,det_margin_ge_1.00_unres_le_0.20,False,agreement_hybrid_final,"{""margin_min"": 1.0, ""min_requests"": 1, ""stability_min"": 1, ""unresolved_max"": 0.2}",2,24,6.583333333333333,3.0,7.583333333333333,0.041666666666666664,0.9583333333333334,0.916666666666667,20,0.8333333333333334,0.875,0.9166666666666666,0.7435897435897435
deterministic_state,det_margin_ge_1.00_unres_le_0.40,False,llm_final,"{""margin_min"": 1.0, ""min_requests"": 1, ""stability_min"": 1, ""unresolved_max"": 0.4}",2,24,6.583333333333333,3.0,7.583333333333333,0.041666666666666664,0.9583333333333334,0.916666666666667,20,0.8333333333333334,0.875,0.9166666666666666,0.7435897435897435
deterministic_state,det_margin_ge_1.00_unres_le_0.40,False,mlp_final,"{""margin_min"": 1.0, ""min_requests"": 1, ""stability_min"": 1, ""unresolved_max"": 0.4}",2,24,6.583333333333333,3.0,7.583333333333333,0.041666666666666664,0.9583333333333334,0.916666666666667,20,0.8333333333333334,0.9583333333333334,1.0,0.76
deterministic_state,det_margin_ge_1.00_unres_le_0.40,False,conservative_hybrid_final,"{""margin_min"": 1.0, ""min_requests"": 1, ""stability_min"": 1, ""unresolved_max"": 0.4}",2,24,6.583333333333333,3.0,7.583333333333333,0.041666666666666664,0.9583333333333334,0.916666666666667,20,0.8333333333333334,0.875,0.9166666666666666,0.7435897435897435
deterministic_state,det_margin_ge_1.00_unres_le_0.40,False,agreement_hybrid_final,"{""margin_min"": 1.0, ""min_requests"": 1, ""stability_min"": 1, ""unresolved_max"": 0.4}",2,24,6.583333333333333,3.0,7.583333333333333,0.041666666666666664,0.9583333333333334,0.916666666666667,20,0.8333333333333334,0.875,0.9166666666666666,0.7435897435897435
deterministic_state,det_margin_ge_1.00_unres_le_0.70,False,llm_final,"{""margin_min"": 1.0, ""min_requests"": 1, ""stability_min"": 1, ""unresolved_max"": 0.7}",2,24,6.583333333333333,3.0,7.583333333333333,0.041666666666666664,0.9583333333333334,0.916666666666667,20,0.8333333333333334,0.875,0.9166666666666666,0.7435897435897435
deterministic_state,det_margin_ge_1.00_unres_le_0.70,False,mlp_final,"{""margin_min"": 1.0, ""min_requests"": 1, ""stability_min"": 1, ""unresolved_max"": 0.7}",2,24,6.583333333333333,3.0,7.583333333333333,0.041666666666666664,0.9583333333333334,0.916666666666667,20,0.8333333333333334,0.9583333333333334,1.0,0.76
deterministic_state,det_margin_ge_1.00_unres_le_0.70,False,conservative_hybrid_final,"{""margin_min"": 1.0, ""min_requests"": 1, ""stability_min"": 1, ""unresolved_max"": 0.7}",2,24,6.583333333333333,3.0,7.583333333333333,0.041666666666666664,0.9583333333333334,0.916666666666667,20,0.8333333333333334,0.875,0.9166666666666666,0.7435897435897435
deterministic_state,det_margin_ge_1.00_unres_le_0.70,False,agreement_hybrid_final,"{""margin_min"": 1.0, ""min_requests"": 1, ""stability_min"": 1, ""unresolved_max"": 0.7}",2,24,6.583333333333333,3.0,7.583333333333333,0.041666666666666664,0.9583333333333334,0.916666666666667,20,0.8333333333333334,0.875,0.9166666666666666,0.7435897435897435
deterministic_state,det_margin_ge_1.20_unres_le_0.05,False,llm_final,"{""margin_min"": 1.2, ""min_requests"": 1, ""stability_min"": 1, ""unresolved_max"": 0.05}",2,24,6.875,4.0,7.875,0.041666666666666664,0.9583333333333334,0.625,20,0.8333333333333334,0.875,0.9166666666666666,0.7435897435897435
deterministic_state,det_margin_ge_1.20_unres_le_0.05,False,mlp_final,"{""margin_min"": 1.2, ""min_requests"": 1, ""stability_min"": 1, ""unresolved_max"": 0.05}",2,24,6.875,4.0,7.875,0.041666666666666664,0.9583333333333334,0.625,20,0.8333333333333334,0.9583333333333334,1.0,0.76
deterministic_state,det_margin_ge_1.20_unres_le_0.05,False,conservative_hybrid_final,"{""margin_min"": 1.2, ""min_requests"": 1, ""stability_min"": 1, ""unresolved_max"": 0.05}",2,24,6.875,4.0,7.875,0.041666666666666664,0.9583333333333334,0.625,20,0.8333333333333334,0.875,0.9166666666666666,0.7435897435897435
deterministic_state,det_margin_ge_1.20_unres_le_0.05,False,agreement_hybrid_final,"{""margin_min"": 1.2, ""min_requests"": 1, ""stability_min"": 1, ""unresolved_max"": 0.05}",2,24,6.875,4.0,7.875,0.041666666666666664,0.9583333333333334,0.625,20,0.8333333333333334,0.875,0.9166666666666666,0.7435897435897435
deterministic_state,det_margin_ge_1.20_unres_le_0.10,False,llm_final,"{""margin_min"": 1.2, ""min_requests"": 1, ""stability_min"": 1, ""unresolved_max"": 0.1}",2,24,6.833333333333333,4.0,7.833333333333333,0.041666666666666664,0.9583333333333334,0.666666666666667,20,0.8333333333333334,0.875,0.9166666666666666,0.7435897435897435
deterministic_state,det_margin_ge_1.20_unres_le_0.10,False,mlp_final,"{""margin_min"": 1.2, ""min_requests"": 1, ""stability_min"": 1, ""unresolved_max"": 0.1}",2,24,6.833333333333333,4.0,7.833333333333333,0.041666666666666664,0.9583333333333334,0.666666666666667,20,0.8333333333333334,0.9583333333333334,1.0,0.76
deterministic_state,det_margin_ge_1.20_unres_le_0.10,False,conservative_hybrid_final,"{""margin_min"": 1.2, ""min_requests"": 1, ""stability_min"": 1, ""unresolved_max"": 0.1}",2,24,6.833333333333333,4.0,7.833333333333333,0.041666666666666664,0.9583333333333334,0.666666666666667,20,0.8333333333333334,0.875,0.9166666666666666,0.7435897435897435
deterministic_state,det_margin_ge_1.20_unres_le_0.10,False,agreement_hybrid_final,"{""margin_min"": 1.2, ""min_requests"": 1, ""stability_min"": 1, ""unresolved_max"": 0.1}",2,24,6.833333333333333,4.0,7.833333333333333,0.041666666666666664,0.9583333333333334,0.666666666666667,20,0.8333333333333334,0.875,0.9166666666666666,0.7435897435897435
deterministic_state,det_margin_ge_1.20_unres_le_0.20,False,llm_final,"{""margin_min"": 1.2, ""min_requests"": 1, ""stability_min"": 1, ""unresolved_max"": 0.2}",2,24,6.833333333333333,4.0,7.833333333333333,0.041666666666666664,0.9583333333333334,0.666666666666667,20,0.8333333333333334,0.875,0.9166666666666666,0.7435897435897435
deterministic_state,det_margin_ge_1.20_unres_le_0.20,False,mlp_final,"{""margin_min"": 1.2, ""min_requests"": 1, ""stability_min"": 1, ""unresolved_max"": 0.2}",2,24,6.833333333333333,4.0,7.833333333333333,0.041666666666666664,0.9583333333333334,0.666666666666667,20,0.8333333333333334,0.9583333333333334,1.0,0.76
deterministic_state,det_margin_ge_1.20_unres_le_0.20,False,conservative_hybrid_final,"{""margin_min"": 1.2, ""min_requests"": 1, ""stability_min"": 1, ""unresolved_max"": 0.2}",2,24,6.833333333333333,4.0,7.833333333333333,0.041666666666666664,0.9583333333333334,0.666666666666667,20,0.8333333333333334,0.875,0.9166666666666666,0.7435897435897435
deterministic_state,det_margin_ge_1.20_unres_le_0.20,False,agreement_hybrid_final,"{""margin_min"": 1.2, ""min_requests"": 1, ""stability_min"": 1, ""unresolved_max"": 0.2}",2,24,6.833333333333333,4.0,7.833333333333333,0.041666666666666664,0.9583333333333334,0.666666666666667,20,0.8333333333333334,0.875,0.9166666666666666,0.7435897435897435
deterministic_state,det_margin_ge_1.20_unres_le_0.40,False,llm_final,"{""margin_min"": 1.2, ""min_requests"": 1, ""stability_min"": 1, ""unresolved_max"": 0.4}",2,24,6.833333333333333,4.0,7.833333333333333,0.041666666666666664,0.9583333333333334,0.666666666666667,20,0.8333333333333334,0.875,0.9166666666666666,0.7435897435897435
deterministic_state,det_margin_ge_1.20_unres_le_0.40,False,mlp_final,"{""margin_min"": 1.2, ""min_requests"": 1, ""stability_min"": 1, ""unresolved_max"": 0.4}",2,24,6.833333333333333,4.0,7.833333333333333,0.041666666666666664,0.9583333333333334,0.666666666666667,20,0.8333333333333334,0.9583333333333334,1.0,0.76
deterministic_state,det_margin_ge_1.20_unres_le_0.40,False,conservative_hybrid_final,"{""margin_min"": 1.2, ""min_requests"": 1, ""stability_min"": 1, ""unresolved_max"": 0.4}",2,24,6.833333333333333,4.0,7.833333333333333,0.041666666666666664,0.9583333333333334,0.666666666666667,20,0.8333333333333334,0.875,0.9166666666666666,0.7435897435897435
deterministic_state,det_margin_ge_1.20_unres_le_0.40,False,agreement_hybrid_final,"{""margin_min"": 1.2, ""min_requests"": 1, ""stability_min"": 1, ""unresolved_max"": 0.4}",2,24,6.833333333333333,4.0,7.833333333333333,0.041666666666666664,0.9583333333333334,0.666666666666667,20,0.8333333333333334,0.875,0.9166666666666666,0.7435897435897435
deterministic_state,det_margin_ge_1.20_unres_le_0.70,False,llm_final,"{""margin_min"": 1.2, ""min_requests"": 1, ""stability_min"": 1, ""unresolved_max"": 0.7}",2,24,6.833333333333333,4.0,7.833333333333333,0.041666666666666664,0.9583333333333334,0.666666666666667,20,0.8333333333333334,0.875,0.9166666666666666,0.7435897435897435
deterministic_state,det_margin_ge_1.20_unres_le_0.70,False,mlp_final,"{""margin_min"": 1.2, ""min_requests"": 1, ""stability_min"": 1, ""unresolved_max"": 0.7}",2,24,6.833333333333333,4.0,7.833333333333333,0.041666666666666664,0.9583333333333334,0.666666666666667,20,0.8333333333333334,0.9583333333333334,1.0,0.76
deterministic_state,det_margin_ge_1.20_unres_le_0.70,False,conservative_hybrid_final,"{""margin_min"": 1.2, ""min_requests"": 1, ""stability_min"": 1, ""unresolved_max"": 0.7}",2,24,6.833333333333333,4.0,7.833333333333333,0.041666666666666664,0.9583333333333334,0.666666666666667,20,0.8333333333333334,0.875,0.9166666666666666,0.7435897435897435
deterministic_state,det_margin_ge_1.20_unres_le_0.70,False,agreement_hybrid_final,"{""margin_min"": 1.2, ""min_requests"": 1, ""stability_min"": 1, ""unresolved_max"": 0.7}",2,24,6.833333333333333,4.0,7.833333333333333,0.041666666666666664,0.9583333333333334,0.666666666666667,20,0.8333333333333334,0.875,0.9166666666666666,0.7435897435897435
deterministic_state,det_margin_ge_1.50_unres_le_0.05,False,llm_final,"{""margin_min"": 1.5, ""min_requests"": 1, ""stability_min"": 1, ""unresolved_max"": 0.05}",2,24,7.083333333333333,4.0,8.083333333333334,0.08333333333333333,0.9166666666666666,0.41666666666666696,20,0.8333333333333334,0.875,0.9166666666666666,0.7435897435897435
deterministic_state,det_margin_ge_1.50_unres_le_0.05,False,mlp_final,"{""margin_min"": 1.5, ""min_requests"": 1, ""stability_min"": 1, ""unresolved_max"": 0.05}",2,24,7.083333333333333,4.0,8.083333333333334,0.08333333333333333,0.9166666666666666,0.41666666666666696,20,0.8333333333333334,0.9583333333333334,1.0,0.76
deterministic_state,det_margin_ge_1.50_unres_le_0.05,False,conservative_hybrid_final,"{""margin_min"": 1.5, ""min_requests"": 1, ""stability_min"": 1, ""unresolved_max"": 0.05}",2,24,7.083333333333333,4.0,8.083333333333334,0.08333333333333333,0.9166666666666666,0.41666666666666696,20,0.8333333333333334,0.875,0.9166666666666666,0.7435897435897435
deterministic_state,det_margin_ge_1.50_unres_le_0.05,False,agreement_hybrid_final,"{""margin_min"": 1.5, ""min_requests"": 1, ""stability_min"": 1, ""unresolved_max"": 0.05}",2,24,7.083333333333333,4.0,8.083333333333334,0.08333333333333333,0.9166666666666666,0.41666666666666696,20,0.8333333333333334,0.875,0.9166666666666666,0.7435897435897435
deterministic_state,det_margin_ge_1.50_unres_le_0.10,False,llm_final,"{""margin_min"": 1.5, ""min_requests"": 1, ""stability_min"": 1, ""unresolved_max"": 0.1}",2,24,7.083333333333333,4.0,8.083333333333334,0.08333333333333333,0.9166666666666666,0.41666666666666696,20,0.8333333333333334,0.875,0.9166666666666666,0.7435897435897435
deterministic_state,det_margin_ge_1.50_unres_le_0.10,False,mlp_final,"{""margin_min"": 1.5, ""min_requests"": 1, ""stability_min"": 1, ""unresolved_max"": 0.1}",2,24,7.083333333333333,4.0,8.083333333333334,0.08333333333333333,0.9166666666666666,0.41666666666666696,20,0.8333333333333334,0.9583333333333334,1.0,0.76
deterministic_state,det_margin_ge_1.50_unres_le_0.10,False,conservative_hybrid_final,"{""margin_min"": 1.5, ""min_requests"": 1, ""stability_min"": 1, ""unresolved_max"": 0.1}",2,24,7.083333333333333,4.0,8.083333333333334,0.08333333333333333,0.9166666666666666,0.41666666666666696,20,0.8333333333333334,0.875,0.9166666666666666,0.7435897435897435
deterministic_state,det_margin_ge_1.50_unres_le_0.10,False,agreement_hybrid_final,"{""margin_min"": 1.5, ""min_requests"": 1, ""stability_min"": 1, ""unresolved_max"": 0.1}",2,24,7.083333333333333,4.0,8.083333333333334,0.08333333333333333,0.9166666666666666,0.41666666666666696,20,0.8333333333333334,0.875,0.9166666666666666,0.7435897435897435
deterministic_state,det_margin_ge_1.50_unres_le_0.20,False,llm_final,"{""margin_min"": 1.5, ""min_requests"": 1, ""stability_min"": 1, ""unresolved_max"": 0.2}",2,24,7.083333333333333,4.0,8.083333333333334,0.08333333333333333,0.9166666666666666,0.41666666666666696,20,0.8333333333333334,0.875,0.9166666666666666,0.7435897435897435
deterministic_state,det_margin_ge_1.50_unres_le_0.20,False,mlp_final,"{""margin_min"": 1.5, ""min_requests"": 1, ""stability_min"": 1, ""unresolved_max"": 0.2}",2,24,7.083333333333333,4.0,8.083333333333334,0.08333333333333333,0.9166666666666666,0.41666666666666696,20,0.8333333333333334,0.9583333333333334,1.0,0.76
deterministic_state,det_margin_ge_1.50_unres_le_0.20,False,conservative_hybrid_final,"{""margin_min"": 1.5, ""min_requests"": 1, ""stability_min"": 1, ""unresolved_max"": 0.2}",2,24,7.083333333333333,4.0,8.083333333333334,0.08333333333333333,0.9166666666666666,0.41666666666666696,20,0.8333333333333334,0.875,0.9166666666666666,0.7435897435897435
deterministic_state,det_margin_ge_1.50_unres_le_0.20,False,agreement_hybrid_final,"{""margin_min"": 1.5, ""min_requests"": 1, ""stability_min"": 1, ""unresolved_max"": 0.2}",2,24,7.083333333333333,4.0,8.083333333333334,0.08333333333333333,0.9166666666666666,0.41666666666666696,20,0.8333333333333334,0.875,0.9166666666666666,0.7435897435897435
deterministic_state,det_margin_ge_1.50_unres_le_0.40,False,llm_final,"{""margin_min"": 1.5, ""min_requests"": 1, ""stability_min"": 1, ""unresolved_max"": 0.4}",2,24,7.083333333333333,4.0,8.083333333333334,0.08333333333333333,0.9166666666666666,0.41666666666666696,20,0.8333333333333334,0.875,0.9166666666666666,0.7435897435897435
deterministic_state,det_margin_ge_1.50_unres_le_0.40,False,mlp_final,"{""margin_min"": 1.5, ""min_requests"": 1, ""stability_min"": 1, ""unresolved_max"": 0.4}",2,24,7.083333333333333,4.0,8.083333333333334,0.08333333333333333,0.9166666666666666,0.41666666666666696,20,0.8333333333333334,0.9583333333333334,1.0,0.76
deterministic_state,det_margin_ge_1.50_unres_le_0.40,False,conservative_hybrid_final,"{""margin_min"": 1.5, ""min_requests"": 1, ""stability_min"": 1, ""unresolved_max"": 0.4}",2,24,7.083333333333333,4.0,8.083333333333334,0.08333333333333333,0.9166666666666666,0.41666666666666696,20,0.8333333333333334,0.875,0.9166666666666666,0.7435897435897435
deterministic_state,det_margin_ge_1.50_unres_le_0.40,False,agreement_hybrid_final,"{""margin_min"": 1.5, ""min_requests"": 1, ""stability_min"": 1, ""unresolved_max"": 0.4}",2,24,7.083333333333333,4.0,8.083333333333334,0.08333333333333333,0.9166666666666666,0.41666666666666696,20,0.8333333333333334,0.875,0.9166666666666666,0.7435897435897435
deterministic_state,det_margin_ge_1.50_unres_le_0.70,False,llm_final,"{""margin_min"": 1.5, ""min_requests"": 1, ""stability_min"": 1, ""unresolved_max"": 0.7}",2,24,7.083333333333333,4.0,8.083333333333334,0.08333333333333333,0.9166666666666666,0.41666666666666696,20,0.8333333333333334,0.875,0.9166666666666666,0.7435897435897435
deterministic_state,det_margin_ge_1.50_unres_le_0.70,False,mlp_final,"{""margin_min"": 1.5, ""min_requests"": 1, ""stability_min"": 1, ""unresolved_max"": 0.7}",2,24,7.083333333333333,4.0,8.083333333333334,0.08333333333333333,0.9166666666666666,0.41666666666666696,20,0.8333333333333334,0.9583333333333334,1.0,0.76
deterministic_state,det_margin_ge_1.50_unres_le_0.70,False,conservative_hybrid_final,"{""margin_min"": 1.5, ""min_requests"": 1, ""stability_min"": 1, ""unresolved_max"": 0.7}",2,24,7.083333333333333,4.0,8.083333333333334,0.08333333333333333,0.9166666666666666,0.41666666666666696,20,0.8333333333333334,0.875,0.9166666666666666,0.7435897435897435
deterministic_state,det_margin_ge_1.50_unres_le_0.70,False,agreement_hybrid_final,"{""margin_min"": 1.5, ""min_requests"": 1, ""stability_min"": 1, ""unresolved_max"": 0.7}",2,24,7.083333333333333,4.0,8.083333333333334,0.08333333333333333,0.9166666666666666,0.41666666666666696,20,0.8333333333333334,0.875,0.9166666666666666,0.7435897435897435
deterministic_state,det_margin_ge_2.00_unres_le_0.05,False,llm_final,"{""margin_min"": 2.0, ""min_requests"": 1, ""stability_min"": 1, ""unresolved_max"": 0.05}",2,24,7.791666666666667,4.5,8.791666666666666,0.125,0.875,0.29166666666666696,21,0.875,0.9166666666666666,0.9166666666666666,0.7948717948717948
deterministic_state,det_margin_ge_2.00_unres_le_0.05,False,mlp_final,"{""margin_min"": 2.0, ""min_requests"": 1, ""stability_min"": 1, ""unresolved_max"": 0.05}",2,24,7.791666666666667,4.5,8.791666666666666,0.125,0.875,0.29166666666666696,21,0.875,0.9583333333333334,1.0,0.8133333333333332
deterministic_state,det_margin_ge_2.00_unres_le_0.05,False,conservative_hybrid_final,"{""margin_min"": 2.0, ""min_requests"": 1, ""stability_min"": 1, ""unresolved_max"": 0.05}",2,24,7.791666666666667,4.5,8.791666666666666,0.125,0.875,0.29166666666666696,21,0.875,0.9166666666666666,0.9166666666666666,0.7948717948717948
deterministic_state,det_margin_ge_2.00_unres_le_0.05,False,agreement_hybrid_final,"{""margin_min"": 2.0, ""min_requests"": 1, ""stability_min"": 1, ""unresolved_max"": 0.05}",2,24,7.791666666666667,4.5,8.791666666666666,0.125,0.875,0.29166666666666696,21,0.875,0.9166666666666666,0.9166666666666666,0.7948717948717948
deterministic_state,det_margin_ge_2.00_unres_le_0.10,False,llm_final,"{""margin_min"": 2.0, ""min_requests"": 1, ""stability_min"": 1, ""unresolved_max"": 0.1}",2,24,7.791666666666667,4.5,8.791666666666666,0.125,0.875,0.29166666666666696,21,0.875,0.9166666666666666,0.9166666666666666,0.7948717948717948
deterministic_state,det_margin_ge_2.00_unres_le_0.10,False,mlp_final,"{""margin_min"": 2.0, ""min_requests"": 1, ""stability_min"": 1, ""unresolved_max"": 0.1}",2,24,7.791666666666667,4.5,8.791666666666666,0.125,0.875,0.29166666666666696,21,0.875,0.9583333333333334,1.0,0.8133333333333332
deterministic_state,det_margin_ge_2.00_unres_le_0.10,False,conservative_hybrid_final,"{""margin_min"": 2.0, ""min_requests"": 1, ""stability_min"": 1, ""unresolved_max"": 0.1}",2,24,7.791666666666667,4.5,8.791666666666666,0.125,0.875,0.29166666666666696,21,0.875,0.9166666666666666,0.9166666666666666,0.7948717948717948
deterministic_state,det_margin_ge_2.00_unres_le_0.10,False,agreement_hybrid_final,"{""margin_min"": 2.0, ""min_requests"": 1, ""stability_min"": 1, ""unresolved_max"": 0.1}",2,24,7.791666666666667,4.5,8.791666666666666,0.125,0.875,0.29166666666666696,21,0.875,0.9166666666666666,0.9166666666666666,0.7948717948717948
deterministic_state,det_margin_ge_2.00_unres_le_0.20,False,llm_final,"{""margin_min"": 2.0, ""min_requests"": 1, ""stability_min"": 1, ""unresolved_max"": 0.2}",2,24,7.791666666666667,4.5,8.791666666666666,0.125,0.875,0.29166666666666696,21,0.875,0.9166666666666666,0.9166666666666666,0.7948717948717948
deterministic_state,det_margin_ge_2.00_unres_le_0.20,False,mlp_final,"{""margin_min"": 2.0, ""min_requests"": 1, ""stability_min"": 1, ""unresolved_max"": 0.2}",2,24,7.791666666666667,4.5,8.791666666666666,0.125,0.875,0.29166666666666696,21,0.875,0.9583333333333334,1.0,0.8133333333333332
deterministic_state,det_margin_ge_2.00_unres_le_0.20,False,conservative_hybrid_final,"{""margin_min"": 2.0, ""min_requests"": 1, ""stability_min"": 1, ""unresolved_max"": 0.2}",2,24,7.791666666666667,4.5,8.791666666666666,0.125,0.875,0.29166666666666696,21,0.875,0.9166666666666666,0.9166666666666666,0.7948717948717948
deterministic_state,det_margin_ge_2.00_unres_le_0.20,False,agreement_hybrid_final,"{""margin_min"": 2.0, ""min_requests"": 1, ""stability_min"": 1, ""unresolved_max"": 0.2}",2,24,7.791666666666667,4.5,8.791666666666666,0.125,0.875,0.29166666666666696,21,0.875,0.9166666666666666,0.9166666666666666,0.7948717948717948
deterministic_state,det_margin_ge_2.00_unres_le_0.40,False,llm_final,"{""margin_min"": 2.0, ""min_requests"": 1, ""stability_min"": 1, ""unresolved_max"": 0.4}",2,24,7.791666666666667,4.5,8.791666666666666,0.125,0.875,0.29166666666666696,21,0.875,0.9166666666666666,0.9166666666666666,0.7948717948717948
deterministic_state,det_margin_ge_2.00_unres_le_0.40,False,mlp_final,"{""margin_min"": 2.0, ""min_requests"": 1, ""stability_min"": 1, ""unresolved_max"": 0.4}",2,24,7.791666666666667,4.5,8.791666666666666,0.125,0.875,0.29166666666666696,21,0.875,0.9583333333333334,1.0,0.8133333333333332
deterministic_state,det_margin_ge_2.00_unres_le_0.40,False,conservative_hybrid_final,"{""margin_min"": 2.0, ""min_requests"": 1, ""stability_min"": 1, ""unresolved_max"": 0.4}",2,24,7.791666666666667,4.5,8.791666666666666,0.125,0.875,0.29166666666666696,21,0.875,0.9166666666666666,0.9166666666666666,0.7948717948717948
deterministic_state,det_margin_ge_2.00_unres_le_0.40,False,agreement_hybrid_final,"{""margin_min"": 2.0, ""min_requests"": 1, ""stability_min"": 1, ""unresolved_max"": 0.4}",2,24,7.791666666666667,4.5,8.791666666666666,0.125,0.875,0.29166666666666696,21,0.875,0.9166666666666666,0.9166666666666666,0.7948717948717948
deterministic_state,det_margin_ge_2.00_unres_le_0.70,False,llm_final,"{""margin_min"": 2.0, ""min_requests"": 1, ""stability_min"": 1, ""unresolved_max"": 0.7}",2,24,7.791666666666667,4.5,8.791666666666666,0.125,0.875,0.29166666666666696,21,0.875,0.9166666666666666,0.9166666666666666,0.7948717948717948
deterministic_state,det_margin_ge_2.00_unres_le_0.70,False,mlp_final,"{""margin_min"": 2.0, ""min_requests"": 1, ""stability_min"": 1, ""unresolved_max"": 0.7}",2,24,7.791666666666667,4.5,8.791666666666666,0.125,0.875,0.29166666666666696,21,0.875,0.9583333333333334,1.0,0.8133333333333332
deterministic_state,det_margin_ge_2.00_unres_le_0.70,False,conservative_hybrid_final,"{""margin_min"": 2.0, ""min_requests"": 1, ""stability_min"": 1, ""unresolved_max"": 0.7}",2,24,7.791666666666667,4.5,8.791666666666666,0.125,0.875,0.29166666666666696,21,0.875,0.9166666666666666,0.9166666666666666,0.7948717948717948
deterministic_state,det_margin_ge_2.00_unres_le_0.70,False,agreement_hybrid_final,"{""margin_min"": 2.0, ""min_requests"": 1, ""stability_min"": 1, ""unresolved_max"": 0.7}",2,24,7.791666666666667,4.5,8.791666666666666,0.125,0.875,0.29166666666666696,21,0.875,0.9166666666666666,0.9166666666666666,0.7948717948717948
deterministic_state,det_margin_ge_3.00_unres_le_0.05,False,llm_final,"{""margin_min"": 3.0, ""min_requests"": 1, ""stability_min"": 1, ""unresolved_max"": 0.05}",2,24,9.958333333333334,6.0,10.958333333333334,0.25,0.75,2.458333333333334,22,0.9166666666666666,0.9166666666666666,0.9166666666666666,0.8461538461538461
deterministic_state,det_margin_ge_3.00_unres_le_0.05,False,mlp_final,"{""margin_min"": 3.0, ""min_requests"": 1, ""stability_min"": 1, ""unresolved_max"": 0.05}",2,24,9.958333333333334,6.0,10.958333333333334,0.25,0.75,2.458333333333334,23,0.9583333333333334,1.0,1.0,0.92
deterministic_state,det_margin_ge_3.00_unres_le_0.05,False,conservative_hybrid_final,"{""margin_min"": 3.0, ""min_requests"": 1, ""stability_min"": 1, ""unresolved_max"": 0.05}",2,24,9.958333333333334,6.0,10.958333333333334,0.25,0.75,2.458333333333334,22,0.9166666666666666,0.9166666666666666,0.9166666666666666,0.8461538461538461
deterministic_state,det_margin_ge_3.00_unres_le_0.05,False,agreement_hybrid_final,"{""margin_min"": 3.0, ""min_requests"": 1, ""stability_min"": 1, ""unresolved_max"": 0.05}",2,24,9.958333333333334,6.0,10.958333333333334,0.25,0.75,2.458333333333334,22,0.9166666666666666,0.9166666666666666,0.9166666666666666,0.8461538461538461
deterministic_state,det_margin_ge_3.00_unres_le_0.10,False,llm_final,"{""margin_min"": 3.0, ""min_requests"": 1, ""stability_min"": 1, ""unresolved_max"": 0.1}",2,24,9.958333333333334,6.0,10.958333333333334,0.25,0.75,2.458333333333334,22,0.9166666666666666,0.9166666666666666,0.9166666666666666,0.8461538461538461
deterministic_state,det_margin_ge_3.00_unres_le_0.10,False,mlp_final,"{""margin_min"": 3.0, ""min_requests"": 1, ""stability_min"": 1, ""unresolved_max"": 0.1}",2,24,9.958333333333334,6.0,10.958333333333334,0.25,0.75,2.458333333333334,23,0.9583333333333334,1.0,1.0,0.92
deterministic_state,det_margin_ge_3.00_unres_le_0.10,False,conservative_hybrid_final,"{""margin_min"": 3.0, ""min_requests"": 1, ""stability_min"": 1, ""unresolved_max"": 0.1}",2,24,9.958333333333334,6.0,10.958333333333334,0.25,0.75,2.458333333333334,22,0.9166666666666666,0.9166666666666666,0.9166666666666666,0.8461538461538461
deterministic_state,det_margin_ge_3.00_unres_le_0.10,False,agreement_hybrid_final,"{""margin_min"": 3.0, ""min_requests"": 1, ""stability_min"": 1, ""unresolved_max"": 0.1}",2,24,9.958333333333334,6.0,10.958333333333334,0.25,0.75,2.458333333333334,22,0.9166666666666666,0.9166666666666666,0.9166666666666666,0.8461538461538461
deterministic_state,det_margin_ge_3.00_unres_le_0.20,False,llm_final,"{""margin_min"": 3.0, ""min_requests"": 1, ""stability_min"": 1, ""unresolved_max"": 0.2}",2,24,9.958333333333334,6.0,10.958333333333334,0.25,0.75,2.458333333333334,22,0.9166666666666666,0.9166666666666666,0.9166666666666666,0.8461538461538461
deterministic_state,det_margin_ge_3.00_unres_le_0.20,False,mlp_final,"{""margin_min"": 3.0, ""min_requests"": 1, ""stability_min"": 1, ""unresolved_max"": 0.2}",2,24,9.958333333333334,6.0,10.958333333333334,0.25,0.75,2.458333333333334,23,0.9583333333333334,1.0,1.0,0.92
deterministic_state,det_margin_ge_3.00_unres_le_0.20,False,conservative_hybrid_final,"{""margin_min"": 3.0, ""min_requests"": 1, ""stability_min"": 1, ""unresolved_max"": 0.2}",2,24,9.958333333333334,6.0,10.958333333333334,0.25,0.75,2.458333333333334,22,0.9166666666666666,0.9166666666666666,0.9166666666666666,0.8461538461538461
deterministic_state,det_margin_ge_3.00_unres_le_0.20,False,agreement_hybrid_final,"{""margin_min"": 3.0, ""min_requests"": 1, ""stability_min"": 1, ""unresolved_max"": 0.2}",2,24,9.958333333333334,6.0,10.958333333333334,0.25,0.75,2.458333333333334,22,0.9166666666666666,0.9166666666666666,0.9166666666666666,0.8461538461538461
deterministic_state,det_margin_ge_3.00_unres_le_0.40,False,llm_final,"{""margin_min"": 3.0, ""min_requests"": 1, ""stability_min"": 1, ""unresolved_max"": 0.4}",2,24,9.958333333333334,6.0,10.958333333333334,0.25,0.75,2.458333333333334,22,0.9166666666666666,0.9166666666666666,0.9166666666666666,0.8461538461538461
deterministic_state,det_margin_ge_3.00_unres_le_0.40,False,mlp_final,"{""margin_min"": 3.0, ""min_requests"": 1, ""stability_min"": 1, ""unresolved_max"": 0.4}",2,24,9.958333333333334,6.0,10.958333333333334,0.25,0.75,2.458333333333334,23,0.9583333333333334,1.0,1.0,0.92
deterministic_state,det_margin_ge_3.00_unres_le_0.40,False,conservative_hybrid_final,"{""margin_min"": 3.0, ""min_requests"": 1, ""stability_min"": 1, ""unresolved_max"": 0.4}",2,24,9.958333333333334,6.0,10.958333333333334,0.25,0.75,2.458333333333334,22,0.9166666666666666,0.9166666666666666,0.9166666666666666,0.8461538461538461
deterministic_state,det_margin_ge_3.00_unres_le_0.40,False,agreement_hybrid_final,"{""margin_min"": 3.0, ""min_requests"": 1, ""stability_min"": 1, ""unresolved_max"": 0.4}",2,24,9.958333333333334,6.0,10.958333333333334,0.25,0.75,2.458333333333334,22,0.9166666666666666,0.9166666666666666,0.9166666666666666,0.8461538461538461
deterministic_state,det_margin_ge_3.00_unres_le_0.70,False,llm_final,"{""margin_min"": 3.0, ""min_requests"": 1, ""stability_min"": 1, ""unresolved_max"": 0.7}",2,24,9.958333333333334,6.0,10.958333333333334,0.25,0.75,2.458333333333334,22,0.9166666666666666,0.9166666666666666,0.9166666666666666,0.8461538461538461
deterministic_state,det_margin_ge_3.00_unres_le_0.70,False,mlp_final,"{""margin_min"": 3.0, ""min_requests"": 1, ""stability_min"": 1, ""unresolved_max"": 0.7}",2,24,9.958333333333334,6.0,10.958333333333334,0.25,0.75,2.458333333333334,23,0.9583333333333334,1.0,1.0,0.92
deterministic_state,det_margin_ge_3.00_unres_le_0.70,False,conservative_hybrid_final,"{""margin_min"": 3.0, ""min_requests"": 1, ""stability_min"": 1, ""unresolved_max"": 0.7}",2,24,9.958333333333334,6.0,10.958333333333334,0.25,0.75,2.458333333333334,22,0.9166666666666666,0.9166666666666666,0.9166666666666666,0.8461538461538461
deterministic_state,det_margin_ge_3.00_unres_le_0.70,False,agreement_hybrid_final,"{""margin_min"": 3.0, ""min_requests"": 1, ""stability_min"": 1, ""unresolved_max"": 0.7}",2,24,9.958333333333334,6.0,10.958333333333334,0.25,0.75,2.458333333333334,22,0.9166666666666666,0.9166666666666666,0.9166666666666666,0.8461538461538461
marginal_value,marginal_le_0.10_stab_0,False,llm_final,"{""marginal_value_max"": 0.1, ""min_requests"": 1, ""stability_min"": 0}",3,24,12.875,11.0,13.875,0.16666666666666666,0.8333333333333334,5.375,22,0.9166666666666666,0.9166666666666666,0.9166666666666666,0.8461538461538461
marginal_value,marginal_le_0.10_stab_0,False,mlp_final,"{""marginal_value_max"": 0.1, ""min_requests"": 1, ""stability_min"": 0}",3,24,12.875,11.0,13.875,0.16666666666666666,0.8333333333333334,5.375,22,0.9166666666666666,1.0,1.0,0.8461538461538461
marginal_value,marginal_le_0.10_stab_0,False,conservative_hybrid_final,"{""marginal_value_max"": 0.1, ""min_requests"": 1, ""stability_min"": 0}",3,24,12.875,11.0,13.875,0.16666666666666666,0.8333333333333334,5.375,22,0.9166666666666666,0.9166666666666666,0.9166666666666666,0.8461538461538461
marginal_value,marginal_le_0.10_stab_0,False,agreement_hybrid_final,"{""marginal_value_max"": 0.1, ""min_requests"": 1, ""stability_min"": 0}",3,24,12.875,11.0,13.875,0.16666666666666666,0.8333333333333334,5.375,22,0.9166666666666666,0.9166666666666666,0.9166666666666666,0.8461538461538461
marginal_value,marginal_le_0.10_stab_1,False,llm_final,"{""marginal_value_max"": 0.1, ""min_requests"": 1, ""stability_min"": 1}",3,24,12.875,11.0,13.875,0.16666666666666666,0.8333333333333334,5.375,22,0.9166666666666666,0.9166666666666666,0.9166666666666666,0.8461538461538461
marginal_value,marginal_le_0.10_stab_1,False,mlp_final,"{""marginal_value_max"": 0.1, ""min_requests"": 1, ""stability_min"": 1}",3,24,12.875,11.0,13.875,0.16666666666666666,0.8333333333333334,5.375,22,0.9166666666666666,1.0,1.0,0.8461538461538461
marginal_value,marginal_le_0.10_stab_1,False,conservative_hybrid_final,"{""marginal_value_max"": 0.1, ""min_requests"": 1, ""stability_min"": 1}",3,24,12.875,11.0,13.875,0.16666666666666666,0.8333333333333334,5.375,22,0.9166666666666666,0.9166666666666666,0.9166666666666666,0.8461538461538461
marginal_value,marginal_le_0.10_stab_1,False,agreement_hybrid_final,"{""marginal_value_max"": 0.1, ""min_requests"": 1, ""stability_min"": 1}",3,24,12.875,11.0,13.875,0.16666666666666666,0.8333333333333334,5.375,22,0.9166666666666666,0.9166666666666666,0.9166666666666666,0.8461538461538461
marginal_value,marginal_le_0.10_stab_2,False,llm_final,"{""marginal_value_max"": 0.1, ""min_requests"": 1, ""stability_min"": 2}",3,24,12.875,11.0,13.875,0.16666666666666666,0.8333333333333334,5.375,22,0.9166666666666666,0.9166666666666666,0.9166666666666666,0.8461538461538461
marginal_value,marginal_le_0.10_stab_2,False,mlp_final,"{""marginal_value_max"": 0.1, ""min_requests"": 1, ""stability_min"": 2}",3,24,12.875,11.0,13.875,0.16666666666666666,0.8333333333333334,5.375,22,0.9166666666666666,1.0,1.0,0.8461538461538461
marginal_value,marginal_le_0.10_stab_2,False,conservative_hybrid_final,"{""marginal_value_max"": 0.1, ""min_requests"": 1, ""stability_min"": 2}",3,24,12.875,11.0,13.875,0.16666666666666666,0.8333333333333334,5.375,22,0.9166666666666666,0.9166666666666666,0.9166666666666666,0.8461538461538461
marginal_value,marginal_le_0.10_stab_2,False,agreement_hybrid_final,"{""marginal_value_max"": 0.1, ""min_requests"": 1, ""stability_min"": 2}",3,24,12.875,11.0,13.875,0.16666666666666666,0.8333333333333334,5.375,22,0.9166666666666666,0.9166666666666666,0.9166666666666666,0.8461538461538461
marginal_value,marginal_le_0.15_stab_0,False,llm_final,"{""marginal_value_max"": 0.15, ""min_requests"": 1, ""stability_min"": 0}",3,24,11.666666666666666,8.5,12.666666666666666,0.125,0.875,4.166666666666666,22,0.9166666666666666,0.9166666666666666,0.9166666666666666,0.8461538461538461
marginal_value,marginal_le_0.15_stab_0,False,mlp_final,"{""marginal_value_max"": 0.15, ""min_requests"": 1, ""stability_min"": 0}",3,24,11.666666666666666,8.5,12.666666666666666,0.125,0.875,4.166666666666666,21,0.875,1.0,1.0,0.7777777777777778
marginal_value,marginal_le_0.15_stab_0,False,conservative_hybrid_final,"{""marginal_value_max"": 0.15, ""min_requests"": 1, ""stability_min"": 0}",3,24,11.666666666666666,8.5,12.666666666666666,0.125,0.875,4.166666666666666,22,0.9166666666666666,0.9166666666666666,0.9166666666666666,0.8461538461538461
marginal_value,marginal_le_0.15_stab_0,False,agreement_hybrid_final,"{""marginal_value_max"": 0.15, ""min_requests"": 1, ""stability_min"": 0}",3,24,11.666666666666666,8.5,12.666666666666666,0.125,0.875,4.166666666666666,22,0.9166666666666666,0.9166666666666666,0.9166666666666666,0.8461538461538461
marginal_value,marginal_le_0.15_stab_1,False,llm_final,"{""marginal_value_max"": 0.15, ""min_requests"": 1, ""stability_min"": 1}",3,24,11.666666666666666,8.5,12.666666666666666,0.125,0.875,4.166666666666666,22,0.9166666666666666,0.9166666666666666,0.9166666666666666,0.8461538461538461
marginal_value,marginal_le_0.15_stab_1,False,mlp_final,"{""marginal_value_max"": 0.15, ""min_requests"": 1, ""stability_min"": 1}",3,24,11.666666666666666,8.5,12.666666666666666,0.125,0.875,4.166666666666666,21,0.875,1.0,1.0,0.7777777777777778
marginal_value,marginal_le_0.15_stab_1,False,conservative_hybrid_final,"{""marginal_value_max"": 0.15, ""min_requests"": 1, ""stability_min"": 1}",3,24,11.666666666666666,8.5,12.666666666666666,0.125,0.875,4.166666666666666,22,0.9166666666666666,0.9166666666666666,0.9166666666666666,0.8461538461538461
marginal_value,marginal_le_0.15_stab_1,False,agreement_hybrid_final,"{""marginal_value_max"": 0.15, ""min_requests"": 1, ""stability_min"": 1}",3,24,11.666666666666666,8.5,12.666666666666666,0.125,0.875,4.166666666666666,22,0.9166666666666666,0.9166666666666666,0.9166666666666666,0.8461538461538461
marginal_value,marginal_le_0.15_stab_2,False,llm_final,"{""marginal_value_max"": 0.15, ""min_requests"": 1, ""stability_min"": 2}",3,24,11.666666666666666,8.5,12.666666666666666,0.125,0.875,4.166666666666666,22,0.9166666666666666,0.9166666666666666,0.9166666666666666,0.8461538461538461
marginal_value,marginal_le_0.15_stab_2,False,mlp_final,"{""marginal_value_max"": 0.15, ""min_requests"": 1, ""stability_min"": 2}",3,24,11.666666666666666,8.5,12.666666666666666,0.125,0.875,4.166666666666666,21,0.875,1.0,1.0,0.7777777777777778
marginal_value,marginal_le_0.15_stab_2,False,conservative_hybrid_final,"{""marginal_value_max"": 0.15, ""min_requests"": 1, ""stability_min"": 2}",3,24,11.666666666666666,8.5,12.666666666666666,0.125,0.875,4.166666666666666,22,0.9166666666666666,0.9166666666666666,0.9166666666666666,0.8461538461538461
marginal_value,marginal_le_0.15_stab_2,False,agreement_hybrid_final,"{""marginal_value_max"": 0.15, ""min_requests"": 1, ""stability_min"": 2}",3,24,11.666666666666666,8.5,12.666666666666666,0.125,0.875,4.166666666666666,22,0.9166666666666666,0.9166666666666666,0.9166666666666666,0.8461538461538461
marginal_value,marginal_le_0.22_stab_0,False,llm_final,"{""marginal_value_max"": 0.22, ""min_requests"": 1, ""stability_min"": 0}",3,24,10.708333333333334,8.0,11.708333333333334,0.125,0.875,3.208333333333334,22,0.9166666666666666,0.9166666666666666,0.9166666666666666,0.8461538461538461
marginal_value,marginal_le_0.22_stab_0,False,mlp_final,"{""marginal_value_max"": 0.22, ""min_requests"": 1, ""stability_min"": 0}",3,24,10.708333333333334,8.0,11.708333333333334,0.125,0.875,3.208333333333334,21,0.875,1.0,1.0,0.7777777777777778
marginal_value,marginal_le_0.22_stab_0,False,conservative_hybrid_final,"{""marginal_value_max"": 0.22, ""min_requests"": 1, ""stability_min"": 0}",3,24,10.708333333333334,8.0,11.708333333333334,0.125,0.875,3.208333333333334,22,0.9166666666666666,0.9166666666666666,0.9166666666666666,0.8461538461538461
marginal_value,marginal_le_0.22_stab_0,False,agreement_hybrid_final,"{""marginal_value_max"": 0.22, ""min_requests"": 1, ""stability_min"": 0}",3,24,10.708333333333334,8.0,11.708333333333334,0.125,0.875,3.208333333333334,22,0.9166666666666666,0.9166666666666666,0.9166666666666666,0.8461538461538461
marginal_value,marginal_le_0.22_stab_1,False,llm_final,"{""marginal_value_max"": 0.22, ""min_requests"": 1, ""stability_min"": 1}",3,24,10.708333333333334,8.0,11.708333333333334,0.125,0.875,3.208333333333334,22,0.9166666666666666,0.9166666666666666,0.9166666666666666,0.8461538461538461
marginal_value,marginal_le_0.22_stab_1,False,mlp_final,"{""marginal_value_max"": 0.22, ""min_requests"": 1, ""stability_min"": 1}",3,24,10.708333333333334,8.0,11.708333333333334,0.125,0.875,3.208333333333334,21,0.875,1.0,1.0,0.7777777777777778
marginal_value,marginal_le_0.22_stab_1,False,conservative_hybrid_final,"{""marginal_value_max"": 0.22, ""min_requests"": 1, ""stability_min"": 1}",3,24,10.708333333333334,8.0,11.708333333333334,0.125,0.875,3.208333333333334,22,0.9166666666666666,0.9166666666666666,0.9166666666666666,0.8461538461538461
marginal_value,marginal_le_0.22_stab_1,False,agreement_hybrid_final,"{""marginal_value_max"": 0.22, ""min_requests"": 1, ""stability_min"": 1}",3,24,10.708333333333334,8.0,11.708333333333334,0.125,0.875,3.208333333333334,22,0.9166666666666666,0.9166666666666666,0.9166666666666666,0.8461538461538461
marginal_value,marginal_le_0.22_stab_2,False,llm_final,"{""marginal_value_max"": 0.22, ""min_requests"": 1, ""stability_min"": 2}",3,24,10.708333333333334,8.0,11.708333333333334,0.125,0.875,3.208333333333334,22,0.9166666666666666,0.9166666666666666,0.9166666666666666,0.8461538461538461
marginal_value,marginal_le_0.22_stab_2,False,mlp_final,"{""marginal_value_max"": 0.22, ""min_requests"": 1, ""stability_min"": 2}",3,24,10.708333333333334,8.0,11.708333333333334,0.125,0.875,3.208333333333334,21,0.875,1.0,1.0,0.7777777777777778
marginal_value,marginal_le_0.22_stab_2,False,conservative_hybrid_final,"{""marginal_value_max"": 0.22, ""min_requests"": 1, ""stability_min"": 2}",3,24,10.708333333333334,8.0,11.708333333333334,0.125,0.875,3.208333333333334,22,0.9166666666666666,0.9166666666666666,0.9166666666666666,0.8461538461538461
marginal_value,marginal_le_0.22_stab_2,False,agreement_hybrid_final,"{""marginal_value_max"": 0.22, ""min_requests"": 1, ""stability_min"": 2}",3,24,10.708333333333334,8.0,11.708333333333334,0.125,0.875,3.208333333333334,22,0.9166666666666666,0.9166666666666666,0.9166666666666666,0.8461538461538461
marginal_value,marginal_le_0.30_stab_0,False,llm_final,"{""marginal_value_max"": 0.3, ""min_requests"": 1, ""stability_min"": 0}",3,24,9.0,7.0,10.0,0.08333333333333333,0.9166666666666666,1.5,21,0.875,0.875,0.875,0.8076923076923077
marginal_value,marginal_le_0.30_stab_0,False,mlp_final,"{""marginal_value_max"": 0.3, ""min_requests"": 1, ""stability_min"": 0}",3,24,9.0,7.0,10.0,0.08333333333333333,0.9166666666666666,1.5,21,0.875,0.9583333333333334,0.9583333333333334,0.7948717948717948
marginal_value,marginal_le_0.30_stab_0,False,conservative_hybrid_final,"{""marginal_value_max"": 0.3, ""min_requests"": 1, ""stability_min"": 0}",3,24,9.0,7.0,10.0,0.08333333333333333,0.9166666666666666,1.5,21,0.875,0.875,0.875,0.8076923076923077
marginal_value,marginal_le_0.30_stab_0,False,agreement_hybrid_final,"{""marginal_value_max"": 0.3, ""min_requests"": 1, ""stability_min"": 0}",3,24,9.0,7.0,10.0,0.08333333333333333,0.9166666666666666,1.5,21,0.875,0.875,0.875,0.8076923076923077
marginal_value,marginal_le_0.30_stab_1,False,llm_final,"{""marginal_value_max"": 0.3, ""min_requests"": 1, ""stability_min"": 1}",3,24,9.0,7.0,10.0,0.08333333333333333,0.9166666666666666,1.5,21,0.875,0.875,0.875,0.8076923076923077
marginal_value,marginal_le_0.30_stab_1,False,mlp_final,"{""marginal_value_max"": 0.3, ""min_requests"": 1, ""stability_min"": 1}",3,24,9.0,7.0,10.0,0.08333333333333333,0.9166666666666666,1.5,21,0.875,0.9583333333333334,0.9583333333333334,0.7948717948717948
marginal_value,marginal_le_0.30_stab_1,False,conservative_hybrid_final,"{""marginal_value_max"": 0.3, ""min_requests"": 1, ""stability_min"": 1}",3,24,9.0,7.0,10.0,0.08333333333333333,0.9166666666666666,1.5,21,0.875,0.875,0.875,0.8076923076923077
marginal_value,marginal_le_0.30_stab_1,False,agreement_hybrid_final,"{""marginal_value_max"": 0.3, ""min_requests"": 1, ""stability_min"": 1}",3,24,9.0,7.0,10.0,0.08333333333333333,0.9166666666666666,1.5,21,0.875,0.875,0.875,0.8076923076923077
marginal_value,marginal_le_0.30_stab_2,False,llm_final,"{""marginal_value_max"": 0.3, ""min_requests"": 1, ""stability_min"": 2}",3,24,9.0,7.0,10.0,0.08333333333333333,0.9166666666666666,1.5,21,0.875,0.875,0.875,0.8076923076923077
marginal_value,marginal_le_0.30_stab_2,False,mlp_final,"{""marginal_value_max"": 0.3, ""min_requests"": 1, ""stability_min"": 2}",3,24,9.0,7.0,10.0,0.08333333333333333,0.9166666666666666,1.5,21,0.875,0.9583333333333334,0.9583333333333334,0.7948717948717948
marginal_value,marginal_le_0.30_stab_2,False,conservative_hybrid_final,"{""marginal_value_max"": 0.3, ""min_requests"": 1, ""stability_min"": 2}",3,24,9.0,7.0,10.0,0.08333333333333333,0.9166666666666666,1.5,21,0.875,0.875,0.875,0.8076923076923077
marginal_value,marginal_le_0.30_stab_2,False,agreement_hybrid_final,"{""marginal_value_max"": 0.3, ""min_requests"": 1, ""stability_min"": 2}",3,24,9.0,7.0,10.0,0.08333333333333333,0.9166666666666666,1.5,21,0.875,0.875,0.875,0.8076923076923077
marginal_value,marginal_le_0.35_stab_0,False,llm_final,"{""marginal_value_max"": 0.35, ""min_requests"": 1, ""stability_min"": 0}",3,24,7.541666666666667,6.0,8.541666666666666,0.041666666666666664,0.9583333333333334,0.04166666666666696,20,0.8333333333333334,0.8333333333333334,0.8333333333333334,0.7435897435897435
marginal_value,marginal_le_0.35_stab_0,False,mlp_final,"{""marginal_value_max"": 0.35, ""min_requests"": 1, ""stability_min"": 0}",3,24,7.541666666666667,6.0,8.541666666666666,0.041666666666666664,0.9583333333333334,0.04166666666666696,20,0.8333333333333334,0.9166666666666666,0.9166666666666666,0.7435897435897435
marginal_value,marginal_le_0.35_stab_0,False,conservative_hybrid_final,"{""marginal_value_max"": 0.35, ""min_requests"": 1, ""stability_min"": 0}",3,24,7.541666666666667,6.0,8.541666666666666,0.041666666666666664,0.9583333333333334,0.04166666666666696,20,0.8333333333333334,0.8333333333333334,0.8333333333333334,0.7435897435897435
marginal_value,marginal_le_0.35_stab_0,False,agreement_hybrid_final,"{""marginal_value_max"": 0.35, ""min_requests"": 1, ""stability_min"": 0}",3,24,7.541666666666667,6.0,8.541666666666666,0.041666666666666664,0.9583333333333334,0.04166666666666696,20,0.8333333333333334,0.8333333333333334,0.8333333333333334,0.7435897435897435
marginal_value,marginal_le_0.35_stab_1,False,llm_final,"{""marginal_value_max"": 0.35, ""min_requests"": 1, ""stability_min"": 1}",3,24,7.541666666666667,6.0,8.541666666666666,0.041666666666666664,0.9583333333333334,0.04166666666666696,20,0.8333333333333334,0.8333333333333334,0.8333333333333334,0.7435897435897435
marginal_value,marginal_le_0.35_stab_1,False,mlp_final,"{""marginal_value_max"": 0.35, ""min_requests"": 1, ""stability_min"": 1}",3,24,7.541666666666667,6.0,8.541666666666666,0.041666666666666664,0.9583333333333334,0.04166666666666696,20,0.8333333333333334,0.9166666666666666,0.9166666666666666,0.7435897435897435
marginal_value,marginal_le_0.35_stab_1,False,conservative_hybrid_final,"{""marginal_value_max"": 0.35, ""min_requests"": 1, ""stability_min"": 1}",3,24,7.541666666666667,6.0,8.541666666666666,0.041666666666666664,0.9583333333333334,0.04166666666666696,20,0.8333333333333334,0.8333333333333334,0.8333333333333334,0.7435897435897435
marginal_value,marginal_le_0.35_stab_1,False,agreement_hybrid_final,"{""marginal_value_max"": 0.35, ""min_requests"": 1, ""stability_min"": 1}",3,24,7.541666666666667,6.0,8.541666666666666,0.041666666666666664,0.9583333333333334,0.04166666666666696,20,0.8333333333333334,0.8333333333333334,0.8333333333333334,0.7435897435897435
marginal_value,marginal_le_0.35_stab_2,False,llm_final,"{""marginal_value_max"": 0.35, ""min_requests"": 1, ""stability_min"": 2}",3,24,7.916666666666667,6.0,8.916666666666666,0.041666666666666664,0.9583333333333334,0.41666666666666696,20,0.8333333333333334,0.8333333333333334,0.8333333333333334,0.7435897435897435
marginal_value,marginal_le_0.35_stab_2,False,mlp_final,"{""marginal_value_max"": 0.35, ""min_requests"": 1, ""stability_min"": 2}",3,24,7.916666666666667,6.0,8.916666666666666,0.041666666666666664,0.9583333333333334,0.41666666666666696,20,0.8333333333333334,0.9166666666666666,0.9166666666666666,0.7435897435897435
marginal_value,marginal_le_0.35_stab_2,False,conservative_hybrid_final,"{""marginal_value_max"": 0.35, ""min_requests"": 1, ""stability_min"": 2}",3,24,7.916666666666667,6.0,8.916666666666666,0.041666666666666664,0.9583333333333334,0.41666666666666696,20,0.8333333333333334,0.8333333333333334,0.8333333333333334,0.7435897435897435
marginal_value,marginal_le_0.35_stab_2,False,agreement_hybrid_final,"{""marginal_value_max"": 0.35, ""min_requests"": 1, ""stability_min"": 2}",3,24,7.916666666666667,6.0,8.916666666666666,0.041666666666666664,0.9583333333333334,0.41666666666666696,20,0.8333333333333334,0.8333333333333334,0.8333333333333334,0.7435897435897435
marginal_value,marginal_le_0.45_stab_0,False,llm_final,"{""marginal_value_max"": 0.45, ""min_requests"": 1, ""stability_min"": 0}",3,24,4.125,3.5,5.125,0.0,1.0,3.375,14,0.5833333333333334,0.75,0.8333333333333334,0.4876543209876543
marginal_value,marginal_le_0.45_stab_0,False,mlp_final,"{""marginal_value_max"": 0.45, ""min_requests"": 1, ""stability_min"": 0}",3,24,4.125,3.5,5.125,0.0,1.0,3.375,15,0.625,0.8333333333333334,0.8333333333333334,0.5185185185185185
marginal_value,marginal_le_0.45_stab_0,False,conservative_hybrid_final,"{""marginal_value_max"": 0.45, ""min_requests"": 1, ""stability_min"": 0}",3,24,4.125,3.5,5.125,0.0,1.0,3.375,14,0.5833333333333334,0.75,0.8333333333333334,0.4876543209876543
marginal_value,marginal_le_0.45_stab_0,False,agreement_hybrid_final,"{""marginal_value_max"": 0.45, ""min_requests"": 1, ""stability_min"": 0}",3,24,4.125,3.5,5.125,0.0,1.0,3.375,14,0.5833333333333334,0.75,0.8333333333333334,0.4876543209876543
marginal_value,marginal_le_0.45_stab_1,False,llm_final,"{""marginal_value_max"": 0.45, ""min_requests"": 1, ""stability_min"": 1}",3,24,4.125,3.5,5.125,0.0,1.0,3.375,14,0.5833333333333334,0.75,0.8333333333333334,0.4876543209876543
marginal_value,marginal_le_0.45_stab_1,False,mlp_final,"{""marginal_value_max"": 0.45, ""min_requests"": 1, ""stability_min"": 1}",3,24,4.125,3.5,5.125,0.0,1.0,3.375,15,0.625,0.8333333333333334,0.8333333333333334,0.5185185185185185
marginal_value,marginal_le_0.45_stab_1,False,conservative_hybrid_final,"{""marginal_value_max"": 0.45, ""min_requests"": 1, ""stability_min"": 1}",3,24,4.125,3.5,5.125,0.0,1.0,3.375,14,0.5833333333333334,0.75,0.8333333333333334,0.4876543209876543
marginal_value,marginal_le_0.45_stab_1,False,agreement_hybrid_final,"{""marginal_value_max"": 0.45, ""min_requests"": 1, ""stability_min"": 1}",3,24,4.125,3.5,5.125,0.0,1.0,3.375,14,0.5833333333333334,0.75,0.8333333333333334,0.4876543209876543
marginal_value,marginal_le_0.45_stab_2,False,llm_final,"{""marginal_value_max"": 0.45, ""min_requests"": 1, ""stability_min"": 2}",3,24,5.875,5.0,6.875,0.0,1.0,1.625,17,0.7083333333333334,0.75,0.7916666666666666,0.5961538461538461
marginal_value,marginal_le_0.45_stab_2,False,mlp_final,"{""marginal_value_max"": 0.45, ""min_requests"": 1, ""stability_min"": 2}",3,24,5.875,5.0,6.875,0.0,1.0,1.625,18,0.75,0.875,0.875,0.6474358974358974
marginal_value,marginal_le_0.45_stab_2,False,conservative_hybrid_final,"{""marginal_value_max"": 0.45, ""min_requests"": 1, ""stability_min"": 2}",3,24,5.875,5.0,6.875,0.0,1.0,1.625,17,0.7083333333333334,0.75,0.7916666666666666,0.5961538461538461
marginal_value,marginal_le_0.45_stab_2,False,agreement_hybrid_final,"{""marginal_value_max"": 0.45, ""min_requests"": 1, ""stability_min"": 2}",3,24,5.875,5.0,6.875,0.0,1.0,1.625,17,0.7083333333333334,0.75,0.7916666666666666,0.5961538461538461
marginal_value,marginal_le_0.60_stab_0,False,llm_final,"{""marginal_value_max"": 0.6, ""min_requests"": 1, ""stability_min"": 0}",3,24,1.5833333333333333,1.0,2.5833333333333335,0.0,1.0,5.916666666666667,10,0.4166666666666667,0.625,0.7916666666666666,0.2924731182795699
marginal_value,marginal_le_0.60_stab_0,False,mlp_final,"{""marginal_value_max"": 0.6, ""min_requests"": 1, ""stability_min"": 0}",3,24,1.5833333333333333,1.0,2.5833333333333335,0.0,1.0,5.916666666666667,10,0.4166666666666667,0.6666666666666666,0.7916666666666666,0.3197278911564626
marginal_value,marginal_le_0.60_stab_0,False,conservative_hybrid_final,"{""marginal_value_max"": 0.6, ""min_requests"": 1, ""stability_min"": 0}",3,24,1.5833333333333333,1.0,2.5833333333333335,0.0,1.0,5.916666666666667,10,0.4166666666666667,0.625,0.7916666666666666,0.2924731182795699
marginal_value,marginal_le_0.60_stab_0,False,agreement_hybrid_final,"{""marginal_value_max"": 0.6, ""min_requests"": 1, ""stability_min"": 0}",3,24,1.5833333333333333,1.0,2.5833333333333335,0.0,1.0,5.916666666666667,10,0.4166666666666667,0.625,0.7916666666666666,0.2924731182795699
marginal_value,marginal_le_0.60_stab_1,False,llm_final,"{""marginal_value_max"": 0.6, ""min_requests"": 1, ""stability_min"": 1}",3,24,1.5833333333333333,1.0,2.5833333333333335,0.0,1.0,5.916666666666667,10,0.4166666666666667,0.625,0.7916666666666666,0.2924731182795699
marginal_value,marginal_le_0.60_stab_1,False,mlp_final,"{""marginal_value_max"": 0.6, ""min_requests"": 1, ""stability_min"": 1}",3,24,1.5833333333333333,1.0,2.5833333333333335,0.0,1.0,5.916666666666667,10,0.4166666666666667,0.6666666666666666,0.7916666666666666,0.3197278911564626
marginal_value,marginal_le_0.60_stab_1,False,conservative_hybrid_final,"{""marginal_value_max"": 0.6, ""min_requests"": 1, ""stability_min"": 1}",3,24,1.5833333333333333,1.0,2.5833333333333335,0.0,1.0,5.916666666666667,10,0.4166666666666667,0.625,0.7916666666666666,0.2924731182795699
marginal_value,marginal_le_0.60_stab_1,False,agreement_hybrid_final,"{""marginal_value_max"": 0.6, ""min_requests"": 1, ""stability_min"": 1}",3,24,1.5833333333333333,1.0,2.5833333333333335,0.0,1.0,5.916666666666667,10,0.4166666666666667,0.625,0.7916666666666666,0.2924731182795699
marginal_value,marginal_le_0.60_stab_2,False,llm_final,"{""marginal_value_max"": 0.6, ""min_requests"": 1, ""stability_min"": 2}",3,24,3.9166666666666665,4.0,4.916666666666667,0.0,1.0,3.5833333333333335,15,0.625,0.7916666666666666,0.8333333333333334,0.5119047619047619
marginal_value,marginal_le_0.60_stab_2,False,mlp_final,"{""marginal_value_max"": 0.6, ""min_requests"": 1, ""stability_min"": 2}",3,24,3.9166666666666665,4.0,4.916666666666667,0.0,1.0,3.5833333333333335,17,0.7083333333333334,0.8333333333333334,0.8333333333333334,0.5925925925925926
marginal_value,marginal_le_0.60_stab_2,False,conservative_hybrid_final,"{""marginal_value_max"": 0.6, ""min_requests"": 1, ""stability_min"": 2}",3,24,3.9166666666666665,4.0,4.916666666666667,0.0,1.0,3.5833333333333335,15,0.625,0.7916666666666666,0.8333333333333334,0.5119047619047619
marginal_value,marginal_le_0.60_stab_2,False,agreement_hybrid_final,"{""marginal_value_max"": 0.6, ""min_requests"": 1, ""stability_min"": 2}",3,24,3.9166666666666665,4.0,4.916666666666667,0.0,1.0,3.5833333333333335,15,0.625,0.7916666666666666,0.8333333333333334,0.5119047619047619
mlp_confidence,mlp_conf_ge_0.70_margin_ge_0.20_entropy_le_0.10_stab_0,True,llm_final,"{""min_requests"": 1, ""mlp_confidence_min"": 0.7, ""mlp_entropy_max"": 0.1, ""mlp_margin_min"": 0.2, ""mlp_stability_min"": 0}",2,24,6.875,4.5,7.875,0.08333333333333333,0.9166666666666666,0.625,22,0.9166666666666666,0.9166666666666666,0.9166666666666666,0.8666666666666666
mlp_confidence,mlp_conf_ge_0.70_margin_ge_0.20_entropy_le_0.10_stab_0,True,mlp_final,"{""min_requests"": 1, ""mlp_confidence_min"": 0.7, ""mlp_entropy_max"": 0.1, ""mlp_margin_min"": 0.2, ""mlp_stability_min"": 0}",2,24,6.875,4.5,7.875,0.08333333333333333,0.9166666666666666,0.625,21,0.875,0.9583333333333334,0.9583333333333334,0.7948717948717948
mlp_confidence,mlp_conf_ge_0.70_margin_ge_0.20_entropy_le_0.10_stab_0,True,conservative_hybrid_final,"{""min_requests"": 1, ""mlp_confidence_min"": 0.7, ""mlp_entropy_max"": 0.1, ""mlp_margin_min"": 0.2, ""mlp_stability_min"": 0}",2,24,6.875,4.5,7.875,0.08333333333333333,0.9166666666666666,0.625,22,0.9166666666666666,0.9166666666666666,0.9166666666666666,0.8666666666666666
mlp_confidence,mlp_conf_ge_0.70_margin_ge_0.20_entropy_le_0.10_stab_0,True,agreement_hybrid_final,"{""min_requests"": 1, ""mlp_confidence_min"": 0.7, ""mlp_entropy_max"": 0.1, ""mlp_margin_min"": 0.2, ""mlp_stability_min"": 0}",2,24,6.875,4.5,7.875,0.08333333333333333,0.9166666666666666,0.625,22,0.9166666666666666,0.9166666666666666,0.9166666666666666,0.8666666666666666
mlp_confidence,mlp_conf_ge_0.70_margin_ge_0.20_entropy_le_0.10_stab_1,True,llm_final,"{""min_requests"": 1, ""mlp_confidence_min"": 0.7, ""mlp_entropy_max"": 0.1, ""mlp_margin_min"": 0.2, ""mlp_stability_min"": 1}",2,24,6.916666666666667,4.5,7.916666666666667,0.08333333333333333,0.9166666666666666,0.583333333333333,22,0.9166666666666666,0.9166666666666666,0.9166666666666666,0.8666666666666666
mlp_confidence,mlp_conf_ge_0.70_margin_ge_0.20_entropy_le_0.10_stab_1,True,mlp_final,"{""min_requests"": 1, ""mlp_confidence_min"": 0.7, ""mlp_entropy_max"": 0.1, ""mlp_margin_min"": 0.2, ""mlp_stability_min"": 1}",2,24,6.916666666666667,4.5,7.916666666666667,0.08333333333333333,0.9166666666666666,0.583333333333333,21,0.875,0.9583333333333334,0.9583333333333334,0.7948717948717948
mlp_confidence,mlp_conf_ge_0.70_margin_ge_0.20_entropy_le_0.10_stab_1,True,conservative_hybrid_final,"{""min_requests"": 1, ""mlp_confidence_min"": 0.7, ""mlp_entropy_max"": 0.1, ""mlp_margin_min"": 0.2, ""mlp_stability_min"": 1}",2,24,6.916666666666667,4.5,7.916666666666667,0.08333333333333333,0.9166666666666666,0.583333333333333,22,0.9166666666666666,0.9166666666666666,0.9166666666666666,0.8666666666666666
mlp_confidence,mlp_conf_ge_0.70_margin_ge_0.20_entropy_le_0.10_stab_1,True,agreement_hybrid_final,"{""min_requests"": 1, ""mlp_confidence_min"": 0.7, ""mlp_entropy_max"": 0.1, ""mlp_margin_min"": 0.2, ""mlp_stability_min"": 1}",2,24,6.916666666666667,4.5,7.916666666666667,0.08333333333333333,0.9166666666666666,0.583333333333333,22,0.9166666666666666,0.9166666666666666,0.9166666666666666,0.8666666666666666
mlp_confidence,mlp_conf_ge_0.70_margin_ge_0.20_entropy_le_0.10_stab_2,True,llm_final,"{""min_requests"": 1, ""mlp_confidence_min"": 0.7, ""mlp_entropy_max"": 0.1, ""mlp_margin_min"": 0.2, ""mlp_stability_min"": 2}",2,24,7.375,5.0,8.375,0.08333333333333333,0.9166666666666666,0.125,22,0.9166666666666666,0.9166666666666666,0.9166666666666666,0.8666666666666666
mlp_confidence,mlp_conf_ge_0.70_margin_ge_0.20_entropy_le_0.10_stab_2,True,mlp_final,"{""min_requests"": 1, ""mlp_confidence_min"": 0.7, ""mlp_entropy_max"": 0.1, ""mlp_margin_min"": 0.2, ""mlp_stability_min"": 2}",2,24,7.375,5.0,8.375,0.08333333333333333,0.9166666666666666,0.125,21,0.875,0.9583333333333334,0.9583333333333334,0.7948717948717948
mlp_confidence,mlp_conf_ge_0.70_margin_ge_0.20_entropy_le_0.10_stab_2,True,conservative_hybrid_final,"{""min_requests"": 1, ""mlp_confidence_min"": 0.7, ""mlp_entropy_max"": 0.1, ""mlp_margin_min"": 0.2, ""mlp_stability_min"": 2}",2,24,7.375,5.0,8.375,0.08333333333333333,0.9166666666666666,0.125,22,0.9166666666666666,0.9166666666666666,0.9166666666666666,0.8666666666666666
mlp_confidence,mlp_conf_ge_0.70_margin_ge_0.20_entropy_le_0.10_stab_2,True,agreement_hybrid_final,"{""min_requests"": 1, ""mlp_confidence_min"": 0.7, ""mlp_entropy_max"": 0.1, ""mlp_margin_min"": 0.2, ""mlp_stability_min"": 2}",2,24,7.375,5.0,8.375,0.08333333333333333,0.9166666666666666,0.125,22,0.9166666666666666,0.9166666666666666,0.9166666666666666,0.8666666666666666
mlp_confidence,mlp_conf_ge_0.70_margin_ge_0.20_entropy_le_0.20_stab_0,True,llm_final,"{""min_requests"": 1, ""mlp_confidence_min"": 0.7, ""mlp_entropy_max"": 0.2, ""mlp_margin_min"": 0.2, ""mlp_stability_min"": 0}",2,24,5.5,3.0,6.5,0.0,1.0,2.0,21,0.875,0.875,0.9166666666666666,0.8133333333333332
mlp_confidence,mlp_conf_ge_0.70_margin_ge_0.20_entropy_le_0.20_stab_0,True,mlp_final,"{""min_requests"": 1, ""mlp_confidence_min"": 0.7, ""mlp_entropy_max"": 0.2, ""mlp_margin_min"": 0.2, ""mlp_stability_min"": 0}",2,24,5.5,3.0,6.5,0.0,1.0,2.0,21,0.875,0.9166666666666666,0.9166666666666666,0.8133333333333332
mlp_confidence,mlp_conf_ge_0.70_margin_ge_0.20_entropy_le_0.20_stab_0,True,conservative_hybrid_final,"{""min_requests"": 1, ""mlp_confidence_min"": 0.7, ""mlp_entropy_max"": 0.2, ""mlp_margin_min"": 0.2, ""mlp_stability_min"": 0}",2,24,5.5,3.0,6.5,0.0,1.0,2.0,21,0.875,0.875,0.9166666666666666,0.8133333333333332
mlp_confidence,mlp_conf_ge_0.70_margin_ge_0.20_entropy_le_0.20_stab_0,True,agreement_hybrid_final,"{""min_requests"": 1, ""mlp_confidence_min"": 0.7, ""mlp_entropy_max"": 0.2, ""mlp_margin_min"": 0.2, ""mlp_stability_min"": 0}",2,24,5.5,3.0,6.5,0.0,1.0,2.0,21,0.875,0.875,0.9166666666666666,0.8133333333333332
mlp_confidence,mlp_conf_ge_0.70_margin_ge_0.20_entropy_le_0.20_stab_1,True,llm_final,"{""min_requests"": 1, ""mlp_confidence_min"": 0.7, ""mlp_entropy_max"": 0.2, ""mlp_margin_min"": 0.2, ""mlp_stability_min"": 1}",2,24,5.625,3.5,6.625,0.0,1.0,1.875,21,0.875,0.875,0.9166666666666666,0.8133333333333332
mlp_confidence,mlp_conf_ge_0.70_margin_ge_0.20_entropy_le_0.20_stab_1,True,mlp_final,"{""min_requests"": 1, ""mlp_confidence_min"": 0.7, ""mlp_entropy_max"": 0.2, ""mlp_margin_min"": 0.2, ""mlp_stability_min"": 1}",2,24,5.625,3.5,6.625,0.0,1.0,1.875,21,0.875,0.9166666666666666,0.9166666666666666,0.8133333333333332
mlp_confidence,mlp_conf_ge_0.70_margin_ge_0.20_entropy_le_0.20_stab_1,True,conservative_hybrid_final,"{""min_requests"": 1, ""mlp_confidence_min"": 0.7, ""mlp_entropy_max"": 0.2, ""mlp_margin_min"": 0.2, ""mlp_stability_min"": 1}",2,24,5.625,3.5,6.625,0.0,1.0,1.875,21,0.875,0.875,0.9166666666666666,0.8133333333333332
mlp_confidence,mlp_conf_ge_0.70_margin_ge_0.20_entropy_le_0.20_stab_1,True,agreement_hybrid_final,"{""min_requests"": 1, ""mlp_confidence_min"": 0.7, ""mlp_entropy_max"": 0.2, ""mlp_margin_min"": 0.2, ""mlp_stability_min"": 1}",2,24,5.625,3.5,6.625,0.0,1.0,1.875,21,0.875,0.875,0.9166666666666666,0.8133333333333332
mlp_confidence,mlp_conf_ge_0.70_margin_ge_0.20_entropy_le_0.20_stab_2,True,llm_final,"{""min_requests"": 1, ""mlp_confidence_min"": 0.7, ""mlp_entropy_max"": 0.2, ""mlp_margin_min"": 0.2, ""mlp_stability_min"": 2}",2,24,6.375,5.0,7.375,0.0,1.0,1.125,21,0.875,0.9166666666666666,0.9166666666666666,0.8133333333333332
mlp_confidence,mlp_conf_ge_0.70_margin_ge_0.20_entropy_le_0.20_stab_2,True,mlp_final,"{""min_requests"": 1, ""mlp_confidence_min"": 0.7, ""mlp_entropy_max"": 0.2, ""mlp_margin_min"": 0.2, ""mlp_stability_min"": 2}",2,24,6.375,5.0,7.375,0.0,1.0,1.125,22,0.9166666666666666,0.9166666666666666,0.9166666666666666,0.8666666666666666
mlp_confidence,mlp_conf_ge_0.70_margin_ge_0.20_entropy_le_0.20_stab_2,True,conservative_hybrid_final,"{""min_requests"": 1, ""mlp_confidence_min"": 0.7, ""mlp_entropy_max"": 0.2, ""mlp_margin_min"": 0.2, ""mlp_stability_min"": 2}",2,24,6.375,5.0,7.375,0.0,1.0,1.125,21,0.875,0.9166666666666666,0.9166666666666666,0.8133333333333332
mlp_confidence,mlp_conf_ge_0.70_margin_ge_0.20_entropy_le_0.20_stab_2,True,agreement_hybrid_final,"{""min_requests"": 1, ""mlp_confidence_min"": 0.7, ""mlp_entropy_max"": 0.2, ""mlp_margin_min"": 0.2, ""mlp_stability_min"": 2}",2,24,6.375,5.0,7.375,0.0,1.0,1.125,21,0.875,0.9166666666666666,0.9166666666666666,0.8133333333333332
mlp_confidence,mlp_conf_ge_0.70_margin_ge_0.20_entropy_le_0.35_stab_0,True,llm_final,"{""min_requests"": 1, ""mlp_confidence_min"": 0.7, ""mlp_entropy_max"": 0.35, ""mlp_margin_min"": 0.2, ""mlp_stability_min"": 0}",2,24,5.125,3.0,6.125,0.0,1.0,2.375,20,0.8333333333333334,0.8333333333333334,0.875,0.7435897435897435
mlp_confidence,mlp_conf_ge_0.70_margin_ge_0.20_entropy_le_0.35_stab_0,True,mlp_final,"{""min_requests"": 1, ""mlp_confidence_min"": 0.7, ""mlp_entropy_max"": 0.35, ""mlp_margin_min"": 0.2, ""mlp_stability_min"": 0}",2,24,5.125,3.0,6.125,0.0,1.0,2.375,20,0.8333333333333334,0.9166666666666666,0.9166666666666666,0.7435897435897435
mlp_confidence,mlp_conf_ge_0.70_margin_ge_0.20_entropy_le_0.35_stab_0,True,conservative_hybrid_final,"{""min_requests"": 1, ""mlp_confidence_min"": 0.7, ""mlp_entropy_max"": 0.35, ""mlp_margin_min"": 0.2, ""mlp_stability_min"": 0}",2,24,5.125,3.0,6.125,0.0,1.0,2.375,20,0.8333333333333334,0.8333333333333334,0.875,0.7435897435897435
mlp_confidence,mlp_conf_ge_0.70_margin_ge_0.20_entropy_le_0.35_stab_0,True,agreement_hybrid_final,"{""min_requests"": 1, ""mlp_confidence_min"": 0.7, ""mlp_entropy_max"": 0.35, ""mlp_margin_min"": 0.2, ""mlp_stability_min"": 0}",2,24,5.125,3.0,6.125,0.0,1.0,2.375,20,0.8333333333333334,0.8333333333333334,0.875,0.7435897435897435
mlp_confidence,mlp_conf_ge_0.70_margin_ge_0.20_entropy_le_0.35_stab_1,True,llm_final,"{""min_requests"": 1, ""mlp_confidence_min"": 0.7, ""mlp_entropy_max"": 0.35, ""mlp_margin_min"": 0.2, ""mlp_stability_min"": 1}",2,24,5.458333333333333,3.5,6.458333333333333,0.0,1.0,2.041666666666667,21,0.875,0.875,0.9166666666666666,0.8133333333333332
mlp_confidence,mlp_conf_ge_0.70_margin_ge_0.20_entropy_le_0.35_stab_1,True,mlp_final,"{""min_requests"": 1, ""mlp_confidence_min"": 0.7, ""mlp_entropy_max"": 0.35, ""mlp_margin_min"": 0.2, ""mlp_stability_min"": 1}",2,24,5.458333333333333,3.5,6.458333333333333,0.0,1.0,2.041666666666667,21,0.875,0.9166666666666666,0.9166666666666666,0.8133333333333332
mlp_confidence,mlp_conf_ge_0.70_margin_ge_0.20_entropy_le_0.35_stab_1,True,conservative_hybrid_final,"{""min_requests"": 1, ""mlp_confidence_min"": 0.7, ""mlp_entropy_max"": 0.35, ""mlp_margin_min"": 0.2, ""mlp_stability_min"": 1}",2,24,5.458333333333333,3.5,6.458333333333333,0.0,1.0,2.041666666666667,21,0.875,0.875,0.9166666666666666,0.8133333333333332
mlp_confidence,mlp_conf_ge_0.70_margin_ge_0.20_entropy_le_0.35_stab_1,True,agreement_hybrid_final,"{""min_requests"": 1, ""mlp_confidence_min"": 0.7, ""mlp_entropy_max"": 0.35, ""mlp_margin_min"": 0.2, ""mlp_stability_min"": 1}",2,24,5.458333333333333,3.5,6.458333333333333,0.0,1.0,2.041666666666667,21,0.875,0.875,0.9166666666666666,0.8133333333333332
mlp_confidence,mlp_conf_ge_0.70_margin_ge_0.20_entropy_le_0.35_stab_2,True,llm_final,"{""min_requests"": 1, ""mlp_confidence_min"": 0.7, ""mlp_entropy_max"": 0.35, ""mlp_margin_min"": 0.2, ""mlp_stability_min"": 2}",2,24,6.25,5.0,7.25,0.0,1.0,1.25,21,0.875,0.9166666666666666,0.9166666666666666,0.8133333333333332
mlp_confidence,mlp_conf_ge_0.70_margin_ge_0.20_entropy_le_0.35_stab_2,True,mlp_final,"{""min_requests"": 1, ""mlp_confidence_min"": 0.7, ""mlp_entropy_max"": 0.35, ""mlp_margin_min"": 0.2, ""mlp_stability_min"": 2}",2,24,6.25,5.0,7.25,0.0,1.0,1.25,22,0.9166666666666666,0.9166666666666666,0.9166666666666666,0.8666666666666666
mlp_confidence,mlp_conf_ge_0.70_margin_ge_0.20_entropy_le_0.35_stab_2,True,conservative_hybrid_final,"{""min_requests"": 1, ""mlp_confidence_min"": 0.7, ""mlp_entropy_max"": 0.35, ""mlp_margin_min"": 0.2, ""mlp_stability_min"": 2}",2,24,6.25,5.0,7.25,0.0,1.0,1.25,21,0.875,0.9166666666666666,0.9166666666666666,0.8133333333333332
mlp_confidence,mlp_conf_ge_0.70_margin_ge_0.20_entropy_le_0.35_stab_2,True,agreement_hybrid_final,"{""min_requests"": 1, ""mlp_confidence_min"": 0.7, ""mlp_entropy_max"": 0.35, ""mlp_margin_min"": 0.2, ""mlp_stability_min"": 2}",2,24,6.25,5.0,7.25,0.0,1.0,1.25,21,0.875,0.9166666666666666,0.9166666666666666,0.8133333333333332
mlp_confidence,mlp_conf_ge_0.70_margin_ge_0.40_entropy_le_0.10_stab_0,True,llm_final,"{""min_requests"": 1, ""mlp_confidence_min"": 0.7, ""mlp_entropy_max"": 0.1, ""mlp_margin_min"": 0.4, ""mlp_stability_min"": 0}",2,24,6.875,4.5,7.875,0.08333333333333333,0.9166666666666666,0.625,22,0.9166666666666666,0.9166666666666666,0.9166666666666666,0.8666666666666666
mlp_confidence,mlp_conf_ge_0.70_margin_ge_0.40_entropy_le_0.10_stab_0,True,mlp_final,"{""min_requests"": 1, ""mlp_confidence_min"": 0.7, ""mlp_entropy_max"": 0.1, ""mlp_margin_min"": 0.4, ""mlp_stability_min"": 0}",2,24,6.875,4.5,7.875,0.08333333333333333,0.9166666666666666,0.625,21,0.875,0.9583333333333334,0.9583333333333334,0.7948717948717948
mlp_confidence,mlp_conf_ge_0.70_margin_ge_0.40_entropy_le_0.10_stab_0,True,conservative_hybrid_final,"{""min_requests"": 1, ""mlp_confidence_min"": 0.7, ""mlp_entropy_max"": 0.1, ""mlp_margin_min"": 0.4, ""mlp_stability_min"": 0}",2,24,6.875,4.5,7.875,0.08333333333333333,0.9166666666666666,0.625,22,0.9166666666666666,0.9166666666666666,0.9166666666666666,0.8666666666666666
mlp_confidence,mlp_conf_ge_0.70_margin_ge_0.40_entropy_le_0.10_stab_0,True,agreement_hybrid_final,"{""min_requests"": 1, ""mlp_confidence_min"": 0.7, ""mlp_entropy_max"": 0.1, ""mlp_margin_min"": 0.4, ""mlp_stability_min"": 0}",2,24,6.875,4.5,7.875,0.08333333333333333,0.9166666666666666,0.625,22,0.9166666666666666,0.9166666666666666,0.9166666666666666,0.8666666666666666
mlp_confidence,mlp_conf_ge_0.70_margin_ge_0.40_entropy_le_0.10_stab_1,True,llm_final,"{""min_requests"": 1, ""mlp_confidence_min"": 0.7, ""mlp_entropy_max"": 0.1, ""mlp_margin_min"": 0.4, ""mlp_stability_min"": 1}",2,24,6.916666666666667,4.5,7.916666666666667,0.08333333333333333,0.9166666666666666,0.583333333333333,22,0.9166666666666666,0.9166666666666666,0.9166666666666666,0.8666666666666666
mlp_confidence,mlp_conf_ge_0.70_margin_ge_0.40_entropy_le_0.10_stab_1,True,mlp_final,"{""min_requests"": 1, ""mlp_confidence_min"": 0.7, ""mlp_entropy_max"": 0.1, ""mlp_margin_min"": 0.4, ""mlp_stability_min"": 1}",2,24,6.916666666666667,4.5,7.916666666666667,0.08333333333333333,0.9166666666666666,0.583333333333333,21,0.875,0.9583333333333334,0.9583333333333334,0.7948717948717948
mlp_confidence,mlp_conf_ge_0.70_margin_ge_0.40_entropy_le_0.10_stab_1,True,conservative_hybrid_final,"{""min_requests"": 1, ""mlp_confidence_min"": 0.7, ""mlp_entropy_max"": 0.1, ""mlp_margin_min"": 0.4, ""mlp_stability_min"": 1}",2,24,6.916666666666667,4.5,7.916666666666667,0.08333333333333333,0.9166666666666666,0.583333333333333,22,0.9166666666666666,0.9166666666666666,0.9166666666666666,0.8666666666666666
mlp_confidence,mlp_conf_ge_0.70_margin_ge_0.40_entropy_le_0.10_stab_1,True,agreement_hybrid_final,"{""min_requests"": 1, ""mlp_confidence_min"": 0.7, ""mlp_entropy_max"": 0.1, ""mlp_margin_min"": 0.4, ""mlp_stability_min"": 1}",2,24,6.916666666666667,4.5,7.916666666666667,0.08333333333333333,0.9166666666666666,0.583333333333333,22,0.9166666666666666,0.9166666666666666,0.9166666666666666,0.8666666666666666
mlp_confidence,mlp_conf_ge_0.70_margin_ge_0.40_entropy_le_0.10_stab_2,True,llm_final,"{""min_requests"": 1, ""mlp_confidence_min"": 0.7, ""mlp_entropy_max"": 0.1, ""mlp_margin_min"": 0.4, ""mlp_stability_min"": 2}",2,24,7.375,5.0,8.375,0.08333333333333333,0.9166666666666666,0.125,22,0.9166666666666666,0.9166666666666666,0.9166666666666666,0.8666666666666666
mlp_confidence,mlp_conf_ge_0.70_margin_ge_0.40_entropy_le_0.10_stab_2,True,mlp_final,"{""min_requests"": 1, ""mlp_confidence_min"": 0.7, ""mlp_entropy_max"": 0.1, ""mlp_margin_min"": 0.4, ""mlp_stability_min"": 2}",2,24,7.375,5.0,8.375,0.08333333333333333,0.9166666666666666,0.125,21,0.875,0.9583333333333334,0.9583333333333334,0.7948717948717948
mlp_confidence,mlp_conf_ge_0.70_margin_ge_0.40_entropy_le_0.10_stab_2,True,conservative_hybrid_final,"{""min_requests"": 1, ""mlp_confidence_min"": 0.7, ""mlp_entropy_max"": 0.1, ""mlp_margin_min"": 0.4, ""mlp_stability_min"": 2}",2,24,7.375,5.0,8.375,0.08333333333333333,0.9166666666666666,0.125,22,0.9166666666666666,0.9166666666666666,0.9166666666666666,0.8666666666666666
mlp_confidence,mlp_conf_ge_0.70_margin_ge_0.40_entropy_le_0.10_stab_2,True,agreement_hybrid_final,"{""min_requests"": 1, ""mlp_confidence_min"": 0.7, ""mlp_entropy_max"": 0.1, ""mlp_margin_min"": 0.4, ""mlp_stability_min"": 2}",2,24,7.375,5.0,8.375,0.08333333333333333,0.9166666666666666,0.125,22,0.9166666666666666,0.9166666666666666,0.9166666666666666,0.8666666666666666
mlp_confidence,mlp_conf_ge_0.70_margin_ge_0.40_entropy_le_0.20_stab_0,True,llm_final,"{""min_requests"": 1, ""mlp_confidence_min"": 0.7, ""mlp_entropy_max"": 0.2, ""mlp_margin_min"": 0.4, ""mlp_stability_min"": 0}",2,24,5.5,3.0,6.5,0.0,1.0,2.0,21,0.875,0.875,0.9166666666666666,0.8133333333333332
mlp_confidence,mlp_conf_ge_0.70_margin_ge_0.40_entropy_le_0.20_stab_0,True,mlp_final,"{""min_requests"": 1, ""mlp_confidence_min"": 0.7, ""mlp_entropy_max"": 0.2, ""mlp_margin_min"": 0.4, ""mlp_stability_min"": 0}",2,24,5.5,3.0,6.5,0.0,1.0,2.0,21,0.875,0.9166666666666666,0.9166666666666666,0.8133333333333332
mlp_confidence,mlp_conf_ge_0.70_margin_ge_0.40_entropy_le_0.20_stab_0,True,conservative_hybrid_final,"{""min_requests"": 1, ""mlp_confidence_min"": 0.7, ""mlp_entropy_max"": 0.2, ""mlp_margin_min"": 0.4, ""mlp_stability_min"": 0}",2,24,5.5,3.0,6.5,0.0,1.0,2.0,21,0.875,0.875,0.9166666666666666,0.8133333333333332
mlp_confidence,mlp_conf_ge_0.70_margin_ge_0.40_entropy_le_0.20_stab_0,True,agreement_hybrid_final,"{""min_requests"": 1, ""mlp_confidence_min"": 0.7, ""mlp_entropy_max"": 0.2, ""mlp_margin_min"": 0.4, ""mlp_stability_min"": 0}",2,24,5.5,3.0,6.5,0.0,1.0,2.0,21,0.875,0.875,0.9166666666666666,0.8133333333333332
mlp_confidence,mlp_conf_ge_0.70_margin_ge_0.40_entropy_le_0.20_stab_1,True,llm_final,"{""min_requests"": 1, ""mlp_confidence_min"": 0.7, ""mlp_entropy_max"": 0.2, ""mlp_margin_min"": 0.4, ""mlp_stability_min"": 1}",2,24,5.625,3.5,6.625,0.0,1.0,1.875,21,0.875,0.875,0.9166666666666666,0.8133333333333332
mlp_confidence,mlp_conf_ge_0.70_margin_ge_0.40_entropy_le_0.20_stab_1,True,mlp_final,"{""min_requests"": 1, ""mlp_confidence_min"": 0.7, ""mlp_entropy_max"": 0.2, ""mlp_margin_min"": 0.4, ""mlp_stability_min"": 1}",2,24,5.625,3.5,6.625,0.0,1.0,1.875,21,0.875,0.9166666666666666,0.9166666666666666,0.8133333333333332
mlp_confidence,mlp_conf_ge_0.70_margin_ge_0.40_entropy_le_0.20_stab_1,True,conservative_hybrid_final,"{""min_requests"": 1, ""mlp_confidence_min"": 0.7, ""mlp_entropy_max"": 0.2, ""mlp_margin_min"": 0.4, ""mlp_stability_min"": 1}",2,24,5.625,3.5,6.625,0.0,1.0,1.875,21,0.875,0.875,0.9166666666666666,0.8133333333333332
mlp_confidence,mlp_conf_ge_0.70_margin_ge_0.40_entropy_le_0.20_stab_1,True,agreement_hybrid_final,"{""min_requests"": 1, ""mlp_confidence_min"": 0.7, ""mlp_entropy_max"": 0.2, ""mlp_margin_min"": 0.4, ""mlp_stability_min"": 1}",2,24,5.625,3.5,6.625,0.0,1.0,1.875,21,0.875,0.875,0.9166666666666666,0.8133333333333332
mlp_confidence,mlp_conf_ge_0.70_margin_ge_0.40_entropy_le_0.20_stab_2,True,llm_final,"{""min_requests"": 1, ""mlp_confidence_min"": 0.7, ""mlp_entropy_max"": 0.2, ""mlp_margin_min"": 0.4, ""mlp_stability_min"": 2}",2,24,6.375,5.0,7.375,0.0,1.0,1.125,21,0.875,0.9166666666666666,0.9166666666666666,0.8133333333333332
mlp_confidence,mlp_conf_ge_0.70_margin_ge_0.40_entropy_le_0.20_stab_2,True,mlp_final,"{""min_requests"": 1, ""mlp_confidence_min"": 0.7, ""mlp_entropy_max"": 0.2, ""mlp_margin_min"": 0.4, ""mlp_stability_min"": 2}",2,24,6.375,5.0,7.375,0.0,1.0,1.125,22,0.9166666666666666,0.9166666666666666,0.9166666666666666,0.8666666666666666
mlp_confidence,mlp_conf_ge_0.70_margin_ge_0.40_entropy_le_0.20_stab_2,True,conservative_hybrid_final,"{""min_requests"": 1, ""mlp_confidence_min"": 0.7, ""mlp_entropy_max"": 0.2, ""mlp_margin_min"": 0.4, ""mlp_stability_min"": 2}",2,24,6.375,5.0,7.375,0.0,1.0,1.125,21,0.875,0.9166666666666666,0.9166666666666666,0.8133333333333332
mlp_confidence,mlp_conf_ge_0.70_margin_ge_0.40_entropy_le_0.20_stab_2,True,agreement_hybrid_final,"{""min_requests"": 1, ""mlp_confidence_min"": 0.7, ""mlp_entropy_max"": 0.2, ""mlp_margin_min"": 0.4, ""mlp_stability_min"": 2}",2,24,6.375,5.0,7.375,0.0,1.0,1.125,21,0.875,0.9166666666666666,0.9166666666666666,0.8133333333333332
mlp_confidence,mlp_conf_ge_0.70_margin_ge_0.40_entropy_le_0.35_stab_0,True,llm_final,"{""min_requests"": 1, ""mlp_confidence_min"": 0.7, ""mlp_entropy_max"": 0.35, ""mlp_margin_min"": 0.4, ""mlp_stability_min"": 0}",2,24,5.125,3.0,6.125,0.0,1.0,2.375,20,0.8333333333333334,0.8333333333333334,0.875,0.7435897435897435
mlp_confidence,mlp_conf_ge_0.70_margin_ge_0.40_entropy_le_0.35_stab_0,True,mlp_final,"{""min_requests"": 1, ""mlp_confidence_min"": 0.7, ""mlp_entropy_max"": 0.35, ""mlp_margin_min"": 0.4, ""mlp_stability_min"": 0}",2,24,5.125,3.0,6.125,0.0,1.0,2.375,20,0.8333333333333334,0.9166666666666666,0.9166666666666666,0.7435897435897435
mlp_confidence,mlp_conf_ge_0.70_margin_ge_0.40_entropy_le_0.35_stab_0,True,conservative_hybrid_final,"{""min_requests"": 1, ""mlp_confidence_min"": 0.7, ""mlp_entropy_max"": 0.35, ""mlp_margin_min"": 0.4, ""mlp_stability_min"": 0}",2,24,5.125,3.0,6.125,0.0,1.0,2.375,20,0.8333333333333334,0.8333333333333334,0.875,0.7435897435897435
mlp_confidence,mlp_conf_ge_0.70_margin_ge_0.40_entropy_le_0.35_stab_0,True,agreement_hybrid_final,"{""min_requests"": 1, ""mlp_confidence_min"": 0.7, ""mlp_entropy_max"": 0.35, ""mlp_margin_min"": 0.4, ""mlp_stability_min"": 0}",2,24,5.125,3.0,6.125,0.0,1.0,2.375,20,0.8333333333333334,0.8333333333333334,0.875,0.7435897435897435
mlp_confidence,mlp_conf_ge_0.70_margin_ge_0.40_entropy_le_0.35_stab_1,True,llm_final,"{""min_requests"": 1, ""mlp_confidence_min"": 0.7, ""mlp_entropy_max"": 0.35, ""mlp_margin_min"": 0.4, ""mlp_stability_min"": 1}",2,24,5.458333333333333,3.5,6.458333333333333,0.0,1.0,2.041666666666667,21,0.875,0.875,0.9166666666666666,0.8133333333333332
mlp_confidence,mlp_conf_ge_0.70_margin_ge_0.40_entropy_le_0.35_stab_1,True,mlp_final,"{""min_requests"": 1, ""mlp_confidence_min"": 0.7, ""mlp_entropy_max"": 0.35, ""mlp_margin_min"": 0.4, ""mlp_stability_min"": 1}",2,24,5.458333333333333,3.5,6.458333333333333,0.0,1.0,2.041666666666667,21,0.875,0.9166666666666666,0.9166666666666666,0.8133333333333332
mlp_confidence,mlp_conf_ge_0.70_margin_ge_0.40_entropy_le_0.35_stab_1,True,conservative_hybrid_final,"{""min_requests"": 1, ""mlp_confidence_min"": 0.7, ""mlp_entropy_max"": 0.35, ""mlp_margin_min"": 0.4, ""mlp_stability_min"": 1}",2,24,5.458333333333333,3.5,6.458333333333333,0.0,1.0,2.041666666666667,21,0.875,0.875,0.9166666666666666,0.8133333333333332
mlp_confidence,mlp_conf_ge_0.70_margin_ge_0.40_entropy_le_0.35_stab_1,True,agreement_hybrid_final,"{""min_requests"": 1, ""mlp_confidence_min"": 0.7, ""mlp_entropy_max"": 0.35, ""mlp_margin_min"": 0.4, ""mlp_stability_min"": 1}",2,24,5.458333333333333,3.5,6.458333333333333,0.0,1.0,2.041666666666667,21,0.875,0.875,0.9166666666666666,0.8133333333333332
mlp_confidence,mlp_conf_ge_0.70_margin_ge_0.40_entropy_le_0.35_stab_2,True,llm_final,"{""min_requests"": 1, ""mlp_confidence_min"": 0.7, ""mlp_entropy_max"": 0.35, ""mlp_margin_min"": 0.4, ""mlp_stability_min"": 2}",2,24,6.25,5.0,7.25,0.0,1.0,1.25,21,0.875,0.9166666666666666,0.9166666666666666,0.8133333333333332
mlp_confidence,mlp_conf_ge_0.70_margin_ge_0.40_entropy_le_0.35_stab_2,True,mlp_final,"{""min_requests"": 1, ""mlp_confidence_min"": 0.7, ""mlp_entropy_max"": 0.35, ""mlp_margin_min"": 0.4, ""mlp_stability_min"": 2}",2,24,6.25,5.0,7.25,0.0,1.0,1.25,22,0.9166666666666666,0.9166666666666666,0.9166666666666666,0.8666666666666666
mlp_confidence,mlp_conf_ge_0.70_margin_ge_0.40_entropy_le_0.35_stab_2,True,conservative_hybrid_final,"{""min_requests"": 1, ""mlp_confidence_min"": 0.7, ""mlp_entropy_max"": 0.35, ""mlp_margin_min"": 0.4, ""mlp_stability_min"": 2}",2,24,6.25,5.0,7.25,0.0,1.0,1.25,21,0.875,0.9166666666666666,0.9166666666666666,0.8133333333333332
mlp_confidence,mlp_conf_ge_0.70_margin_ge_0.40_entropy_le_0.35_stab_2,True,agreement_hybrid_final,"{""min_requests"": 1, ""mlp_confidence_min"": 0.7, ""mlp_entropy_max"": 0.35, ""mlp_margin_min"": 0.4, ""mlp_stability_min"": 2}",2,24,6.25,5.0,7.25,0.0,1.0,1.25,21,0.875,0.9166666666666666,0.9166666666666666,0.8133333333333332
mlp_confidence,mlp_conf_ge_0.70_margin_ge_0.60_entropy_le_0.10_stab_0,True,llm_final,"{""min_requests"": 1, ""mlp_confidence_min"": 0.7, ""mlp_entropy_max"": 0.1, ""mlp_margin_min"": 0.6, ""mlp_stability_min"": 0}",2,24,6.875,4.5,7.875,0.08333333333333333,0.9166666666666666,0.625,22,0.9166666666666666,0.9166666666666666,0.9166666666666666,0.8666666666666666
mlp_confidence,mlp_conf_ge_0.70_margin_ge_0.60_entropy_le_0.10_stab_0,True,mlp_final,"{""min_requests"": 1, ""mlp_confidence_min"": 0.7, ""mlp_entropy_max"": 0.1, ""mlp_margin_min"": 0.6, ""mlp_stability_min"": 0}",2,24,6.875,4.5,7.875,0.08333333333333333,0.9166666666666666,0.625,21,0.875,0.9583333333333334,0.9583333333333334,0.7948717948717948
mlp_confidence,mlp_conf_ge_0.70_margin_ge_0.60_entropy_le_0.10_stab_0,True,conservative_hybrid_final,"{""min_requests"": 1, ""mlp_confidence_min"": 0.7, ""mlp_entropy_max"": 0.1, ""mlp_margin_min"": 0.6, ""mlp_stability_min"": 0}",2,24,6.875,4.5,7.875,0.08333333333333333,0.9166666666666666,0.625,22,0.9166666666666666,0.9166666666666666,0.9166666666666666,0.8666666666666666
mlp_confidence,mlp_conf_ge_0.70_margin_ge_0.60_entropy_le_0.10_stab_0,True,agreement_hybrid_final,"{""min_requests"": 1, ""mlp_confidence_min"": 0.7, ""mlp_entropy_max"": 0.1, ""mlp_margin_min"": 0.6, ""mlp_stability_min"": 0}",2,24,6.875,4.5,7.875,0.08333333333333333,0.9166666666666666,0.625,22,0.9166666666666666,0.9166666666666666,0.9166666666666666,0.8666666666666666
mlp_confidence,mlp_conf_ge_0.70_margin_ge_0.60_entropy_le_0.10_stab_1,True,llm_final,"{""min_requests"": 1, ""mlp_confidence_min"": 0.7, ""mlp_entropy_max"": 0.1, ""mlp_margin_min"": 0.6, ""mlp_stability_min"": 1}",2,24,6.916666666666667,4.5,7.916666666666667,0.08333333333333333,0.9166666666666666,0.583333333333333,22,0.9166666666666666,0.9166666666666666,0.9166666666666666,0.8666666666666666
mlp_confidence,mlp_conf_ge_0.70_margin_ge_0.60_entropy_le_0.10_stab_1,True,mlp_final,"{""min_requests"": 1, ""mlp_confidence_min"": 0.7, ""mlp_entropy_max"": 0.1, ""mlp_margin_min"": 0.6, ""mlp_stability_min"": 1}",2,24,6.916666666666667,4.5,7.916666666666667,0.08333333333333333,0.9166666666666666,0.583333333333333,21,0.875,0.9583333333333334,0.9583333333333334,0.7948717948717948
mlp_confidence,mlp_conf_ge_0.70_margin_ge_0.60_entropy_le_0.10_stab_1,True,conservative_hybrid_final,"{""min_requests"": 1, ""mlp_confidence_min"": 0.7, ""mlp_entropy_max"": 0.1, ""mlp_margin_min"": 0.6, ""mlp_stability_min"": 1}",2,24,6.916666666666667,4.5,7.916666666666667,0.08333333333333333,0.9166666666666666,0.583333333333333,22,0.9166666666666666,0.9166666666666666,0.9166666666666666,0.8666666666666666
mlp_confidence,mlp_conf_ge_0.70_margin_ge_0.60_entropy_le_0.10_stab_1,True,agreement_hybrid_final,"{""min_requests"": 1, ""mlp_confidence_min"": 0.7, ""mlp_entropy_max"": 0.1, ""mlp_margin_min"": 0.6, ""mlp_stability_min"": 1}",2,24,6.916666666666667,4.5,7.916666666666667,0.08333333333333333,0.9166666666666666,0.583333333333333,22,0.9166666666666666,0.9166666666666666,0.9166666666666666,0.8666666666666666
mlp_confidence,mlp_conf_ge_0.70_margin_ge_0.60_entropy_le_0.10_stab_2,True,llm_final,"{""min_requests"": 1, ""mlp_confidence_min"": 0.7, ""mlp_entropy_max"": 0.1, ""mlp_margin_min"": 0.6, ""mlp_stability_min"": 2}",2,24,7.375,5.0,8.375,0.08333333333333333,0.9166666666666666,0.125,22,0.9166666666666666,0.9166666666666666,0.9166666666666666,0.8666666666666666
mlp_confidence,mlp_conf_ge_0.70_margin_ge_0.60_entropy_le_0.10_stab_2,True,mlp_final,"{""min_requests"": 1, ""mlp_confidence_min"": 0.7, ""mlp_entropy_max"": 0.1, ""mlp_margin_min"": 0.6, ""mlp_stability_min"": 2}",2,24,7.375,5.0,8.375,0.08333333333333333,0.9166666666666666,0.125,21,0.875,0.9583333333333334,0.9583333333333334,0.7948717948717948
mlp_confidence,mlp_conf_ge_0.70_margin_ge_0.60_entropy_le_0.10_stab_2,True,conservative_hybrid_final,"{""min_requests"": 1, ""mlp_confidence_min"": 0.7, ""mlp_entropy_max"": 0.1, ""mlp_margin_min"": 0.6, ""mlp_stability_min"": 2}",2,24,7.375,5.0,8.375,0.08333333333333333,0.9166666666666666,0.125,22,0.9166666666666666,0.9166666666666666,0.9166666666666666,0.8666666666666666
mlp_confidence,mlp_conf_ge_0.70_margin_ge_0.60_entropy_le_0.10_stab_2,True,agreement_hybrid_final,"{""min_requests"": 1, ""mlp_confidence_min"": 0.7, ""mlp_entropy_max"": 0.1, ""mlp_margin_min"": 0.6, ""mlp_stability_min"": 2}",2,24,7.375,5.0,8.375,0.08333333333333333,0.9166666666666666,0.125,22,0.9166666666666666,0.9166666666666666,0.9166666666666666,0.8666666666666666
mlp_confidence,mlp_conf_ge_0.70_margin_ge_0.60_entropy_le_0.20_stab_0,True,llm_final,"{""min_requests"": 1, ""mlp_confidence_min"": 0.7, ""mlp_entropy_max"": 0.2, ""mlp_margin_min"": 0.6, ""mlp_stability_min"": 0}",2,24,5.541666666666667,3.0,6.541666666666667,0.0,1.0,1.958333333333333,21,0.875,0.875,0.9166666666666666,0.8133333333333332
mlp_confidence,mlp_conf_ge_0.70_margin_ge_0.60_entropy_le_0.20_stab_0,True,mlp_final,"{""min_requests"": 1, ""mlp_confidence_min"": 0.7, ""mlp_entropy_max"": 0.2, ""mlp_margin_min"": 0.6, ""mlp_stability_min"": 0}",2,24,5.541666666666667,3.0,6.541666666666667,0.0,1.0,1.958333333333333,21,0.875,0.9166666666666666,0.9166666666666666,0.8133333333333332
mlp_confidence,mlp_conf_ge_0.70_margin_ge_0.60_entropy_le_0.20_stab_0,True,conservative_hybrid_final,"{""min_requests"": 1, ""mlp_confidence_min"": 0.7, ""mlp_entropy_max"": 0.2, ""mlp_margin_min"": 0.6, ""mlp_stability_min"": 0}",2,24,5.541666666666667,3.0,6.541666666666667,0.0,1.0,1.958333333333333,21,0.875,0.875,0.9166666666666666,0.8133333333333332
mlp_confidence,mlp_conf_ge_0.70_margin_ge_0.60_entropy_le_0.20_stab_0,True,agreement_hybrid_final,"{""min_requests"": 1, ""mlp_confidence_min"": 0.7, ""mlp_entropy_max"": 0.2, ""mlp_margin_min"": 0.6, ""mlp_stability_min"": 0}",2,24,5.541666666666667,3.0,6.541666666666667,0.0,1.0,1.958333333333333,21,0.875,0.875,0.9166666666666666,0.8133333333333332
mlp_confidence,mlp_conf_ge_0.70_margin_ge_0.60_entropy_le_0.20_stab_1,True,llm_final,"{""min_requests"": 1, ""mlp_confidence_min"": 0.7, ""mlp_entropy_max"": 0.2, ""mlp_margin_min"": 0.6, ""mlp_stability_min"": 1}",2,24,5.666666666666667,3.5,6.666666666666667,0.0,1.0,1.833333333333333,21,0.875,0.875,0.9166666666666666,0.8133333333333332
mlp_confidence,mlp_conf_ge_0.70_margin_ge_0.60_entropy_le_0.20_stab_1,True,mlp_final,"{""min_requests"": 1, ""mlp_confidence_min"": 0.7, ""mlp_entropy_max"": 0.2, ""mlp_margin_min"": 0.6, ""mlp_stability_min"": 1}",2,24,5.666666666666667,3.5,6.666666666666667,0.0,1.0,1.833333333333333,21,0.875,0.9166666666666666,0.9166666666666666,0.8133333333333332
mlp_confidence,mlp_conf_ge_0.70_margin_ge_0.60_entropy_le_0.20_stab_1,True,conservative_hybrid_final,"{""min_requests"": 1, ""mlp_confidence_min"": 0.7, ""mlp_entropy_max"": 0.2, ""mlp_margin_min"": 0.6, ""mlp_stability_min"": 1}",2,24,5.666666666666667,3.5,6.666666666666667,0.0,1.0,1.833333333333333,21,0.875,0.875,0.9166666666666666,0.8133333333333332
mlp_confidence,mlp_conf_ge_0.70_margin_ge_0.60_entropy_le_0.20_stab_1,True,agreement_hybrid_final,"{""min_requests"": 1, ""mlp_confidence_min"": 0.7, ""mlp_entropy_max"": 0.2, ""mlp_margin_min"": 0.6, ""mlp_stability_min"": 1}",2,24,5.666666666666667,3.5,6.666666666666667,0.0,1.0,1.833333333333333,21,0.875,0.875,0.9166666666666666,0.8133333333333332
mlp_confidence,mlp_conf_ge_0.70_margin_ge_0.60_entropy_le_0.20_stab_2,True,llm_final,"{""min_requests"": 1, ""mlp_confidence_min"": 0.7, ""mlp_entropy_max"": 0.2, ""mlp_margin_min"": 0.6, ""mlp_stability_min"": 2}",2,24,6.375,5.0,7.375,0.0,1.0,1.125,21,0.875,0.9166666666666666,0.9166666666666666,0.8133333333333332
mlp_confidence,mlp_conf_ge_0.70_margin_ge_0.60_entropy_le_0.20_stab_2,True,mlp_final,"{""min_requests"": 1, ""mlp_confidence_min"": 0.7, ""mlp_entropy_max"": 0.2, ""mlp_margin_min"": 0.6, ""mlp_stability_min"": 2}",2,24,6.375,5.0,7.375,0.0,1.0,1.125,22,0.9166666666666666,0.9166666666666666,0.9166666666666666,0.8666666666666666
mlp_confidence,mlp_conf_ge_0.70_margin_ge_0.60_entropy_le_0.20_stab_2,True,conservative_hybrid_final,"{""min_requests"": 1, ""mlp_confidence_min"": 0.7, ""mlp_entropy_max"": 0.2, ""mlp_margin_min"": 0.6, ""mlp_stability_min"": 2}",2,24,6.375,5.0,7.375,0.0,1.0,1.125,21,0.875,0.9166666666666666,0.9166666666666666,0.8133333333333332
mlp_confidence,mlp_conf_ge_0.70_margin_ge_0.60_entropy_le_0.20_stab_2,True,agreement_hybrid_final,"{""min_requests"": 1, ""mlp_confidence_min"": 0.7, ""mlp_entropy_max"": 0.2, ""mlp_margin_min"": 0.6, ""mlp_stability_min"": 2}",2,24,6.375,5.0,7.375,0.0,1.0,1.125,21,0.875,0.9166666666666666,0.9166666666666666,0.8133333333333332
mlp_confidence,mlp_conf_ge_0.70_margin_ge_0.60_entropy_le_0.35_stab_0,True,llm_final,"{""min_requests"": 1, ""mlp_confidence_min"": 0.7, ""mlp_entropy_max"": 0.35, ""mlp_margin_min"": 0.6, ""mlp_stability_min"": 0}",2,24,5.333333333333333,3.0,6.333333333333333,0.0,1.0,2.166666666666667,21,0.875,0.875,0.9166666666666666,0.8133333333333332
mlp_confidence,mlp_conf_ge_0.70_margin_ge_0.60_entropy_le_0.35_stab_0,True,mlp_final,"{""min_requests"": 1, ""mlp_confidence_min"": 0.7, ""mlp_entropy_max"": 0.35, ""mlp_margin_min"": 0.6, ""mlp_stability_min"": 0}",2,24,5.333333333333333,3.0,6.333333333333333,0.0,1.0,2.166666666666667,21,0.875,0.9166666666666666,0.9166666666666666,0.8133333333333332
mlp_confidence,mlp_conf_ge_0.70_margin_ge_0.60_entropy_le_0.35_stab_0,True,conservative_hybrid_final,"{""min_requests"": 1, ""mlp_confidence_min"": 0.7, ""mlp_entropy_max"": 0.35, ""mlp_margin_min"": 0.6, ""mlp_stability_min"": 0}",2,24,5.333333333333333,3.0,6.333333333333333,0.0,1.0,2.166666666666667,21,0.875,0.875,0.9166666666666666,0.8133333333333332
mlp_confidence,mlp_conf_ge_0.70_margin_ge_0.60_entropy_le_0.35_stab_0,True,agreement_hybrid_final,"{""min_requests"": 1, ""mlp_confidence_min"": 0.7, ""mlp_entropy_max"": 0.35, ""mlp_margin_min"": 0.6, ""mlp_stability_min"": 0}",2,24,5.333333333333333,3.0,6.333333333333333,0.0,1.0,2.166666666666667,21,0.875,0.875,0.9166666666666666,0.8133333333333332
mlp_confidence,mlp_conf_ge_0.70_margin_ge_0.60_entropy_le_0.35_stab_1,True,llm_final,"{""min_requests"": 1, ""mlp_confidence_min"": 0.7, ""mlp_entropy_max"": 0.35, ""mlp_margin_min"": 0.6, ""mlp_stability_min"": 1}",2,24,5.5,3.5,6.5,0.0,1.0,2.0,21,0.875,0.875,0.9166666666666666,0.8133333333333332
mlp_confidence,mlp_conf_ge_0.70_margin_ge_0.60_entropy_le_0.35_stab_1,True,mlp_final,"{""min_requests"": 1, ""mlp_confidence_min"": 0.7, ""mlp_entropy_max"": 0.35, ""mlp_margin_min"": 0.6, ""mlp_stability_min"": 1}",2,24,5.5,3.5,6.5,0.0,1.0,2.0,21,0.875,0.9166666666666666,0.9166666666666666,0.8133333333333332
mlp_confidence,mlp_conf_ge_0.70_margin_ge_0.60_entropy_le_0.35_stab_1,True,conservative_hybrid_final,"{""min_requests"": 1, ""mlp_confidence_min"": 0.7, ""mlp_entropy_max"": 0.35, ""mlp_margin_min"": 0.6, ""mlp_stability_min"": 1}",2,24,5.5,3.5,6.5,0.0,1.0,2.0,21,0.875,0.875,0.9166666666666666,0.8133333333333332
mlp_confidence,mlp_conf_ge_0.70_margin_ge_0.60_entropy_le_0.35_stab_1,True,agreement_hybrid_final,"{""min_requests"": 1, ""mlp_confidence_min"": 0.7, ""mlp_entropy_max"": 0.35, ""mlp_margin_min"": 0.6, ""mlp_stability_min"": 1}",2,24,5.5,3.5,6.5,0.0,1.0,2.0,21,0.875,0.875,0.9166666666666666,0.8133333333333332
mlp_confidence,mlp_conf_ge_0.70_margin_ge_0.60_entropy_le_0.35_stab_2,True,llm_final,"{""min_requests"": 1, ""mlp_confidence_min"": 0.7, ""mlp_entropy_max"": 0.35, ""mlp_margin_min"": 0.6, ""mlp_stability_min"": 2}",2,24,6.25,5.0,7.25,0.0,1.0,1.25,21,0.875,0.9166666666666666,0.9166666666666666,0.8133333333333332
mlp_confidence,mlp_conf_ge_0.70_margin_ge_0.60_entropy_le_0.35_stab_2,True,mlp_final,"{""min_requests"": 1, ""mlp_confidence_min"": 0.7, ""mlp_entropy_max"": 0.35, ""mlp_margin_min"": 0.6, ""mlp_stability_min"": 2}",2,24,6.25,5.0,7.25,0.0,1.0,1.25,22,0.9166666666666666,0.9166666666666666,0.9166666666666666,0.8666666666666666
mlp_confidence,mlp_conf_ge_0.70_margin_ge_0.60_entropy_le_0.35_stab_2,True,conservative_hybrid_final,"{""min_requests"": 1, ""mlp_confidence_min"": 0.7, ""mlp_entropy_max"": 0.35, ""mlp_margin_min"": 0.6, ""mlp_stability_min"": 2}",2,24,6.25,5.0,7.25,0.0,1.0,1.25,21,0.875,0.9166666666666666,0.9166666666666666,0.8133333333333332
mlp_confidence,mlp_conf_ge_0.70_margin_ge_0.60_entropy_le_0.35_stab_2,True,agreement_hybrid_final,"{""min_requests"": 1, ""mlp_confidence_min"": 0.7, ""mlp_entropy_max"": 0.35, ""mlp_margin_min"": 0.6, ""mlp_stability_min"": 2}",2,24,6.25,5.0,7.25,0.0,1.0,1.25,21,0.875,0.9166666666666666,0.9166666666666666,0.8133333333333332
mlp_confidence,mlp_conf_ge_0.70_margin_ge_0.80_entropy_le_0.10_stab_0,True,llm_final,"{""min_requests"": 1, ""mlp_confidence_min"": 0.7, ""mlp_entropy_max"": 0.1, ""mlp_margin_min"": 0.8, ""mlp_stability_min"": 0}",2,24,6.875,4.5,7.875,0.08333333333333333,0.9166666666666666,0.625,22,0.9166666666666666,0.9166666666666666,0.9166666666666666,0.8666666666666666
mlp_confidence,mlp_conf_ge_0.70_margin_ge_0.80_entropy_le_0.10_stab_0,True,mlp_final,"{""min_requests"": 1, ""mlp_confidence_min"": 0.7, ""mlp_entropy_max"": 0.1, ""mlp_margin_min"": 0.8, ""mlp_stability_min"": 0}",2,24,6.875,4.5,7.875,0.08333333333333333,0.9166666666666666,0.625,21,0.875,0.9583333333333334,0.9583333333333334,0.7948717948717948
mlp_confidence,mlp_conf_ge_0.70_margin_ge_0.80_entropy_le_0.10_stab_0,True,conservative_hybrid_final,"{""min_requests"": 1, ""mlp_confidence_min"": 0.7, ""mlp_entropy_max"": 0.1, ""mlp_margin_min"": 0.8, ""mlp_stability_min"": 0}",2,24,6.875,4.5,7.875,0.08333333333333333,0.9166666666666666,0.625,22,0.9166666666666666,0.9166666666666666,0.9166666666666666,0.8666666666666666
mlp_confidence,mlp_conf_ge_0.70_margin_ge_0.80_entropy_le_0.10_stab_0,True,agreement_hybrid_final,"{""min_requests"": 1, ""mlp_confidence_min"": 0.7, ""mlp_entropy_max"": 0.1, ""mlp_margin_min"": 0.8, ""mlp_stability_min"": 0}",2,24,6.875,4.5,7.875,0.08333333333333333,0.9166666666666666,0.625,22,0.9166666666666666,0.9166666666666666,0.9166666666666666,0.8666666666666666
mlp_confidence,mlp_conf_ge_0.70_margin_ge_0.80_entropy_le_0.10_stab_1,True,llm_final,"{""min_requests"": 1, ""mlp_confidence_min"": 0.7, ""mlp_entropy_max"": 0.1, ""mlp_margin_min"": 0.8, ""mlp_stability_min"": 1}",2,24,6.916666666666667,4.5,7.916666666666667,0.08333333333333333,0.9166666666666666,0.583333333333333,22,0.9166666666666666,0.9166666666666666,0.9166666666666666,0.8666666666666666
mlp_confidence,mlp_conf_ge_0.70_margin_ge_0.80_entropy_le_0.10_stab_1,True,mlp_final,"{""min_requests"": 1, ""mlp_confidence_min"": 0.7, ""mlp_entropy_max"": 0.1, ""mlp_margin_min"": 0.8, ""mlp_stability_min"": 1}",2,24,6.916666666666667,4.5,7.916666666666667,0.08333333333333333,0.9166666666666666,0.583333333333333,21,0.875,0.9583333333333334,0.9583333333333334,0.7948717948717948
mlp_confidence,mlp_conf_ge_0.70_margin_ge_0.80_entropy_le_0.10_stab_1,True,conservative_hybrid_final,"{""min_requests"": 1, ""mlp_confidence_min"": 0.7, ""mlp_entropy_max"": 0.1, ""mlp_margin_min"": 0.8, ""mlp_stability_min"": 1}",2,24,6.916666666666667,4.5,7.916666666666667,0.08333333333333333,0.9166666666666666,0.583333333333333,22,0.9166666666666666,0.9166666666666666,0.9166666666666666,0.8666666666666666
mlp_confidence,mlp_conf_ge_0.70_margin_ge_0.80_entropy_le_0.10_stab_1,True,agreement_hybrid_final,"{""min_requests"": 1, ""mlp_confidence_min"": 0.7, ""mlp_entropy_max"": 0.1, ""mlp_margin_min"": 0.8, ""mlp_stability_min"": 1}",2,24,6.916666666666667,4.5,7.916666666666667,0.08333333333333333,0.9166666666666666,0.583333333333333,22,0.9166666666666666,0.9166666666666666,0.9166666666666666,0.8666666666666666
mlp_confidence,mlp_conf_ge_0.70_margin_ge_0.80_entropy_le_0.10_stab_2,True,llm_final,"{""min_requests"": 1, ""mlp_confidence_min"": 0.7, ""mlp_entropy_max"": 0.1, ""mlp_margin_min"": 0.8, ""mlp_stability_min"": 2}",2,24,7.375,5.0,8.375,0.08333333333333333,0.9166666666666666,0.125,22,0.9166666666666666,0.9166666666666666,0.9166666666666666,0.8666666666666666
mlp_confidence,mlp_conf_ge_0.70_margin_ge_0.80_entropy_le_0.10_stab_2,True,mlp_final,"{""min_requests"": 1, ""mlp_confidence_min"": 0.7, ""mlp_entropy_max"": 0.1, ""mlp_margin_min"": 0.8, ""mlp_stability_min"": 2}",2,24,7.375,5.0,8.375,0.08333333333333333,0.9166666666666666,0.125,21,0.875,0.9583333333333334,0.9583333333333334,0.7948717948717948
mlp_confidence,mlp_conf_ge_0.70_margin_ge_0.80_entropy_le_0.10_stab_2,True,conservative_hybrid_final,"{""min_requests"": 1, ""mlp_confidence_min"": 0.7, ""mlp_entropy_max"": 0.1, ""mlp_margin_min"": 0.8, ""mlp_stability_min"": 2}",2,24,7.375,5.0,8.375,0.08333333333333333,0.9166666666666666,0.125,22,0.9166666666666666,0.9166666666666666,0.9166666666666666,0.8666666666666666
mlp_confidence,mlp_conf_ge_0.70_margin_ge_0.80_entropy_le_0.10_stab_2,True,agreement_hybrid_final,"{""min_requests"": 1, ""mlp_confidence_min"": 0.7, ""mlp_entropy_max"": 0.1, ""mlp_margin_min"": 0.8, ""mlp_stability_min"": 2}",2,24,7.375,5.0,8.375,0.08333333333333333,0.9166666666666666,0.125,22,0.9166666666666666,0.9166666666666666,0.9166666666666666,0.8666666666666666
mlp_confidence,mlp_conf_ge_0.70_margin_ge_0.80_entropy_le_0.20_stab_0,True,llm_final,"{""min_requests"": 1, ""mlp_confidence_min"": 0.7, ""mlp_entropy_max"": 0.2, ""mlp_margin_min"": 0.8, ""mlp_stability_min"": 0}",2,24,6.125,3.5,7.125,0.041666666666666664,0.9583333333333334,1.375,21,0.875,0.875,0.9166666666666666,0.8133333333333332
mlp_confidence,mlp_conf_ge_0.70_margin_ge_0.80_entropy_le_0.20_stab_0,True,mlp_final,"{""min_requests"": 1, ""mlp_confidence_min"": 0.7, ""mlp_entropy_max"": 0.2, ""mlp_margin_min"": 0.8, ""mlp_stability_min"": 0}",2,24,6.125,3.5,7.125,0.041666666666666664,0.9583333333333334,1.375,20,0.8333333333333334,0.9166666666666666,0.9166666666666666,0.7435897435897435
mlp_confidence,mlp_conf_ge_0.70_margin_ge_0.80_entropy_le_0.20_stab_0,True,conservative_hybrid_final,"{""min_requests"": 1, ""mlp_confidence_min"": 0.7, ""mlp_entropy_max"": 0.2, ""mlp_margin_min"": 0.8, ""mlp_stability_min"": 0}",2,24,6.125,3.5,7.125,0.041666666666666664,0.9583333333333334,1.375,21,0.875,0.875,0.9166666666666666,0.8133333333333332
mlp_confidence,mlp_conf_ge_0.70_margin_ge_0.80_entropy_le_0.20_stab_0,True,agreement_hybrid_final,"{""min_requests"": 1, ""mlp_confidence_min"": 0.7, ""mlp_entropy_max"": 0.2, ""mlp_margin_min"": 0.8, ""mlp_stability_min"": 0}",2,24,6.125,3.5,7.125,0.041666666666666664,0.9583333333333334,1.375,21,0.875,0.875,0.9166666666666666,0.8133333333333332
mlp_confidence,mlp_conf_ge_0.70_margin_ge_0.80_entropy_le_0.20_stab_1,True,llm_final,"{""min_requests"": 1, ""mlp_confidence_min"": 0.7, ""mlp_entropy_max"": 0.2, ""mlp_margin_min"": 0.8, ""mlp_stability_min"": 1}",2,24,6.208333333333333,4.0,7.208333333333333,0.041666666666666664,0.9583333333333334,1.291666666666667,21,0.875,0.875,0.9166666666666666,0.8133333333333332
mlp_confidence,mlp_conf_ge_0.70_margin_ge_0.80_entropy_le_0.20_stab_1,True,mlp_final,"{""min_requests"": 1, ""mlp_confidence_min"": 0.7, ""mlp_entropy_max"": 0.2, ""mlp_margin_min"": 0.8, ""mlp_stability_min"": 1}",2,24,6.208333333333333,4.0,7.208333333333333,0.041666666666666664,0.9583333333333334,1.291666666666667,20,0.8333333333333334,0.9166666666666666,0.9166666666666666,0.7435897435897435
mlp_confidence,mlp_conf_ge_0.70_margin_ge_0.80_entropy_le_0.20_stab_1,True,conservative_hybrid_final,"{""min_requests"": 1, ""mlp_confidence_min"": 0.7, ""mlp_entropy_max"": 0.2, ""mlp_margin_min"": 0.8, ""mlp_stability_min"": 1}",2,24,6.208333333333333,4.0,7.208333333333333,0.041666666666666664,0.9583333333333334,1.291666666666667,21,0.875,0.875,0.9166666666666666,0.8133333333333332
mlp_confidence,mlp_conf_ge_0.70_margin_ge_0.80_entropy_le_0.20_stab_1,True,agreement_hybrid_final,"{""min_requests"": 1, ""mlp_confidence_min"": 0.7, ""mlp_entropy_max"": 0.2, ""mlp_margin_min"": 0.8, ""mlp_stability_min"": 1}",2,24,6.208333333333333,4.0,7.208333333333333,0.041666666666666664,0.9583333333333334,1.291666666666667,21,0.875,0.875,0.9166666666666666,0.8133333333333332
mlp_confidence,mlp_conf_ge_0.70_margin_ge_0.80_entropy_le_0.20_stab_2,True,llm_final,"{""min_requests"": 1, ""mlp_confidence_min"": 0.7, ""mlp_entropy_max"": 0.2, ""mlp_margin_min"": 0.8, ""mlp_stability_min"": 2}",2,24,6.791666666666667,5.0,7.791666666666667,0.041666666666666664,0.9583333333333334,0.708333333333333,21,0.875,0.9166666666666666,0.9166666666666666,0.8133333333333332
mlp_confidence,mlp_conf_ge_0.70_margin_ge_0.80_entropy_le_0.20_stab_2,True,mlp_final,"{""min_requests"": 1, ""mlp_confidence_min"": 0.7, ""mlp_entropy_max"": 0.2, ""mlp_margin_min"": 0.8, ""mlp_stability_min"": 2}",2,24,6.791666666666667,5.0,7.791666666666667,0.041666666666666664,0.9583333333333334,0.708333333333333,21,0.875,0.9166666666666666,0.9166666666666666,0.7948717948717948
mlp_confidence,mlp_conf_ge_0.70_margin_ge_0.80_entropy_le_0.20_stab_2,True,conservative_hybrid_final,"{""min_requests"": 1, ""mlp_confidence_min"": 0.7, ""mlp_entropy_max"": 0.2, ""mlp_margin_min"": 0.8, ""mlp_stability_min"": 2}",2,24,6.791666666666667,5.0,7.791666666666667,0.041666666666666664,0.9583333333333334,0.708333333333333,21,0.875,0.9166666666666666,0.9166666666666666,0.8133333333333332
mlp_confidence,mlp_conf_ge_0.70_margin_ge_0.80_entropy_le_0.20_stab_2,True,agreement_hybrid_final,"{""min_requests"": 1, ""mlp_confidence_min"": 0.7, ""mlp_entropy_max"": 0.2, ""mlp_margin_min"": 0.8, ""mlp_stability_min"": 2}",2,24,6.791666666666667,5.0,7.791666666666667,0.041666666666666664,0.9583333333333334,0.708333333333333,21,0.875,0.9166666666666666,0.9166666666666666,0.8133333333333332
mlp_confidence,mlp_conf_ge_0.70_margin_ge_0.80_entropy_le_0.35_stab_0,True,llm_final,"{""min_requests"": 1, ""mlp_confidence_min"": 0.7, ""mlp_entropy_max"": 0.35, ""mlp_margin_min"": 0.8, ""mlp_stability_min"": 0}",2,24,6.125,3.5,7.125,0.041666666666666664,0.9583333333333334,1.375,21,0.875,0.875,0.9166666666666666,0.8133333333333332
mlp_confidence,mlp_conf_ge_0.70_margin_ge_0.80_entropy_le_0.35_stab_0,True,mlp_final,"{""min_requests"": 1, ""mlp_confidence_min"": 0.7, ""mlp_entropy_max"": 0.35, ""mlp_margin_min"": 0.8, ""mlp_stability_min"": 0}",2,24,6.125,3.5,7.125,0.041666666666666664,0.9583333333333334,1.375,20,0.8333333333333334,0.9166666666666666,0.9166666666666666,0.7435897435897435
mlp_confidence,mlp_conf_ge_0.70_margin_ge_0.80_entropy_le_0.35_stab_0,True,conservative_hybrid_final,"{""min_requests"": 1, ""mlp_confidence_min"": 0.7, ""mlp_entropy_max"": 0.35, ""mlp_margin_min"": 0.8, ""mlp_stability_min"": 0}",2,24,6.125,3.5,7.125,0.041666666666666664,0.9583333333333334,1.375,21,0.875,0.875,0.9166666666666666,0.8133333333333332
mlp_confidence,mlp_conf_ge_0.70_margin_ge_0.80_entropy_le_0.35_stab_0,True,agreement_hybrid_final,"{""min_requests"": 1, ""mlp_confidence_min"": 0.7, ""mlp_entropy_max"": 0.35, ""mlp_margin_min"": 0.8, ""mlp_stability_min"": 0}",2,24,6.125,3.5,7.125,0.041666666666666664,0.9583333333333334,1.375,21,0.875,0.875,0.9166666666666666,0.8133333333333332
mlp_confidence,mlp_conf_ge_0.70_margin_ge_0.80_entropy_le_0.35_stab_1,True,llm_final,"{""min_requests"": 1, ""mlp_confidence_min"": 0.7, ""mlp_entropy_max"": 0.35, ""mlp_margin_min"": 0.8, ""mlp_stability_min"": 1}",2,24,6.208333333333333,4.0,7.208333333333333,0.041666666666666664,0.9583333333333334,1.291666666666667,21,0.875,0.875,0.9166666666666666,0.8133333333333332
mlp_confidence,mlp_conf_ge_0.70_margin_ge_0.80_entropy_le_0.35_stab_1,True,mlp_final,"{""min_requests"": 1, ""mlp_confidence_min"": 0.7, ""mlp_entropy_max"": 0.35, ""mlp_margin_min"": 0.8, ""mlp_stability_min"": 1}",2,24,6.208333333333333,4.0,7.208333333333333,0.041666666666666664,0.9583333333333334,1.291666666666667,20,0.8333333333333334,0.9166666666666666,0.9166666666666666,0.7435897435897435
mlp_confidence,mlp_conf_ge_0.70_margin_ge_0.80_entropy_le_0.35_stab_1,True,conservative_hybrid_final,"{""min_requests"": 1, ""mlp_confidence_min"": 0.7, ""mlp_entropy_max"": 0.35, ""mlp_margin_min"": 0.8, ""mlp_stability_min"": 1}",2,24,6.208333333333333,4.0,7.208333333333333,0.041666666666666664,0.9583333333333334,1.291666666666667,21,0.875,0.875,0.9166666666666666,0.8133333333333332
mlp_confidence,mlp_conf_ge_0.70_margin_ge_0.80_entropy_le_0.35_stab_1,True,agreement_hybrid_final,"{""min_requests"": 1, ""mlp_confidence_min"": 0.7, ""mlp_entropy_max"": 0.35, ""mlp_margin_min"": 0.8, ""mlp_stability_min"": 1}",2,24,6.208333333333333,4.0,7.208333333333333,0.041666666666666664,0.9583333333333334,1.291666666666667,21,0.875,0.875,0.9166666666666666,0.8133333333333332
mlp_confidence,mlp_conf_ge_0.70_margin_ge_0.80_entropy_le_0.35_stab_2,True,llm_final,"{""min_requests"": 1, ""mlp_confidence_min"": 0.7, ""mlp_entropy_max"": 0.35, ""mlp_margin_min"": 0.8, ""mlp_stability_min"": 2}",2,24,6.791666666666667,5.0,7.791666666666667,0.041666666666666664,0.9583333333333334,0.708333333333333,21,0.875,0.9166666666666666,0.9166666666666666,0.8133333333333332
mlp_confidence,mlp_conf_ge_0.70_margin_ge_0.80_entropy_le_0.35_stab_2,True,mlp_final,"{""min_requests"": 1, ""mlp_confidence_min"": 0.7, ""mlp_entropy_max"": 0.35, ""mlp_margin_min"": 0.8, ""mlp_stability_min"": 2}",2,24,6.791666666666667,5.0,7.791666666666667,0.041666666666666664,0.9583333333333334,0.708333333333333,21,0.875,0.9166666666666666,0.9166666666666666,0.7948717948717948
mlp_confidence,mlp_conf_ge_0.70_margin_ge_0.80_entropy_le_0.35_stab_2,True,conservative_hybrid_final,"{""min_requests"": 1, ""mlp_confidence_min"": 0.7, ""mlp_entropy_max"": 0.35, ""mlp_margin_min"": 0.8, ""mlp_stability_min"": 2}",2,24,6.791666666666667,5.0,7.791666666666667,0.041666666666666664,0.9583333333333334,0.708333333333333,21,0.875,0.9166666666666666,0.9166666666666666,0.8133333333333332
mlp_confidence,mlp_conf_ge_0.70_margin_ge_0.80_entropy_le_0.35_stab_2,True,agreement_hybrid_final,"{""min_requests"": 1, ""mlp_confidence_min"": 0.7, ""mlp_entropy_max"": 0.35, ""mlp_margin_min"": 0.8, ""mlp_stability_min"": 2}",2,24,6.791666666666667,5.0,7.791666666666667,0.041666666666666664,0.9583333333333334,0.708333333333333,21,0.875,0.9166666666666666,0.9166666666666666,0.8133333333333332
mlp_confidence,mlp_conf_ge_0.80_margin_ge_0.20_entropy_le_0.10_stab_0,True,llm_final,"{""min_requests"": 1, ""mlp_confidence_min"": 0.8, ""mlp_entropy_max"": 0.1, ""mlp_margin_min"": 0.2, ""mlp_stability_min"": 0}",2,24,6.875,4.5,7.875,0.08333333333333333,0.9166666666666666,0.625,22,0.9166666666666666,0.9166666666666666,0.9166666666666666,0.8666666666666666
mlp_confidence,mlp_conf_ge_0.80_margin_ge_0.20_entropy_le_0.10_stab_0,True,mlp_final,"{""min_requests"": 1, ""mlp_confidence_min"": 0.8, ""mlp_entropy_max"": 0.1, ""mlp_margin_min"": 0.2, ""mlp_stability_min"": 0}",2,24,6.875,4.5,7.875,0.08333333333333333,0.9166666666666666,0.625,21,0.875,0.9583333333333334,0.9583333333333334,0.7948717948717948
mlp_confidence,mlp_conf_ge_0.80_margin_ge_0.20_entropy_le_0.10_stab_0,True,conservative_hybrid_final,"{""min_requests"": 1, ""mlp_confidence_min"": 0.8, ""mlp_entropy_max"": 0.1, ""mlp_margin_min"": 0.2, ""mlp_stability_min"": 0}",2,24,6.875,4.5,7.875,0.08333333333333333,0.9166666666666666,0.625,22,0.9166666666666666,0.9166666666666666,0.9166666666666666,0.8666666666666666
mlp_confidence,mlp_conf_ge_0.80_margin_ge_0.20_entropy_le_0.10_stab_0,True,agreement_hybrid_final,"{""min_requests"": 1, ""mlp_confidence_min"": 0.8, ""mlp_entropy_max"": 0.1, ""mlp_margin_min"": 0.2, ""mlp_stability_min"": 0}",2,24,6.875,4.5,7.875,0.08333333333333333,0.9166666666666666,0.625,22,0.9166666666666666,0.9166666666666666,0.9166666666666666,0.8666666666666666
mlp_confidence,mlp_conf_ge_0.80_margin_ge_0.20_entropy_le_0.10_stab_1,True,llm_final,"{""min_requests"": 1, ""mlp_confidence_min"": 0.8, ""mlp_entropy_max"": 0.1, ""mlp_margin_min"": 0.2, ""mlp_stability_min"": 1}",2,24,6.916666666666667,4.5,7.916666666666667,0.08333333333333333,0.9166666666666666,0.583333333333333,22,0.9166666666666666,0.9166666666666666,0.9166666666666666,0.8666666666666666
mlp_confidence,mlp_conf_ge_0.80_margin_ge_0.20_entropy_le_0.10_stab_1,True,mlp_final,"{""min_requests"": 1, ""mlp_confidence_min"": 0.8, ""mlp_entropy_max"": 0.1, ""mlp_margin_min"": 0.2, ""mlp_stability_min"": 1}",2,24,6.916666666666667,4.5,7.916666666666667,0.08333333333333333,0.9166666666666666,0.583333333333333,21,0.875,0.9583333333333334,0.9583333333333334,0.7948717948717948
mlp_confidence,mlp_conf_ge_0.80_margin_ge_0.20_entropy_le_0.10_stab_1,True,conservative_hybrid_final,"{""min_requests"": 1, ""mlp_confidence_min"": 0.8, ""mlp_entropy_max"": 0.1, ""mlp_margin_min"": 0.2, ""mlp_stability_min"": 1}",2,24,6.916666666666667,4.5,7.916666666666667,0.08333333333333333,0.9166666666666666,0.583333333333333,22,0.9166666666666666,0.9166666666666666,0.9166666666666666,0.8666666666666666
mlp_confidence,mlp_conf_ge_0.80_margin_ge_0.20_entropy_le_0.10_stab_1,True,agreement_hybrid_final,"{""min_requests"": 1, ""mlp_confidence_min"": 0.8, ""mlp_entropy_max"": 0.1, ""mlp_margin_min"": 0.2, ""mlp_stability_min"": 1}",2,24,6.916666666666667,4.5,7.916666666666667,0.08333333333333333,0.9166666666666666,0.583333333333333,22,0.9166666666666666,0.9166666666666666,0.9166666666666666,0.8666666666666666
mlp_confidence,mlp_conf_ge_0.80_margin_ge_0.20_entropy_le_0.10_stab_2,True,llm_final,"{""min_requests"": 1, ""mlp_confidence_min"": 0.8, ""mlp_entropy_max"": 0.1, ""mlp_margin_min"": 0.2, ""mlp_stability_min"": 2}",2,24,7.375,5.0,8.375,0.08333333333333333,0.9166666666666666,0.125,22,0.9166666666666666,0.9166666666666666,0.9166666666666666,0.8666666666666666
mlp_confidence,mlp_conf_ge_0.80_margin_ge_0.20_entropy_le_0.10_stab_2,True,mlp_final,"{""min_requests"": 1, ""mlp_confidence_min"": 0.8, ""mlp_entropy_max"": 0.1, ""mlp_margin_min"": 0.2, ""mlp_stability_min"": 2}",2,24,7.375,5.0,8.375,0.08333333333333333,0.9166666666666666,0.125,21,0.875,0.9583333333333334,0.9583333333333334,0.7948717948717948
mlp_confidence,mlp_conf_ge_0.80_margin_ge_0.20_entropy_le_0.10_stab_2,True,conservative_hybrid_final,"{""min_requests"": 1, ""mlp_confidence_min"": 0.8, ""mlp_entropy_max"": 0.1, ""mlp_margin_min"": 0.2, ""mlp_stability_min"": 2}",2,24,7.375,5.0,8.375,0.08333333333333333,0.9166666666666666,0.125,22,0.9166666666666666,0.9166666666666666,0.9166666666666666,0.8666666666666666
mlp_confidence,mlp_conf_ge_0.80_margin_ge_0.20_entropy_le_0.10_stab_2,True,agreement_hybrid_final,"{""min_requests"": 1, ""mlp_confidence_min"": 0.8, ""mlp_entropy_max"": 0.1, ""mlp_margin_min"": 0.2, ""mlp_stability_min"": 2}",2,24,7.375,5.0,8.375,0.08333333333333333,0.9166666666666666,0.125,22,0.9166666666666666,0.9166666666666666,0.9166666666666666,0.8666666666666666
mlp_confidence,mlp_conf_ge_0.80_margin_ge_0.20_entropy_le_0.20_stab_0,True,llm_final,"{""min_requests"": 1, ""mlp_confidence_min"": 0.8, ""mlp_entropy_max"": 0.2, ""mlp_margin_min"": 0.2, ""mlp_stability_min"": 0}",2,24,5.541666666666667,3.0,6.541666666666667,0.0,1.0,1.958333333333333,21,0.875,0.875,0.9166666666666666,0.8133333333333332
mlp_confidence,mlp_conf_ge_0.80_margin_ge_0.20_entropy_le_0.20_stab_0,True,mlp_final,"{""min_requests"": 1, ""mlp_confidence_min"": 0.8, ""mlp_entropy_max"": 0.2, ""mlp_margin_min"": 0.2, ""mlp_stability_min"": 0}",2,24,5.541666666666667,3.0,6.541666666666667,0.0,1.0,1.958333333333333,21,0.875,0.9166666666666666,0.9166666666666666,0.8133333333333332
mlp_confidence,mlp_conf_ge_0.80_margin_ge_0.20_entropy_le_0.20_stab_0,True,conservative_hybrid_final,"{""min_requests"": 1, ""mlp_confidence_min"": 0.8, ""mlp_entropy_max"": 0.2, ""mlp_margin_min"": 0.2, ""mlp_stability_min"": 0}",2,24,5.541666666666667,3.0,6.541666666666667,0.0,1.0,1.958333333333333,21,0.875,0.875,0.9166666666666666,0.8133333333333332
mlp_confidence,mlp_conf_ge_0.80_margin_ge_0.20_entropy_le_0.20_stab_0,True,agreement_hybrid_final,"{""min_requests"": 1, ""mlp_confidence_min"": 0.8, ""mlp_entropy_max"": 0.2, ""mlp_margin_min"": 0.2, ""mlp_stability_min"": 0}",2,24,5.541666666666667,3.0,6.541666666666667,0.0,1.0,1.958333333333333,21,0.875,0.875,0.9166666666666666,0.8133333333333332
mlp_confidence,mlp_conf_ge_0.80_margin_ge_0.20_entropy_le_0.20_stab_1,True,llm_final,"{""min_requests"": 1, ""mlp_confidence_min"": 0.8, ""mlp_entropy_max"": 0.2, ""mlp_margin_min"": 0.2, ""mlp_stability_min"": 1}",2,24,5.666666666666667,3.5,6.666666666666667,0.0,1.0,1.833333333333333,21,0.875,0.875,0.9166666666666666,0.8133333333333332
mlp_confidence,mlp_conf_ge_0.80_margin_ge_0.20_entropy_le_0.20_stab_1,True,mlp_final,"{""min_requests"": 1, ""mlp_confidence_min"": 0.8, ""mlp_entropy_max"": 0.2, ""mlp_margin_min"": 0.2, ""mlp_stability_min"": 1}",2,24,5.666666666666667,3.5,6.666666666666667,0.0,1.0,1.833333333333333,21,0.875,0.9166666666666666,0.9166666666666666,0.8133333333333332
mlp_confidence,mlp_conf_ge_0.80_margin_ge_0.20_entropy_le_0.20_stab_1,True,conservative_hybrid_final,"{""min_requests"": 1, ""mlp_confidence_min"": 0.8, ""mlp_entropy_max"": 0.2, ""mlp_margin_min"": 0.2, ""mlp_stability_min"": 1}",2,24,5.666666666666667,3.5,6.666666666666667,0.0,1.0,1.833333333333333,21,0.875,0.875,0.9166666666666666,0.8133333333333332
mlp_confidence,mlp_conf_ge_0.80_margin_ge_0.20_entropy_le_0.20_stab_1,True,agreement_hybrid_final,"{""min_requests"": 1, ""mlp_confidence_min"": 0.8, ""mlp_entropy_max"": 0.2, ""mlp_margin_min"": 0.2, ""mlp_stability_min"": 1}",2,24,5.666666666666667,3.5,6.666666666666667,0.0,1.0,1.833333333333333,21,0.875,0.875,0.9166666666666666,0.8133333333333332
mlp_confidence,mlp_conf_ge_0.80_margin_ge_0.20_entropy_le_0.20_stab_2,True,llm_final,"{""min_requests"": 1, ""mlp_confidence_min"": 0.8, ""mlp_entropy_max"": 0.2, ""mlp_margin_min"": 0.2, ""mlp_stability_min"": 2}",2,24,6.375,5.0,7.375,0.0,1.0,1.125,21,0.875,0.9166666666666666,0.9166666666666666,0.8133333333333332
mlp_confidence,mlp_conf_ge_0.80_margin_ge_0.20_entropy_le_0.20_stab_2,True,mlp_final,"{""min_requests"": 1, ""mlp_confidence_min"": 0.8, ""mlp_entropy_max"": 0.2, ""mlp_margin_min"": 0.2, ""mlp_stability_min"": 2}",2,24,6.375,5.0,7.375,0.0,1.0,1.125,22,0.9166666666666666,0.9166666666666666,0.9166666666666666,0.8666666666666666
mlp_confidence,mlp_conf_ge_0.80_margin_ge_0.20_entropy_le_0.20_stab_2,True,conservative_hybrid_final,"{""min_requests"": 1, ""mlp_confidence_min"": 0.8, ""mlp_entropy_max"": 0.2, ""mlp_margin_min"": 0.2, ""mlp_stability_min"": 2}",2,24,6.375,5.0,7.375,0.0,1.0,1.125,21,0.875,0.9166666666666666,0.9166666666666666,0.8133333333333332
mlp_confidence,mlp_conf_ge_0.80_margin_ge_0.20_entropy_le_0.20_stab_2,True,agreement_hybrid_final,"{""min_requests"": 1, ""mlp_confidence_min"": 0.8, ""mlp_entropy_max"": 0.2, ""mlp_margin_min"": 0.2, ""mlp_stability_min"": 2}",2,24,6.375,5.0,7.375,0.0,1.0,1.125,21,0.875,0.9166666666666666,0.9166666666666666,0.8133333333333332
mlp_confidence,mlp_conf_ge_0.80_margin_ge_0.20_entropy_le_0.35_stab_0,True,llm_final,"{""min_requests"": 1, ""mlp_confidence_min"": 0.8, ""mlp_entropy_max"": 0.35, ""mlp_margin_min"": 0.2, ""mlp_stability_min"": 0}",2,24,5.458333333333333,3.0,6.458333333333333,0.0,1.0,2.041666666666667,21,0.875,0.875,0.9166666666666666,0.8133333333333332
mlp_confidence,mlp_conf_ge_0.80_margin_ge_0.20_entropy_le_0.35_stab_0,True,mlp_final,"{""min_requests"": 1, ""mlp_confidence_min"": 0.8, ""mlp_entropy_max"": 0.35, ""mlp_margin_min"": 0.2, ""mlp_stability_min"": 0}",2,24,5.458333333333333,3.0,6.458333333333333,0.0,1.0,2.041666666666667,21,0.875,0.9166666666666666,0.9166666666666666,0.8133333333333332
mlp_confidence,mlp_conf_ge_0.80_margin_ge_0.20_entropy_le_0.35_stab_0,True,conservative_hybrid_final,"{""min_requests"": 1, ""mlp_confidence_min"": 0.8, ""mlp_entropy_max"": 0.35, ""mlp_margin_min"": 0.2, ""mlp_stability_min"": 0}",2,24,5.458333333333333,3.0,6.458333333333333,0.0,1.0,2.041666666666667,21,0.875,0.875,0.9166666666666666,0.8133333333333332
mlp_confidence,mlp_conf_ge_0.80_margin_ge_0.20_entropy_le_0.35_stab_0,True,agreement_hybrid_final,"{""min_requests"": 1, ""mlp_confidence_min"": 0.8, ""mlp_entropy_max"": 0.35, ""mlp_margin_min"": 0.2, ""mlp_stability_min"": 0}",2,24,5.458333333333333,3.0,6.458333333333333,0.0,1.0,2.041666666666667,21,0.875,0.875,0.9166666666666666,0.8133333333333332
mlp_confidence,mlp_conf_ge_0.80_margin_ge_0.20_entropy_le_0.35_stab_1,True,llm_final,"{""min_requests"": 1, ""mlp_confidence_min"": 0.8, ""mlp_entropy_max"": 0.35, ""mlp_margin_min"": 0.2, ""mlp_stability_min"": 1}",2,24,5.625,3.5,6.625,0.0,1.0,1.875,21,0.875,0.875,0.9166666666666666,0.8133333333333332
mlp_confidence,mlp_conf_ge_0.80_margin_ge_0.20_entropy_le_0.35_stab_1,True,mlp_final,"{""min_requests"": 1, ""mlp_confidence_min"": 0.8, ""mlp_entropy_max"": 0.35, ""mlp_margin_min"": 0.2, ""mlp_stability_min"": 1}",2,24,5.625,3.5,6.625,0.0,1.0,1.875,21,0.875,0.9166666666666666,0.9166666666666666,0.8133333333333332
mlp_confidence,mlp_conf_ge_0.80_margin_ge_0.20_entropy_le_0.35_stab_1,True,conservative_hybrid_final,"{""min_requests"": 1, ""mlp_confidence_min"": 0.8, ""mlp_entropy_max"": 0.35, ""mlp_margin_min"": 0.2, ""mlp_stability_min"": 1}",2,24,5.625,3.5,6.625,0.0,1.0,1.875,21,0.875,0.875,0.9166666666666666,0.8133333333333332
mlp_confidence,mlp_conf_ge_0.80_margin_ge_0.20_entropy_le_0.35_stab_1,True,agreement_hybrid_final,"{""min_requests"": 1, ""mlp_confidence_min"": 0.8, ""mlp_entropy_max"": 0.35, ""mlp_margin_min"": 0.2, ""mlp_stability_min"": 1}",2,24,5.625,3.5,6.625,0.0,1.0,1.875,21,0.875,0.875,0.9166666666666666,0.8133333333333332
mlp_confidence,mlp_conf_ge_0.80_margin_ge_0.20_entropy_le_0.35_stab_2,True,llm_final,"{""min_requests"": 1, ""mlp_confidence_min"": 0.8, ""mlp_entropy_max"": 0.35, ""mlp_margin_min"": 0.2, ""mlp_stability_min"": 2}",2,24,6.375,5.0,7.375,0.0,1.0,1.125,21,0.875,0.9166666666666666,0.9166666666666666,0.8133333333333332
mlp_confidence,mlp_conf_ge_0.80_margin_ge_0.20_entropy_le_0.35_stab_2,True,mlp_final,"{""min_requests"": 1, ""mlp_confidence_min"": 0.8, ""mlp_entropy_max"": 0.35, ""mlp_margin_min"": 0.2, ""mlp_stability_min"": 2}",2,24,6.375,5.0,7.375,0.0,1.0,1.125,22,0.9166666666666666,0.9166666666666666,0.9166666666666666,0.8666666666666666
mlp_confidence,mlp_conf_ge_0.80_margin_ge_0.20_entropy_le_0.35_stab_2,True,conservative_hybrid_final,"{""min_requests"": 1, ""mlp_confidence_min"": 0.8, ""mlp_entropy_max"": 0.35, ""mlp_margin_min"": 0.2, ""mlp_stability_min"": 2}",2,24,6.375,5.0,7.375,0.0,1.0,1.125,21,0.875,0.9166666666666666,0.9166666666666666,0.8133333333333332
mlp_confidence,mlp_conf_ge_0.80_margin_ge_0.20_entropy_le_0.35_stab_2,True,agreement_hybrid_final,"{""min_requests"": 1, ""mlp_confidence_min"": 0.8, ""mlp_entropy_max"": 0.35, ""mlp_margin_min"": 0.2, ""mlp_stability_min"": 2}",2,24,6.375,5.0,7.375,0.0,1.0,1.125,21,0.875,0.9166666666666666,0.9166666666666666,0.8133333333333332
mlp_confidence,mlp_conf_ge_0.80_margin_ge_0.40_entropy_le_0.10_stab_0,True,llm_final,"{""min_requests"": 1, ""mlp_confidence_min"": 0.8, ""mlp_entropy_max"": 0.1, ""mlp_margin_min"": 0.4, ""mlp_stability_min"": 0}",2,24,6.875,4.5,7.875,0.08333333333333333,0.9166666666666666,0.625,22,0.9166666666666666,0.9166666666666666,0.9166666666666666,0.8666666666666666
mlp_confidence,mlp_conf_ge_0.80_margin_ge_0.40_entropy_le_0.10_stab_0,True,mlp_final,"{""min_requests"": 1, ""mlp_confidence_min"": 0.8, ""mlp_entropy_max"": 0.1, ""mlp_margin_min"": 0.4, ""mlp_stability_min"": 0}",2,24,6.875,4.5,7.875,0.08333333333333333,0.9166666666666666,0.625,21,0.875,0.9583333333333334,0.9583333333333334,0.7948717948717948
mlp_confidence,mlp_conf_ge_0.80_margin_ge_0.40_entropy_le_0.10_stab_0,True,conservative_hybrid_final,"{""min_requests"": 1, ""mlp_confidence_min"": 0.8, ""mlp_entropy_max"": 0.1, ""mlp_margin_min"": 0.4, ""mlp_stability_min"": 0}",2,24,6.875,4.5,7.875,0.08333333333333333,0.9166666666666666,0.625,22,0.9166666666666666,0.9166666666666666,0.9166666666666666,0.8666666666666666
mlp_confidence,mlp_conf_ge_0.80_margin_ge_0.40_entropy_le_0.10_stab_0,True,agreement_hybrid_final,"{""min_requests"": 1, ""mlp_confidence_min"": 0.8, ""mlp_entropy_max"": 0.1, ""mlp_margin_min"": 0.4, ""mlp_stability_min"": 0}",2,24,6.875,4.5,7.875,0.08333333333333333,0.9166666666666666,0.625,22,0.9166666666666666,0.9166666666666666,0.9166666666666666,0.8666666666666666
mlp_confidence,mlp_conf_ge_0.80_margin_ge_0.40_entropy_le_0.10_stab_1,True,llm_final,"{""min_requests"": 1, ""mlp_confidence_min"": 0.8, ""mlp_entropy_max"": 0.1, ""mlp_margin_min"": 0.4, ""mlp_stability_min"": 1}",2,24,6.916666666666667,4.5,7.916666666666667,0.08333333333333333,0.9166666666666666,0.583333333333333,22,0.9166666666666666,0.9166666666666666,0.9166666666666666,0.8666666666666666
mlp_confidence,mlp_conf_ge_0.80_margin_ge_0.40_entropy_le_0.10_stab_1,True,mlp_final,"{""min_requests"": 1, ""mlp_confidence_min"": 0.8, ""mlp_entropy_max"": 0.1, ""mlp_margin_min"": 0.4, ""mlp_stability_min"": 1}",2,24,6.916666666666667,4.5,7.916666666666667,0.08333333333333333,0.9166666666666666,0.583333333333333,21,0.875,0.9583333333333334,0.9583333333333334,0.7948717948717948
mlp_confidence,mlp_conf_ge_0.80_margin_ge_0.40_entropy_le_0.10_stab_1,True,conservative_hybrid_final,"{""min_requests"": 1, ""mlp_confidence_min"": 0.8, ""mlp_entropy_max"": 0.1, ""mlp_margin_min"": 0.4, ""mlp_stability_min"": 1}",2,24,6.916666666666667,4.5,7.916666666666667,0.08333333333333333,0.9166666666666666,0.583333333333333,22,0.9166666666666666,0.9166666666666666,0.9166666666666666,0.8666666666666666
mlp_confidence,mlp_conf_ge_0.80_margin_ge_0.40_entropy_le_0.10_stab_1,True,agreement_hybrid_final,"{""min_requests"": 1, ""mlp_confidence_min"": 0.8, ""mlp_entropy_max"": 0.1, ""mlp_margin_min"": 0.4, ""mlp_stability_min"": 1}",2,24,6.916666666666667,4.5,7.916666666666667,0.08333333333333333,0.9166666666666666,0.583333333333333,22,0.9166666666666666,0.9166666666666666,0.9166666666666666,0.8666666666666666
mlp_confidence,mlp_conf_ge_0.80_margin_ge_0.40_entropy_le_0.10_stab_2,True,llm_final,"{""min_requests"": 1, ""mlp_confidence_min"": 0.8, ""mlp_entropy_max"": 0.1, ""mlp_margin_min"": 0.4, ""mlp_stability_min"": 2}",2,24,7.375,5.0,8.375,0.08333333333333333,0.9166666666666666,0.125,22,0.9166666666666666,0.9166666666666666,0.9166666666666666,0.8666666666666666
mlp_confidence,mlp_conf_ge_0.80_margin_ge_0.40_entropy_le_0.10_stab_2,True,mlp_final,"{""min_requests"": 1, ""mlp_confidence_min"": 0.8, ""mlp_entropy_max"": 0.1, ""mlp_margin_min"": 0.4, ""mlp_stability_min"": 2}",2,24,7.375,5.0,8.375,0.08333333333333333,0.9166666666666666,0.125,21,0.875,0.9583333333333334,0.9583333333333334,0.7948717948717948
mlp_confidence,mlp_conf_ge_0.80_margin_ge_0.40_entropy_le_0.10_stab_2,True,conservative_hybrid_final,"{""min_requests"": 1, ""mlp_confidence_min"": 0.8, ""mlp_entropy_max"": 0.1, ""mlp_margin_min"": 0.4, ""mlp_stability_min"": 2}",2,24,7.375,5.0,8.375,0.08333333333333333,0.9166666666666666,0.125,22,0.9166666666666666,0.9166666666666666,0.9166666666666666,0.8666666666666666
mlp_confidence,mlp_conf_ge_0.80_margin_ge_0.40_entropy_le_0.10_stab_2,True,agreement_hybrid_final,"{""min_requests"": 1, ""mlp_confidence_min"": 0.8, ""mlp_entropy_max"": 0.1, ""mlp_margin_min"": 0.4, ""mlp_stability_min"": 2}",2,24,7.375,5.0,8.375,0.08333333333333333,0.9166666666666666,0.125,22,0.9166666666666666,0.9166666666666666,0.9166666666666666,0.8666666666666666
mlp_confidence,mlp_conf_ge_0.80_margin_ge_0.40_entropy_le_0.20_stab_0,True,llm_final,"{""min_requests"": 1, ""mlp_confidence_min"": 0.8, ""mlp_entropy_max"": 0.2, ""mlp_margin_min"": 0.4, ""mlp_stability_min"": 0}",2,24,5.541666666666667,3.0,6.541666666666667,0.0,1.0,1.958333333333333,21,0.875,0.875,0.9166666666666666,0.8133333333333332
mlp_confidence,mlp_conf_ge_0.80_margin_ge_0.40_entropy_le_0.20_stab_0,True,mlp_final,"{""min_requests"": 1, ""mlp_confidence_min"": 0.8, ""mlp_entropy_max"": 0.2, ""mlp_margin_min"": 0.4, ""mlp_stability_min"": 0}",2,24,5.541666666666667,3.0,6.541666666666667,0.0,1.0,1.958333333333333,21,0.875,0.9166666666666666,0.9166666666666666,0.8133333333333332
mlp_confidence,mlp_conf_ge_0.80_margin_ge_0.40_entropy_le_0.20_stab_0,True,conservative_hybrid_final,"{""min_requests"": 1, ""mlp_confidence_min"": 0.8, ""mlp_entropy_max"": 0.2, ""mlp_margin_min"": 0.4, ""mlp_stability_min"": 0}",2,24,5.541666666666667,3.0,6.541666666666667,0.0,1.0,1.958333333333333,21,0.875,0.875,0.9166666666666666,0.8133333333333332
mlp_confidence,mlp_conf_ge_0.80_margin_ge_0.40_entropy_le_0.20_stab_0,True,agreement_hybrid_final,"{""min_requests"": 1, ""mlp_confidence_min"": 0.8, ""mlp_entropy_max"": 0.2, ""mlp_margin_min"": 0.4, ""mlp_stability_min"": 0}",2,24,5.541666666666667,3.0,6.541666666666667,0.0,1.0,1.958333333333333,21,0.875,0.875,0.9166666666666666,0.8133333333333332
mlp_confidence,mlp_conf_ge_0.80_margin_ge_0.40_entropy_le_0.20_stab_1,True,llm_final,"{""min_requests"": 1, ""mlp_confidence_min"": 0.8, ""mlp_entropy_max"": 0.2, ""mlp_margin_min"": 0.4, ""mlp_stability_min"": 1}",2,24,5.666666666666667,3.5,6.666666666666667,0.0,1.0,1.833333333333333,21,0.875,0.875,0.9166666666666666,0.8133333333333332
mlp_confidence,mlp_conf_ge_0.80_margin_ge_0.40_entropy_le_0.20_stab_1,True,mlp_final,"{""min_requests"": 1, ""mlp_confidence_min"": 0.8, ""mlp_entropy_max"": 0.2, ""mlp_margin_min"": 0.4, ""mlp_stability_min"": 1}",2,24,5.666666666666667,3.5,6.666666666666667,0.0,1.0,1.833333333333333,21,0.875,0.9166666666666666,0.9166666666666666,0.8133333333333332
mlp_confidence,mlp_conf_ge_0.80_margin_ge_0.40_entropy_le_0.20_stab_1,True,conservative_hybrid_final,"{""min_requests"": 1, ""mlp_confidence_min"": 0.8, ""mlp_entropy_max"": 0.2, ""mlp_margin_min"": 0.4, ""mlp_stability_min"": 1}",2,24,5.666666666666667,3.5,6.666666666666667,0.0,1.0,1.833333333333333,21,0.875,0.875,0.9166666666666666,0.8133333333333332
mlp_confidence,mlp_conf_ge_0.80_margin_ge_0.40_entropy_le_0.20_stab_1,True,agreement_hybrid_final,"{""min_requests"": 1, ""mlp_confidence_min"": 0.8, ""mlp_entropy_max"": 0.2, ""mlp_margin_min"": 0.4, ""mlp_stability_min"": 1}",2,24,5.666666666666667,3.5,6.666666666666667,0.0,1.0,1.833333333333333,21,0.875,0.875,0.9166666666666666,0.8133333333333332
mlp_confidence,mlp_conf_ge_0.80_margin_ge_0.40_entropy_le_0.20_stab_2,True,llm_final,"{""min_requests"": 1, ""mlp_confidence_min"": 0.8, ""mlp_entropy_max"": 0.2, ""mlp_margin_min"": 0.4, ""mlp_stability_min"": 2}",2,24,6.375,5.0,7.375,0.0,1.0,1.125,21,0.875,0.9166666666666666,0.9166666666666666,0.8133333333333332
mlp_confidence,mlp_conf_ge_0.80_margin_ge_0.40_entropy_le_0.20_stab_2,True,mlp_final,"{""min_requests"": 1, ""mlp_confidence_min"": 0.8, ""mlp_entropy_max"": 0.2, ""mlp_margin_min"": 0.4, ""mlp_stability_min"": 2}",2,24,6.375,5.0,7.375,0.0,1.0,1.125,22,0.9166666666666666,0.9166666666666666,0.9166666666666666,0.8666666666666666
mlp_confidence,mlp_conf_ge_0.80_margin_ge_0.40_entropy_le_0.20_stab_2,True,conservative_hybrid_final,"{""min_requests"": 1, ""mlp_confidence_min"": 0.8, ""mlp_entropy_max"": 0.2, ""mlp_margin_min"": 0.4, ""mlp_stability_min"": 2}",2,24,6.375,5.0,7.375,0.0,1.0,1.125,21,0.875,0.9166666666666666,0.9166666666666666,0.8133333333333332
mlp_confidence,mlp_conf_ge_0.80_margin_ge_0.40_entropy_le_0.20_stab_2,True,agreement_hybrid_final,"{""min_requests"": 1, ""mlp_confidence_min"": 0.8, ""mlp_entropy_max"": 0.2, ""mlp_margin_min"": 0.4, ""mlp_stability_min"": 2}",2,24,6.375,5.0,7.375,0.0,1.0,1.125,21,0.875,0.9166666666666666,0.9166666666666666,0.8133333333333332
mlp_confidence,mlp_conf_ge_0.80_margin_ge_0.40_entropy_le_0.35_stab_0,True,llm_final,"{""min_requests"": 1, ""mlp_confidence_min"": 0.8, ""mlp_entropy_max"": 0.35, ""mlp_margin_min"": 0.4, ""mlp_stability_min"": 0}",2,24,5.458333333333333,3.0,6.458333333333333,0.0,1.0,2.041666666666667,21,0.875,0.875,0.9166666666666666,0.8133333333333332
mlp_confidence,mlp_conf_ge_0.80_margin_ge_0.40_entropy_le_0.35_stab_0,True,mlp_final,"{""min_requests"": 1, ""mlp_confidence_min"": 0.8, ""mlp_entropy_max"": 0.35, ""mlp_margin_min"": 0.4, ""mlp_stability_min"": 0}",2,24,5.458333333333333,3.0,6.458333333333333,0.0,1.0,2.041666666666667,21,0.875,0.9166666666666666,0.9166666666666666,0.8133333333333332
mlp_confidence,mlp_conf_ge_0.80_margin_ge_0.40_entropy_le_0.35_stab_0,True,conservative_hybrid_final,"{""min_requests"": 1, ""mlp_confidence_min"": 0.8, ""mlp_entropy_max"": 0.35, ""mlp_margin_min"": 0.4, ""mlp_stability_min"": 0}",2,24,5.458333333333333,3.0,6.458333333333333,0.0,1.0,2.041666666666667,21,0.875,0.875,0.9166666666666666,0.8133333333333332
mlp_confidence,mlp_conf_ge_0.80_margin_ge_0.40_entropy_le_0.35_stab_0,True,agreement_hybrid_final,"{""min_requests"": 1, ""mlp_confidence_min"": 0.8, ""mlp_entropy_max"": 0.35, ""mlp_margin_min"": 0.4, ""mlp_stability_min"": 0}",2,24,5.458333333333333,3.0,6.458333333333333,0.0,1.0,2.041666666666667,21,0.875,0.875,0.9166666666666666,0.8133333333333332
mlp_confidence,mlp_conf_ge_0.80_margin_ge_0.40_entropy_le_0.35_stab_1,True,llm_final,"{""min_requests"": 1, ""mlp_confidence_min"": 0.8, ""mlp_entropy_max"": 0.35, ""mlp_margin_min"": 0.4, ""mlp_stability_min"": 1}",2,24,5.625,3.5,6.625,0.0,1.0,1.875,21,0.875,0.875,0.9166666666666666,0.8133333333333332
mlp_confidence,mlp_conf_ge_0.80_margin_ge_0.40_entropy_le_0.35_stab_1,True,mlp_final,"{""min_requests"": 1, ""mlp_confidence_min"": 0.8, ""mlp_entropy_max"": 0.35, ""mlp_margin_min"": 0.4, ""mlp_stability_min"": 1}",2,24,5.625,3.5,6.625,0.0,1.0,1.875,21,0.875,0.9166666666666666,0.9166666666666666,0.8133333333333332
mlp_confidence,mlp_conf_ge_0.80_margin_ge_0.40_entropy_le_0.35_stab_1,True,conservative_hybrid_final,"{""min_requests"": 1, ""mlp_confidence_min"": 0.8, ""mlp_entropy_max"": 0.35, ""mlp_margin_min"": 0.4, ""mlp_stability_min"": 1}",2,24,5.625,3.5,6.625,0.0,1.0,1.875,21,0.875,0.875,0.9166666666666666,0.8133333333333332
mlp_confidence,mlp_conf_ge_0.80_margin_ge_0.40_entropy_le_0.35_stab_1,True,agreement_hybrid_final,"{""min_requests"": 1, ""mlp_confidence_min"": 0.8, ""mlp_entropy_max"": 0.35, ""mlp_margin_min"": 0.4, ""mlp_stability_min"": 1}",2,24,5.625,3.5,6.625,0.0,1.0,1.875,21,0.875,0.875,0.9166666666666666,0.8133333333333332
mlp_confidence,mlp_conf_ge_0.80_margin_ge_0.40_entropy_le_0.35_stab_2,True,llm_final,"{""min_requests"": 1, ""mlp_confidence_min"": 0.8, ""mlp_entropy_max"": 0.35, ""mlp_margin_min"": 0.4, ""mlp_stability_min"": 2}",2,24,6.375,5.0,7.375,0.0,1.0,1.125,21,0.875,0.9166666666666666,0.9166666666666666,0.8133333333333332
mlp_confidence,mlp_conf_ge_0.80_margin_ge_0.40_entropy_le_0.35_stab_2,True,mlp_final,"{""min_requests"": 1, ""mlp_confidence_min"": 0.8, ""mlp_entropy_max"": 0.35, ""mlp_margin_min"": 0.4, ""mlp_stability_min"": 2}",2,24,6.375,5.0,7.375,0.0,1.0,1.125,22,0.9166666666666666,0.9166666666666666,0.9166666666666666,0.8666666666666666
mlp_confidence,mlp_conf_ge_0.80_margin_ge_0.40_entropy_le_0.35_stab_2,True,conservative_hybrid_final,"{""min_requests"": 1, ""mlp_confidence_min"": 0.8, ""mlp_entropy_max"": 0.35, ""mlp_margin_min"": 0.4, ""mlp_stability_min"": 2}",2,24,6.375,5.0,7.375,0.0,1.0,1.125,21,0.875,0.9166666666666666,0.9166666666666666,0.8133333333333332
mlp_confidence,mlp_conf_ge_0.80_margin_ge_0.40_entropy_le_0.35_stab_2,True,agreement_hybrid_final,"{""min_requests"": 1, ""mlp_confidence_min"": 0.8, ""mlp_entropy_max"": 0.35, ""mlp_margin_min"": 0.4, ""mlp_stability_min"": 2}",2,24,6.375,5.0,7.375,0.0,1.0,1.125,21,0.875,0.9166666666666666,0.9166666666666666,0.8133333333333332
mlp_confidence,mlp_conf_ge_0.80_margin_ge_0.60_entropy_le_0.10_stab_0,True,llm_final,"{""min_requests"": 1, ""mlp_confidence_min"": 0.8, ""mlp_entropy_max"": 0.1, ""mlp_margin_min"": 0.6, ""mlp_stability_min"": 0}",2,24,6.875,4.5,7.875,0.08333333333333333,0.9166666666666666,0.625,22,0.9166666666666666,0.9166666666666666,0.9166666666666666,0.8666666666666666
mlp_confidence,mlp_conf_ge_0.80_margin_ge_0.60_entropy_le_0.10_stab_0,True,mlp_final,"{""min_requests"": 1, ""mlp_confidence_min"": 0.8, ""mlp_entropy_max"": 0.1, ""mlp_margin_min"": 0.6, ""mlp_stability_min"": 0}",2,24,6.875,4.5,7.875,0.08333333333333333,0.9166666666666666,0.625,21,0.875,0.9583333333333334,0.9583333333333334,0.7948717948717948
mlp_confidence,mlp_conf_ge_0.80_margin_ge_0.60_entropy_le_0.10_stab_0,True,conservative_hybrid_final,"{""min_requests"": 1, ""mlp_confidence_min"": 0.8, ""mlp_entropy_max"": 0.1, ""mlp_margin_min"": 0.6, ""mlp_stability_min"": 0}",2,24,6.875,4.5,7.875,0.08333333333333333,0.9166666666666666,0.625,22,0.9166666666666666,0.9166666666666666,0.9166666666666666,0.8666666666666666
mlp_confidence,mlp_conf_ge_0.80_margin_ge_0.60_entropy_le_0.10_stab_0,True,agreement_hybrid_final,"{""min_requests"": 1, ""mlp_confidence_min"": 0.8, ""mlp_entropy_max"": 0.1, ""mlp_margin_min"": 0.6, ""mlp_stability_min"": 0}",2,24,6.875,4.5,7.875,0.08333333333333333,0.9166666666666666,0.625,22,0.9166666666666666,0.9166666666666666,0.9166666666666666,0.8666666666666666
mlp_confidence,mlp_conf_ge_0.80_margin_ge_0.60_entropy_le_0.10_stab_1,True,llm_final,"{""min_requests"": 1, ""mlp_confidence_min"": 0.8, ""mlp_entropy_max"": 0.1, ""mlp_margin_min"": 0.6, ""mlp_stability_min"": 1}",2,24,6.916666666666667,4.5,7.916666666666667,0.08333333333333333,0.9166666666666666,0.583333333333333,22,0.9166666666666666,0.9166666666666666,0.9166666666666666,0.8666666666666666
mlp_confidence,mlp_conf_ge_0.80_margin_ge_0.60_entropy_le_0.10_stab_1,True,mlp_final,"{""min_requests"": 1, ""mlp_confidence_min"": 0.8, ""mlp_entropy_max"": 0.1, ""mlp_margin_min"": 0.6, ""mlp_stability_min"": 1}",2,24,6.916666666666667,4.5,7.916666666666667,0.08333333333333333,0.9166666666666666,0.583333333333333,21,0.875,0.9583333333333334,0.9583333333333334,0.7948717948717948
mlp_confidence,mlp_conf_ge_0.80_margin_ge_0.60_entropy_le_0.10_stab_1,True,conservative_hybrid_final,"{""min_requests"": 1, ""mlp_confidence_min"": 0.8, ""mlp_entropy_max"": 0.1, ""mlp_margin_min"": 0.6, ""mlp_stability_min"": 1}",2,24,6.916666666666667,4.5,7.916666666666667,0.08333333333333333,0.9166666666666666,0.583333333333333,22,0.9166666666666666,0.9166666666666666,0.9166666666666666,0.8666666666666666
mlp_confidence,mlp_conf_ge_0.80_margin_ge_0.60_entropy_le_0.10_stab_1,True,agreement_hybrid_final,"{""min_requests"": 1, ""mlp_confidence_min"": 0.8, ""mlp_entropy_max"": 0.1, ""mlp_margin_min"": 0.6, ""mlp_stability_min"": 1}",2,24,6.916666666666667,4.5,7.916666666666667,0.08333333333333333,0.9166666666666666,0.583333333333333,22,0.9166666666666666,0.9166666666666666,0.9166666666666666,0.8666666666666666
mlp_confidence,mlp_conf_ge_0.80_margin_ge_0.60_entropy_le_0.10_stab_2,True,llm_final,"{""min_requests"": 1, ""mlp_confidence_min"": 0.8, ""mlp_entropy_max"": 0.1, ""mlp_margin_min"": 0.6, ""mlp_stability_min"": 2}",2,24,7.375,5.0,8.375,0.08333333333333333,0.9166666666666666,0.125,22,0.9166666666666666,0.9166666666666666,0.9166666666666666,0.8666666666666666
mlp_confidence,mlp_conf_ge_0.80_margin_ge_0.60_entropy_le_0.10_stab_2,True,mlp_final,"{""min_requests"": 1, ""mlp_confidence_min"": 0.8, ""mlp_entropy_max"": 0.1, ""mlp_margin_min"": 0.6, ""mlp_stability_min"": 2}",2,24,7.375,5.0,8.375,0.08333333333333333,0.9166666666666666,0.125,21,0.875,0.9583333333333334,0.9583333333333334,0.7948717948717948
mlp_confidence,mlp_conf_ge_0.80_margin_ge_0.60_entropy_le_0.10_stab_2,True,conservative_hybrid_final,"{""min_requests"": 1, ""mlp_confidence_min"": 0.8, ""mlp_entropy_max"": 0.1, ""mlp_margin_min"": 0.6, ""mlp_stability_min"": 2}",2,24,7.375,5.0,8.375,0.08333333333333333,0.9166666666666666,0.125,22,0.9166666666666666,0.9166666666666666,0.9166666666666666,0.8666666666666666
mlp_confidence,mlp_conf_ge_0.80_margin_ge_0.60_entropy_le_0.10_stab_2,True,agreement_hybrid_final,"{""min_requests"": 1, ""mlp_confidence_min"": 0.8, ""mlp_entropy_max"": 0.1, ""mlp_margin_min"": 0.6, ""mlp_stability_min"": 2}",2,24,7.375,5.0,8.375,0.08333333333333333,0.9166666666666666,0.125,22,0.9166666666666666,0.9166666666666666,0.9166666666666666,0.8666666666666666
mlp_confidence,mlp_conf_ge_0.80_margin_ge_0.60_entropy_le_0.20_stab_0,True,llm_final,"{""min_requests"": 1, ""mlp_confidence_min"": 0.8, ""mlp_entropy_max"": 0.2, ""mlp_margin_min"": 0.6, ""mlp_stability_min"": 0}",2,24,5.541666666666667,3.0,6.541666666666667,0.0,1.0,1.958333333333333,21,0.875,0.875,0.9166666666666666,0.8133333333333332
mlp_confidence,mlp_conf_ge_0.80_margin_ge_0.60_entropy_le_0.20_stab_0,True,mlp_final,"{""min_requests"": 1, ""mlp_confidence_min"": 0.8, ""mlp_entropy_max"": 0.2, ""mlp_margin_min"": 0.6, ""mlp_stability_min"": 0}",2,24,5.541666666666667,3.0,6.541666666666667,0.0,1.0,1.958333333333333,21,0.875,0.9166666666666666,0.9166666666666666,0.8133333333333332
mlp_confidence,mlp_conf_ge_0.80_margin_ge_0.60_entropy_le_0.20_stab_0,True,conservative_hybrid_final,"{""min_requests"": 1, ""mlp_confidence_min"": 0.8, ""mlp_entropy_max"": 0.2, ""mlp_margin_min"": 0.6, ""mlp_stability_min"": 0}",2,24,5.541666666666667,3.0,6.541666666666667,0.0,1.0,1.958333333333333,21,0.875,0.875,0.9166666666666666,0.8133333333333332
mlp_confidence,mlp_conf_ge_0.80_margin_ge_0.60_entropy_le_0.20_stab_0,True,agreement_hybrid_final,"{""min_requests"": 1, ""mlp_confidence_min"": 0.8, ""mlp_entropy_max"": 0.2, ""mlp_margin_min"": 0.6, ""mlp_stability_min"": 0}",2,24,5.541666666666667,3.0,6.541666666666667,0.0,1.0,1.958333333333333,21,0.875,0.875,0.9166666666666666,0.8133333333333332
mlp_confidence,mlp_conf_ge_0.80_margin_ge_0.60_entropy_le_0.20_stab_1,True,llm_final,"{""min_requests"": 1, ""mlp_confidence_min"": 0.8, ""mlp_entropy_max"": 0.2, ""mlp_margin_min"": 0.6, ""mlp_stability_min"": 1}",2,24,5.666666666666667,3.5,6.666666666666667,0.0,1.0,1.833333333333333,21,0.875,0.875,0.9166666666666666,0.8133333333333332
mlp_confidence,mlp_conf_ge_0.80_margin_ge_0.60_entropy_le_0.20_stab_1,True,mlp_final,"{""min_requests"": 1, ""mlp_confidence_min"": 0.8, ""mlp_entropy_max"": 0.2, ""mlp_margin_min"": 0.6, ""mlp_stability_min"": 1}",2,24,5.666666666666667,3.5,6.666666666666667,0.0,1.0,1.833333333333333,21,0.875,0.9166666666666666,0.9166666666666666,0.8133333333333332
mlp_confidence,mlp_conf_ge_0.80_margin_ge_0.60_entropy_le_0.20_stab_1,True,conservative_hybrid_final,"{""min_requests"": 1, ""mlp_confidence_min"": 0.8, ""mlp_entropy_max"": 0.2, ""mlp_margin_min"": 0.6, ""mlp_stability_min"": 1}",2,24,5.666666666666667,3.5,6.666666666666667,0.0,1.0,1.833333333333333,21,0.875,0.875,0.9166666666666666,0.8133333333333332
mlp_confidence,mlp_conf_ge_0.80_margin_ge_0.60_entropy_le_0.20_stab_1,True,agreement_hybrid_final,"{""min_requests"": 1, ""mlp_confidence_min"": 0.8, ""mlp_entropy_max"": 0.2, ""mlp_margin_min"": 0.6, ""mlp_stability_min"": 1}",2,24,5.666666666666667,3.5,6.666666666666667,0.0,1.0,1.833333333333333,21,0.875,0.875,0.9166666666666666,0.8133333333333332
mlp_confidence,mlp_conf_ge_0.80_margin_ge_0.60_entropy_le_0.20_stab_2,True,llm_final,"{""min_requests"": 1, ""mlp_confidence_min"": 0.8, ""mlp_entropy_max"": 0.2, ""mlp_margin_min"": 0.6, ""mlp_stability_min"": 2}",2,24,6.375,5.0,7.375,0.0,1.0,1.125,21,0.875,0.9166666666666666,0.9166666666666666,0.8133333333333332
mlp_confidence,mlp_conf_ge_0.80_margin_ge_0.60_entropy_le_0.20_stab_2,True,mlp_final,"{""min_requests"": 1, ""mlp_confidence_min"": 0.8, ""mlp_entropy_max"": 0.2, ""mlp_margin_min"": 0.6, ""mlp_stability_min"": 2}",2,24,6.375,5.0,7.375,0.0,1.0,1.125,22,0.9166666666666666,0.9166666666666666,0.9166666666666666,0.8666666666666666
mlp_confidence,mlp_conf_ge_0.80_margin_ge_0.60_entropy_le_0.20_stab_2,True,conservative_hybrid_final,"{""min_requests"": 1, ""mlp_confidence_min"": 0.8, ""mlp_entropy_max"": 0.2, ""mlp_margin_min"": 0.6, ""mlp_stability_min"": 2}",2,24,6.375,5.0,7.375,0.0,1.0,1.125,21,0.875,0.9166666666666666,0.9166666666666666,0.8133333333333332
mlp_confidence,mlp_conf_ge_0.80_margin_ge_0.60_entropy_le_0.20_stab_2,True,agreement_hybrid_final,"{""min_requests"": 1, ""mlp_confidence_min"": 0.8, ""mlp_entropy_max"": 0.2, ""mlp_margin_min"": 0.6, ""mlp_stability_min"": 2}",2,24,6.375,5.0,7.375,0.0,1.0,1.125,21,0.875,0.9166666666666666,0.9166666666666666,0.8133333333333332
mlp_confidence,mlp_conf_ge_0.80_margin_ge_0.60_entropy_le_0.35_stab_0,True,llm_final,"{""min_requests"": 1, ""mlp_confidence_min"": 0.8, ""mlp_entropy_max"": 0.35, ""mlp_margin_min"": 0.6, ""mlp_stability_min"": 0}",2,24,5.458333333333333,3.0,6.458333333333333,0.0,1.0,2.041666666666667,21,0.875,0.875,0.9166666666666666,0.8133333333333332
mlp_confidence,mlp_conf_ge_0.80_margin_ge_0.60_entropy_le_0.35_stab_0,True,mlp_final,"{""min_requests"": 1, ""mlp_confidence_min"": 0.8, ""mlp_entropy_max"": 0.35, ""mlp_margin_min"": 0.6, ""mlp_stability_min"": 0}",2,24,5.458333333333333,3.0,6.458333333333333,0.0,1.0,2.041666666666667,21,0.875,0.9166666666666666,0.9166666666666666,0.8133333333333332
mlp_confidence,mlp_conf_ge_0.80_margin_ge_0.60_entropy_le_0.35_stab_0,True,conservative_hybrid_final,"{""min_requests"": 1, ""mlp_confidence_min"": 0.8, ""mlp_entropy_max"": 0.35, ""mlp_margin_min"": 0.6, ""mlp_stability_min"": 0}",2,24,5.458333333333333,3.0,6.458333333333333,0.0,1.0,2.041666666666667,21,0.875,0.875,0.9166666666666666,0.8133333333333332
mlp_confidence,mlp_conf_ge_0.80_margin_ge_0.60_entropy_le_0.35_stab_0,True,agreement_hybrid_final,"{""min_requests"": 1, ""mlp_confidence_min"": 0.8, ""mlp_entropy_max"": 0.35, ""mlp_margin_min"": 0.6, ""mlp_stability_min"": 0}",2,24,5.458333333333333,3.0,6.458333333333333,0.0,1.0,2.041666666666667,21,0.875,0.875,0.9166666666666666,0.8133333333333332
mlp_confidence,mlp_conf_ge_0.80_margin_ge_0.60_entropy_le_0.35_stab_1,True,llm_final,"{""min_requests"": 1, ""mlp_confidence_min"": 0.8, ""mlp_entropy_max"": 0.35, ""mlp_margin_min"": 0.6, ""mlp_stability_min"": 1}",2,24,5.625,3.5,6.625,0.0,1.0,1.875,21,0.875,0.875,0.9166666666666666,0.8133333333333332
mlp_confidence,mlp_conf_ge_0.80_margin_ge_0.60_entropy_le_0.35_stab_1,True,mlp_final,"{""min_requests"": 1, ""mlp_confidence_min"": 0.8, ""mlp_entropy_max"": 0.35, ""mlp_margin_min"": 0.6, ""mlp_stability_min"": 1}",2,24,5.625,3.5,6.625,0.0,1.0,1.875,21,0.875,0.9166666666666666,0.9166666666666666,0.8133333333333332
mlp_confidence,mlp_conf_ge_0.80_margin_ge_0.60_entropy_le_0.35_stab_1,True,conservative_hybrid_final,"{""min_requests"": 1, ""mlp_confidence_min"": 0.8, ""mlp_entropy_max"": 0.35, ""mlp_margin_min"": 0.6, ""mlp_stability_min"": 1}",2,24,5.625,3.5,6.625,0.0,1.0,1.875,21,0.875,0.875,0.9166666666666666,0.8133333333333332
mlp_confidence,mlp_conf_ge_0.80_margin_ge_0.60_entropy_le_0.35_stab_1,True,agreement_hybrid_final,"{""min_requests"": 1, ""mlp_confidence_min"": 0.8, ""mlp_entropy_max"": 0.35, ""mlp_margin_min"": 0.6, ""mlp_stability_min"": 1}",2,24,5.625,3.5,6.625,0.0,1.0,1.875,21,0.875,0.875,0.9166666666666666,0.8133333333333332
mlp_confidence,mlp_conf_ge_0.80_margin_ge_0.60_entropy_le_0.35_stab_2,True,llm_final,"{""min_requests"": 1, ""mlp_confidence_min"": 0.8, ""mlp_entropy_max"": 0.35, ""mlp_margin_min"": 0.6, ""mlp_stability_min"": 2}",2,24,6.375,5.0,7.375,0.0,1.0,1.125,21,0.875,0.9166666666666666,0.9166666666666666,0.8133333333333332
mlp_confidence,mlp_conf_ge_0.80_margin_ge_0.60_entropy_le_0.35_stab_2,True,mlp_final,"{""min_requests"": 1, ""mlp_confidence_min"": 0.8, ""mlp_entropy_max"": 0.35, ""mlp_margin_min"": 0.6, ""mlp_stability_min"": 2}",2,24,6.375,5.0,7.375,0.0,1.0,1.125,22,0.9166666666666666,0.9166666666666666,0.9166666666666666,0.8666666666666666
mlp_confidence,mlp_conf_ge_0.80_margin_ge_0.60_entropy_le_0.35_stab_2,True,conservative_hybrid_final,"{""min_requests"": 1, ""mlp_confidence_min"": 0.8, ""mlp_entropy_max"": 0.35, ""mlp_margin_min"": 0.6, ""mlp_stability_min"": 2}",2,24,6.375,5.0,7.375,0.0,1.0,1.125,21,0.875,0.9166666666666666,0.9166666666666666,0.8133333333333332
mlp_confidence,mlp_conf_ge_0.80_margin_ge_0.60_entropy_le_0.35_stab_2,True,agreement_hybrid_final,"{""min_requests"": 1, ""mlp_confidence_min"": 0.8, ""mlp_entropy_max"": 0.35, ""mlp_margin_min"": 0.6, ""mlp_stability_min"": 2}",2,24,6.375,5.0,7.375,0.0,1.0,1.125,21,0.875,0.9166666666666666,0.9166666666666666,0.8133333333333332
mlp_confidence,mlp_conf_ge_0.80_margin_ge_0.80_entropy_le_0.10_stab_0,True,llm_final,"{""min_requests"": 1, ""mlp_confidence_min"": 0.8, ""mlp_entropy_max"": 0.1, ""mlp_margin_min"": 0.8, ""mlp_stability_min"": 0}",2,24,6.875,4.5,7.875,0.08333333333333333,0.9166666666666666,0.625,22,0.9166666666666666,0.9166666666666666,0.9166666666666666,0.8666666666666666
mlp_confidence,mlp_conf_ge_0.80_margin_ge_0.80_entropy_le_0.10_stab_0,True,mlp_final,"{""min_requests"": 1, ""mlp_confidence_min"": 0.8, ""mlp_entropy_max"": 0.1, ""mlp_margin_min"": 0.8, ""mlp_stability_min"": 0}",2,24,6.875,4.5,7.875,0.08333333333333333,0.9166666666666666,0.625,21,0.875,0.9583333333333334,0.9583333333333334,0.7948717948717948
mlp_confidence,mlp_conf_ge_0.80_margin_ge_0.80_entropy_le_0.10_stab_0,True,conservative_hybrid_final,"{""min_requests"": 1, ""mlp_confidence_min"": 0.8, ""mlp_entropy_max"": 0.1, ""mlp_margin_min"": 0.8, ""mlp_stability_min"": 0}",2,24,6.875,4.5,7.875,0.08333333333333333,0.9166666666666666,0.625,22,0.9166666666666666,0.9166666666666666,0.9166666666666666,0.8666666666666666
mlp_confidence,mlp_conf_ge_0.80_margin_ge_0.80_entropy_le_0.10_stab_0,True,agreement_hybrid_final,"{""min_requests"": 1, ""mlp_confidence_min"": 0.8, ""mlp_entropy_max"": 0.1, ""mlp_margin_min"": 0.8, ""mlp_stability_min"": 0}",2,24,6.875,4.5,7.875,0.08333333333333333,0.9166666666666666,0.625,22,0.9166666666666666,0.9166666666666666,0.9166666666666666,0.8666666666666666
mlp_confidence,mlp_conf_ge_0.80_margin_ge_0.80_entropy_le_0.10_stab_1,True,llm_final,"{""min_requests"": 1, ""mlp_confidence_min"": 0.8, ""mlp_entropy_max"": 0.1, ""mlp_margin_min"": 0.8, ""mlp_stability_min"": 1}",2,24,6.916666666666667,4.5,7.916666666666667,0.08333333333333333,0.9166666666666666,0.583333333333333,22,0.9166666666666666,0.9166666666666666,0.9166666666666666,0.8666666666666666
mlp_confidence,mlp_conf_ge_0.80_margin_ge_0.80_entropy_le_0.10_stab_1,True,mlp_final,"{""min_requests"": 1, ""mlp_confidence_min"": 0.8, ""mlp_entropy_max"": 0.1, ""mlp_margin_min"": 0.8, ""mlp_stability_min"": 1}",2,24,6.916666666666667,4.5,7.916666666666667,0.08333333333333333,0.9166666666666666,0.583333333333333,21,0.875,0.9583333333333334,0.9583333333333334,0.7948717948717948
mlp_confidence,mlp_conf_ge_0.80_margin_ge_0.80_entropy_le_0.10_stab_1,True,conservative_hybrid_final,"{""min_requests"": 1, ""mlp_confidence_min"": 0.8, ""mlp_entropy_max"": 0.1, ""mlp_margin_min"": 0.8, ""mlp_stability_min"": 1}",2,24,6.916666666666667,4.5,7.916666666666667,0.08333333333333333,0.9166666666666666,0.583333333333333,22,0.9166666666666666,0.9166666666666666,0.9166666666666666,0.8666666666666666
mlp_confidence,mlp_conf_ge_0.80_margin_ge_0.80_entropy_le_0.10_stab_1,True,agreement_hybrid_final,"{""min_requests"": 1, ""mlp_confidence_min"": 0.8, ""mlp_entropy_max"": 0.1, ""mlp_margin_min"": 0.8, ""mlp_stability_min"": 1}",2,24,6.916666666666667,4.5,7.916666666666667,0.08333333333333333,0.9166666666666666,0.583333333333333,22,0.9166666666666666,0.9166666666666666,0.9166666666666666,0.8666666666666666
mlp_confidence,mlp_conf_ge_0.80_margin_ge_0.80_entropy_le_0.10_stab_2,True,llm_final,"{""min_requests"": 1, ""mlp_confidence_min"": 0.8, ""mlp_entropy_max"": 0.1, ""mlp_margin_min"": 0.8, ""mlp_stability_min"": 2}",2,24,7.375,5.0,8.375,0.08333333333333333,0.9166666666666666,0.125,22,0.9166666666666666,0.9166666666666666,0.9166666666666666,0.8666666666666666
mlp_confidence,mlp_conf_ge_0.80_margin_ge_0.80_entropy_le_0.10_stab_2,True,mlp_final,"{""min_requests"": 1, ""mlp_confidence_min"": 0.8, ""mlp_entropy_max"": 0.1, ""mlp_margin_min"": 0.8, ""mlp_stability_min"": 2}",2,24,7.375,5.0,8.375,0.08333333333333333,0.9166666666666666,0.125,21,0.875,0.9583333333333334,0.9583333333333334,0.7948717948717948
mlp_confidence,mlp_conf_ge_0.80_margin_ge_0.80_entropy_le_0.10_stab_2,True,conservative_hybrid_final,"{""min_requests"": 1, ""mlp_confidence_min"": 0.8, ""mlp_entropy_max"": 0.1, ""mlp_margin_min"": 0.8, ""mlp_stability_min"": 2}",2,24,7.375,5.0,8.375,0.08333333333333333,0.9166666666666666,0.125,22,0.9166666666666666,0.9166666666666666,0.9166666666666666,0.8666666666666666
mlp_confidence,mlp_conf_ge_0.80_margin_ge_0.80_entropy_le_0.10_stab_2,True,agreement_hybrid_final,"{""min_requests"": 1, ""mlp_confidence_min"": 0.8, ""mlp_entropy_max"": 0.1, ""mlp_margin_min"": 0.8, ""mlp_stability_min"": 2}",2,24,7.375,5.0,8.375,0.08333333333333333,0.9166666666666666,0.125,22,0.9166666666666666,0.9166666666666666,0.9166666666666666,0.8666666666666666
mlp_confidence,mlp_conf_ge_0.80_margin_ge_0.80_entropy_le_0.20_stab_0,True,llm_final,"{""min_requests"": 1, ""mlp_confidence_min"": 0.8, ""mlp_entropy_max"": 0.2, ""mlp_margin_min"": 0.8, ""mlp_stability_min"": 0}",2,24,6.125,3.5,7.125,0.041666666666666664,0.9583333333333334,1.375,21,0.875,0.875,0.9166666666666666,0.8133333333333332
mlp_confidence,mlp_conf_ge_0.80_margin_ge_0.80_entropy_le_0.20_stab_0,True,mlp_final,"{""min_requests"": 1, ""mlp_confidence_min"": 0.8, ""mlp_entropy_max"": 0.2, ""mlp_margin_min"": 0.8, ""mlp_stability_min"": 0}",2,24,6.125,3.5,7.125,0.041666666666666664,0.9583333333333334,1.375,20,0.8333333333333334,0.9166666666666666,0.9166666666666666,0.7435897435897435
mlp_confidence,mlp_conf_ge_0.80_margin_ge_0.80_entropy_le_0.20_stab_0,True,conservative_hybrid_final,"{""min_requests"": 1, ""mlp_confidence_min"": 0.8, ""mlp_entropy_max"": 0.2, ""mlp_margin_min"": 0.8, ""mlp_stability_min"": 0}",2,24,6.125,3.5,7.125,0.041666666666666664,0.9583333333333334,1.375,21,0.875,0.875,0.9166666666666666,0.8133333333333332
mlp_confidence,mlp_conf_ge_0.80_margin_ge_0.80_entropy_le_0.20_stab_0,True,agreement_hybrid_final,"{""min_requests"": 1, ""mlp_confidence_min"": 0.8, ""mlp_entropy_max"": 0.2, ""mlp_margin_min"": 0.8, ""mlp_stability_min"": 0}",2,24,6.125,3.5,7.125,0.041666666666666664,0.9583333333333334,1.375,21,0.875,0.875,0.9166666666666666,0.8133333333333332
mlp_confidence,mlp_conf_ge_0.80_margin_ge_0.80_entropy_le_0.20_stab_1,True,llm_final,"{""min_requests"": 1, ""mlp_confidence_min"": 0.8, ""mlp_entropy_max"": 0.2, ""mlp_margin_min"": 0.8, ""mlp_stability_min"": 1}",2,24,6.208333333333333,4.0,7.208333333333333,0.041666666666666664,0.9583333333333334,1.291666666666667,21,0.875,0.875,0.9166666666666666,0.8133333333333332
mlp_confidence,mlp_conf_ge_0.80_margin_ge_0.80_entropy_le_0.20_stab_1,True,mlp_final,"{""min_requests"": 1, ""mlp_confidence_min"": 0.8, ""mlp_entropy_max"": 0.2, ""mlp_margin_min"": 0.8, ""mlp_stability_min"": 1}",2,24,6.208333333333333,4.0,7.208333333333333,0.041666666666666664,0.9583333333333334,1.291666666666667,20,0.8333333333333334,0.9166666666666666,0.9166666666666666,0.7435897435897435
mlp_confidence,mlp_conf_ge_0.80_margin_ge_0.80_entropy_le_0.20_stab_1,True,conservative_hybrid_final,"{""min_requests"": 1, ""mlp_confidence_min"": 0.8, ""mlp_entropy_max"": 0.2, ""mlp_margin_min"": 0.8, ""mlp_stability_min"": 1}",2,24,6.208333333333333,4.0,7.208333333333333,0.041666666666666664,0.9583333333333334,1.291666666666667,21,0.875,0.875,0.9166666666666666,0.8133333333333332
mlp_confidence,mlp_conf_ge_0.80_margin_ge_0.80_entropy_le_0.20_stab_1,True,agreement_hybrid_final,"{""min_requests"": 1, ""mlp_confidence_min"": 0.8, ""mlp_entropy_max"": 0.2, ""mlp_margin_min"": 0.8, ""mlp_stability_min"": 1}",2,24,6.208333333333333,4.0,7.208333333333333,0.041666666666666664,0.9583333333333334,1.291666666666667,21,0.875,0.875,0.9166666666666666,0.8133333333333332
mlp_confidence,mlp_conf_ge_0.80_margin_ge_0.80_entropy_le_0.20_stab_2,True,llm_final,"{""min_requests"": 1, ""mlp_confidence_min"": 0.8, ""mlp_entropy_max"": 0.2, ""mlp_margin_min"": 0.8, ""mlp_stability_min"": 2}",2,24,6.791666666666667,5.0,7.791666666666667,0.041666666666666664,0.9583333333333334,0.708333333333333,21,0.875,0.9166666666666666,0.9166666666666666,0.8133333333333332
mlp_confidence,mlp_conf_ge_0.80_margin_ge_0.80_entropy_le_0.20_stab_2,True,mlp_final,"{""min_requests"": 1, ""mlp_confidence_min"": 0.8, ""mlp_entropy_max"": 0.2, ""mlp_margin_min"": 0.8, ""mlp_stability_min"": 2}",2,24,6.791666666666667,5.0,7.791666666666667,0.041666666666666664,0.9583333333333334,0.708333333333333,21,0.875,0.9166666666666666,0.9166666666666666,0.7948717948717948
mlp_confidence,mlp_conf_ge_0.80_margin_ge_0.80_entropy_le_0.20_stab_2,True,conservative_hybrid_final,"{""min_requests"": 1, ""mlp_confidence_min"": 0.8, ""mlp_entropy_max"": 0.2, ""mlp_margin_min"": 0.8, ""mlp_stability_min"": 2}",2,24,6.791666666666667,5.0,7.791666666666667,0.041666666666666664,0.9583333333333334,0.708333333333333,21,0.875,0.9166666666666666,0.9166666666666666,0.8133333333333332
mlp_confidence,mlp_conf_ge_0.80_margin_ge_0.80_entropy_le_0.20_stab_2,True,agreement_hybrid_final,"{""min_requests"": 1, ""mlp_confidence_min"": 0.8, ""mlp_entropy_max"": 0.2, ""mlp_margin_min"": 0.8, ""mlp_stability_min"": 2}",2,24,6.791666666666667,5.0,7.791666666666667,0.041666666666666664,0.9583333333333334,0.708333333333333,21,0.875,0.9166666666666666,0.9166666666666666,0.8133333333333332
mlp_confidence,mlp_conf_ge_0.80_margin_ge_0.80_entropy_le_0.35_stab_0,True,llm_final,"{""min_requests"": 1, ""mlp_confidence_min"": 0.8, ""mlp_entropy_max"": 0.35, ""mlp_margin_min"": 0.8, ""mlp_stability_min"": 0}",2,24,6.125,3.5,7.125,0.041666666666666664,0.9583333333333334,1.375,21,0.875,0.875,0.9166666666666666,0.8133333333333332
mlp_confidence,mlp_conf_ge_0.80_margin_ge_0.80_entropy_le_0.35_stab_0,True,mlp_final,"{""min_requests"": 1, ""mlp_confidence_min"": 0.8, ""mlp_entropy_max"": 0.35, ""mlp_margin_min"": 0.8, ""mlp_stability_min"": 0}",2,24,6.125,3.5,7.125,0.041666666666666664,0.9583333333333334,1.375,20,0.8333333333333334,0.9166666666666666,0.9166666666666666,0.7435897435897435
mlp_confidence,mlp_conf_ge_0.80_margin_ge_0.80_entropy_le_0.35_stab_0,True,conservative_hybrid_final,"{""min_requests"": 1, ""mlp_confidence_min"": 0.8, ""mlp_entropy_max"": 0.35, ""mlp_margin_min"": 0.8, ""mlp_stability_min"": 0}",2,24,6.125,3.5,7.125,0.041666666666666664,0.9583333333333334,1.375,21,0.875,0.875,0.9166666666666666,0.8133333333333332
mlp_confidence,mlp_conf_ge_0.80_margin_ge_0.80_entropy_le_0.35_stab_0,True,agreement_hybrid_final,"{""min_requests"": 1, ""mlp_confidence_min"": 0.8, ""mlp_entropy_max"": 0.35, ""mlp_margin_min"": 0.8, ""mlp_stability_min"": 0}",2,24,6.125,3.5,7.125,0.041666666666666664,0.9583333333333334,1.375,21,0.875,0.875,0.9166666666666666,0.8133333333333332
mlp_confidence,mlp_conf_ge_0.80_margin_ge_0.80_entropy_le_0.35_stab_1,True,llm_final,"{""min_requests"": 1, ""mlp_confidence_min"": 0.8, ""mlp_entropy_max"": 0.35, ""mlp_margin_min"": 0.8, ""mlp_stability_min"": 1}",2,24,6.208333333333333,4.0,7.208333333333333,0.041666666666666664,0.9583333333333334,1.291666666666667,21,0.875,0.875,0.9166666666666666,0.8133333333333332
mlp_confidence,mlp_conf_ge_0.80_margin_ge_0.80_entropy_le_0.35_stab_1,True,mlp_final,"{""min_requests"": 1, ""mlp_confidence_min"": 0.8, ""mlp_entropy_max"": 0.35, ""mlp_margin_min"": 0.8, ""mlp_stability_min"": 1}",2,24,6.208333333333333,4.0,7.208333333333333,0.041666666666666664,0.9583333333333334,1.291666666666667,20,0.8333333333333334,0.9166666666666666,0.9166666666666666,0.7435897435897435
mlp_confidence,mlp_conf_ge_0.80_margin_ge_0.80_entropy_le_0.35_stab_1,True,conservative_hybrid_final,"{""min_requests"": 1, ""mlp_confidence_min"": 0.8, ""mlp_entropy_max"": 0.35, ""mlp_margin_min"": 0.8, ""mlp_stability_min"": 1}",2,24,6.208333333333333,4.0,7.208333333333333,0.041666666666666664,0.9583333333333334,1.291666666666667,21,0.875,0.875,0.9166666666666666,0.8133333333333332
mlp_confidence,mlp_conf_ge_0.80_margin_ge_0.80_entropy_le_0.35_stab_1,True,agreement_hybrid_final,"{""min_requests"": 1, ""mlp_confidence_min"": 0.8, ""mlp_entropy_max"": 0.35, ""mlp_margin_min"": 0.8, ""mlp_stability_min"": 1}",2,24,6.208333333333333,4.0,7.208333333333333,0.041666666666666664,0.9583333333333334,1.291666666666667,21,0.875,0.875,0.9166666666666666,0.8133333333333332
mlp_confidence,mlp_conf_ge_0.80_margin_ge_0.80_entropy_le_0.35_stab_2,True,llm_final,"{""min_requests"": 1, ""mlp_confidence_min"": 0.8, ""mlp_entropy_max"": 0.35, ""mlp_margin_min"": 0.8, ""mlp_stability_min"": 2}",2,24,6.791666666666667,5.0,7.791666666666667,0.041666666666666664,0.9583333333333334,0.708333333333333,21,0.875,0.9166666666666666,0.9166666666666666,0.8133333333333332
mlp_confidence,mlp_conf_ge_0.80_margin_ge_0.80_entropy_le_0.35_stab_2,True,mlp_final,"{""min_requests"": 1, ""mlp_confidence_min"": 0.8, ""mlp_entropy_max"": 0.35, ""mlp_margin_min"": 0.8, ""mlp_stability_min"": 2}",2,24,6.791666666666667,5.0,7.791666666666667,0.041666666666666664,0.9583333333333334,0.708333333333333,21,0.875,0.9166666666666666,0.9166666666666666,0.7948717948717948
mlp_confidence,mlp_conf_ge_0.80_margin_ge_0.80_entropy_le_0.35_stab_2,True,conservative_hybrid_final,"{""min_requests"": 1, ""mlp_confidence_min"": 0.8, ""mlp_entropy_max"": 0.35, ""mlp_margin_min"": 0.8, ""mlp_stability_min"": 2}",2,24,6.791666666666667,5.0,7.791666666666667,0.041666666666666664,0.9583333333333334,0.708333333333333,21,0.875,0.9166666666666666,0.9166666666666666,0.8133333333333332
mlp_confidence,mlp_conf_ge_0.80_margin_ge_0.80_entropy_le_0.35_stab_2,True,agreement_hybrid_final,"{""min_requests"": 1, ""mlp_confidence_min"": 0.8, ""mlp_entropy_max"": 0.35, ""mlp_margin_min"": 0.8, ""mlp_stability_min"": 2}",2,24,6.791666666666667,5.0,7.791666666666667,0.041666666666666664,0.9583333333333334,0.708333333333333,21,0.875,0.9166666666666666,0.9166666666666666,0.8133333333333332
mlp_confidence,mlp_conf_ge_0.85_margin_ge_0.20_entropy_le_0.10_stab_0,True,llm_final,"{""min_requests"": 1, ""mlp_confidence_min"": 0.85, ""mlp_entropy_max"": 0.1, ""mlp_margin_min"": 0.2, ""mlp_stability_min"": 0}",2,24,6.875,4.5,7.875,0.08333333333333333,0.9166666666666666,0.625,22,0.9166666666666666,0.9166666666666666,0.9166666666666666,0.8666666666666666
mlp_confidence,mlp_conf_ge_0.85_margin_ge_0.20_entropy_le_0.10_stab_0,True,mlp_final,"{""min_requests"": 1, ""mlp_confidence_min"": 0.85, ""mlp_entropy_max"": 0.1, ""mlp_margin_min"": 0.2, ""mlp_stability_min"": 0}",2,24,6.875,4.5,7.875,0.08333333333333333,0.9166666666666666,0.625,21,0.875,0.9583333333333334,0.9583333333333334,0.7948717948717948
mlp_confidence,mlp_conf_ge_0.85_margin_ge_0.20_entropy_le_0.10_stab_0,True,conservative_hybrid_final,"{""min_requests"": 1, ""mlp_confidence_min"": 0.85, ""mlp_entropy_max"": 0.1, ""mlp_margin_min"": 0.2, ""mlp_stability_min"": 0}",2,24,6.875,4.5,7.875,0.08333333333333333,0.9166666666666666,0.625,22,0.9166666666666666,0.9166666666666666,0.9166666666666666,0.8666666666666666
mlp_confidence,mlp_conf_ge_0.85_margin_ge_0.20_entropy_le_0.10_stab_0,True,agreement_hybrid_final,"{""min_requests"": 1, ""mlp_confidence_min"": 0.85, ""mlp_entropy_max"": 0.1, ""mlp_margin_min"": 0.2, ""mlp_stability_min"": 0}",2,24,6.875,4.5,7.875,0.08333333333333333,0.9166666666666666,0.625,22,0.9166666666666666,0.9166666666666666,0.9166666666666666,0.8666666666666666
mlp_confidence,mlp_conf_ge_0.85_margin_ge_0.20_entropy_le_0.10_stab_1,True,llm_final,"{""min_requests"": 1, ""mlp_confidence_min"": 0.85, ""mlp_entropy_max"": 0.1, ""mlp_margin_min"": 0.2, ""mlp_stability_min"": 1}",2,24,6.916666666666667,4.5,7.916666666666667,0.08333333333333333,0.9166666666666666,0.583333333333333,22,0.9166666666666666,0.9166666666666666,0.9166666666666666,0.8666666666666666
mlp_confidence,mlp_conf_ge_0.85_margin_ge_0.20_entropy_le_0.10_stab_1,True,mlp_final,"{""min_requests"": 1, ""mlp_confidence_min"": 0.85, ""mlp_entropy_max"": 0.1, ""mlp_margin_min"": 0.2, ""mlp_stability_min"": 1}",2,24,6.916666666666667,4.5,7.916666666666667,0.08333333333333333,0.9166666666666666,0.583333333333333,21,0.875,0.9583333333333334,0.9583333333333334,0.7948717948717948
mlp_confidence,mlp_conf_ge_0.85_margin_ge_0.20_entropy_le_0.10_stab_1,True,conservative_hybrid_final,"{""min_requests"": 1, ""mlp_confidence_min"": 0.85, ""mlp_entropy_max"": 0.1, ""mlp_margin_min"": 0.2, ""mlp_stability_min"": 1}",2,24,6.916666666666667,4.5,7.916666666666667,0.08333333333333333,0.9166666666666666,0.583333333333333,22,0.9166666666666666,0.9166666666666666,0.9166666666666666,0.8666666666666666
mlp_confidence,mlp_conf_ge_0.85_margin_ge_0.20_entropy_le_0.10_stab_1,True,agreement_hybrid_final,"{""min_requests"": 1, ""mlp_confidence_min"": 0.85, ""mlp_entropy_max"": 0.1, ""mlp_margin_min"": 0.2, ""mlp_stability_min"": 1}",2,24,6.916666666666667,4.5,7.916666666666667,0.08333333333333333,0.9166666666666666,0.583333333333333,22,0.9166666666666666,0.9166666666666666,0.9166666666666666,0.8666666666666666
mlp_confidence,mlp_conf_ge_0.85_margin_ge_0.20_entropy_le_0.10_stab_2,True,llm_final,"{""min_requests"": 1, ""mlp_confidence_min"": 0.85, ""mlp_entropy_max"": 0.1, ""mlp_margin_min"": 0.2, ""mlp_stability_min"": 2}",2,24,7.375,5.0,8.375,0.08333333333333333,0.9166666666666666,0.125,22,0.9166666666666666,0.9166666666666666,0.9166666666666666,0.8666666666666666
mlp_confidence,mlp_conf_ge_0.85_margin_ge_0.20_entropy_le_0.10_stab_2,True,mlp_final,"{""min_requests"": 1, ""mlp_confidence_min"": 0.85, ""mlp_entropy_max"": 0.1, ""mlp_margin_min"": 0.2, ""mlp_stability_min"": 2}",2,24,7.375,5.0,8.375,0.08333333333333333,0.9166666666666666,0.125,21,0.875,0.9583333333333334,0.9583333333333334,0.7948717948717948
mlp_confidence,mlp_conf_ge_0.85_margin_ge_0.20_entropy_le_0.10_stab_2,True,conservative_hybrid_final,"{""min_requests"": 1, ""mlp_confidence_min"": 0.85, ""mlp_entropy_max"": 0.1, ""mlp_margin_min"": 0.2, ""mlp_stability_min"": 2}",2,24,7.375,5.0,8.375,0.08333333333333333,0.9166666666666666,0.125,22,0.9166666666666666,0.9166666666666666,0.9166666666666666,0.8666666666666666
mlp_confidence,mlp_conf_ge_0.85_margin_ge_0.20_entropy_le_0.10_stab_2,True,agreement_hybrid_final,"{""min_requests"": 1, ""mlp_confidence_min"": 0.85, ""mlp_entropy_max"": 0.1, ""mlp_margin_min"": 0.2, ""mlp_stability_min"": 2}",2,24,7.375,5.0,8.375,0.08333333333333333,0.9166666666666666,0.125,22,0.9166666666666666,0.9166666666666666,0.9166666666666666,0.8666666666666666
mlp_confidence,mlp_conf_ge_0.85_margin_ge_0.20_entropy_le_0.20_stab_0,True,llm_final,"{""min_requests"": 1, ""mlp_confidence_min"": 0.85, ""mlp_entropy_max"": 0.2, ""mlp_margin_min"": 0.2, ""mlp_stability_min"": 0}",2,24,5.833333333333333,3.5,6.833333333333333,0.041666666666666664,0.9583333333333334,1.666666666666667,21,0.875,0.875,0.9166666666666666,0.8133333333333332
mlp_confidence,mlp_conf_ge_0.85_margin_ge_0.20_entropy_le_0.20_stab_0,True,mlp_final,"{""min_requests"": 1, ""mlp_confidence_min"": 0.85, ""mlp_entropy_max"": 0.2, ""mlp_margin_min"": 0.2, ""mlp_stability_min"": 0}",2,24,5.833333333333333,3.5,6.833333333333333,0.041666666666666664,0.9583333333333334,1.666666666666667,20,0.8333333333333334,0.9166666666666666,0.9166666666666666,0.7435897435897435
mlp_confidence,mlp_conf_ge_0.85_margin_ge_0.20_entropy_le_0.20_stab_0,True,conservative_hybrid_final,"{""min_requests"": 1, ""mlp_confidence_min"": 0.85, ""mlp_entropy_max"": 0.2, ""mlp_margin_min"": 0.2, ""mlp_stability_min"": 0}",2,24,5.833333333333333,3.5,6.833333333333333,0.041666666666666664,0.9583333333333334,1.666666666666667,21,0.875,0.875,0.9166666666666666,0.8133333333333332
mlp_confidence,mlp_conf_ge_0.85_margin_ge_0.20_entropy_le_0.20_stab_0,True,agreement_hybrid_final,"{""min_requests"": 1, ""mlp_confidence_min"": 0.85, ""mlp_entropy_max"": 0.2, ""mlp_margin_min"": 0.2, ""mlp_stability_min"": 0}",2,24,5.833333333333333,3.5,6.833333333333333,0.041666666666666664,0.9583333333333334,1.666666666666667,21,0.875,0.875,0.9166666666666666,0.8133333333333332
mlp_confidence,mlp_conf_ge_0.85_margin_ge_0.20_entropy_le_0.20_stab_1,True,llm_final,"{""min_requests"": 1, ""mlp_confidence_min"": 0.85, ""mlp_entropy_max"": 0.2, ""mlp_margin_min"": 0.2, ""mlp_stability_min"": 1}",2,24,5.958333333333333,4.0,6.958333333333333,0.041666666666666664,0.9583333333333334,1.541666666666667,21,0.875,0.875,0.9166666666666666,0.8133333333333332
mlp_confidence,mlp_conf_ge_0.85_margin_ge_0.20_entropy_le_0.20_stab_1,True,mlp_final,"{""min_requests"": 1, ""mlp_confidence_min"": 0.85, ""mlp_entropy_max"": 0.2, ""mlp_margin_min"": 0.2, ""mlp_stability_min"": 1}",2,24,5.958333333333333,4.0,6.958333333333333,0.041666666666666664,0.9583333333333334,1.541666666666667,20,0.8333333333333334,0.9166666666666666,0.9166666666666666,0.7435897435897435
mlp_confidence,mlp_conf_ge_0.85_margin_ge_0.20_entropy_le_0.20_stab_1,True,conservative_hybrid_final,"{""min_requests"": 1, ""mlp_confidence_min"": 0.85, ""mlp_entropy_max"": 0.2, ""mlp_margin_min"": 0.2, ""mlp_stability_min"": 1}",2,24,5.958333333333333,4.0,6.958333333333333,0.041666666666666664,0.9583333333333334,1.541666666666667,21,0.875,0.875,0.9166666666666666,0.8133333333333332
mlp_confidence,mlp_conf_ge_0.85_margin_ge_0.20_entropy_le_0.20_stab_1,True,agreement_hybrid_final,"{""min_requests"": 1, ""mlp_confidence_min"": 0.85, ""mlp_entropy_max"": 0.2, ""mlp_margin_min"": 0.2, ""mlp_stability_min"": 1}",2,24,5.958333333333333,4.0,6.958333333333333,0.041666666666666664,0.9583333333333334,1.541666666666667,21,0.875,0.875,0.9166666666666666,0.8133333333333332
mlp_confidence,mlp_conf_ge_0.85_margin_ge_0.20_entropy_le_0.20_stab_2,True,llm_final,"{""min_requests"": 1, ""mlp_confidence_min"": 0.85, ""mlp_entropy_max"": 0.2, ""mlp_margin_min"": 0.2, ""mlp_stability_min"": 2}",2,24,6.541666666666667,5.0,7.541666666666667,0.041666666666666664,0.9583333333333334,0.958333333333333,21,0.875,0.9166666666666666,0.9166666666666666,0.8133333333333332
mlp_confidence,mlp_conf_ge_0.85_margin_ge_0.20_entropy_le_0.20_stab_2,True,mlp_final,"{""min_requests"": 1, ""mlp_confidence_min"": 0.85, ""mlp_entropy_max"": 0.2, ""mlp_margin_min"": 0.2, ""mlp_stability_min"": 2}",2,24,6.541666666666667,5.0,7.541666666666667,0.041666666666666664,0.9583333333333334,0.958333333333333,21,0.875,0.9166666666666666,0.9166666666666666,0.7948717948717948
mlp_confidence,mlp_conf_ge_0.85_margin_ge_0.20_entropy_le_0.20_stab_2,True,conservative_hybrid_final,"{""min_requests"": 1, ""mlp_confidence_min"": 0.85, ""mlp_entropy_max"": 0.2, ""mlp_margin_min"": 0.2, ""mlp_stability_min"": 2}",2,24,6.541666666666667,5.0,7.541666666666667,0.041666666666666664,0.9583333333333334,0.958333333333333,21,0.875,0.9166666666666666,0.9166666666666666,0.8133333333333332
mlp_confidence,mlp_conf_ge_0.85_margin_ge_0.20_entropy_le_0.20_stab_2,True,agreement_hybrid_final,"{""min_requests"": 1, ""mlp_confidence_min"": 0.85, ""mlp_entropy_max"": 0.2, ""mlp_margin_min"": 0.2, ""mlp_stability_min"": 2}",2,24,6.541666666666667,5.0,7.541666666666667,0.041666666666666664,0.9583333333333334,0.958333333333333,21,0.875,0.9166666666666666,0.9166666666666666,0.8133333333333332
mlp_confidence,mlp_conf_ge_0.85_margin_ge_0.20_entropy_le_0.35_stab_0,True,llm_final,"{""min_requests"": 1, ""mlp_confidence_min"": 0.85, ""mlp_entropy_max"": 0.35, ""mlp_margin_min"": 0.2, ""mlp_stability_min"": 0}",2,24,5.833333333333333,3.5,6.833333333333333,0.041666666666666664,0.9583333333333334,1.666666666666667,21,0.875,0.875,0.9166666666666666,0.8133333333333332
mlp_confidence,mlp_conf_ge_0.85_margin_ge_0.20_entropy_le_0.35_stab_0,True,mlp_final,"{""min_requests"": 1, ""mlp_confidence_min"": 0.85, ""mlp_entropy_max"": 0.35, ""mlp_margin_min"": 0.2, ""mlp_stability_min"": 0}",2,24,5.833333333333333,3.5,6.833333333333333,0.041666666666666664,0.9583333333333334,1.666666666666667,20,0.8333333333333334,0.9166666666666666,0.9166666666666666,0.7435897435897435
mlp_confidence,mlp_conf_ge_0.85_margin_ge_0.20_entropy_le_0.35_stab_0,True,conservative_hybrid_final,"{""min_requests"": 1, ""mlp_confidence_min"": 0.85, ""mlp_entropy_max"": 0.35, ""mlp_margin_min"": 0.2, ""mlp_stability_min"": 0}",2,24,5.833333333333333,3.5,6.833333333333333,0.041666666666666664,0.9583333333333334,1.666666666666667,21,0.875,0.875,0.9166666666666666,0.8133333333333332
mlp_confidence,mlp_conf_ge_0.85_margin_ge_0.20_entropy_le_0.35_stab_0,True,agreement_hybrid_final,"{""min_requests"": 1, ""mlp_confidence_min"": 0.85, ""mlp_entropy_max"": 0.35, ""mlp_margin_min"": 0.2, ""mlp_stability_min"": 0}",2,24,5.833333333333333,3.5,6.833333333333333,0.041666666666666664,0.9583333333333334,1.666666666666667,21,0.875,0.875,0.9166666666666666,0.8133333333333332
mlp_confidence,mlp_conf_ge_0.85_margin_ge_0.20_entropy_le_0.35_stab_1,True,llm_final,"{""min_requests"": 1, ""mlp_confidence_min"": 0.85, ""mlp_entropy_max"": 0.35, ""mlp_margin_min"": 0.2, ""mlp_stability_min"": 1}",2,24,5.958333333333333,4.0,6.958333333333333,0.041666666666666664,0.9583333333333334,1.541666666666667,21,0.875,0.875,0.9166666666666666,0.8133333333333332
mlp_confidence,mlp_conf_ge_0.85_margin_ge_0.20_entropy_le_0.35_stab_1,True,mlp_final,"{""min_requests"": 1, ""mlp_confidence_min"": 0.85, ""mlp_entropy_max"": 0.35, ""mlp_margin_min"": 0.2, ""mlp_stability_min"": 1}",2,24,5.958333333333333,4.0,6.958333333333333,0.041666666666666664,0.9583333333333334,1.541666666666667,20,0.8333333333333334,0.9166666666666666,0.9166666666666666,0.7435897435897435
mlp_confidence,mlp_conf_ge_0.85_margin_ge_0.20_entropy_le_0.35_stab_1,True,conservative_hybrid_final,"{""min_requests"": 1, ""mlp_confidence_min"": 0.85, ""mlp_entropy_max"": 0.35, ""mlp_margin_min"": 0.2, ""mlp_stability_min"": 1}",2,24,5.958333333333333,4.0,6.958333333333333,0.041666666666666664,0.9583333333333334,1.541666666666667,21,0.875,0.875,0.9166666666666666,0.8133333333333332
mlp_confidence,mlp_conf_ge_0.85_margin_ge_0.20_entropy_le_0.35_stab_1,True,agreement_hybrid_final,"{""min_requests"": 1, ""mlp_confidence_min"": 0.85, ""mlp_entropy_max"": 0.35, ""mlp_margin_min"": 0.2, ""mlp_stability_min"": 1}",2,24,5.958333333333333,4.0,6.958333333333333,0.041666666666666664,0.9583333333333334,1.541666666666667,21,0.875,0.875,0.9166666666666666,0.8133333333333332
mlp_confidence,mlp_conf_ge_0.85_margin_ge_0.20_entropy_le_0.35_stab_2,True,llm_final,"{""min_requests"": 1, ""mlp_confidence_min"": 0.85, ""mlp_entropy_max"": 0.35, ""mlp_margin_min"": 0.2, ""mlp_stability_min"": 2}",2,24,6.541666666666667,5.0,7.541666666666667,0.041666666666666664,0.9583333333333334,0.958333333333333,21,0.875,0.9166666666666666,0.9166666666666666,0.8133333333333332
mlp_confidence,mlp_conf_ge_0.85_margin_ge_0.20_entropy_le_0.35_stab_2,True,mlp_final,"{""min_requests"": 1, ""mlp_confidence_min"": 0.85, ""mlp_entropy_max"": 0.35, ""mlp_margin_min"": 0.2, ""mlp_stability_min"": 2}",2,24,6.541666666666667,5.0,7.541666666666667,0.041666666666666664,0.9583333333333334,0.958333333333333,21,0.875,0.9166666666666666,0.9166666666666666,0.7948717948717948
mlp_confidence,mlp_conf_ge_0.85_margin_ge_0.20_entropy_le_0.35_stab_2,True,conservative_hybrid_final,"{""min_requests"": 1, ""mlp_confidence_min"": 0.85, ""mlp_entropy_max"": 0.35, ""mlp_margin_min"": 0.2, ""mlp_stability_min"": 2}",2,24,6.541666666666667,5.0,7.541666666666667,0.041666666666666664,0.9583333333333334,0.958333333333333,21,0.875,0.9166666666666666,0.9166666666666666,0.8133333333333332
mlp_confidence,mlp_conf_ge_0.85_margin_ge_0.20_entropy_le_0.35_stab_2,True,agreement_hybrid_final,"{""min_requests"": 1, ""mlp_confidence_min"": 0.85, ""mlp_entropy_max"": 0.35, ""mlp_margin_min"": 0.2, ""mlp_stability_min"": 2}",2,24,6.541666666666667,5.0,7.541666666666667,0.041666666666666664,0.9583333333333334,0.958333333333333,21,0.875,0.9166666666666666,0.9166666666666666,0.8133333333333332
mlp_confidence,mlp_conf_ge_0.85_margin_ge_0.40_entropy_le_0.10_stab_0,True,llm_final,"{""min_requests"": 1, ""mlp_confidence_min"": 0.85, ""mlp_entropy_max"": 0.1, ""mlp_margin_min"": 0.4, ""mlp_stability_min"": 0}",2,24,6.875,4.5,7.875,0.08333333333333333,0.9166666666666666,0.625,22,0.9166666666666666,0.9166666666666666,0.9166666666666666,0.8666666666666666
mlp_confidence,mlp_conf_ge_0.85_margin_ge_0.40_entropy_le_0.10_stab_0,True,mlp_final,"{""min_requests"": 1, ""mlp_confidence_min"": 0.85, ""mlp_entropy_max"": 0.1, ""mlp_margin_min"": 0.4, ""mlp_stability_min"": 0}",2,24,6.875,4.5,7.875,0.08333333333333333,0.9166666666666666,0.625,21,0.875,0.9583333333333334,0.9583333333333334,0.7948717948717948
mlp_confidence,mlp_conf_ge_0.85_margin_ge_0.40_entropy_le_0.10_stab_0,True,conservative_hybrid_final,"{""min_requests"": 1, ""mlp_confidence_min"": 0.85, ""mlp_entropy_max"": 0.1, ""mlp_margin_min"": 0.4, ""mlp_stability_min"": 0}",2,24,6.875,4.5,7.875,0.08333333333333333,0.9166666666666666,0.625,22,0.9166666666666666,0.9166666666666666,0.9166666666666666,0.8666666666666666
mlp_confidence,mlp_conf_ge_0.85_margin_ge_0.40_entropy_le_0.10_stab_0,True,agreement_hybrid_final,"{""min_requests"": 1, ""mlp_confidence_min"": 0.85, ""mlp_entropy_max"": 0.1, ""mlp_margin_min"": 0.4, ""mlp_stability_min"": 0}",2,24,6.875,4.5,7.875,0.08333333333333333,0.9166666666666666,0.625,22,0.9166666666666666,0.9166666666666666,0.9166666666666666,0.8666666666666666
mlp_confidence,mlp_conf_ge_0.85_margin_ge_0.40_entropy_le_0.10_stab_1,True,llm_final,"{""min_requests"": 1, ""mlp_confidence_min"": 0.85, ""mlp_entropy_max"": 0.1, ""mlp_margin_min"": 0.4, ""mlp_stability_min"": 1}",2,24,6.916666666666667,4.5,7.916666666666667,0.08333333333333333,0.9166666666666666,0.583333333333333,22,0.9166666666666666,0.9166666666666666,0.9166666666666666,0.8666666666666666
mlp_confidence,mlp_conf_ge_0.85_margin_ge_0.40_entropy_le_0.10_stab_1,True,mlp_final,"{""min_requests"": 1, ""mlp_confidence_min"": 0.85, ""mlp_entropy_max"": 0.1, ""mlp_margin_min"": 0.4, ""mlp_stability_min"": 1}",2,24,6.916666666666667,4.5,7.916666666666667,0.08333333333333333,0.9166666666666666,0.583333333333333,21,0.875,0.9583333333333334,0.9583333333333334,0.7948717948717948
mlp_confidence,mlp_conf_ge_0.85_margin_ge_0.40_entropy_le_0.10_stab_1,True,conservative_hybrid_final,"{""min_requests"": 1, ""mlp_confidence_min"": 0.85, ""mlp_entropy_max"": 0.1, ""mlp_margin_min"": 0.4, ""mlp_stability_min"": 1}",2,24,6.916666666666667,4.5,7.916666666666667,0.08333333333333333,0.9166666666666666,0.583333333333333,22,0.9166666666666666,0.9166666666666666,0.9166666666666666,0.8666666666666666
mlp_confidence,mlp_conf_ge_0.85_margin_ge_0.40_entropy_le_0.10_stab_1,True,agreement_hybrid_final,"{""min_requests"": 1, ""mlp_confidence_min"": 0.85, ""mlp_entropy_max"": 0.1, ""mlp_margin_min"": 0.4, ""mlp_stability_min"": 1}",2,24,6.916666666666667,4.5,7.916666666666667,0.08333333333333333,0.9166666666666666,0.583333333333333,22,0.9166666666666666,0.9166666666666666,0.9166666666666666,0.8666666666666666
mlp_confidence,mlp_conf_ge_0.85_margin_ge_0.40_entropy_le_0.10_stab_2,True,llm_final,"{""min_requests"": 1, ""mlp_confidence_min"": 0.85, ""mlp_entropy_max"": 0.1, ""mlp_margin_min"": 0.4, ""mlp_stability_min"": 2}",2,24,7.375,5.0,8.375,0.08333333333333333,0.9166666666666666,0.125,22,0.9166666666666666,0.9166666666666666,0.9166666666666666,0.8666666666666666
mlp_confidence,mlp_conf_ge_0.85_margin_ge_0.40_entropy_le_0.10_stab_2,True,mlp_final,"{""min_requests"": 1, ""mlp_confidence_min"": 0.85, ""mlp_entropy_max"": 0.1, ""mlp_margin_min"": 0.4, ""mlp_stability_min"": 2}",2,24,7.375,5.0,8.375,0.08333333333333333,0.9166666666666666,0.125,21,0.875,0.9583333333333334,0.9583333333333334,0.7948717948717948
mlp_confidence,mlp_conf_ge_0.85_margin_ge_0.40_entropy_le_0.10_stab_2,True,conservative_hybrid_final,"{""min_requests"": 1, ""mlp_confidence_min"": 0.85, ""mlp_entropy_max"": 0.1, ""mlp_margin_min"": 0.4, ""mlp_stability_min"": 2}",2,24,7.375,5.0,8.375,0.08333333333333333,0.9166666666666666,0.125,22,0.9166666666666666,0.9166666666666666,0.9166666666666666,0.8666666666666666
mlp_confidence,mlp_conf_ge_0.85_margin_ge_0.40_entropy_le_0.10_stab_2,True,agreement_hybrid_final,"{""min_requests"": 1, ""mlp_confidence_min"": 0.85, ""mlp_entropy_max"": 0.1, ""mlp_margin_min"": 0.4, ""mlp_stability_min"": 2}",2,24,7.375,5.0,8.375,0.08333333333333333,0.9166666666666666,0.125,22,0.9166666666666666,0.9166666666666666,0.9166666666666666,0.8666666666666666
mlp_confidence,mlp_conf_ge_0.85_margin_ge_0.40_entropy_le_0.20_stab_0,True,llm_final,"{""min_requests"": 1, ""mlp_confidence_min"": 0.85, ""mlp_entropy_max"": 0.2, ""mlp_margin_min"": 0.4, ""mlp_stability_min"": 0}",2,24,5.833333333333333,3.5,6.833333333333333,0.041666666666666664,0.9583333333333334,1.666666666666667,21,0.875,0.875,0.9166666666666666,0.8133333333333332
mlp_confidence,mlp_conf_ge_0.85_margin_ge_0.40_entropy_le_0.20_stab_0,True,mlp_final,"{""min_requests"": 1, ""mlp_confidence_min"": 0.85, ""mlp_entropy_max"": 0.2, ""mlp_margin_min"": 0.4, ""mlp_stability_min"": 0}",2,24,5.833333333333333,3.5,6.833333333333333,0.041666666666666664,0.9583333333333334,1.666666666666667,20,0.8333333333333334,0.9166666666666666,0.9166666666666666,0.7435897435897435
mlp_confidence,mlp_conf_ge_0.85_margin_ge_0.40_entropy_le_0.20_stab_0,True,conservative_hybrid_final,"{""min_requests"": 1, ""mlp_confidence_min"": 0.85, ""mlp_entropy_max"": 0.2, ""mlp_margin_min"": 0.4, ""mlp_stability_min"": 0}",2,24,5.833333333333333,3.5,6.833333333333333,0.041666666666666664,0.9583333333333334,1.666666666666667,21,0.875,0.875,0.9166666666666666,0.8133333333333332
mlp_confidence,mlp_conf_ge_0.85_margin_ge_0.40_entropy_le_0.20_stab_0,True,agreement_hybrid_final,"{""min_requests"": 1, ""mlp_confidence_min"": 0.85, ""mlp_entropy_max"": 0.2, ""mlp_margin_min"": 0.4, ""mlp_stability_min"": 0}",2,24,5.833333333333333,3.5,6.833333333333333,0.041666666666666664,0.9583333333333334,1.666666666666667,21,0.875,0.875,0.9166666666666666,0.8133333333333332
mlp_confidence,mlp_conf_ge_0.85_margin_ge_0.40_entropy_le_0.20_stab_1,True,llm_final,"{""min_requests"": 1, ""mlp_confidence_min"": 0.85, ""mlp_entropy_max"": 0.2, ""mlp_margin_min"": 0.4, ""mlp_stability_min"": 1}",2,24,5.958333333333333,4.0,6.958333333333333,0.041666666666666664,0.9583333333333334,1.541666666666667,21,0.875,0.875,0.9166666666666666,0.8133333333333332
mlp_confidence,mlp_conf_ge_0.85_margin_ge_0.40_entropy_le_0.20_stab_1,True,mlp_final,"{""min_requests"": 1, ""mlp_confidence_min"": 0.85, ""mlp_entropy_max"": 0.2, ""mlp_margin_min"": 0.4, ""mlp_stability_min"": 1}",2,24,5.958333333333333,4.0,6.958333333333333,0.041666666666666664,0.9583333333333334,1.541666666666667,20,0.8333333333333334,0.9166666666666666,0.9166666666666666,0.7435897435897435
mlp_confidence,mlp_conf_ge_0.85_margin_ge_0.40_entropy_le_0.20_stab_1,True,conservative_hybrid_final,"{""min_requests"": 1, ""mlp_confidence_min"": 0.85, ""mlp_entropy_max"": 0.2, ""mlp_margin_min"": 0.4, ""mlp_stability_min"": 1}",2,24,5.958333333333333,4.0,6.958333333333333,0.041666666666666664,0.9583333333333334,1.541666666666667,21,0.875,0.875,0.9166666666666666,0.8133333333333332
mlp_confidence,mlp_conf_ge_0.85_margin_ge_0.40_entropy_le_0.20_stab_1,True,agreement_hybrid_final,"{""min_requests"": 1, ""mlp_confidence_min"": 0.85, ""mlp_entropy_max"": 0.2, ""mlp_margin_min"": 0.4, ""mlp_stability_min"": 1}",2,24,5.958333333333333,4.0,6.958333333333333,0.041666666666666664,0.9583333333333334,1.541666666666667,21,0.875,0.875,0.9166666666666666,0.8133333333333332
mlp_confidence,mlp_conf_ge_0.85_margin_ge_0.40_entropy_le_0.20_stab_2,True,llm_final,"{""min_requests"": 1, ""mlp_confidence_min"": 0.85, ""mlp_entropy_max"": 0.2, ""mlp_margin_min"": 0.4, ""mlp_stability_min"": 2}",2,24,6.541666666666667,5.0,7.541666666666667,0.041666666666666664,0.9583333333333334,0.958333333333333,21,0.875,0.9166666666666666,0.9166666666666666,0.8133333333333332
mlp_confidence,mlp_conf_ge_0.85_margin_ge_0.40_entropy_le_0.20_stab_2,True,mlp_final,"{""min_requests"": 1, ""mlp_confidence_min"": 0.85, ""mlp_entropy_max"": 0.2, ""mlp_margin_min"": 0.4, ""mlp_stability_min"": 2}",2,24,6.541666666666667,5.0,7.541666666666667,0.041666666666666664,0.9583333333333334,0.958333333333333,21,0.875,0.9166666666666666,0.9166666666666666,0.7948717948717948
mlp_confidence,mlp_conf_ge_0.85_margin_ge_0.40_entropy_le_0.20_stab_2,True,conservative_hybrid_final,"{""min_requests"": 1, ""mlp_confidence_min"": 0.85, ""mlp_entropy_max"": 0.2, ""mlp_margin_min"": 0.4, ""mlp_stability_min"": 2}",2,24,6.541666666666667,5.0,7.541666666666667,0.041666666666666664,0.9583333333333334,0.958333333333333,21,0.875,0.9166666666666666,0.9166666666666666,0.8133333333333332
mlp_confidence,mlp_conf_ge_0.85_margin_ge_0.40_entropy_le_0.20_stab_2,True,agreement_hybrid_final,"{""min_requests"": 1, ""mlp_confidence_min"": 0.85, ""mlp_entropy_max"": 0.2, ""mlp_margin_min"": 0.4, ""mlp_stability_min"": 2}",2,24,6.541666666666667,5.0,7.541666666666667,0.041666666666666664,0.9583333333333334,0.958333333333333,21,0.875,0.9166666666666666,0.9166666666666666,0.8133333333333332
mlp_confidence,mlp_conf_ge_0.85_margin_ge_0.40_entropy_le_0.35_stab_0,True,llm_final,"{""min_requests"": 1, ""mlp_confidence_min"": 0.85, ""mlp_entropy_max"": 0.35, ""mlp_margin_min"": 0.4, ""mlp_stability_min"": 0}",2,24,5.833333333333333,3.5,6.833333333333333,0.041666666666666664,0.9583333333333334,1.666666666666667,21,0.875,0.875,0.9166666666666666,0.8133333333333332
mlp_confidence,mlp_conf_ge_0.85_margin_ge_0.40_entropy_le_0.35_stab_0,True,mlp_final,"{""min_requests"": 1, ""mlp_confidence_min"": 0.85, ""mlp_entropy_max"": 0.35, ""mlp_margin_min"": 0.4, ""mlp_stability_min"": 0}",2,24,5.833333333333333,3.5,6.833333333333333,0.041666666666666664,0.9583333333333334,1.666666666666667,20,0.8333333333333334,0.9166666666666666,0.9166666666666666,0.7435897435897435
mlp_confidence,mlp_conf_ge_0.85_margin_ge_0.40_entropy_le_0.35_stab_0,True,conservative_hybrid_final,"{""min_requests"": 1, ""mlp_confidence_min"": 0.85, ""mlp_entropy_max"": 0.35, ""mlp_margin_min"": 0.4, ""mlp_stability_min"": 0}",2,24,5.833333333333333,3.5,6.833333333333333,0.041666666666666664,0.9583333333333334,1.666666666666667,21,0.875,0.875,0.9166666666666666,0.8133333333333332
mlp_confidence,mlp_conf_ge_0.85_margin_ge_0.40_entropy_le_0.35_stab_0,True,agreement_hybrid_final,"{""min_requests"": 1, ""mlp_confidence_min"": 0.85, ""mlp_entropy_max"": 0.35, ""mlp_margin_min"": 0.4, ""mlp_stability_min"": 0}",2,24,5.833333333333333,3.5,6.833333333333333,0.041666666666666664,0.9583333333333334,1.666666666666667,21,0.875,0.875,0.9166666666666666,0.8133333333333332
mlp_confidence,mlp_conf_ge_0.85_margin_ge_0.40_entropy_le_0.35_stab_1,True,llm_final,"{""min_requests"": 1, ""mlp_confidence_min"": 0.85, ""mlp_entropy_max"": 0.35, ""mlp_margin_min"": 0.4, ""mlp_stability_min"": 1}",2,24,5.958333333333333,4.0,6.958333333333333,0.041666666666666664,0.9583333333333334,1.541666666666667,21,0.875,0.875,0.9166666666666666,0.8133333333333332
mlp_confidence,mlp_conf_ge_0.85_margin_ge_0.40_entropy_le_0.35_stab_1,True,mlp_final,"{""min_requests"": 1, ""mlp_confidence_min"": 0.85, ""mlp_entropy_max"": 0.35, ""mlp_margin_min"": 0.4, ""mlp_stability_min"": 1}",2,24,5.958333333333333,4.0,6.958333333333333,0.041666666666666664,0.9583333333333334,1.541666666666667,20,0.8333333333333334,0.9166666666666666,0.9166666666666666,0.7435897435897435
mlp_confidence,mlp_conf_ge_0.85_margin_ge_0.40_entropy_le_0.35_stab_1,True,conservative_hybrid_final,"{""min_requests"": 1, ""mlp_confidence_min"": 0.85, ""mlp_entropy_max"": 0.35, ""mlp_margin_min"": 0.4, ""mlp_stability_min"": 1}",2,24,5.958333333333333,4.0,6.958333333333333,0.041666666666666664,0.9583333333333334,1.541666666666667,21,0.875,0.875,0.9166666666666666,0.8133333333333332
mlp_confidence,mlp_conf_ge_0.85_margin_ge_0.40_entropy_le_0.35_stab_1,True,agreement_hybrid_final,"{""min_requests"": 1, ""mlp_confidence_min"": 0.85, ""mlp_entropy_max"": 0.35, ""mlp_margin_min"": 0.4, ""mlp_stability_min"": 1}",2,24,5.958333333333333,4.0,6.958333333333333,0.041666666666666664,0.9583333333333334,1.541666666666667,21,0.875,0.875,0.9166666666666666,0.8133333333333332
mlp_confidence,mlp_conf_ge_0.85_margin_ge_0.40_entropy_le_0.35_stab_2,True,llm_final,"{""min_requests"": 1, ""mlp_confidence_min"": 0.85, ""mlp_entropy_max"": 0.35, ""mlp_margin_min"": 0.4, ""mlp_stability_min"": 2}",2,24,6.541666666666667,5.0,7.541666666666667,0.041666666666666664,0.9583333333333334,0.958333333333333,21,0.875,0.9166666666666666,0.9166666666666666,0.8133333333333332
mlp_confidence,mlp_conf_ge_0.85_margin_ge_0.40_entropy_le_0.35_stab_2,True,mlp_final,"{""min_requests"": 1, ""mlp_confidence_min"": 0.85, ""mlp_entropy_max"": 0.35, ""mlp_margin_min"": 0.4, ""mlp_stability_min"": 2}",2,24,6.541666666666667,5.0,7.541666666666667,0.041666666666666664,0.9583333333333334,0.958333333333333,21,0.875,0.9166666666666666,0.9166666666666666,0.7948717948717948
mlp_confidence,mlp_conf_ge_0.85_margin_ge_0.40_entropy_le_0.35_stab_2,True,conservative_hybrid_final,"{""min_requests"": 1, ""mlp_confidence_min"": 0.85, ""mlp_entropy_max"": 0.35, ""mlp_margin_min"": 0.4, ""mlp_stability_min"": 2}",2,24,6.541666666666667,5.0,7.541666666666667,0.041666666666666664,0.9583333333333334,0.958333333333333,21,0.875,0.9166666666666666,0.9166666666666666,0.8133333333333332
mlp_confidence,mlp_conf_ge_0.85_margin_ge_0.40_entropy_le_0.35_stab_2,True,agreement_hybrid_final,"{""min_requests"": 1, ""mlp_confidence_min"": 0.85, ""mlp_entropy_max"": 0.35, ""mlp_margin_min"": 0.4, ""mlp_stability_min"": 2}",2,24,6.541666666666667,5.0,7.541666666666667,0.041666666666666664,0.9583333333333334,0.958333333333333,21,0.875,0.9166666666666666,0.9166666666666666,0.8133333333333332
mlp_confidence,mlp_conf_ge_0.85_margin_ge_0.60_entropy_le_0.10_stab_0,True,llm_final,"{""min_requests"": 1, ""mlp_confidence_min"": 0.85, ""mlp_entropy_max"": 0.1, ""mlp_margin_min"": 0.6, ""mlp_stability_min"": 0}",2,24,6.875,4.5,7.875,0.08333333333333333,0.9166666666666666,0.625,22,0.9166666666666666,0.9166666666666666,0.9166666666666666,0.8666666666666666
mlp_confidence,mlp_conf_ge_0.85_margin_ge_0.60_entropy_le_0.10_stab_0,True,mlp_final,"{""min_requests"": 1, ""mlp_confidence_min"": 0.85, ""mlp_entropy_max"": 0.1, ""mlp_margin_min"": 0.6, ""mlp_stability_min"": 0}",2,24,6.875,4.5,7.875,0.08333333333333333,0.9166666666666666,0.625,21,0.875,0.9583333333333334,0.9583333333333334,0.7948717948717948
mlp_confidence,mlp_conf_ge_0.85_margin_ge_0.60_entropy_le_0.10_stab_0,True,conservative_hybrid_final,"{""min_requests"": 1, ""mlp_confidence_min"": 0.85, ""mlp_entropy_max"": 0.1, ""mlp_margin_min"": 0.6, ""mlp_stability_min"": 0}",2,24,6.875,4.5,7.875,0.08333333333333333,0.9166666666666666,0.625,22,0.9166666666666666,0.9166666666666666,0.9166666666666666,0.8666666666666666
mlp_confidence,mlp_conf_ge_0.85_margin_ge_0.60_entropy_le_0.10_stab_0,True,agreement_hybrid_final,"{""min_requests"": 1, ""mlp_confidence_min"": 0.85, ""mlp_entropy_max"": 0.1, ""mlp_margin_min"": 0.6, ""mlp_stability_min"": 0}",2,24,6.875,4.5,7.875,0.08333333333333333,0.9166666666666666,0.625,22,0.9166666666666666,0.9166666666666666,0.9166666666666666,0.8666666666666666
mlp_confidence,mlp_conf_ge_0.85_margin_ge_0.60_entropy_le_0.10_stab_1,True,llm_final,"{""min_requests"": 1, ""mlp_confidence_min"": 0.85, ""mlp_entropy_max"": 0.1, ""mlp_margin_min"": 0.6, ""mlp_stability_min"": 1}",2,24,6.916666666666667,4.5,7.916666666666667,0.08333333333333333,0.9166666666666666,0.583333333333333,22,0.9166666666666666,0.9166666666666666,0.9166666666666666,0.8666666666666666
mlp_confidence,mlp_conf_ge_0.85_margin_ge_0.60_entropy_le_0.10_stab_1,True,mlp_final,"{""min_requests"": 1, ""mlp_confidence_min"": 0.85, ""mlp_entropy_max"": 0.1, ""mlp_margin_min"": 0.6, ""mlp_stability_min"": 1}",2,24,6.916666666666667,4.5,7.916666666666667,0.08333333333333333,0.9166666666666666,0.583333333333333,21,0.875,0.9583333333333334,0.9583333333333334,0.7948717948717948
mlp_confidence,mlp_conf_ge_0.85_margin_ge_0.60_entropy_le_0.10_stab_1,True,conservative_hybrid_final,"{""min_requests"": 1, ""mlp_confidence_min"": 0.85, ""mlp_entropy_max"": 0.1, ""mlp_margin_min"": 0.6, ""mlp_stability_min"": 1}",2,24,6.916666666666667,4.5,7.916666666666667,0.08333333333333333,0.9166666666666666,0.583333333333333,22,0.9166666666666666,0.9166666666666666,0.9166666666666666,0.8666666666666666
mlp_confidence,mlp_conf_ge_0.85_margin_ge_0.60_entropy_le_0.10_stab_1,True,agreement_hybrid_final,"{""min_requests"": 1, ""mlp_confidence_min"": 0.85, ""mlp_entropy_max"": 0.1, ""mlp_margin_min"": 0.6, ""mlp_stability_min"": 1}",2,24,6.916666666666667,4.5,7.916666666666667,0.08333333333333333,0.9166666666666666,0.583333333333333,22,0.9166666666666666,0.9166666666666666,0.9166666666666666,0.8666666666666666
mlp_confidence,mlp_conf_ge_0.85_margin_ge_0.60_entropy_le_0.10_stab_2,True,llm_final,"{""min_requests"": 1, ""mlp_confidence_min"": 0.85, ""mlp_entropy_max"": 0.1, ""mlp_margin_min"": 0.6, ""mlp_stability_min"": 2}",2,24,7.375,5.0,8.375,0.08333333333333333,0.9166666666666666,0.125,22,0.9166666666666666,0.9166666666666666,0.9166666666666666,0.8666666666666666
mlp_confidence,mlp_conf_ge_0.85_margin_ge_0.60_entropy_le_0.10_stab_2,True,mlp_final,"{""min_requests"": 1, ""mlp_confidence_min"": 0.85, ""mlp_entropy_max"": 0.1, ""mlp_margin_min"": 0.6, ""mlp_stability_min"": 2}",2,24,7.375,5.0,8.375,0.08333333333333333,0.9166666666666666,0.125,21,0.875,0.9583333333333334,0.9583333333333334,0.7948717948717948
mlp_confidence,mlp_conf_ge_0.85_margin_ge_0.60_entropy_le_0.10_stab_2,True,conservative_hybrid_final,"{""min_requests"": 1, ""mlp_confidence_min"": 0.85, ""mlp_entropy_max"": 0.1, ""mlp_margin_min"": 0.6, ""mlp_stability_min"": 2}",2,24,7.375,5.0,8.375,0.08333333333333333,0.9166666666666666,0.125,22,0.9166666666666666,0.9166666666666666,0.9166666666666666,0.8666666666666666
mlp_confidence,mlp_conf_ge_0.85_margin_ge_0.60_entropy_le_0.10_stab_2,True,agreement_hybrid_final,"{""min_requests"": 1, ""mlp_confidence_min"": 0.85, ""mlp_entropy_max"": 0.1, ""mlp_margin_min"": 0.6, ""mlp_stability_min"": 2}",2,24,7.375,5.0,8.375,0.08333333333333333,0.9166666666666666,0.125,22,0.9166666666666666,0.9166666666666666,0.9166666666666666,0.8666666666666666
mlp_confidence,mlp_conf_ge_0.85_margin_ge_0.60_entropy_le_0.20_stab_0,True,llm_final,"{""min_requests"": 1, ""mlp_confidence_min"": 0.85, ""mlp_entropy_max"": 0.2, ""mlp_margin_min"": 0.6, ""mlp_stability_min"": 0}",2,24,5.833333333333333,3.5,6.833333333333333,0.041666666666666664,0.9583333333333334,1.666666666666667,21,0.875,0.875,0.9166666666666666,0.8133333333333332
mlp_confidence,mlp_conf_ge_0.85_margin_ge_0.60_entropy_le_0.20_stab_0,True,mlp_final,"{""min_requests"": 1, ""mlp_confidence_min"": 0.85, ""mlp_entropy_max"": 0.2, ""mlp_margin_min"": 0.6, ""mlp_stability_min"": 0}",2,24,5.833333333333333,3.5,6.833333333333333,0.041666666666666664,0.9583333333333334,1.666666666666667,20,0.8333333333333334,0.9166666666666666,0.9166666666666666,0.7435897435897435
mlp_confidence,mlp_conf_ge_0.85_margin_ge_0.60_entropy_le_0.20_stab_0,True,conservative_hybrid_final,"{""min_requests"": 1, ""mlp_confidence_min"": 0.85, ""mlp_entropy_max"": 0.2, ""mlp_margin_min"": 0.6, ""mlp_stability_min"": 0}",2,24,5.833333333333333,3.5,6.833333333333333,0.041666666666666664,0.9583333333333334,1.666666666666667,21,0.875,0.875,0.9166666666666666,0.8133333333333332
mlp_confidence,mlp_conf_ge_0.85_margin_ge_0.60_entropy_le_0.20_stab_0,True,agreement_hybrid_final,"{""min_requests"": 1, ""mlp_confidence_min"": 0.85, ""mlp_entropy_max"": 0.2, ""mlp_margin_min"": 0.6, ""mlp_stability_min"": 0}",2,24,5.833333333333333,3.5,6.833333333333333,0.041666666666666664,0.9583333333333334,1.666666666666667,21,0.875,0.875,0.9166666666666666,0.8133333333333332
mlp_confidence,mlp_conf_ge_0.85_margin_ge_0.60_entropy_le_0.20_stab_1,True,llm_final,"{""min_requests"": 1, ""mlp_confidence_min"": 0.85, ""mlp_entropy_max"": 0.2, ""mlp_margin_min"": 0.6, ""mlp_stability_min"": 1}",2,24,5.958333333333333,4.0,6.958333333333333,0.041666666666666664,0.9583333333333334,1.541666666666667,21,0.875,0.875,0.9166666666666666,0.8133333333333332
mlp_confidence,mlp_conf_ge_0.85_margin_ge_0.60_entropy_le_0.20_stab_1,True,mlp_final,"{""min_requests"": 1, ""mlp_confidence_min"": 0.85, ""mlp_entropy_max"": 0.2, ""mlp_margin_min"": 0.6, ""mlp_stability_min"": 1}",2,24,5.958333333333333,4.0,6.958333333333333,0.041666666666666664,0.9583333333333334,1.541666666666667,20,0.8333333333333334,0.9166666666666666,0.9166666666666666,0.7435897435897435
mlp_confidence,mlp_conf_ge_0.85_margin_ge_0.60_entropy_le_0.20_stab_1,True,conservative_hybrid_final,"{""min_requests"": 1, ""mlp_confidence_min"": 0.85, ""mlp_entropy_max"": 0.2, ""mlp_margin_min"": 0.6, ""mlp_stability_min"": 1}",2,24,5.958333333333333,4.0,6.958333333333333,0.041666666666666664,0.9583333333333334,1.541666666666667,21,0.875,0.875,0.9166666666666666,0.8133333333333332
mlp_confidence,mlp_conf_ge_0.85_margin_ge_0.60_entropy_le_0.20_stab_1,True,agreement_hybrid_final,"{""min_requests"": 1, ""mlp_confidence_min"": 0.85, ""mlp_entropy_max"": 0.2, ""mlp_margin_min"": 0.6, ""mlp_stability_min"": 1}",2,24,5.958333333333333,4.0,6.958333333333333,0.041666666666666664,0.9583333333333334,1.541666666666667,21,0.875,0.875,0.9166666666666666,0.8133333333333332
mlp_confidence,mlp_conf_ge_0.85_margin_ge_0.60_entropy_le_0.20_stab_2,True,llm_final,"{""min_requests"": 1, ""mlp_confidence_min"": 0.85, ""mlp_entropy_max"": 0.2, ""mlp_margin_min"": 0.6, ""mlp_stability_min"": 2}",2,24,6.541666666666667,5.0,7.541666666666667,0.041666666666666664,0.9583333333333334,0.958333333333333,21,0.875,0.9166666666666666,0.9166666666666666,0.8133333333333332
mlp_confidence,mlp_conf_ge_0.85_margin_ge_0.60_entropy_le_0.20_stab_2,True,mlp_final,"{""min_requests"": 1, ""mlp_confidence_min"": 0.85, ""mlp_entropy_max"": 0.2, ""mlp_margin_min"": 0.6, ""mlp_stability_min"": 2}",2,24,6.541666666666667,5.0,7.541666666666667,0.041666666666666664,0.9583333333333334,0.958333333333333,21,0.875,0.9166666666666666,0.9166666666666666,0.7948717948717948
mlp_confidence,mlp_conf_ge_0.85_margin_ge_0.60_entropy_le_0.20_stab_2,True,conservative_hybrid_final,"{""min_requests"": 1, ""mlp_confidence_min"": 0.85, ""mlp_entropy_max"": 0.2, ""mlp_margin_min"": 0.6, ""mlp_stability_min"": 2}",2,24,6.541666666666667,5.0,7.541666666666667,0.041666666666666664,0.9583333333333334,0.958333333333333,21,0.875,0.9166666666666666,0.9166666666666666,0.8133333333333332
mlp_confidence,mlp_conf_ge_0.85_margin_ge_0.60_entropy_le_0.20_stab_2,True,agreement_hybrid_final,"{""min_requests"": 1, ""mlp_confidence_min"": 0.85, ""mlp_entropy_max"": 0.2, ""mlp_margin_min"": 0.6, ""mlp_stability_min"": 2}",2,24,6.541666666666667,5.0,7.541666666666667,0.041666666666666664,0.9583333333333334,0.958333333333333,21,0.875,0.9166666666666666,0.9166666666666666,0.8133333333333332
mlp_confidence,mlp_conf_ge_0.85_margin_ge_0.60_entropy_le_0.35_stab_0,True,llm_final,"{""min_requests"": 1, ""mlp_confidence_min"": 0.85, ""mlp_entropy_max"": 0.35, ""mlp_margin_min"": 0.6, ""mlp_stability_min"": 0}",2,24,5.833333333333333,3.5,6.833333333333333,0.041666666666666664,0.9583333333333334,1.666666666666667,21,0.875,0.875,0.9166666666666666,0.8133333333333332
mlp_confidence,mlp_conf_ge_0.85_margin_ge_0.60_entropy_le_0.35_stab_0,True,mlp_final,"{""min_requests"": 1, ""mlp_confidence_min"": 0.85, ""mlp_entropy_max"": 0.35, ""mlp_margin_min"": 0.6, ""mlp_stability_min"": 0}",2,24,5.833333333333333,3.5,6.833333333333333,0.041666666666666664,0.9583333333333334,1.666666666666667,20,0.8333333333333334,0.9166666666666666,0.9166666666666666,0.7435897435897435
mlp_confidence,mlp_conf_ge_0.85_margin_ge_0.60_entropy_le_0.35_stab_0,True,conservative_hybrid_final,"{""min_requests"": 1, ""mlp_confidence_min"": 0.85, ""mlp_entropy_max"": 0.35, ""mlp_margin_min"": 0.6, ""mlp_stability_min"": 0}",2,24,5.833333333333333,3.5,6.833333333333333,0.041666666666666664,0.9583333333333334,1.666666666666667,21,0.875,0.875,0.9166666666666666,0.8133333333333332
mlp_confidence,mlp_conf_ge_0.85_margin_ge_0.60_entropy_le_0.35_stab_0,True,agreement_hybrid_final,"{""min_requests"": 1, ""mlp_confidence_min"": 0.85, ""mlp_entropy_max"": 0.35, ""mlp_margin_min"": 0.6, ""mlp_stability_min"": 0}",2,24,5.833333333333333,3.5,6.833333333333333,0.041666666666666664,0.9583333333333334,1.666666666666667,21,0.875,0.875,0.9166666666666666,0.8133333333333332
mlp_confidence,mlp_conf_ge_0.85_margin_ge_0.60_entropy_le_0.35_stab_1,True,llm_final,"{""min_requests"": 1, ""mlp_confidence_min"": 0.85, ""mlp_entropy_max"": 0.35, ""mlp_margin_min"": 0.6, ""mlp_stability_min"": 1}",2,24,5.958333333333333,4.0,6.958333333333333,0.041666666666666664,0.9583333333333334,1.541666666666667,21,0.875,0.875,0.9166666666666666,0.8133333333333332
mlp_confidence,mlp_conf_ge_0.85_margin_ge_0.60_entropy_le_0.35_stab_1,True,mlp_final,"{""min_requests"": 1, ""mlp_confidence_min"": 0.85, ""mlp_entropy_max"": 0.35, ""mlp_margin_min"": 0.6, ""mlp_stability_min"": 1}",2,24,5.958333333333333,4.0,6.958333333333333,0.041666666666666664,0.9583333333333334,1.541666666666667,20,0.8333333333333334,0.9166666666666666,0.9166666666666666,0.7435897435897435
mlp_confidence,mlp_conf_ge_0.85_margin_ge_0.60_entropy_le_0.35_stab_1,True,conservative_hybrid_final,"{""min_requests"": 1, ""mlp_confidence_min"": 0.85, ""mlp_entropy_max"": 0.35, ""mlp_margin_min"": 0.6, ""mlp_stability_min"": 1}",2,24,5.958333333333333,4.0,6.958333333333333,0.041666666666666664,0.9583333333333334,1.541666666666667,21,0.875,0.875,0.9166666666666666,0.8133333333333332
mlp_confidence,mlp_conf_ge_0.85_margin_ge_0.60_entropy_le_0.35_stab_1,True,agreement_hybrid_final,"{""min_requests"": 1, ""mlp_confidence_min"": 0.85, ""mlp_entropy_max"": 0.35, ""mlp_margin_min"": 0.6, ""mlp_stability_min"": 1}",2,24,5.958333333333333,4.0,6.958333333333333,0.041666666666666664,0.9583333333333334,1.541666666666667,21,0.875,0.875,0.9166666666666666,0.8133333333333332
mlp_confidence,mlp_conf_ge_0.85_margin_ge_0.60_entropy_le_0.35_stab_2,True,llm_final,"{""min_requests"": 1, ""mlp_confidence_min"": 0.85, ""mlp_entropy_max"": 0.35, ""mlp_margin_min"": 0.6, ""mlp_stability_min"": 2}",2,24,6.541666666666667,5.0,7.541666666666667,0.041666666666666664,0.9583333333333334,0.958333333333333,21,0.875,0.9166666666666666,0.9166666666666666,0.8133333333333332
mlp_confidence,mlp_conf_ge_0.85_margin_ge_0.60_entropy_le_0.35_stab_2,True,mlp_final,"{""min_requests"": 1, ""mlp_confidence_min"": 0.85, ""mlp_entropy_max"": 0.35, ""mlp_margin_min"": 0.6, ""mlp_stability_min"": 2}",2,24,6.541666666666667,5.0,7.541666666666667,0.041666666666666664,0.9583333333333334,0.958333333333333,21,0.875,0.9166666666666666,0.9166666666666666,0.7948717948717948
mlp_confidence,mlp_conf_ge_0.85_margin_ge_0.60_entropy_le_0.35_stab_2,True,conservative_hybrid_final,"{""min_requests"": 1, ""mlp_confidence_min"": 0.85, ""mlp_entropy_max"": 0.35, ""mlp_margin_min"": 0.6, ""mlp_stability_min"": 2}",2,24,6.541666666666667,5.0,7.541666666666667,0.041666666666666664,0.9583333333333334,0.958333333333333,21,0.875,0.9166666666666666,0.9166666666666666,0.8133333333333332
mlp_confidence,mlp_conf_ge_0.85_margin_ge_0.60_entropy_le_0.35_stab_2,True,agreement_hybrid_final,"{""min_requests"": 1, ""mlp_confidence_min"": 0.85, ""mlp_entropy_max"": 0.35, ""mlp_margin_min"": 0.6, ""mlp_stability_min"": 2}",2,24,6.541666666666667,5.0,7.541666666666667,0.041666666666666664,0.9583333333333334,0.958333333333333,21,0.875,0.9166666666666666,0.9166666666666666,0.8133333333333332
mlp_confidence,mlp_conf_ge_0.85_margin_ge_0.80_entropy_le_0.10_stab_0,True,llm_final,"{""min_requests"": 1, ""mlp_confidence_min"": 0.85, ""mlp_entropy_max"": 0.1, ""mlp_margin_min"": 0.8, ""mlp_stability_min"": 0}",2,24,6.875,4.5,7.875,0.08333333333333333,0.9166666666666666,0.625,22,0.9166666666666666,0.9166666666666666,0.9166666666666666,0.8666666666666666
mlp_confidence,mlp_conf_ge_0.85_margin_ge_0.80_entropy_le_0.10_stab_0,True,mlp_final,"{""min_requests"": 1, ""mlp_confidence_min"": 0.85, ""mlp_entropy_max"": 0.1, ""mlp_margin_min"": 0.8, ""mlp_stability_min"": 0}",2,24,6.875,4.5,7.875,0.08333333333333333,0.9166666666666666,0.625,21,0.875,0.9583333333333334,0.9583333333333334,0.7948717948717948
mlp_confidence,mlp_conf_ge_0.85_margin_ge_0.80_entropy_le_0.10_stab_0,True,conservative_hybrid_final,"{""min_requests"": 1, ""mlp_confidence_min"": 0.85, ""mlp_entropy_max"": 0.1, ""mlp_margin_min"": 0.8, ""mlp_stability_min"": 0}",2,24,6.875,4.5,7.875,0.08333333333333333,0.9166666666666666,0.625,22,0.9166666666666666,0.9166666666666666,0.9166666666666666,0.8666666666666666
mlp_confidence,mlp_conf_ge_0.85_margin_ge_0.80_entropy_le_0.10_stab_0,True,agreement_hybrid_final,"{""min_requests"": 1, ""mlp_confidence_min"": 0.85, ""mlp_entropy_max"": 0.1, ""mlp_margin_min"": 0.8, ""mlp_stability_min"": 0}",2,24,6.875,4.5,7.875,0.08333333333333333,0.9166666666666666,0.625,22,0.9166666666666666,0.9166666666666666,0.9166666666666666,0.8666666666666666
mlp_confidence,mlp_conf_ge_0.85_margin_ge_0.80_entropy_le_0.10_stab_1,True,llm_final,"{""min_requests"": 1, ""mlp_confidence_min"": 0.85, ""mlp_entropy_max"": 0.1, ""mlp_margin_min"": 0.8, ""mlp_stability_min"": 1}",2,24,6.916666666666667,4.5,7.916666666666667,0.08333333333333333,0.9166666666666666,0.583333333333333,22,0.9166666666666666,0.9166666666666666,0.9166666666666666,0.8666666666666666
mlp_confidence,mlp_conf_ge_0.85_margin_ge_0.80_entropy_le_0.10_stab_1,True,mlp_final,"{""min_requests"": 1, ""mlp_confidence_min"": 0.85, ""mlp_entropy_max"": 0.1, ""mlp_margin_min"": 0.8, ""mlp_stability_min"": 1}",2,24,6.916666666666667,4.5,7.916666666666667,0.08333333333333333,0.9166666666666666,0.583333333333333,21,0.875,0.9583333333333334,0.9583333333333334,0.7948717948717948
mlp_confidence,mlp_conf_ge_0.85_margin_ge_0.80_entropy_le_0.10_stab_1,True,conservative_hybrid_final,"{""min_requests"": 1, ""mlp_confidence_min"": 0.85, ""mlp_entropy_max"": 0.1, ""mlp_margin_min"": 0.8, ""mlp_stability_min"": 1}",2,24,6.916666666666667,4.5,7.916666666666667,0.08333333333333333,0.9166666666666666,0.583333333333333,22,0.9166666666666666,0.9166666666666666,0.9166666666666666,0.8666666666666666
mlp_confidence,mlp_conf_ge_0.85_margin_ge_0.80_entropy_le_0.10_stab_1,True,agreement_hybrid_final,"{""min_requests"": 1, ""mlp_confidence_min"": 0.85, ""mlp_entropy_max"": 0.1, ""mlp_margin_min"": 0.8, ""mlp_stability_min"": 1}",2,24,6.916666666666667,4.5,7.916666666666667,0.08333333333333333,0.9166666666666666,0.583333333333333,22,0.9166666666666666,0.9166666666666666,0.9166666666666666,0.8666666666666666
mlp_confidence,mlp_conf_ge_0.85_margin_ge_0.80_entropy_le_0.10_stab_2,True,llm_final,"{""min_requests"": 1, ""mlp_confidence_min"": 0.85, ""mlp_entropy_max"": 0.1, ""mlp_margin_min"": 0.8, ""mlp_stability_min"": 2}",2,24,7.375,5.0,8.375,0.08333333333333333,0.9166666666666666,0.125,22,0.9166666666666666,0.9166666666666666,0.9166666666666666,0.8666666666666666
mlp_confidence,mlp_conf_ge_0.85_margin_ge_0.80_entropy_le_0.10_stab_2,True,mlp_final,"{""min_requests"": 1, ""mlp_confidence_min"": 0.85, ""mlp_entropy_max"": 0.1, ""mlp_margin_min"": 0.8, ""mlp_stability_min"": 2}",2,24,7.375,5.0,8.375,0.08333333333333333,0.9166666666666666,0.125,21,0.875,0.9583333333333334,0.9583333333333334,0.7948717948717948
mlp_confidence,mlp_conf_ge_0.85_margin_ge_0.80_entropy_le_0.10_stab_2,True,conservative_hybrid_final,"{""min_requests"": 1, ""mlp_confidence_min"": 0.85, ""mlp_entropy_max"": 0.1, ""mlp_margin_min"": 0.8, ""mlp_stability_min"": 2}",2,24,7.375,5.0,8.375,0.08333333333333333,0.9166666666666666,0.125,22,0.9166666666666666,0.9166666666666666,0.9166666666666666,0.8666666666666666
mlp_confidence,mlp_conf_ge_0.85_margin_ge_0.80_entropy_le_0.10_stab_2,True,agreement_hybrid_final,"{""min_requests"": 1, ""mlp_confidence_min"": 0.85, ""mlp_entropy_max"": 0.1, ""mlp_margin_min"": 0.8, ""mlp_stability_min"": 2}",2,24,7.375,5.0,8.375,0.08333333333333333,0.9166666666666666,0.125,22,0.9166666666666666,0.9166666666666666,0.9166666666666666,0.8666666666666666
mlp_confidence,mlp_conf_ge_0.85_margin_ge_0.80_entropy_le_0.20_stab_0,True,llm_final,"{""min_requests"": 1, ""mlp_confidence_min"": 0.85, ""mlp_entropy_max"": 0.2, ""mlp_margin_min"": 0.8, ""mlp_stability_min"": 0}",2,24,6.125,3.5,7.125,0.041666666666666664,0.9583333333333334,1.375,21,0.875,0.875,0.9166666666666666,0.8133333333333332
mlp_confidence,mlp_conf_ge_0.85_margin_ge_0.80_entropy_le_0.20_stab_0,True,mlp_final,"{""min_requests"": 1, ""mlp_confidence_min"": 0.85, ""mlp_entropy_max"": 0.2, ""mlp_margin_min"": 0.8, ""mlp_stability_min"": 0}",2,24,6.125,3.5,7.125,0.041666666666666664,0.9583333333333334,1.375,20,0.8333333333333334,0.9166666666666666,0.9166666666666666,0.7435897435897435
mlp_confidence,mlp_conf_ge_0.85_margin_ge_0.80_entropy_le_0.20_stab_0,True,conservative_hybrid_final,"{""min_requests"": 1, ""mlp_confidence_min"": 0.85, ""mlp_entropy_max"": 0.2, ""mlp_margin_min"": 0.8, ""mlp_stability_min"": 0}",2,24,6.125,3.5,7.125,0.041666666666666664,0.9583333333333334,1.375,21,0.875,0.875,0.9166666666666666,0.8133333333333332
mlp_confidence,mlp_conf_ge_0.85_margin_ge_0.80_entropy_le_0.20_stab_0,True,agreement_hybrid_final,"{""min_requests"": 1, ""mlp_confidence_min"": 0.85, ""mlp_entropy_max"": 0.2, ""mlp_margin_min"": 0.8, ""mlp_stability_min"": 0}",2,24,6.125,3.5,7.125,0.041666666666666664,0.9583333333333334,1.375,21,0.875,0.875,0.9166666666666666,0.8133333333333332
mlp_confidence,mlp_conf_ge_0.85_margin_ge_0.80_entropy_le_0.20_stab_1,True,llm_final,"{""min_requests"": 1, ""mlp_confidence_min"": 0.85, ""mlp_entropy_max"": 0.2, ""mlp_margin_min"": 0.8, ""mlp_stability_min"": 1}",2,24,6.208333333333333,4.0,7.208333333333333,0.041666666666666664,0.9583333333333334,1.291666666666667,21,0.875,0.875,0.9166666666666666,0.8133333333333332
mlp_confidence,mlp_conf_ge_0.85_margin_ge_0.80_entropy_le_0.20_stab_1,True,mlp_final,"{""min_requests"": 1, ""mlp_confidence_min"": 0.85, ""mlp_entropy_max"": 0.2, ""mlp_margin_min"": 0.8, ""mlp_stability_min"": 1}",2,24,6.208333333333333,4.0,7.208333333333333,0.041666666666666664,0.9583333333333334,1.291666666666667,20,0.8333333333333334,0.9166666666666666,0.9166666666666666,0.7435897435897435
mlp_confidence,mlp_conf_ge_0.85_margin_ge_0.80_entropy_le_0.20_stab_1,True,conservative_hybrid_final,"{""min_requests"": 1, ""mlp_confidence_min"": 0.85, ""mlp_entropy_max"": 0.2, ""mlp_margin_min"": 0.8, ""mlp_stability_min"": 1}",2,24,6.208333333333333,4.0,7.208333333333333,0.041666666666666664,0.9583333333333334,1.291666666666667,21,0.875,0.875,0.9166666666666666,0.8133333333333332
mlp_confidence,mlp_conf_ge_0.85_margin_ge_0.80_entropy_le_0.20_stab_1,True,agreement_hybrid_final,"{""min_requests"": 1, ""mlp_confidence_min"": 0.85, ""mlp_entropy_max"": 0.2, ""mlp_margin_min"": 0.8, ""mlp_stability_min"": 1}",2,24,6.208333333333333,4.0,7.208333333333333,0.041666666666666664,0.9583333333333334,1.291666666666667,21,0.875,0.875,0.9166666666666666,0.8133333333333332
mlp_confidence,mlp_conf_ge_0.85_margin_ge_0.80_entropy_le_0.20_stab_2,True,llm_final,"{""min_requests"": 1, ""mlp_confidence_min"": 0.85, ""mlp_entropy_max"": 0.2, ""mlp_margin_min"": 0.8, ""mlp_stability_min"": 2}",2,24,6.791666666666667,5.0,7.791666666666667,0.041666666666666664,0.9583333333333334,0.708333333333333,21,0.875,0.9166666666666666,0.9166666666666666,0.8133333333333332
mlp_confidence,mlp_conf_ge_0.85_margin_ge_0.80_entropy_le_0.20_stab_2,True,mlp_final,"{""min_requests"": 1, ""mlp_confidence_min"": 0.85, ""mlp_entropy_max"": 0.2, ""mlp_margin_min"": 0.8, ""mlp_stability_min"": 2}",2,24,6.791666666666667,5.0,7.791666666666667,0.041666666666666664,0.9583333333333334,0.708333333333333,21,0.875,0.9166666666666666,0.9166666666666666,0.7948717948717948
mlp_confidence,mlp_conf_ge_0.85_margin_ge_0.80_entropy_le_0.20_stab_2,True,conservative_hybrid_final,"{""min_requests"": 1, ""mlp_confidence_min"": 0.85, ""mlp_entropy_max"": 0.2, ""mlp_margin_min"": 0.8, ""mlp_stability_min"": 2}",2,24,6.791666666666667,5.0,7.791666666666667,0.041666666666666664,0.9583333333333334,0.708333333333333,21,0.875,0.9166666666666666,0.9166666666666666,0.8133333333333332
mlp_confidence,mlp_conf_ge_0.85_margin_ge_0.80_entropy_le_0.20_stab_2,True,agreement_hybrid_final,"{""min_requests"": 1, ""mlp_confidence_min"": 0.85, ""mlp_entropy_max"": 0.2, ""mlp_margin_min"": 0.8, ""mlp_stability_min"": 2}",2,24,6.791666666666667,5.0,7.791666666666667,0.041666666666666664,0.9583333333333334,0.708333333333333,21,0.875,0.9166666666666666,0.9166666666666666,0.8133333333333332
mlp_confidence,mlp_conf_ge_0.85_margin_ge_0.80_entropy_le_0.35_stab_0,True,llm_final,"{""min_requests"": 1, ""mlp_confidence_min"": 0.85, ""mlp_entropy_max"": 0.35, ""mlp_margin_min"": 0.8, ""mlp_stability_min"": 0}",2,24,6.125,3.5,7.125,0.041666666666666664,0.9583333333333334,1.375,21,0.875,0.875,0.9166666666666666,0.8133333333333332
mlp_confidence,mlp_conf_ge_0.85_margin_ge_0.80_entropy_le_0.35_stab_0,True,mlp_final,"{""min_requests"": 1, ""mlp_confidence_min"": 0.85, ""mlp_entropy_max"": 0.35, ""mlp_margin_min"": 0.8, ""mlp_stability_min"": 0}",2,24,6.125,3.5,7.125,0.041666666666666664,0.9583333333333334,1.375,20,0.8333333333333334,0.9166666666666666,0.9166666666666666,0.7435897435897435
mlp_confidence,mlp_conf_ge_0.85_margin_ge_0.80_entropy_le_0.35_stab_0,True,conservative_hybrid_final,"{""min_requests"": 1, ""mlp_confidence_min"": 0.85, ""mlp_entropy_max"": 0.35, ""mlp_margin_min"": 0.8, ""mlp_stability_min"": 0}",2,24,6.125,3.5,7.125,0.041666666666666664,0.9583333333333334,1.375,21,0.875,0.875,0.9166666666666666,0.8133333333333332
mlp_confidence,mlp_conf_ge_0.85_margin_ge_0.80_entropy_le_0.35_stab_0,True,agreement_hybrid_final,"{""min_requests"": 1, ""mlp_confidence_min"": 0.85, ""mlp_entropy_max"": 0.35, ""mlp_margin_min"": 0.8, ""mlp_stability_min"": 0}",2,24,6.125,3.5,7.125,0.041666666666666664,0.9583333333333334,1.375,21,0.875,0.875,0.9166666666666666,0.8133333333333332
mlp_confidence,mlp_conf_ge_0.85_margin_ge_0.80_entropy_le_0.35_stab_1,True,llm_final,"{""min_requests"": 1, ""mlp_confidence_min"": 0.85, ""mlp_entropy_max"": 0.35, ""mlp_margin_min"": 0.8, ""mlp_stability_min"": 1}",2,24,6.208333333333333,4.0,7.208333333333333,0.041666666666666664,0.9583333333333334,1.291666666666667,21,0.875,0.875,0.9166666666666666,0.8133333333333332
mlp_confidence,mlp_conf_ge_0.85_margin_ge_0.80_entropy_le_0.35_stab_1,True,mlp_final,"{""min_requests"": 1, ""mlp_confidence_min"": 0.85, ""mlp_entropy_max"": 0.35, ""mlp_margin_min"": 0.8, ""mlp_stability_min"": 1}",2,24,6.208333333333333,4.0,7.208333333333333,0.041666666666666664,0.9583333333333334,1.291666666666667,20,0.8333333333333334,0.9166666666666666,0.9166666666666666,0.7435897435897435
mlp_confidence,mlp_conf_ge_0.85_margin_ge_0.80_entropy_le_0.35_stab_1,True,conservative_hybrid_final,"{""min_requests"": 1, ""mlp_confidence_min"": 0.85, ""mlp_entropy_max"": 0.35, ""mlp_margin_min"": 0.8, ""mlp_stability_min"": 1}",2,24,6.208333333333333,4.0,7.208333333333333,0.041666666666666664,0.9583333333333334,1.291666666666667,21,0.875,0.875,0.9166666666666666,0.8133333333333332
mlp_confidence,mlp_conf_ge_0.85_margin_ge_0.80_entropy_le_0.35_stab_1,True,agreement_hybrid_final,"{""min_requests"": 1, ""mlp_confidence_min"": 0.85, ""mlp_entropy_max"": 0.35, ""mlp_margin_min"": 0.8, ""mlp_stability_min"": 1}",2,24,6.208333333333333,4.0,7.208333333333333,0.041666666666666664,0.9583333333333334,1.291666666666667,21,0.875,0.875,0.9166666666666666,0.8133333333333332
mlp_confidence,mlp_conf_ge_0.85_margin_ge_0.80_entropy_le_0.35_stab_2,True,llm_final,"{""min_requests"": 1, ""mlp_confidence_min"": 0.85, ""mlp_entropy_max"": 0.35, ""mlp_margin_min"": 0.8, ""mlp_stability_min"": 2}",2,24,6.791666666666667,5.0,7.791666666666667,0.041666666666666664,0.9583333333333334,0.708333333333333,21,0.875,0.9166666666666666,0.9166666666666666,0.8133333333333332
mlp_confidence,mlp_conf_ge_0.85_margin_ge_0.80_entropy_le_0.35_stab_2,True,mlp_final,"{""min_requests"": 1, ""mlp_confidence_min"": 0.85, ""mlp_entropy_max"": 0.35, ""mlp_margin_min"": 0.8, ""mlp_stability_min"": 2}",2,24,6.791666666666667,5.0,7.791666666666667,0.041666666666666664,0.9583333333333334,0.708333333333333,21,0.875,0.9166666666666666,0.9166666666666666,0.7948717948717948
mlp_confidence,mlp_conf_ge_0.85_margin_ge_0.80_entropy_le_0.35_stab_2,True,conservative_hybrid_final,"{""min_requests"": 1, ""mlp_confidence_min"": 0.85, ""mlp_entropy_max"": 0.35, ""mlp_margin_min"": 0.8, ""mlp_stability_min"": 2}",2,24,6.791666666666667,5.0,7.791666666666667,0.041666666666666664,0.9583333333333334,0.708333333333333,21,0.875,0.9166666666666666,0.9166666666666666,0.8133333333333332
mlp_confidence,mlp_conf_ge_0.85_margin_ge_0.80_entropy_le_0.35_stab_2,True,agreement_hybrid_final,"{""min_requests"": 1, ""mlp_confidence_min"": 0.85, ""mlp_entropy_max"": 0.35, ""mlp_margin_min"": 0.8, ""mlp_stability_min"": 2}",2,24,6.791666666666667,5.0,7.791666666666667,0.041666666666666664,0.9583333333333334,0.708333333333333,21,0.875,0.9166666666666666,0.9166666666666666,0.8133333333333332
mlp_confidence,mlp_conf_ge_0.90_margin_ge_0.20_entropy_le_0.10_stab_0,True,llm_final,"{""min_requests"": 1, ""mlp_confidence_min"": 0.9, ""mlp_entropy_max"": 0.1, ""mlp_margin_min"": 0.2, ""mlp_stability_min"": 0}",2,24,6.875,4.5,7.875,0.08333333333333333,0.9166666666666666,0.625,22,0.9166666666666666,0.9166666666666666,0.9166666666666666,0.8666666666666666
mlp_confidence,mlp_conf_ge_0.90_margin_ge_0.20_entropy_le_0.10_stab_0,True,mlp_final,"{""min_requests"": 1, ""mlp_confidence_min"": 0.9, ""mlp_entropy_max"": 0.1, ""mlp_margin_min"": 0.2, ""mlp_stability_min"": 0}",2,24,6.875,4.5,7.875,0.08333333333333333,0.9166666666666666,0.625,21,0.875,0.9583333333333334,0.9583333333333334,0.7948717948717948
mlp_confidence,mlp_conf_ge_0.90_margin_ge_0.20_entropy_le_0.10_stab_0,True,conservative_hybrid_final,"{""min_requests"": 1, ""mlp_confidence_min"": 0.9, ""mlp_entropy_max"": 0.1, ""mlp_margin_min"": 0.2, ""mlp_stability_min"": 0}",2,24,6.875,4.5,7.875,0.08333333333333333,0.9166666666666666,0.625,22,0.9166666666666666,0.9166666666666666,0.9166666666666666,0.8666666666666666
mlp_confidence,mlp_conf_ge_0.90_margin_ge_0.20_entropy_le_0.10_stab_0,True,agreement_hybrid_final,"{""min_requests"": 1, ""mlp_confidence_min"": 0.9, ""mlp_entropy_max"": 0.1, ""mlp_margin_min"": 0.2, ""mlp_stability_min"": 0}",2,24,6.875,4.5,7.875,0.08333333333333333,0.9166666666666666,0.625,22,0.9166666666666666,0.9166666666666666,0.9166666666666666,0.8666666666666666
mlp_confidence,mlp_conf_ge_0.90_margin_ge_0.20_entropy_le_0.10_stab_1,True,llm_final,"{""min_requests"": 1, ""mlp_confidence_min"": 0.9, ""mlp_entropy_max"": 0.1, ""mlp_margin_min"": 0.2, ""mlp_stability_min"": 1}",2,24,6.916666666666667,4.5,7.916666666666667,0.08333333333333333,0.9166666666666666,0.583333333333333,22,0.9166666666666666,0.9166666666666666,0.9166666666666666,0.8666666666666666
mlp_confidence,mlp_conf_ge_0.90_margin_ge_0.20_entropy_le_0.10_stab_1,True,mlp_final,"{""min_requests"": 1, ""mlp_confidence_min"": 0.9, ""mlp_entropy_max"": 0.1, ""mlp_margin_min"": 0.2, ""mlp_stability_min"": 1}",2,24,6.916666666666667,4.5,7.916666666666667,0.08333333333333333,0.9166666666666666,0.583333333333333,21,0.875,0.9583333333333334,0.9583333333333334,0.7948717948717948
mlp_confidence,mlp_conf_ge_0.90_margin_ge_0.20_entropy_le_0.10_stab_1,True,conservative_hybrid_final,"{""min_requests"": 1, ""mlp_confidence_min"": 0.9, ""mlp_entropy_max"": 0.1, ""mlp_margin_min"": 0.2, ""mlp_stability_min"": 1}",2,24,6.916666666666667,4.5,7.916666666666667,0.08333333333333333,0.9166666666666666,0.583333333333333,22,0.9166666666666666,0.9166666666666666,0.9166666666666666,0.8666666666666666
mlp_confidence,mlp_conf_ge_0.90_margin_ge_0.20_entropy_le_0.10_stab_1,True,agreement_hybrid_final,"{""min_requests"": 1, ""mlp_confidence_min"": 0.9, ""mlp_entropy_max"": 0.1, ""mlp_margin_min"": 0.2, ""mlp_stability_min"": 1}",2,24,6.916666666666667,4.5,7.916666666666667,0.08333333333333333,0.9166666666666666,0.583333333333333,22,0.9166666666666666,0.9166666666666666,0.9166666666666666,0.8666666666666666
mlp_confidence,mlp_conf_ge_0.90_margin_ge_0.20_entropy_le_0.10_stab_2,True,llm_final,"{""min_requests"": 1, ""mlp_confidence_min"": 0.9, ""mlp_entropy_max"": 0.1, ""mlp_margin_min"": 0.2, ""mlp_stability_min"": 2}",2,24,7.375,5.0,8.375,0.08333333333333333,0.9166666666666666,0.125,22,0.9166666666666666,0.9166666666666666,0.9166666666666666,0.8666666666666666
mlp_confidence,mlp_conf_ge_0.90_margin_ge_0.20_entropy_le_0.10_stab_2,True,mlp_final,"{""min_requests"": 1, ""mlp_confidence_min"": 0.9, ""mlp_entropy_max"": 0.1, ""mlp_margin_min"": 0.2, ""mlp_stability_min"": 2}",2,24,7.375,5.0,8.375,0.08333333333333333,0.9166666666666666,0.125,21,0.875,0.9583333333333334,0.9583333333333334,0.7948717948717948
mlp_confidence,mlp_conf_ge_0.90_margin_ge_0.20_entropy_le_0.10_stab_2,True,conservative_hybrid_final,"{""min_requests"": 1, ""mlp_confidence_min"": 0.9, ""mlp_entropy_max"": 0.1, ""mlp_margin_min"": 0.2, ""mlp_stability_min"": 2}",2,24,7.375,5.0,8.375,0.08333333333333333,0.9166666666666666,0.125,22,0.9166666666666666,0.9166666666666666,0.9166666666666666,0.8666666666666666
mlp_confidence,mlp_conf_ge_0.90_margin_ge_0.20_entropy_le_0.10_stab_2,True,agreement_hybrid_final,"{""min_requests"": 1, ""mlp_confidence_min"": 0.9, ""mlp_entropy_max"": 0.1, ""mlp_margin_min"": 0.2, ""mlp_stability_min"": 2}",2,24,7.375,5.0,8.375,0.08333333333333333,0.9166666666666666,0.125,22,0.9166666666666666,0.9166666666666666,0.9166666666666666,0.8666666666666666
mlp_confidence,mlp_conf_ge_0.90_margin_ge_0.20_entropy_le_0.20_stab_0,True,llm_final,"{""min_requests"": 1, ""mlp_confidence_min"": 0.9, ""mlp_entropy_max"": 0.2, ""mlp_margin_min"": 0.2, ""mlp_stability_min"": 0}",2,24,6.75,4.0,7.75,0.08333333333333333,0.9166666666666666,0.75,21,0.875,0.875,0.9166666666666666,0.8133333333333332
mlp_confidence,mlp_conf_ge_0.90_margin_ge_0.20_entropy_le_0.20_stab_0,True,mlp_final,"{""min_requests"": 1, ""mlp_confidence_min"": 0.9, ""mlp_entropy_max"": 0.2, ""mlp_margin_min"": 0.2, ""mlp_stability_min"": 0}",2,24,6.75,4.0,7.75,0.08333333333333333,0.9166666666666666,0.75,20,0.8333333333333334,0.9583333333333334,0.9583333333333334,0.7435897435897435
mlp_confidence,mlp_conf_ge_0.90_margin_ge_0.20_entropy_le_0.20_stab_0,True,conservative_hybrid_final,"{""min_requests"": 1, ""mlp_confidence_min"": 0.9, ""mlp_entropy_max"": 0.2, ""mlp_margin_min"": 0.2, ""mlp_stability_min"": 0}",2,24,6.75,4.0,7.75,0.08333333333333333,0.9166666666666666,0.75,21,0.875,0.875,0.9166666666666666,0.8133333333333332
mlp_confidence,mlp_conf_ge_0.90_margin_ge_0.20_entropy_le_0.20_stab_0,True,agreement_hybrid_final,"{""min_requests"": 1, ""mlp_confidence_min"": 0.9, ""mlp_entropy_max"": 0.2, ""mlp_margin_min"": 0.2, ""mlp_stability_min"": 0}",2,24,6.75,4.0,7.75,0.08333333333333333,0.9166666666666666,0.75,21,0.875,0.875,0.9166666666666666,0.8133333333333332
mlp_confidence,mlp_conf_ge_0.90_margin_ge_0.20_entropy_le_0.20_stab_1,True,llm_final,"{""min_requests"": 1, ""mlp_confidence_min"": 0.9, ""mlp_entropy_max"": 0.2, ""mlp_margin_min"": 0.2, ""mlp_stability_min"": 1}",2,24,6.791666666666667,4.0,7.791666666666667,0.08333333333333333,0.9166666666666666,0.708333333333333,21,0.875,0.875,0.9166666666666666,0.8133333333333332
mlp_confidence,mlp_conf_ge_0.90_margin_ge_0.20_entropy_le_0.20_stab_1,True,mlp_final,"{""min_requests"": 1, ""mlp_confidence_min"": 0.9, ""mlp_entropy_max"": 0.2, ""mlp_margin_min"": 0.2, ""mlp_stability_min"": 1}",2,24,6.791666666666667,4.0,7.791666666666667,0.08333333333333333,0.9166666666666666,0.708333333333333,20,0.8333333333333334,0.9583333333333334,0.9583333333333334,0.7435897435897435
mlp_confidence,mlp_conf_ge_0.90_margin_ge_0.20_entropy_le_0.20_stab_1,True,conservative_hybrid_final,"{""min_requests"": 1, ""mlp_confidence_min"": 0.9, ""mlp_entropy_max"": 0.2, ""mlp_margin_min"": 0.2, ""mlp_stability_min"": 1}",2,24,6.791666666666667,4.0,7.791666666666667,0.08333333333333333,0.9166666666666666,0.708333333333333,21,0.875,0.875,0.9166666666666666,0.8133333333333332
mlp_confidence,mlp_conf_ge_0.90_margin_ge_0.20_entropy_le_0.20_stab_1,True,agreement_hybrid_final,"{""min_requests"": 1, ""mlp_confidence_min"": 0.9, ""mlp_entropy_max"": 0.2, ""mlp_margin_min"": 0.2, ""mlp_stability_min"": 1}",2,24,6.791666666666667,4.0,7.791666666666667,0.08333333333333333,0.9166666666666666,0.708333333333333,21,0.875,0.875,0.9166666666666666,0.8133333333333332
mlp_confidence,mlp_conf_ge_0.90_margin_ge_0.20_entropy_le_0.20_stab_2,True,llm_final,"{""min_requests"": 1, ""mlp_confidence_min"": 0.9, ""mlp_entropy_max"": 0.2, ""mlp_margin_min"": 0.2, ""mlp_stability_min"": 2}",2,24,7.375,5.0,8.375,0.08333333333333333,0.9166666666666666,0.125,22,0.9166666666666666,0.9166666666666666,0.9166666666666666,0.8666666666666666
mlp_confidence,mlp_conf_ge_0.90_margin_ge_0.20_entropy_le_0.20_stab_2,True,mlp_final,"{""min_requests"": 1, ""mlp_confidence_min"": 0.9, ""mlp_entropy_max"": 0.2, ""mlp_margin_min"": 0.2, ""mlp_stability_min"": 2}",2,24,7.375,5.0,8.375,0.08333333333333333,0.9166666666666666,0.125,21,0.875,0.9583333333333334,0.9583333333333334,0.7948717948717948
mlp_confidence,mlp_conf_ge_0.90_margin_ge_0.20_entropy_le_0.20_stab_2,True,conservative_hybrid_final,"{""min_requests"": 1, ""mlp_confidence_min"": 0.9, ""mlp_entropy_max"": 0.2, ""mlp_margin_min"": 0.2, ""mlp_stability_min"": 2}",2,24,7.375,5.0,8.375,0.08333333333333333,0.9166666666666666,0.125,22,0.9166666666666666,0.9166666666666666,0.9166666666666666,0.8666666666666666
mlp_confidence,mlp_conf_ge_0.90_margin_ge_0.20_entropy_le_0.20_stab_2,True,agreement_hybrid_final,"{""min_requests"": 1, ""mlp_confidence_min"": 0.9, ""mlp_entropy_max"": 0.2, ""mlp_margin_min"": 0.2, ""mlp_stability_min"": 2}",2,24,7.375,5.0,8.375,0.08333333333333333,0.9166666666666666,0.125,22,0.9166666666666666,0.9166666666666666,0.9166666666666666,0.8666666666666666
mlp_confidence,mlp_conf_ge_0.90_margin_ge_0.20_entropy_le_0.35_stab_0,True,llm_final,"{""min_requests"": 1, ""mlp_confidence_min"": 0.9, ""mlp_entropy_max"": 0.35, ""mlp_margin_min"": 0.2, ""mlp_stability_min"": 0}",2,24,6.75,4.0,7.75,0.08333333333333333,0.9166666666666666,0.75,21,0.875,0.875,0.9166666666666666,0.8133333333333332
mlp_confidence,mlp_conf_ge_0.90_margin_ge_0.20_entropy_le_0.35_stab_0,True,mlp_final,"{""min_requests"": 1, ""mlp_confidence_min"": 0.9, ""mlp_entropy_max"": 0.35, ""mlp_margin_min"": 0.2, ""mlp_stability_min"": 0}",2,24,6.75,4.0,7.75,0.08333333333333333,0.9166666666666666,0.75,20,0.8333333333333334,0.9583333333333334,0.9583333333333334,0.7435897435897435
mlp_confidence,mlp_conf_ge_0.90_margin_ge_0.20_entropy_le_0.35_stab_0,True,conservative_hybrid_final,"{""min_requests"": 1, ""mlp_confidence_min"": 0.9, ""mlp_entropy_max"": 0.35, ""mlp_margin_min"": 0.2, ""mlp_stability_min"": 0}",2,24,6.75,4.0,7.75,0.08333333333333333,0.9166666666666666,0.75,21,0.875,0.875,0.9166666666666666,0.8133333333333332
mlp_confidence,mlp_conf_ge_0.90_margin_ge_0.20_entropy_le_0.35_stab_0,True,agreement_hybrid_final,"{""min_requests"": 1, ""mlp_confidence_min"": 0.9, ""mlp_entropy_max"": 0.35, ""mlp_margin_min"": 0.2, ""mlp_stability_min"": 0}",2,24,6.75,4.0,7.75,0.08333333333333333,0.9166666666666666,0.75,21,0.875,0.875,0.9166666666666666,0.8133333333333332
mlp_confidence,mlp_conf_ge_0.90_margin_ge_0.20_entropy_le_0.35_stab_1,True,llm_final,"{""min_requests"": 1, ""mlp_confidence_min"": 0.9, ""mlp_entropy_max"": 0.35, ""mlp_margin_min"": 0.2, ""mlp_stability_min"": 1}",2,24,6.791666666666667,4.0,7.791666666666667,0.08333333333333333,0.9166666666666666,0.708333333333333,21,0.875,0.875,0.9166666666666666,0.8133333333333332
mlp_confidence,mlp_conf_ge_0.90_margin_ge_0.20_entropy_le_0.35_stab_1,True,mlp_final,"{""min_requests"": 1, ""mlp_confidence_min"": 0.9, ""mlp_entropy_max"": 0.35, ""mlp_margin_min"": 0.2, ""mlp_stability_min"": 1}",2,24,6.791666666666667,4.0,7.791666666666667,0.08333333333333333,0.9166666666666666,0.708333333333333,20,0.8333333333333334,0.9583333333333334,0.9583333333333334,0.7435897435897435
mlp_confidence,mlp_conf_ge_0.90_margin_ge_0.20_entropy_le_0.35_stab_1,True,conservative_hybrid_final,"{""min_requests"": 1, ""mlp_confidence_min"": 0.9, ""mlp_entropy_max"": 0.35, ""mlp_margin_min"": 0.2, ""mlp_stability_min"": 1}",2,24,6.791666666666667,4.0,7.791666666666667,0.08333333333333333,0.9166666666666666,0.708333333333333,21,0.875,0.875,0.9166666666666666,0.8133333333333332
mlp_confidence,mlp_conf_ge_0.90_margin_ge_0.20_entropy_le_0.35_stab_1,True,agreement_hybrid_final,"{""min_requests"": 1, ""mlp_confidence_min"": 0.9, ""mlp_entropy_max"": 0.35, ""mlp_margin_min"": 0.2, ""mlp_stability_min"": 1}",2,24,6.791666666666667,4.0,7.791666666666667,0.08333333333333333,0.9166666666666666,0.708333333333333,21,0.875,0.875,0.9166666666666666,0.8133333333333332
mlp_confidence,mlp_conf_ge_0.90_margin_ge_0.20_entropy_le_0.35_stab_2,True,llm_final,"{""min_requests"": 1, ""mlp_confidence_min"": 0.9, ""mlp_entropy_max"": 0.35, ""mlp_margin_min"": 0.2, ""mlp_stability_min"": 2}",2,24,7.375,5.0,8.375,0.08333333333333333,0.9166666666666666,0.125,22,0.9166666666666666,0.9166666666666666,0.9166666666666666,0.8666666666666666
mlp_confidence,mlp_conf_ge_0.90_margin_ge_0.20_entropy_le_0.35_stab_2,True,mlp_final,"{""min_requests"": 1, ""mlp_confidence_min"": 0.9, ""mlp_entropy_max"": 0.35, ""mlp_margin_min"": 0.2, ""mlp_stability_min"": 2}",2,24,7.375,5.0,8.375,0.08333333333333333,0.9166666666666666,0.125,21,0.875,0.9583333333333334,0.9583333333333334,0.7948717948717948
mlp_confidence,mlp_conf_ge_0.90_margin_ge_0.20_entropy_le_0.35_stab_2,True,conservative_hybrid_final,"{""min_requests"": 1, ""mlp_confidence_min"": 0.9, ""mlp_entropy_max"": 0.35, ""mlp_margin_min"": 0.2, ""mlp_stability_min"": 2}",2,24,7.375,5.0,8.375,0.08333333333333333,0.9166666666666666,0.125,22,0.9166666666666666,0.9166666666666666,0.9166666666666666,0.8666666666666666
mlp_confidence,mlp_conf_ge_0.90_margin_ge_0.20_entropy_le_0.35_stab_2,True,agreement_hybrid_final,"{""min_requests"": 1, ""mlp_confidence_min"": 0.9, ""mlp_entropy_max"": 0.35, ""mlp_margin_min"": 0.2, ""mlp_stability_min"": 2}",2,24,7.375,5.0,8.375,0.08333333333333333,0.9166666666666666,0.125,22,0.9166666666666666,0.9166666666666666,0.9166666666666666,0.8666666666666666
mlp_confidence,mlp_conf_ge_0.90_margin_ge_0.40_entropy_le_0.10_stab_0,True,llm_final,"{""min_requests"": 1, ""mlp_confidence_min"": 0.9, ""mlp_entropy_max"": 0.1, ""mlp_margin_min"": 0.4, ""mlp_stability_min"": 0}",2,24,6.875,4.5,7.875,0.08333333333333333,0.9166666666666666,0.625,22,0.9166666666666666,0.9166666666666666,0.9166666666666666,0.8666666666666666
mlp_confidence,mlp_conf_ge_0.90_margin_ge_0.40_entropy_le_0.10_stab_0,True,mlp_final,"{""min_requests"": 1, ""mlp_confidence_min"": 0.9, ""mlp_entropy_max"": 0.1, ""mlp_margin_min"": 0.4, ""mlp_stability_min"": 0}",2,24,6.875,4.5,7.875,0.08333333333333333,0.9166666666666666,0.625,21,0.875,0.9583333333333334,0.9583333333333334,0.7948717948717948
mlp_confidence,mlp_conf_ge_0.90_margin_ge_0.40_entropy_le_0.10_stab_0,True,conservative_hybrid_final,"{""min_requests"": 1, ""mlp_confidence_min"": 0.9, ""mlp_entropy_max"": 0.1, ""mlp_margin_min"": 0.4, ""mlp_stability_min"": 0}",2,24,6.875,4.5,7.875,0.08333333333333333,0.9166666666666666,0.625,22,0.9166666666666666,0.9166666666666666,0.9166666666666666,0.8666666666666666
mlp_confidence,mlp_conf_ge_0.90_margin_ge_0.40_entropy_le_0.10_stab_0,True,agreement_hybrid_final,"{""min_requests"": 1, ""mlp_confidence_min"": 0.9, ""mlp_entropy_max"": 0.1, ""mlp_margin_min"": 0.4, ""mlp_stability_min"": 0}",2,24,6.875,4.5,7.875,0.08333333333333333,0.9166666666666666,0.625,22,0.9166666666666666,0.9166666666666666,0.9166666666666666,0.8666666666666666
mlp_confidence,mlp_conf_ge_0.90_margin_ge_0.40_entropy_le_0.10_stab_1,True,llm_final,"{""min_requests"": 1, ""mlp_confidence_min"": 0.9, ""mlp_entropy_max"": 0.1, ""mlp_margin_min"": 0.4, ""mlp_stability_min"": 1}",2,24,6.916666666666667,4.5,7.916666666666667,0.08333333333333333,0.9166666666666666,0.583333333333333,22,0.9166666666666666,0.9166666666666666,0.9166666666666666,0.8666666666666666
mlp_confidence,mlp_conf_ge_0.90_margin_ge_0.40_entropy_le_0.10_stab_1,True,mlp_final,"{""min_requests"": 1, ""mlp_confidence_min"": 0.9, ""mlp_entropy_max"": 0.1, ""mlp_margin_min"": 0.4, ""mlp_stability_min"": 1}",2,24,6.916666666666667,4.5,7.916666666666667,0.08333333333333333,0.9166666666666666,0.583333333333333,21,0.875,0.9583333333333334,0.9583333333333334,0.7948717948717948
mlp_confidence,mlp_conf_ge_0.90_margin_ge_0.40_entropy_le_0.10_stab_1,True,conservative_hybrid_final,"{""min_requests"": 1, ""mlp_confidence_min"": 0.9, ""mlp_entropy_max"": 0.1, ""mlp_margin_min"": 0.4, ""mlp_stability_min"": 1}",2,24,6.916666666666667,4.5,7.916666666666667,0.08333333333333333,0.9166666666666666,0.583333333333333,22,0.9166666666666666,0.9166666666666666,0.9166666666666666,0.8666666666666666
mlp_confidence,mlp_conf_ge_0.90_margin_ge_0.40_entropy_le_0.10_stab_1,True,agreement_hybrid_final,"{""min_requests"": 1, ""mlp_confidence_min"": 0.9, ""mlp_entropy_max"": 0.1, ""mlp_margin_min"": 0.4, ""mlp_stability_min"": 1}",2,24,6.916666666666667,4.5,7.916666666666667,0.08333333333333333,0.9166666666666666,0.583333333333333,22,0.9166666666666666,0.9166666666666666,0.9166666666666666,0.8666666666666666
mlp_confidence,mlp_conf_ge_0.90_margin_ge_0.40_entropy_le_0.10_stab_2,True,llm_final,"{""min_requests"": 1, ""mlp_confidence_min"": 0.9, ""mlp_entropy_max"": 0.1, ""mlp_margin_min"": 0.4, ""mlp_stability_min"": 2}",2,24,7.375,5.0,8.375,0.08333333333333333,0.9166666666666666,0.125,22,0.9166666666666666,0.9166666666666666,0.9166666666666666,0.8666666666666666
mlp_confidence,mlp_conf_ge_0.90_margin_ge_0.40_entropy_le_0.10_stab_2,True,mlp_final,"{""min_requests"": 1, ""mlp_confidence_min"": 0.9, ""mlp_entropy_max"": 0.1, ""mlp_margin_min"": 0.4, ""mlp_stability_min"": 2}",2,24,7.375,5.0,8.375,0.08333333333333333,0.9166666666666666,0.125,21,0.875,0.9583333333333334,0.9583333333333334,0.7948717948717948
mlp_confidence,mlp_conf_ge_0.90_margin_ge_0.40_entropy_le_0.10_stab_2,True,conservative_hybrid_final,"{""min_requests"": 1, ""mlp_confidence_min"": 0.9, ""mlp_entropy_max"": 0.1, ""mlp_margin_min"": 0.4, ""mlp_stability_min"": 2}",2,24,7.375,5.0,8.375,0.08333333333333333,0.9166666666666666,0.125,22,0.9166666666666666,0.9166666666666666,0.9166666666666666,0.8666666666666666
mlp_confidence,mlp_conf_ge_0.90_margin_ge_0.40_entropy_le_0.10_stab_2,True,agreement_hybrid_final,"{""min_requests"": 1, ""mlp_confidence_min"": 0.9, ""mlp_entropy_max"": 0.1, ""mlp_margin_min"": 0.4, ""mlp_stability_min"": 2}",2,24,7.375,5.0,8.375,0.08333333333333333,0.9166666666666666,0.125,22,0.9166666666666666,0.9166666666666666,0.9166666666666666,0.8666666666666666
mlp_confidence,mlp_conf_ge_0.90_margin_ge_0.40_entropy_le_0.20_stab_0,True,llm_final,"{""min_requests"": 1, ""mlp_confidence_min"": 0.9, ""mlp_entropy_max"": 0.2, ""mlp_margin_min"": 0.4, ""mlp_stability_min"": 0}",2,24,6.75,4.0,7.75,0.08333333333333333,0.9166666666666666,0.75,21,0.875,0.875,0.9166666666666666,0.8133333333333332
mlp_confidence,mlp_conf_ge_0.90_margin_ge_0.40_entropy_le_0.20_stab_0,True,mlp_final,"{""min_requests"": 1, ""mlp_confidence_min"": 0.9, ""mlp_entropy_max"": 0.2, ""mlp_margin_min"": 0.4, ""mlp_stability_min"": 0}",2,24,6.75,4.0,7.75,0.08333333333333333,0.9166666666666666,0.75,20,0.8333333333333334,0.9583333333333334,0.9583333333333334,0.7435897435897435
mlp_confidence,mlp_conf_ge_0.90_margin_ge_0.40_entropy_le_0.20_stab_0,True,conservative_hybrid_final,"{""min_requests"": 1, ""mlp_confidence_min"": 0.9, ""mlp_entropy_max"": 0.2, ""mlp_margin_min"": 0.4, ""mlp_stability_min"": 0}",2,24,6.75,4.0,7.75,0.08333333333333333,0.9166666666666666,0.75,21,0.875,0.875,0.9166666666666666,0.8133333333333332
mlp_confidence,mlp_conf_ge_0.90_margin_ge_0.40_entropy_le_0.20_stab_0,True,agreement_hybrid_final,"{""min_requests"": 1, ""mlp_confidence_min"": 0.9, ""mlp_entropy_max"": 0.2, ""mlp_margin_min"": 0.4, ""mlp_stability_min"": 0}",2,24,6.75,4.0,7.75,0.08333333333333333,0.9166666666666666,0.75,21,0.875,0.875,0.9166666666666666,0.8133333333333332
mlp_confidence,mlp_conf_ge_0.90_margin_ge_0.40_entropy_le_0.20_stab_1,True,llm_final,"{""min_requests"": 1, ""mlp_confidence_min"": 0.9, ""mlp_entropy_max"": 0.2, ""mlp_margin_min"": 0.4, ""mlp_stability_min"": 1}",2,24,6.791666666666667,4.0,7.791666666666667,0.08333333333333333,0.9166666666666666,0.708333333333333,21,0.875,0.875,0.9166666666666666,0.8133333333333332
mlp_confidence,mlp_conf_ge_0.90_margin_ge_0.40_entropy_le_0.20_stab_1,True,mlp_final,"{""min_requests"": 1, ""mlp_confidence_min"": 0.9, ""mlp_entropy_max"": 0.2, ""mlp_margin_min"": 0.4, ""mlp_stability_min"": 1}",2,24,6.791666666666667,4.0,7.791666666666667,0.08333333333333333,0.9166666666666666,0.708333333333333,20,0.8333333333333334,0.9583333333333334,0.9583333333333334,0.7435897435897435
mlp_confidence,mlp_conf_ge_0.90_margin_ge_0.40_entropy_le_0.20_stab_1,True,conservative_hybrid_final,"{""min_requests"": 1, ""mlp_confidence_min"": 0.9, ""mlp_entropy_max"": 0.2, ""mlp_margin_min"": 0.4, ""mlp_stability_min"": 1}",2,24,6.791666666666667,4.0,7.791666666666667,0.08333333333333333,0.9166666666666666,0.708333333333333,21,0.875,0.875,0.9166666666666666,0.8133333333333332
mlp_confidence,mlp_conf_ge_0.90_margin_ge_0.40_entropy_le_0.20_stab_1,True,agreement_hybrid_final,"{""min_requests"": 1, ""mlp_confidence_min"": 0.9, ""mlp_entropy_max"": 0.2, ""mlp_margin_min"": 0.4, ""mlp_stability_min"": 1}",2,24,6.791666666666667,4.0,7.791666666666667,0.08333333333333333,0.9166666666666666,0.708333333333333,21,0.875,0.875,0.9166666666666666,0.8133333333333332
mlp_confidence,mlp_conf_ge_0.90_margin_ge_0.40_entropy_le_0.20_stab_2,True,llm_final,"{""min_requests"": 1, ""mlp_confidence_min"": 0.9, ""mlp_entropy_max"": 0.2, ""mlp_margin_min"": 0.4, ""mlp_stability_min"": 2}",2,24,7.375,5.0,8.375,0.08333333333333333,0.9166666666666666,0.125,22,0.9166666666666666,0.9166666666666666,0.9166666666666666,0.8666666666666666
mlp_confidence,mlp_conf_ge_0.90_margin_ge_0.40_entropy_le_0.20_stab_2,True,mlp_final,"{""min_requests"": 1, ""mlp_confidence_min"": 0.9, ""mlp_entropy_max"": 0.2, ""mlp_margin_min"": 0.4, ""mlp_stability_min"": 2}",2,24,7.375,5.0,8.375,0.08333333333333333,0.9166666666666666,0.125,21,0.875,0.9583333333333334,0.9583333333333334,0.7948717948717948
mlp_confidence,mlp_conf_ge_0.90_margin_ge_0.40_entropy_le_0.20_stab_2,True,conservative_hybrid_final,"{""min_requests"": 1, ""mlp_confidence_min"": 0.9, ""mlp_entropy_max"": 0.2, ""mlp_margin_min"": 0.4, ""mlp_stability_min"": 2}",2,24,7.375,5.0,8.375,0.08333333333333333,0.9166666666666666,0.125,22,0.9166666666666666,0.9166666666666666,0.9166666666666666,0.8666666666666666
mlp_confidence,mlp_conf_ge_0.90_margin_ge_0.40_entropy_le_0.20_stab_2,True,agreement_hybrid_final,"{""min_requests"": 1, ""mlp_confidence_min"": 0.9, ""mlp_entropy_max"": 0.2, ""mlp_margin_min"": 0.4, ""mlp_stability_min"": 2}",2,24,7.375,5.0,8.375,0.08333333333333333,0.9166666666666666,0.125,22,0.9166666666666666,0.9166666666666666,0.9166666666666666,0.8666666666666666
mlp_confidence,mlp_conf_ge_0.90_margin_ge_0.40_entropy_le_0.35_stab_0,True,llm_final,"{""min_requests"": 1, ""mlp_confidence_min"": 0.9, ""mlp_entropy_max"": 0.35, ""mlp_margin_min"": 0.4, ""mlp_stability_min"": 0}",2,24,6.75,4.0,7.75,0.08333333333333333,0.9166666666666666,0.75,21,0.875,0.875,0.9166666666666666,0.8133333333333332
mlp_confidence,mlp_conf_ge_0.90_margin_ge_0.40_entropy_le_0.35_stab_0,True,mlp_final,"{""min_requests"": 1, ""mlp_confidence_min"": 0.9, ""mlp_entropy_max"": 0.35, ""mlp_margin_min"": 0.4, ""mlp_stability_min"": 0}",2,24,6.75,4.0,7.75,0.08333333333333333,0.9166666666666666,0.75,20,0.8333333333333334,0.9583333333333334,0.9583333333333334,0.7435897435897435
mlp_confidence,mlp_conf_ge_0.90_margin_ge_0.40_entropy_le_0.35_stab_0,True,conservative_hybrid_final,"{""min_requests"": 1, ""mlp_confidence_min"": 0.9, ""mlp_entropy_max"": 0.35, ""mlp_margin_min"": 0.4, ""mlp_stability_min"": 0}",2,24,6.75,4.0,7.75,0.08333333333333333,0.9166666666666666,0.75,21,0.875,0.875,0.9166666666666666,0.8133333333333332
mlp_confidence,mlp_conf_ge_0.90_margin_ge_0.40_entropy_le_0.35_stab_0,True,agreement_hybrid_final,"{""min_requests"": 1, ""mlp_confidence_min"": 0.9, ""mlp_entropy_max"": 0.35, ""mlp_margin_min"": 0.4, ""mlp_stability_min"": 0}",2,24,6.75,4.0,7.75,0.08333333333333333,0.9166666666666666,0.75,21,0.875,0.875,0.9166666666666666,0.8133333333333332
mlp_confidence,mlp_conf_ge_0.90_margin_ge_0.40_entropy_le_0.35_stab_1,True,llm_final,"{""min_requests"": 1, ""mlp_confidence_min"": 0.9, ""mlp_entropy_max"": 0.35, ""mlp_margin_min"": 0.4, ""mlp_stability_min"": 1}",2,24,6.791666666666667,4.0,7.791666666666667,0.08333333333333333,0.9166666666666666,0.708333333333333,21,0.875,0.875,0.9166666666666666,0.8133333333333332
mlp_confidence,mlp_conf_ge_0.90_margin_ge_0.40_entropy_le_0.35_stab_1,True,mlp_final,"{""min_requests"": 1, ""mlp_confidence_min"": 0.9, ""mlp_entropy_max"": 0.35, ""mlp_margin_min"": 0.4, ""mlp_stability_min"": 1}",2,24,6.791666666666667,4.0,7.791666666666667,0.08333333333333333,0.9166666666666666,0.708333333333333,20,0.8333333333333334,0.9583333333333334,0.9583333333333334,0.7435897435897435
mlp_confidence,mlp_conf_ge_0.90_margin_ge_0.40_entropy_le_0.35_stab_1,True,conservative_hybrid_final,"{""min_requests"": 1, ""mlp_confidence_min"": 0.9, ""mlp_entropy_max"": 0.35, ""mlp_margin_min"": 0.4, ""mlp_stability_min"": 1}",2,24,6.791666666666667,4.0,7.791666666666667,0.08333333333333333,0.9166666666666666,0.708333333333333,21,0.875,0.875,0.9166666666666666,0.8133333333333332
mlp_confidence,mlp_conf_ge_0.90_margin_ge_0.40_entropy_le_0.35_stab_1,True,agreement_hybrid_final,"{""min_requests"": 1, ""mlp_confidence_min"": 0.9, ""mlp_entropy_max"": 0.35, ""mlp_margin_min"": 0.4, ""mlp_stability_min"": 1}",2,24,6.791666666666667,4.0,7.791666666666667,0.08333333333333333,0.9166666666666666,0.708333333333333,21,0.875,0.875,0.9166666666666666,0.8133333333333332
mlp_confidence,mlp_conf_ge_0.90_margin_ge_0.40_entropy_le_0.35_stab_2,True,llm_final,"{""min_requests"": 1, ""mlp_confidence_min"": 0.9, ""mlp_entropy_max"": 0.35, ""mlp_margin_min"": 0.4, ""mlp_stability_min"": 2}",2,24,7.375,5.0,8.375,0.08333333333333333,0.9166666666666666,0.125,22,0.9166666666666666,0.9166666666666666,0.9166666666666666,0.8666666666666666
mlp_confidence,mlp_conf_ge_0.90_margin_ge_0.40_entropy_le_0.35_stab_2,True,mlp_final,"{""min_requests"": 1, ""mlp_confidence_min"": 0.9, ""mlp_entropy_max"": 0.35, ""mlp_margin_min"": 0.4, ""mlp_stability_min"": 2}",2,24,7.375,5.0,8.375,0.08333333333333333,0.9166666666666666,0.125,21,0.875,0.9583333333333334,0.9583333333333334,0.7948717948717948
mlp_confidence,mlp_conf_ge_0.90_margin_ge_0.40_entropy_le_0.35_stab_2,True,conservative_hybrid_final,"{""min_requests"": 1, ""mlp_confidence_min"": 0.9, ""mlp_entropy_max"": 0.35, ""mlp_margin_min"": 0.4, ""mlp_stability_min"": 2}",2,24,7.375,5.0,8.375,0.08333333333333333,0.9166666666666666,0.125,22,0.9166666666666666,0.9166666666666666,0.9166666666666666,0.8666666666666666
mlp_confidence,mlp_conf_ge_0.90_margin_ge_0.40_entropy_le_0.35_stab_2,True,agreement_hybrid_final,"{""min_requests"": 1, ""mlp_confidence_min"": 0.9, ""mlp_entropy_max"": 0.35, ""mlp_margin_min"": 0.4, ""mlp_stability_min"": 2}",2,24,7.375,5.0,8.375,0.08333333333333333,0.9166666666666666,0.125,22,0.9166666666666666,0.9166666666666666,0.9166666666666666,0.8666666666666666
mlp_confidence,mlp_conf_ge_0.90_margin_ge_0.60_entropy_le_0.10_stab_0,True,llm_final,"{""min_requests"": 1, ""mlp_confidence_min"": 0.9, ""mlp_entropy_max"": 0.1, ""mlp_margin_min"": 0.6, ""mlp_stability_min"": 0}",2,24,6.875,4.5,7.875,0.08333333333333333,0.9166666666666666,0.625,22,0.9166666666666666,0.9166666666666666,0.9166666666666666,0.8666666666666666
mlp_confidence,mlp_conf_ge_0.90_margin_ge_0.60_entropy_le_0.10_stab_0,True,mlp_final,"{""min_requests"": 1, ""mlp_confidence_min"": 0.9, ""mlp_entropy_max"": 0.1, ""mlp_margin_min"": 0.6, ""mlp_stability_min"": 0}",2,24,6.875,4.5,7.875,0.08333333333333333,0.9166666666666666,0.625,21,0.875,0.9583333333333334,0.9583333333333334,0.7948717948717948
mlp_confidence,mlp_conf_ge_0.90_margin_ge_0.60_entropy_le_0.10_stab_0,True,conservative_hybrid_final,"{""min_requests"": 1, ""mlp_confidence_min"": 0.9, ""mlp_entropy_max"": 0.1, ""mlp_margin_min"": 0.6, ""mlp_stability_min"": 0}",2,24,6.875,4.5,7.875,0.08333333333333333,0.9166666666666666,0.625,22,0.9166666666666666,0.9166666666666666,0.9166666666666666,0.8666666666666666
mlp_confidence,mlp_conf_ge_0.90_margin_ge_0.60_entropy_le_0.10_stab_0,True,agreement_hybrid_final,"{""min_requests"": 1, ""mlp_confidence_min"": 0.9, ""mlp_entropy_max"": 0.1, ""mlp_margin_min"": 0.6, ""mlp_stability_min"": 0}",2,24,6.875,4.5,7.875,0.08333333333333333,0.9166666666666666,0.625,22,0.9166666666666666,0.9166666666666666,0.9166666666666666,0.8666666666666666
mlp_confidence,mlp_conf_ge_0.90_margin_ge_0.60_entropy_le_0.10_stab_1,True,llm_final,"{""min_requests"": 1, ""mlp_confidence_min"": 0.9, ""mlp_entropy_max"": 0.1, ""mlp_margin_min"": 0.6, ""mlp_stability_min"": 1}",2,24,6.916666666666667,4.5,7.916666666666667,0.08333333333333333,0.9166666666666666,0.583333333333333,22,0.9166666666666666,0.9166666666666666,0.9166666666666666,0.8666666666666666
mlp_confidence,mlp_conf_ge_0.90_margin_ge_0.60_entropy_le_0.10_stab_1,True,mlp_final,"{""min_requests"": 1, ""mlp_confidence_min"": 0.9, ""mlp_entropy_max"": 0.1, ""mlp_margin_min"": 0.6, ""mlp_stability_min"": 1}",2,24,6.916666666666667,4.5,7.916666666666667,0.08333333333333333,0.9166666666666666,0.583333333333333,21,0.875,0.9583333333333334,0.9583333333333334,0.7948717948717948
mlp_confidence,mlp_conf_ge_0.90_margin_ge_0.60_entropy_le_0.10_stab_1,True,conservative_hybrid_final,"{""min_requests"": 1, ""mlp_confidence_min"": 0.9, ""mlp_entropy_max"": 0.1, ""mlp_margin_min"": 0.6, ""mlp_stability_min"": 1}",2,24,6.916666666666667,4.5,7.916666666666667,0.08333333333333333,0.9166666666666666,0.583333333333333,22,0.9166666666666666,0.9166666666666666,0.9166666666666666,0.8666666666666666
mlp_confidence,mlp_conf_ge_0.90_margin_ge_0.60_entropy_le_0.10_stab_1,True,agreement_hybrid_final,"{""min_requests"": 1, ""mlp_confidence_min"": 0.9, ""mlp_entropy_max"": 0.1, ""mlp_margin_min"": 0.6, ""mlp_stability_min"": 1}",2,24,6.916666666666667,4.5,7.916666666666667,0.08333333333333333,0.9166666666666666,0.583333333333333,22,0.9166666666666666,0.9166666666666666,0.9166666666666666,0.8666666666666666
mlp_confidence,mlp_conf_ge_0.90_margin_ge_0.60_entropy_le_0.10_stab_2,True,llm_final,"{""min_requests"": 1, ""mlp_confidence_min"": 0.9, ""mlp_entropy_max"": 0.1, ""mlp_margin_min"": 0.6, ""mlp_stability_min"": 2}",2,24,7.375,5.0,8.375,0.08333333333333333,0.9166666666666666,0.125,22,0.9166666666666666,0.9166666666666666,0.9166666666666666,0.8666666666666666
mlp_confidence,mlp_conf_ge_0.90_margin_ge_0.60_entropy_le_0.10_stab_2,True,mlp_final,"{""min_requests"": 1, ""mlp_confidence_min"": 0.9, ""mlp_entropy_max"": 0.1, ""mlp_margin_min"": 0.6, ""mlp_stability_min"": 2}",2,24,7.375,5.0,8.375,0.08333333333333333,0.9166666666666666,0.125,21,0.875,0.9583333333333334,0.9583333333333334,0.7948717948717948
mlp_confidence,mlp_conf_ge_0.90_margin_ge_0.60_entropy_le_0.10_stab_2,True,conservative_hybrid_final,"{""min_requests"": 1, ""mlp_confidence_min"": 0.9, ""mlp_entropy_max"": 0.1, ""mlp_margin_min"": 0.6, ""mlp_stability_min"": 2}",2,24,7.375,5.0,8.375,0.08333333333333333,0.9166666666666666,0.125,22,0.9166666666666666,0.9166666666666666,0.9166666666666666,0.8666666666666666
mlp_confidence,mlp_conf_ge_0.90_margin_ge_0.60_entropy_le_0.10_stab_2,True,agreement_hybrid_final,"{""min_requests"": 1, ""mlp_confidence_min"": 0.9, ""mlp_entropy_max"": 0.1, ""mlp_margin_min"": 0.6, ""mlp_stability_min"": 2}",2,24,7.375,5.0,8.375,0.08333333333333333,0.9166666666666666,0.125,22,0.9166666666666666,0.9166666666666666,0.9166666666666666,0.8666666666666666
mlp_confidence,mlp_conf_ge_0.90_margin_ge_0.60_entropy_le_0.20_stab_0,True,llm_final,"{""min_requests"": 1, ""mlp_confidence_min"": 0.9, ""mlp_entropy_max"": 0.2, ""mlp_margin_min"": 0.6, ""mlp_stability_min"": 0}",2,24,6.75,4.0,7.75,0.08333333333333333,0.9166666666666666,0.75,21,0.875,0.875,0.9166666666666666,0.8133333333333332
mlp_confidence,mlp_conf_ge_0.90_margin_ge_0.60_entropy_le_0.20_stab_0,True,mlp_final,"{""min_requests"": 1, ""mlp_confidence_min"": 0.9, ""mlp_entropy_max"": 0.2, ""mlp_margin_min"": 0.6, ""mlp_stability_min"": 0}",2,24,6.75,4.0,7.75,0.08333333333333333,0.9166666666666666,0.75,20,0.8333333333333334,0.9583333333333334,0.9583333333333334,0.7435897435897435
mlp_confidence,mlp_conf_ge_0.90_margin_ge_0.60_entropy_le_0.20_stab_0,True,conservative_hybrid_final,"{""min_requests"": 1, ""mlp_confidence_min"": 0.9, ""mlp_entropy_max"": 0.2, ""mlp_margin_min"": 0.6, ""mlp_stability_min"": 0}",2,24,6.75,4.0,7.75,0.08333333333333333,0.9166666666666666,0.75,21,0.875,0.875,0.9166666666666666,0.8133333333333332
mlp_confidence,mlp_conf_ge_0.90_margin_ge_0.60_entropy_le_0.20_stab_0,True,agreement_hybrid_final,"{""min_requests"": 1, ""mlp_confidence_min"": 0.9, ""mlp_entropy_max"": 0.2, ""mlp_margin_min"": 0.6, ""mlp_stability_min"": 0}",2,24,6.75,4.0,7.75,0.08333333333333333,0.9166666666666666,0.75,21,0.875,0.875,0.9166666666666666,0.8133333333333332
mlp_confidence,mlp_conf_ge_0.90_margin_ge_0.60_entropy_le_0.20_stab_1,True,llm_final,"{""min_requests"": 1, ""mlp_confidence_min"": 0.9, ""mlp_entropy_max"": 0.2, ""mlp_margin_min"": 0.6, ""mlp_stability_min"": 1}",2,24,6.791666666666667,4.0,7.791666666666667,0.08333333333333333,0.9166666666666666,0.708333333333333,21,0.875,0.875,0.9166666666666666,0.8133333333333332
mlp_confidence,mlp_conf_ge_0.90_margin_ge_0.60_entropy_le_0.20_stab_1,True,mlp_final,"{""min_requests"": 1, ""mlp_confidence_min"": 0.9, ""mlp_entropy_max"": 0.2, ""mlp_margin_min"": 0.6, ""mlp_stability_min"": 1}",2,24,6.791666666666667,4.0,7.791666666666667,0.08333333333333333,0.9166666666666666,0.708333333333333,20,0.8333333333333334,0.9583333333333334,0.9583333333333334,0.7435897435897435
mlp_confidence,mlp_conf_ge_0.90_margin_ge_0.60_entropy_le_0.20_stab_1,True,conservative_hybrid_final,"{""min_requests"": 1, ""mlp_confidence_min"": 0.9, ""mlp_entropy_max"": 0.2, ""mlp_margin_min"": 0.6, ""mlp_stability_min"": 1}",2,24,6.791666666666667,4.0,7.791666666666667,0.08333333333333333,0.9166666666666666,0.708333333333333,21,0.875,0.875,0.9166666666666666,0.8133333333333332
mlp_confidence,mlp_conf_ge_0.90_margin_ge_0.60_entropy_le_0.20_stab_1,True,agreement_hybrid_final,"{""min_requests"": 1, ""mlp_confidence_min"": 0.9, ""mlp_entropy_max"": 0.2, ""mlp_margin_min"": 0.6, ""mlp_stability_min"": 1}",2,24,6.791666666666667,4.0,7.791666666666667,0.08333333333333333,0.9166666666666666,0.708333333333333,21,0.875,0.875,0.9166666666666666,0.8133333333333332
mlp_confidence,mlp_conf_ge_0.90_margin_ge_0.60_entropy_le_0.20_stab_2,True,llm_final,"{""min_requests"": 1, ""mlp_confidence_min"": 0.9, ""mlp_entropy_max"": 0.2, ""mlp_margin_min"": 0.6, ""mlp_stability_min"": 2}",2,24,7.375,5.0,8.375,0.08333333333333333,0.9166666666666666,0.125,22,0.9166666666666666,0.9166666666666666,0.9166666666666666,0.8666666666666666
mlp_confidence,mlp_conf_ge_0.90_margin_ge_0.60_entropy_le_0.20_stab_2,True,mlp_final,"{""min_requests"": 1, ""mlp_confidence_min"": 0.9, ""mlp_entropy_max"": 0.2, ""mlp_margin_min"": 0.6, ""mlp_stability_min"": 2}",2,24,7.375,5.0,8.375,0.08333333333333333,0.9166666666666666,0.125,21,0.875,0.9583333333333334,0.9583333333333334,0.7948717948717948
mlp_confidence,mlp_conf_ge_0.90_margin_ge_0.60_entropy_le_0.20_stab_2,True,conservative_hybrid_final,"{""min_requests"": 1, ""mlp_confidence_min"": 0.9, ""mlp_entropy_max"": 0.2, ""mlp_margin_min"": 0.6, ""mlp_stability_min"": 2}",2,24,7.375,5.0,8.375,0.08333333333333333,0.9166666666666666,0.125,22,0.9166666666666666,0.9166666666666666,0.9166666666666666,0.8666666666666666
mlp_confidence,mlp_conf_ge_0.90_margin_ge_0.60_entropy_le_0.20_stab_2,True,agreement_hybrid_final,"{""min_requests"": 1, ""mlp_confidence_min"": 0.9, ""mlp_entropy_max"": 0.2, ""mlp_margin_min"": 0.6, ""mlp_stability_min"": 2}",2,24,7.375,5.0,8.375,0.08333333333333333,0.9166666666666666,0.125,22,0.9166666666666666,0.9166666666666666,0.9166666666666666,0.8666666666666666
mlp_confidence,mlp_conf_ge_0.90_margin_ge_0.60_entropy_le_0.35_stab_0,True,llm_final,"{""min_requests"": 1, ""mlp_confidence_min"": 0.9, ""mlp_entropy_max"": 0.35, ""mlp_margin_min"": 0.6, ""mlp_stability_min"": 0}",2,24,6.75,4.0,7.75,0.08333333333333333,0.9166666666666666,0.75,21,0.875,0.875,0.9166666666666666,0.8133333333333332
mlp_confidence,mlp_conf_ge_0.90_margin_ge_0.60_entropy_le_0.35_stab_0,True,mlp_final,"{""min_requests"": 1, ""mlp_confidence_min"": 0.9, ""mlp_entropy_max"": 0.35, ""mlp_margin_min"": 0.6, ""mlp_stability_min"": 0}",2,24,6.75,4.0,7.75,0.08333333333333333,0.9166666666666666,0.75,20,0.8333333333333334,0.9583333333333334,0.9583333333333334,0.7435897435897435
mlp_confidence,mlp_conf_ge_0.90_margin_ge_0.60_entropy_le_0.35_stab_0,True,conservative_hybrid_final,"{""min_requests"": 1, ""mlp_confidence_min"": 0.9, ""mlp_entropy_max"": 0.35, ""mlp_margin_min"": 0.6, ""mlp_stability_min"": 0}",2,24,6.75,4.0,7.75,0.08333333333333333,0.9166666666666666,0.75,21,0.875,0.875,0.9166666666666666,0.8133333333333332
mlp_confidence,mlp_conf_ge_0.90_margin_ge_0.60_entropy_le_0.35_stab_0,True,agreement_hybrid_final,"{""min_requests"": 1, ""mlp_confidence_min"": 0.9, ""mlp_entropy_max"": 0.35, ""mlp_margin_min"": 0.6, ""mlp_stability_min"": 0}",2,24,6.75,4.0,7.75,0.08333333333333333,0.9166666666666666,0.75,21,0.875,0.875,0.9166666666666666,0.8133333333333332
mlp_confidence,mlp_conf_ge_0.90_margin_ge_0.60_entropy_le_0.35_stab_1,True,llm_final,"{""min_requests"": 1, ""mlp_confidence_min"": 0.9, ""mlp_entropy_max"": 0.35, ""mlp_margin_min"": 0.6, ""mlp_stability_min"": 1}",2,24,6.791666666666667,4.0,7.791666666666667,0.08333333333333333,0.9166666666666666,0.708333333333333,21,0.875,0.875,0.9166666666666666,0.8133333333333332
mlp_confidence,mlp_conf_ge_0.90_margin_ge_0.60_entropy_le_0.35_stab_1,True,mlp_final,"{""min_requests"": 1, ""mlp_confidence_min"": 0.9, ""mlp_entropy_max"": 0.35, ""mlp_margin_min"": 0.6, ""mlp_stability_min"": 1}",2,24,6.791666666666667,4.0,7.791666666666667,0.08333333333333333,0.9166666666666666,0.708333333333333,20,0.8333333333333334,0.9583333333333334,0.9583333333333334,0.7435897435897435
mlp_confidence,mlp_conf_ge_0.90_margin_ge_0.60_entropy_le_0.35_stab_1,True,conservative_hybrid_final,"{""min_requests"": 1, ""mlp_confidence_min"": 0.9, ""mlp_entropy_max"": 0.35, ""mlp_margin_min"": 0.6, ""mlp_stability_min"": 1}",2,24,6.791666666666667,4.0,7.791666666666667,0.08333333333333333,0.9166666666666666,0.708333333333333,21,0.875,0.875,0.9166666666666666,0.8133333333333332
mlp_confidence,mlp_conf_ge_0.90_margin_ge_0.60_entropy_le_0.35_stab_1,True,agreement_hybrid_final,"{""min_requests"": 1, ""mlp_confidence_min"": 0.9, ""mlp_entropy_max"": 0.35, ""mlp_margin_min"": 0.6, ""mlp_stability_min"": 1}",2,24,6.791666666666667,4.0,7.791666666666667,0.08333333333333333,0.9166666666666666,0.708333333333333,21,0.875,0.875,0.9166666666666666,0.8133333333333332
mlp_confidence,mlp_conf_ge_0.90_margin_ge_0.60_entropy_le_0.35_stab_2,True,llm_final,"{""min_requests"": 1, ""mlp_confidence_min"": 0.9, ""mlp_entropy_max"": 0.35, ""mlp_margin_min"": 0.6, ""mlp_stability_min"": 2}",2,24,7.375,5.0,8.375,0.08333333333333333,0.9166666666666666,0.125,22,0.9166666666666666,0.9166666666666666,0.9166666666666666,0.8666666666666666
mlp_confidence,mlp_conf_ge_0.90_margin_ge_0.60_entropy_le_0.35_stab_2,True,mlp_final,"{""min_requests"": 1, ""mlp_confidence_min"": 0.9, ""mlp_entropy_max"": 0.35, ""mlp_margin_min"": 0.6, ""mlp_stability_min"": 2}",2,24,7.375,5.0,8.375,0.08333333333333333,0.9166666666666666,0.125,21,0.875,0.9583333333333334,0.9583333333333334,0.7948717948717948
mlp_confidence,mlp_conf_ge_0.90_margin_ge_0.60_entropy_le_0.35_stab_2,True,conservative_hybrid_final,"{""min_requests"": 1, ""mlp_confidence_min"": 0.9, ""mlp_entropy_max"": 0.35, ""mlp_margin_min"": 0.6, ""mlp_stability_min"": 2}",2,24,7.375,5.0,8.375,0.08333333333333333,0.9166666666666666,0.125,22,0.9166666666666666,0.9166666666666666,0.9166666666666666,0.8666666666666666
mlp_confidence,mlp_conf_ge_0.90_margin_ge_0.60_entropy_le_0.35_stab_2,True,agreement_hybrid_final,"{""min_requests"": 1, ""mlp_confidence_min"": 0.9, ""mlp_entropy_max"": 0.35, ""mlp_margin_min"": 0.6, ""mlp_stability_min"": 2}",2,24,7.375,5.0,8.375,0.08333333333333333,0.9166666666666666,0.125,22,0.9166666666666666,0.9166666666666666,0.9166666666666666,0.8666666666666666
mlp_confidence,mlp_conf_ge_0.90_margin_ge_0.80_entropy_le_0.10_stab_0,True,llm_final,"{""min_requests"": 1, ""mlp_confidence_min"": 0.9, ""mlp_entropy_max"": 0.1, ""mlp_margin_min"": 0.8, ""mlp_stability_min"": 0}",2,24,6.875,4.5,7.875,0.08333333333333333,0.9166666666666666,0.625,22,0.9166666666666666,0.9166666666666666,0.9166666666666666,0.8666666666666666
mlp_confidence,mlp_conf_ge_0.90_margin_ge_0.80_entropy_le_0.10_stab_0,True,mlp_final,"{""min_requests"": 1, ""mlp_confidence_min"": 0.9, ""mlp_entropy_max"": 0.1, ""mlp_margin_min"": 0.8, ""mlp_stability_min"": 0}",2,24,6.875,4.5,7.875,0.08333333333333333,0.9166666666666666,0.625,21,0.875,0.9583333333333334,0.9583333333333334,0.7948717948717948
mlp_confidence,mlp_conf_ge_0.90_margin_ge_0.80_entropy_le_0.10_stab_0,True,conservative_hybrid_final,"{""min_requests"": 1, ""mlp_confidence_min"": 0.9, ""mlp_entropy_max"": 0.1, ""mlp_margin_min"": 0.8, ""mlp_stability_min"": 0}",2,24,6.875,4.5,7.875,0.08333333333333333,0.9166666666666666,0.625,22,0.9166666666666666,0.9166666666666666,0.9166666666666666,0.8666666666666666
mlp_confidence,mlp_conf_ge_0.90_margin_ge_0.80_entropy_le_0.10_stab_0,True,agreement_hybrid_final,"{""min_requests"": 1, ""mlp_confidence_min"": 0.9, ""mlp_entropy_max"": 0.1, ""mlp_margin_min"": 0.8, ""mlp_stability_min"": 0}",2,24,6.875,4.5,7.875,0.08333333333333333,0.9166666666666666,0.625,22,0.9166666666666666,0.9166666666666666,0.9166666666666666,0.8666666666666666
mlp_confidence,mlp_conf_ge_0.90_margin_ge_0.80_entropy_le_0.10_stab_1,True,llm_final,"{""min_requests"": 1, ""mlp_confidence_min"": 0.9, ""mlp_entropy_max"": 0.1, ""mlp_margin_min"": 0.8, ""mlp_stability_min"": 1}",2,24,6.916666666666667,4.5,7.916666666666667,0.08333333333333333,0.9166666666666666,0.583333333333333,22,0.9166666666666666,0.9166666666666666,0.9166666666666666,0.8666666666666666
mlp_confidence,mlp_conf_ge_0.90_margin_ge_0.80_entropy_le_0.10_stab_1,True,mlp_final,"{""min_requests"": 1, ""mlp_confidence_min"": 0.9, ""mlp_entropy_max"": 0.1, ""mlp_margin_min"": 0.8, ""mlp_stability_min"": 1}",2,24,6.916666666666667,4.5,7.916666666666667,0.08333333333333333,0.9166666666666666,0.583333333333333,21,0.875,0.9583333333333334,0.9583333333333334,0.7948717948717948
mlp_confidence,mlp_conf_ge_0.90_margin_ge_0.80_entropy_le_0.10_stab_1,True,conservative_hybrid_final,"{""min_requests"": 1, ""mlp_confidence_min"": 0.9, ""mlp_entropy_max"": 0.1, ""mlp_margin_min"": 0.8, ""mlp_stability_min"": 1}",2,24,6.916666666666667,4.5,7.916666666666667,0.08333333333333333,0.9166666666666666,0.583333333333333,22,0.9166666666666666,0.9166666666666666,0.9166666666666666,0.8666666666666666
mlp_confidence,mlp_conf_ge_0.90_margin_ge_0.80_entropy_le_0.10_stab_1,True,agreement_hybrid_final,"{""min_requests"": 1, ""mlp_confidence_min"": 0.9, ""mlp_entropy_max"": 0.1, ""mlp_margin_min"": 0.8, ""mlp_stability_min"": 1}",2,24,6.916666666666667,4.5,7.916666666666667,0.08333333333333333,0.9166666666666666,0.583333333333333,22,0.9166666666666666,0.9166666666666666,0.9166666666666666,0.8666666666666666
mlp_confidence,mlp_conf_ge_0.90_margin_ge_0.80_entropy_le_0.10_stab_2,True,llm_final,"{""min_requests"": 1, ""mlp_confidence_min"": 0.9, ""mlp_entropy_max"": 0.1, ""mlp_margin_min"": 0.8, ""mlp_stability_min"": 2}",2,24,7.375,5.0,8.375,0.08333333333333333,0.9166666666666666,0.125,22,0.9166666666666666,0.9166666666666666,0.9166666666666666,0.8666666666666666
mlp_confidence,mlp_conf_ge_0.90_margin_ge_0.80_entropy_le_0.10_stab_2,True,mlp_final,"{""min_requests"": 1, ""mlp_confidence_min"": 0.9, ""mlp_entropy_max"": 0.1, ""mlp_margin_min"": 0.8, ""mlp_stability_min"": 2}",2,24,7.375,5.0,8.375,0.08333333333333333,0.9166666666666666,0.125,21,0.875,0.9583333333333334,0.9583333333333334,0.7948717948717948
mlp_confidence,mlp_conf_ge_0.90_margin_ge_0.80_entropy_le_0.10_stab_2,True,conservative_hybrid_final,"{""min_requests"": 1, ""mlp_confidence_min"": 0.9, ""mlp_entropy_max"": 0.1, ""mlp_margin_min"": 0.8, ""mlp_stability_min"": 2}",2,24,7.375,5.0,8.375,0.08333333333333333,0.9166666666666666,0.125,22,0.9166666666666666,0.9166666666666666,0.9166666666666666,0.8666666666666666
mlp_confidence,mlp_conf_ge_0.90_margin_ge_0.80_entropy_le_0.10_stab_2,True,agreement_hybrid_final,"{""min_requests"": 1, ""mlp_confidence_min"": 0.9, ""mlp_entropy_max"": 0.1, ""mlp_margin_min"": 0.8, ""mlp_stability_min"": 2}",2,24,7.375,5.0,8.375,0.08333333333333333,0.9166666666666666,0.125,22,0.9166666666666666,0.9166666666666666,0.9166666666666666,0.8666666666666666
mlp_confidence,mlp_conf_ge_0.90_margin_ge_0.80_entropy_le_0.20_stab_0,True,llm_final,"{""min_requests"": 1, ""mlp_confidence_min"": 0.9, ""mlp_entropy_max"": 0.2, ""mlp_margin_min"": 0.8, ""mlp_stability_min"": 0}",2,24,6.75,4.0,7.75,0.08333333333333333,0.9166666666666666,0.75,21,0.875,0.875,0.9166666666666666,0.8133333333333332
mlp_confidence,mlp_conf_ge_0.90_margin_ge_0.80_entropy_le_0.20_stab_0,True,mlp_final,"{""min_requests"": 1, ""mlp_confidence_min"": 0.9, ""mlp_entropy_max"": 0.2, ""mlp_margin_min"": 0.8, ""mlp_stability_min"": 0}",2,24,6.75,4.0,7.75,0.08333333333333333,0.9166666666666666,0.75,20,0.8333333333333334,0.9583333333333334,0.9583333333333334,0.7435897435897435
mlp_confidence,mlp_conf_ge_0.90_margin_ge_0.80_entropy_le_0.20_stab_0,True,conservative_hybrid_final,"{""min_requests"": 1, ""mlp_confidence_min"": 0.9, ""mlp_entropy_max"": 0.2, ""mlp_margin_min"": 0.8, ""mlp_stability_min"": 0}",2,24,6.75,4.0,7.75,0.08333333333333333,0.9166666666666666,0.75,21,0.875,0.875,0.9166666666666666,0.8133333333333332
mlp_confidence,mlp_conf_ge_0.90_margin_ge_0.80_entropy_le_0.20_stab_0,True,agreement_hybrid_final,"{""min_requests"": 1, ""mlp_confidence_min"": 0.9, ""mlp_entropy_max"": 0.2, ""mlp_margin_min"": 0.8, ""mlp_stability_min"": 0}",2,24,6.75,4.0,7.75,0.08333333333333333,0.9166666666666666,0.75,21,0.875,0.875,0.9166666666666666,0.8133333333333332
mlp_confidence,mlp_conf_ge_0.90_margin_ge_0.80_entropy_le_0.20_stab_1,True,llm_final,"{""min_requests"": 1, ""mlp_confidence_min"": 0.9, ""mlp_entropy_max"": 0.2, ""mlp_margin_min"": 0.8, ""mlp_stability_min"": 1}",2,24,6.791666666666667,4.0,7.791666666666667,0.08333333333333333,0.9166666666666666,0.708333333333333,21,0.875,0.875,0.9166666666666666,0.8133333333333332
mlp_confidence,mlp_conf_ge_0.90_margin_ge_0.80_entropy_le_0.20_stab_1,True,mlp_final,"{""min_requests"": 1, ""mlp_confidence_min"": 0.9, ""mlp_entropy_max"": 0.2, ""mlp_margin_min"": 0.8, ""mlp_stability_min"": 1}",2,24,6.791666666666667,4.0,7.791666666666667,0.08333333333333333,0.9166666666666666,0.708333333333333,20,0.8333333333333334,0.9583333333333334,0.9583333333333334,0.7435897435897435
mlp_confidence,mlp_conf_ge_0.90_margin_ge_0.80_entropy_le_0.20_stab_1,True,conservative_hybrid_final,"{""min_requests"": 1, ""mlp_confidence_min"": 0.9, ""mlp_entropy_max"": 0.2, ""mlp_margin_min"": 0.8, ""mlp_stability_min"": 1}",2,24,6.791666666666667,4.0,7.791666666666667,0.08333333333333333,0.9166666666666666,0.708333333333333,21,0.875,0.875,0.9166666666666666,0.8133333333333332
mlp_confidence,mlp_conf_ge_0.90_margin_ge_0.80_entropy_le_0.20_stab_1,True,agreement_hybrid_final,"{""min_requests"": 1, ""mlp_confidence_min"": 0.9, ""mlp_entropy_max"": 0.2, ""mlp_margin_min"": 0.8, ""mlp_stability_min"": 1}",2,24,6.791666666666667,4.0,7.791666666666667,0.08333333333333333,0.9166666666666666,0.708333333333333,21,0.875,0.875,0.9166666666666666,0.8133333333333332
mlp_confidence,mlp_conf_ge_0.90_margin_ge_0.80_entropy_le_0.20_stab_2,True,llm_final,"{""min_requests"": 1, ""mlp_confidence_min"": 0.9, ""mlp_entropy_max"": 0.2, ""mlp_margin_min"": 0.8, ""mlp_stability_min"": 2}",2,24,7.375,5.0,8.375,0.08333333333333333,0.9166666666666666,0.125,22,0.9166666666666666,0.9166666666666666,0.9166666666666666,0.8666666666666666
mlp_confidence,mlp_conf_ge_0.90_margin_ge_0.80_entropy_le_0.20_stab_2,True,mlp_final,"{""min_requests"": 1, ""mlp_confidence_min"": 0.9, ""mlp_entropy_max"": 0.2, ""mlp_margin_min"": 0.8, ""mlp_stability_min"": 2}",2,24,7.375,5.0,8.375,0.08333333333333333,0.9166666666666666,0.125,21,0.875,0.9583333333333334,0.9583333333333334,0.7948717948717948
mlp_confidence,mlp_conf_ge_0.90_margin_ge_0.80_entropy_le_0.20_stab_2,True,conservative_hybrid_final,"{""min_requests"": 1, ""mlp_confidence_min"": 0.9, ""mlp_entropy_max"": 0.2, ""mlp_margin_min"": 0.8, ""mlp_stability_min"": 2}",2,24,7.375,5.0,8.375,0.08333333333333333,0.9166666666666666,0.125,22,0.9166666666666666,0.9166666666666666,0.9166666666666666,0.8666666666666666
mlp_confidence,mlp_conf_ge_0.90_margin_ge_0.80_entropy_le_0.20_stab_2,True,agreement_hybrid_final,"{""min_requests"": 1, ""mlp_confidence_min"": 0.9, ""mlp_entropy_max"": 0.2, ""mlp_margin_min"": 0.8, ""mlp_stability_min"": 2}",2,24,7.375,5.0,8.375,0.08333333333333333,0.9166666666666666,0.125,22,0.9166666666666666,0.9166666666666666,0.9166666666666666,0.8666666666666666
mlp_confidence,mlp_conf_ge_0.90_margin_ge_0.80_entropy_le_0.35_stab_0,True,llm_final,"{""min_requests"": 1, ""mlp_confidence_min"": 0.9, ""mlp_entropy_max"": 0.35, ""mlp_margin_min"": 0.8, ""mlp_stability_min"": 0}",2,24,6.75,4.0,7.75,0.08333333333333333,0.9166666666666666,0.75,21,0.875,0.875,0.9166666666666666,0.8133333333333332
mlp_confidence,mlp_conf_ge_0.90_margin_ge_0.80_entropy_le_0.35_stab_0,True,mlp_final,"{""min_requests"": 1, ""mlp_confidence_min"": 0.9, ""mlp_entropy_max"": 0.35, ""mlp_margin_min"": 0.8, ""mlp_stability_min"": 0}",2,24,6.75,4.0,7.75,0.08333333333333333,0.9166666666666666,0.75,20,0.8333333333333334,0.9583333333333334,0.9583333333333334,0.7435897435897435
mlp_confidence,mlp_conf_ge_0.90_margin_ge_0.80_entropy_le_0.35_stab_0,True,conservative_hybrid_final,"{""min_requests"": 1, ""mlp_confidence_min"": 0.9, ""mlp_entropy_max"": 0.35, ""mlp_margin_min"": 0.8, ""mlp_stability_min"": 0}",2,24,6.75,4.0,7.75,0.08333333333333333,0.9166666666666666,0.75,21,0.875,0.875,0.9166666666666666,0.8133333333333332
mlp_confidence,mlp_conf_ge_0.90_margin_ge_0.80_entropy_le_0.35_stab_0,True,agreement_hybrid_final,"{""min_requests"": 1, ""mlp_confidence_min"": 0.9, ""mlp_entropy_max"": 0.35, ""mlp_margin_min"": 0.8, ""mlp_stability_min"": 0}",2,24,6.75,4.0,7.75,0.08333333333333333,0.9166666666666666,0.75,21,0.875,0.875,0.9166666666666666,0.8133333333333332
mlp_confidence,mlp_conf_ge_0.90_margin_ge_0.80_entropy_le_0.35_stab_1,True,llm_final,"{""min_requests"": 1, ""mlp_confidence_min"": 0.9, ""mlp_entropy_max"": 0.35, ""mlp_margin_min"": 0.8, ""mlp_stability_min"": 1}",2,24,6.791666666666667,4.0,7.791666666666667,0.08333333333333333,0.9166666666666666,0.708333333333333,21,0.875,0.875,0.9166666666666666,0.8133333333333332
mlp_confidence,mlp_conf_ge_0.90_margin_ge_0.80_entropy_le_0.35_stab_1,True,mlp_final,"{""min_requests"": 1, ""mlp_confidence_min"": 0.9, ""mlp_entropy_max"": 0.35, ""mlp_margin_min"": 0.8, ""mlp_stability_min"": 1}",2,24,6.791666666666667,4.0,7.791666666666667,0.08333333333333333,0.9166666666666666,0.708333333333333,20,0.8333333333333334,0.9583333333333334,0.9583333333333334,0.7435897435897435
mlp_confidence,mlp_conf_ge_0.90_margin_ge_0.80_entropy_le_0.35_stab_1,True,conservative_hybrid_final,"{""min_requests"": 1, ""mlp_confidence_min"": 0.9, ""mlp_entropy_max"": 0.35, ""mlp_margin_min"": 0.8, ""mlp_stability_min"": 1}",2,24,6.791666666666667,4.0,7.791666666666667,0.08333333333333333,0.9166666666666666,0.708333333333333,21,0.875,0.875,0.9166666666666666,0.8133333333333332
mlp_confidence,mlp_conf_ge_0.90_margin_ge_0.80_entropy_le_0.35_stab_1,True,agreement_hybrid_final,"{""min_requests"": 1, ""mlp_confidence_min"": 0.9, ""mlp_entropy_max"": 0.35, ""mlp_margin_min"": 0.8, ""mlp_stability_min"": 1}",2,24,6.791666666666667,4.0,7.791666666666667,0.08333333333333333,0.9166666666666666,0.708333333333333,21,0.875,0.875,0.9166666666666666,0.8133333333333332
mlp_confidence,mlp_conf_ge_0.90_margin_ge_0.80_entropy_le_0.35_stab_2,True,llm_final,"{""min_requests"": 1, ""mlp_confidence_min"": 0.9, ""mlp_entropy_max"": 0.35, ""mlp_margin_min"": 0.8, ""mlp_stability_min"": 2}",2,24,7.375,5.0,8.375,0.08333333333333333,0.9166666666666666,0.125,22,0.9166666666666666,0.9166666666666666,0.9166666666666666,0.8666666666666666
mlp_confidence,mlp_conf_ge_0.90_margin_ge_0.80_entropy_le_0.35_stab_2,True,mlp_final,"{""min_requests"": 1, ""mlp_confidence_min"": 0.9, ""mlp_entropy_max"": 0.35, ""mlp_margin_min"": 0.8, ""mlp_stability_min"": 2}",2,24,7.375,5.0,8.375,0.08333333333333333,0.9166666666666666,0.125,21,0.875,0.9583333333333334,0.9583333333333334,0.7948717948717948
mlp_confidence,mlp_conf_ge_0.90_margin_ge_0.80_entropy_le_0.35_stab_2,True,conservative_hybrid_final,"{""min_requests"": 1, ""mlp_confidence_min"": 0.9, ""mlp_entropy_max"": 0.35, ""mlp_margin_min"": 0.8, ""mlp_stability_min"": 2}",2,24,7.375,5.0,8.375,0.08333333333333333,0.9166666666666666,0.125,22,0.9166666666666666,0.9166666666666666,0.9166666666666666,0.8666666666666666
mlp_confidence,mlp_conf_ge_0.90_margin_ge_0.80_entropy_le_0.35_stab_2,True,agreement_hybrid_final,"{""min_requests"": 1, ""mlp_confidence_min"": 0.9, ""mlp_entropy_max"": 0.35, ""mlp_margin_min"": 0.8, ""mlp_stability_min"": 2}",2,24,7.375,5.0,8.375,0.08333333333333333,0.9166666666666666,0.125,22,0.9166666666666666,0.9166666666666666,0.9166666666666666,0.8666666666666666
mlp_confidence,mlp_conf_ge_0.95_margin_ge_0.20_entropy_le_0.10_stab_0,True,llm_final,"{""min_requests"": 1, ""mlp_confidence_min"": 0.95, ""mlp_entropy_max"": 0.1, ""mlp_margin_min"": 0.2, ""mlp_stability_min"": 0}",2,24,7.166666666666667,4.5,8.166666666666666,0.08333333333333333,0.9166666666666666,0.33333333333333304,22,0.9166666666666666,0.9166666666666666,0.9166666666666666,0.8666666666666666
mlp_confidence,mlp_conf_ge_0.95_margin_ge_0.20_entropy_le_0.10_stab_0,True,mlp_final,"{""min_requests"": 1, ""mlp_confidence_min"": 0.95, ""mlp_entropy_max"": 0.1, ""mlp_margin_min"": 0.2, ""mlp_stability_min"": 0}",2,24,7.166666666666667,4.5,8.166666666666666,0.08333333333333333,0.9166666666666666,0.33333333333333304,21,0.875,0.9583333333333334,0.9583333333333334,0.7948717948717948
mlp_confidence,mlp_conf_ge_0.95_margin_ge_0.20_entropy_le_0.10_stab_0,True,conservative_hybrid_final,"{""min_requests"": 1, ""mlp_confidence_min"": 0.95, ""mlp_entropy_max"": 0.1, ""mlp_margin_min"": 0.2, ""mlp_stability_min"": 0}",2,24,7.166666666666667,4.5,8.166666666666666,0.08333333333333333,0.9166666666666666,0.33333333333333304,22,0.9166666666666666,0.9166666666666666,0.9166666666666666,0.8666666666666666
mlp_confidence,mlp_conf_ge_0.95_margin_ge_0.20_entropy_le_0.10_stab_0,True,agreement_hybrid_final,"{""min_requests"": 1, ""mlp_confidence_min"": 0.95, ""mlp_entropy_max"": 0.1, ""mlp_margin_min"": 0.2, ""mlp_stability_min"": 0}",2,24,7.166666666666667,4.5,8.166666666666666,0.08333333333333333,0.9166666666666666,0.33333333333333304,22,0.9166666666666666,0.9166666666666666,0.9166666666666666,0.8666666666666666
mlp_confidence,mlp_conf_ge_0.95_margin_ge_0.20_entropy_le_0.10_stab_1,True,llm_final,"{""min_requests"": 1, ""mlp_confidence_min"": 0.95, ""mlp_entropy_max"": 0.1, ""mlp_margin_min"": 0.2, ""mlp_stability_min"": 1}",2,24,7.166666666666667,4.5,8.166666666666666,0.08333333333333333,0.9166666666666666,0.33333333333333304,22,0.9166666666666666,0.9166666666666666,0.9166666666666666,0.8666666666666666
mlp_confidence,mlp_conf_ge_0.95_margin_ge_0.20_entropy_le_0.10_stab_1,True,mlp_final,"{""min_requests"": 1, ""mlp_confidence_min"": 0.95, ""mlp_entropy_max"": 0.1, ""mlp_margin_min"": 0.2, ""mlp_stability_min"": 1}",2,24,7.166666666666667,4.5,8.166666666666666,0.08333333333333333,0.9166666666666666,0.33333333333333304,21,0.875,0.9583333333333334,0.9583333333333334,0.7948717948717948
mlp_confidence,mlp_conf_ge_0.95_margin_ge_0.20_entropy_le_0.10_stab_1,True,conservative_hybrid_final,"{""min_requests"": 1, ""mlp_confidence_min"": 0.95, ""mlp_entropy_max"": 0.1, ""mlp_margin_min"": 0.2, ""mlp_stability_min"": 1}",2,24,7.166666666666667,4.5,8.166666666666666,0.08333333333333333,0.9166666666666666,0.33333333333333304,22,0.9166666666666666,0.9166666666666666,0.9166666666666666,0.8666666666666666
mlp_confidence,mlp_conf_ge_0.95_margin_ge_0.20_entropy_le_0.10_stab_1,True,agreement_hybrid_final,"{""min_requests"": 1, ""mlp_confidence_min"": 0.95, ""mlp_entropy_max"": 0.1, ""mlp_margin_min"": 0.2, ""mlp_stability_min"": 1}",2,24,7.166666666666667,4.5,8.166666666666666,0.08333333333333333,0.9166666666666666,0.33333333333333304,22,0.9166666666666666,0.9166666666666666,0.9166666666666666,0.8666666666666666
mlp_confidence,mlp_conf_ge_0.95_margin_ge_0.20_entropy_le_0.10_stab_2,True,llm_final,"{""min_requests"": 1, ""mlp_confidence_min"": 0.95, ""mlp_entropy_max"": 0.1, ""mlp_margin_min"": 0.2, ""mlp_stability_min"": 2}",2,24,7.416666666666667,5.0,8.416666666666666,0.08333333333333333,0.9166666666666666,0.08333333333333304,22,0.9166666666666666,0.9166666666666666,0.9166666666666666,0.8666666666666666
mlp_confidence,mlp_conf_ge_0.95_margin_ge_0.20_entropy_le_0.10_stab_2,True,mlp_final,"{""min_requests"": 1, ""mlp_confidence_min"": 0.95, ""mlp_entropy_max"": 0.1, ""mlp_margin_min"": 0.2, ""mlp_stability_min"": 2}",2,24,7.416666666666667,5.0,8.416666666666666,0.08333333333333333,0.9166666666666666,0.08333333333333304,21,0.875,0.9583333333333334,0.9583333333333334,0.7948717948717948
mlp_confidence,mlp_conf_ge_0.95_margin_ge_0.20_entropy_le_0.10_stab_2,True,conservative_hybrid_final,"{""min_requests"": 1, ""mlp_confidence_min"": 0.95, ""mlp_entropy_max"": 0.1, ""mlp_margin_min"": 0.2, ""mlp_stability_min"": 2}",2,24,7.416666666666667,5.0,8.416666666666666,0.08333333333333333,0.9166666666666666,0.08333333333333304,22,0.9166666666666666,0.9166666666666666,0.9166666666666666,0.8666666666666666
mlp_confidence,mlp_conf_ge_0.95_margin_ge_0.20_entropy_le_0.10_stab_2,True,agreement_hybrid_final,"{""min_requests"": 1, ""mlp_confidence_min"": 0.95, ""mlp_entropy_max"": 0.1, ""mlp_margin_min"": 0.2, ""mlp_stability_min"": 2}",2,24,7.416666666666667,5.0,8.416666666666666,0.08333333333333333,0.9166666666666666,0.08333333333333304,22,0.9166666666666666,0.9166666666666666,0.9166666666666666,0.8666666666666666
mlp_confidence,mlp_conf_ge_0.95_margin_ge_0.20_entropy_le_0.20_stab_0,True,llm_final,"{""min_requests"": 1, ""mlp_confidence_min"": 0.95, ""mlp_entropy_max"": 0.2, ""mlp_margin_min"": 0.2, ""mlp_stability_min"": 0}",2,24,7.166666666666667,4.5,8.166666666666666,0.08333333333333333,0.9166666666666666,0.33333333333333304,22,0.9166666666666666,0.9166666666666666,0.9166666666666666,0.8666666666666666
mlp_confidence,mlp_conf_ge_0.95_margin_ge_0.20_entropy_le_0.20_stab_0,True,mlp_final,"{""min_requests"": 1, ""mlp_confidence_min"": 0.95, ""mlp_entropy_max"": 0.2, ""mlp_margin_min"": 0.2, ""mlp_stability_min"": 0}",2,24,7.166666666666667,4.5,8.166666666666666,0.08333333333333333,0.9166666666666666,0.33333333333333304,21,0.875,0.9583333333333334,0.9583333333333334,0.7948717948717948
mlp_confidence,mlp_conf_ge_0.95_margin_ge_0.20_entropy_le_0.20_stab_0,True,conservative_hybrid_final,"{""min_requests"": 1, ""mlp_confidence_min"": 0.95, ""mlp_entropy_max"": 0.2, ""mlp_margin_min"": 0.2, ""mlp_stability_min"": 0}",2,24,7.166666666666667,4.5,8.166666666666666,0.08333333333333333,0.9166666666666666,0.33333333333333304,22,0.9166666666666666,0.9166666666666666,0.9166666666666666,0.8666666666666666
mlp_confidence,mlp_conf_ge_0.95_margin_ge_0.20_entropy_le_0.20_stab_0,True,agreement_hybrid_final,"{""min_requests"": 1, ""mlp_confidence_min"": 0.95, ""mlp_entropy_max"": 0.2, ""mlp_margin_min"": 0.2, ""mlp_stability_min"": 0}",2,24,7.166666666666667,4.5,8.166666666666666,0.08333333333333333,0.9166666666666666,0.33333333333333304,22,0.9166666666666666,0.9166666666666666,0.9166666666666666,0.8666666666666666
mlp_confidence,mlp_conf_ge_0.95_margin_ge_0.20_entropy_le_0.20_stab_1,True,llm_final,"{""min_requests"": 1, ""mlp_confidence_min"": 0.95, ""mlp_entropy_max"": 0.2, ""mlp_margin_min"": 0.2, ""mlp_stability_min"": 1}",2,24,7.166666666666667,4.5,8.166666666666666,0.08333333333333333,0.9166666666666666,0.33333333333333304,22,0.9166666666666666,0.9166666666666666,0.9166666666666666,0.8666666666666666
mlp_confidence,mlp_conf_ge_0.95_margin_ge_0.20_entropy_le_0.20_stab_1,True,mlp_final,"{""min_requests"": 1, ""mlp_confidence_min"": 0.95, ""mlp_entropy_max"": 0.2, ""mlp_margin_min"": 0.2, ""mlp_stability_min"": 1}",2,24,7.166666666666667,4.5,8.166666666666666,0.08333333333333333,0.9166666666666666,0.33333333333333304,21,0.875,0.9583333333333334,0.9583333333333334,0.7948717948717948
mlp_confidence,mlp_conf_ge_0.95_margin_ge_0.20_entropy_le_0.20_stab_1,True,conservative_hybrid_final,"{""min_requests"": 1, ""mlp_confidence_min"": 0.95, ""mlp_entropy_max"": 0.2, ""mlp_margin_min"": 0.2, ""mlp_stability_min"": 1}",2,24,7.166666666666667,4.5,8.166666666666666,0.08333333333333333,0.9166666666666666,0.33333333333333304,22,0.9166666666666666,0.9166666666666666,0.9166666666666666,0.8666666666666666
mlp_confidence,mlp_conf_ge_0.95_margin_ge_0.20_entropy_le_0.20_stab_1,True,agreement_hybrid_final,"{""min_requests"": 1, ""mlp_confidence_min"": 0.95, ""mlp_entropy_max"": 0.2, ""mlp_margin_min"": 0.2, ""mlp_stability_min"": 1}",2,24,7.166666666666667,4.5,8.166666666666666,0.08333333333333333,0.9166666666666666,0.33333333333333304,22,0.9166666666666666,0.9166666666666666,0.9166666666666666,0.8666666666666666
mlp_confidence,mlp_conf_ge_0.95_margin_ge_0.20_entropy_le_0.20_stab_2,True,llm_final,"{""min_requests"": 1, ""mlp_confidence_min"": 0.95, ""mlp_entropy_max"": 0.2, ""mlp_margin_min"": 0.2, ""mlp_stability_min"": 2}",2,24,7.416666666666667,5.0,8.416666666666666,0.08333333333333333,0.9166666666666666,0.08333333333333304,22,0.9166666666666666,0.9166666666666666,0.9166666666666666,0.8666666666666666
mlp_confidence,mlp_conf_ge_0.95_margin_ge_0.20_entropy_le_0.20_stab_2,True,mlp_final,"{""min_requests"": 1, ""mlp_confidence_min"": 0.95, ""mlp_entropy_max"": 0.2, ""mlp_margin_min"": 0.2, ""mlp_stability_min"": 2}",2,24,7.416666666666667,5.0,8.416666666666666,0.08333333333333333,0.9166666666666666,0.08333333333333304,21,0.875,0.9583333333333334,0.9583333333333334,0.7948717948717948
mlp_confidence,mlp_conf_ge_0.95_margin_ge_0.20_entropy_le_0.20_stab_2,True,conservative_hybrid_final,"{""min_requests"": 1, ""mlp_confidence_min"": 0.95, ""mlp_entropy_max"": 0.2, ""mlp_margin_min"": 0.2, ""mlp_stability_min"": 2}",2,24,7.416666666666667,5.0,8.416666666666666,0.08333333333333333,0.9166666666666666,0.08333333333333304,22,0.9166666666666666,0.9166666666666666,0.9166666666666666,0.8666666666666666
mlp_confidence,mlp_conf_ge_0.95_margin_ge_0.20_entropy_le_0.20_stab_2,True,agreement_hybrid_final,"{""min_requests"": 1, ""mlp_confidence_min"": 0.95, ""mlp_entropy_max"": 0.2, ""mlp_margin_min"": 0.2, ""mlp_stability_min"": 2}",2,24,7.416666666666667,5.0,8.416666666666666,0.08333333333333333,0.9166666666666666,0.08333333333333304,22,0.9166666666666666,0.9166666666666666,0.9166666666666666,0.8666666666666666
mlp_confidence,mlp_conf_ge_0.95_margin_ge_0.20_entropy_le_0.35_stab_0,True,llm_final,"{""min_requests"": 1, ""mlp_confidence_min"": 0.95, ""mlp_entropy_max"": 0.35, ""mlp_margin_min"": 0.2, ""mlp_stability_min"": 0}",2,24,7.166666666666667,4.5,8.166666666666666,0.08333333333333333,0.9166666666666666,0.33333333333333304,22,0.9166666666666666,0.9166666666666666,0.9166666666666666,0.8666666666666666
mlp_confidence,mlp_conf_ge_0.95_margin_ge_0.20_entropy_le_0.35_stab_0,True,mlp_final,"{""min_requests"": 1, ""mlp_confidence_min"": 0.95, ""mlp_entropy_max"": 0.35, ""mlp_margin_min"": 0.2, ""mlp_stability_min"": 0}",2,24,7.166666666666667,4.5,8.166666666666666,0.08333333333333333,0.9166666666666666,0.33333333333333304,21,0.875,0.9583333333333334,0.9583333333333334,0.7948717948717948
mlp_confidence,mlp_conf_ge_0.95_margin_ge_0.20_entropy_le_0.35_stab_0,True,conservative_hybrid_final,"{""min_requests"": 1, ""mlp_confidence_min"": 0.95, ""mlp_entropy_max"": 0.35, ""mlp_margin_min"": 0.2, ""mlp_stability_min"": 0}",2,24,7.166666666666667,4.5,8.166666666666666,0.08333333333333333,0.9166666666666666,0.33333333333333304,22,0.9166666666666666,0.9166666666666666,0.9166666666666666,0.8666666666666666
mlp_confidence,mlp_conf_ge_0.95_margin_ge_0.20_entropy_le_0.35_stab_0,True,agreement_hybrid_final,"{""min_requests"": 1, ""mlp_confidence_min"": 0.95, ""mlp_entropy_max"": 0.35, ""mlp_margin_min"": 0.2, ""mlp_stability_min"": 0}",2,24,7.166666666666667,4.5,8.166666666666666,0.08333333333333333,0.9166666666666666,0.33333333333333304,22,0.9166666666666666,0.9166666666666666,0.9166666666666666,0.8666666666666666
mlp_confidence,mlp_conf_ge_0.95_margin_ge_0.20_entropy_le_0.35_stab_1,True,llm_final,"{""min_requests"": 1, ""mlp_confidence_min"": 0.95, ""mlp_entropy_max"": 0.35, ""mlp_margin_min"": 0.2, ""mlp_stability_min"": 1}",2,24,7.166666666666667,4.5,8.166666666666666,0.08333333333333333,0.9166666666666666,0.33333333333333304,22,0.9166666666666666,0.9166666666666666,0.9166666666666666,0.8666666666666666
mlp_confidence,mlp_conf_ge_0.95_margin_ge_0.20_entropy_le_0.35_stab_1,True,mlp_final,"{""min_requests"": 1, ""mlp_confidence_min"": 0.95, ""mlp_entropy_max"": 0.35, ""mlp_margin_min"": 0.2, ""mlp_stability_min"": 1}",2,24,7.166666666666667,4.5,8.166666666666666,0.08333333333333333,0.9166666666666666,0.33333333333333304,21,0.875,0.9583333333333334,0.9583333333333334,0.7948717948717948
mlp_confidence,mlp_conf_ge_0.95_margin_ge_0.20_entropy_le_0.35_stab_1,True,conservative_hybrid_final,"{""min_requests"": 1, ""mlp_confidence_min"": 0.95, ""mlp_entropy_max"": 0.35, ""mlp_margin_min"": 0.2, ""mlp_stability_min"": 1}",2,24,7.166666666666667,4.5,8.166666666666666,0.08333333333333333,0.9166666666666666,0.33333333333333304,22,0.9166666666666666,0.9166666666666666,0.9166666666666666,0.8666666666666666
mlp_confidence,mlp_conf_ge_0.95_margin_ge_0.20_entropy_le_0.35_stab_1,True,agreement_hybrid_final,"{""min_requests"": 1, ""mlp_confidence_min"": 0.95, ""mlp_entropy_max"": 0.35, ""mlp_margin_min"": 0.2, ""mlp_stability_min"": 1}",2,24,7.166666666666667,4.5,8.166666666666666,0.08333333333333333,0.9166666666666666,0.33333333333333304,22,0.9166666666666666,0.9166666666666666,0.9166666666666666,0.8666666666666666
mlp_confidence,mlp_conf_ge_0.95_margin_ge_0.20_entropy_le_0.35_stab_2,True,llm_final,"{""min_requests"": 1, ""mlp_confidence_min"": 0.95, ""mlp_entropy_max"": 0.35, ""mlp_margin_min"": 0.2, ""mlp_stability_min"": 2}",2,24,7.416666666666667,5.0,8.416666666666666,0.08333333333333333,0.9166666666666666,0.08333333333333304,22,0.9166666666666666,0.9166666666666666,0.9166666666666666,0.8666666666666666
mlp_confidence,mlp_conf_ge_0.95_margin_ge_0.20_entropy_le_0.35_stab_2,True,mlp_final,"{""min_requests"": 1, ""mlp_confidence_min"": 0.95, ""mlp_entropy_max"": 0.35, ""mlp_margin_min"": 0.2, ""mlp_stability_min"": 2}",2,24,7.416666666666667,5.0,8.416666666666666,0.08333333333333333,0.9166666666666666,0.08333333333333304,21,0.875,0.9583333333333334,0.9583333333333334,0.7948717948717948
mlp_confidence,mlp_conf_ge_0.95_margin_ge_0.20_entropy_le_0.35_stab_2,True,conservative_hybrid_final,"{""min_requests"": 1, ""mlp_confidence_min"": 0.95, ""mlp_entropy_max"": 0.35, ""mlp_margin_min"": 0.2, ""mlp_stability_min"": 2}",2,24,7.416666666666667,5.0,8.416666666666666,0.08333333333333333,0.9166666666666666,0.08333333333333304,22,0.9166666666666666,0.9166666666666666,0.9166666666666666,0.8666666666666666
mlp_confidence,mlp_conf_ge_0.95_margin_ge_0.20_entropy_le_0.35_stab_2,True,agreement_hybrid_final,"{""min_requests"": 1, ""mlp_confidence_min"": 0.95, ""mlp_entropy_max"": 0.35, ""mlp_margin_min"": 0.2, ""mlp_stability_min"": 2}",2,24,7.416666666666667,5.0,8.416666666666666,0.08333333333333333,0.9166666666666666,0.08333333333333304,22,0.9166666666666666,0.9166666666666666,0.9166666666666666,0.8666666666666666
mlp_confidence,mlp_conf_ge_0.95_margin_ge_0.40_entropy_le_0.10_stab_0,True,llm_final,"{""min_requests"": 1, ""mlp_confidence_min"": 0.95, ""mlp_entropy_max"": 0.1, ""mlp_margin_min"": 0.4, ""mlp_stability_min"": 0}",2,24,7.166666666666667,4.5,8.166666666666666,0.08333333333333333,0.9166666666666666,0.33333333333333304,22,0.9166666666666666,0.9166666666666666,0.9166666666666666,0.8666666666666666
mlp_confidence,mlp_conf_ge_0.95_margin_ge_0.40_entropy_le_0.10_stab_0,True,mlp_final,"{""min_requests"": 1, ""mlp_confidence_min"": 0.95, ""mlp_entropy_max"": 0.1, ""mlp_margin_min"": 0.4, ""mlp_stability_min"": 0}",2,24,7.166666666666667,4.5,8.166666666666666,0.08333333333333333,0.9166666666666666,0.33333333333333304,21,0.875,0.9583333333333334,0.9583333333333334,0.7948717948717948
mlp_confidence,mlp_conf_ge_0.95_margin_ge_0.40_entropy_le_0.10_stab_0,True,conservative_hybrid_final,"{""min_requests"": 1, ""mlp_confidence_min"": 0.95, ""mlp_entropy_max"": 0.1, ""mlp_margin_min"": 0.4, ""mlp_stability_min"": 0}",2,24,7.166666666666667,4.5,8.166666666666666,0.08333333333333333,0.9166666666666666,0.33333333333333304,22,0.9166666666666666,0.9166666666666666,0.9166666666666666,0.8666666666666666
mlp_confidence,mlp_conf_ge_0.95_margin_ge_0.40_entropy_le_0.10_stab_0,True,agreement_hybrid_final,"{""min_requests"": 1, ""mlp_confidence_min"": 0.95, ""mlp_entropy_max"": 0.1, ""mlp_margin_min"": 0.4, ""mlp_stability_min"": 0}",2,24,7.166666666666667,4.5,8.166666666666666,0.08333333333333333,0.9166666666666666,0.33333333333333304,22,0.9166666666666666,0.9166666666666666,0.9166666666666666,0.8666666666666666
mlp_confidence,mlp_conf_ge_0.95_margin_ge_0.40_entropy_le_0.10_stab_1,True,llm_final,"{""min_requests"": 1, ""mlp_confidence_min"": 0.95, ""mlp_entropy_max"": 0.1, ""mlp_margin_min"": 0.4, ""mlp_stability_min"": 1}",2,24,7.166666666666667,4.5,8.166666666666666,0.08333333333333333,0.9166666666666666,0.33333333333333304,22,0.9166666666666666,0.9166666666666666,0.9166666666666666,0.8666666666666666
mlp_confidence,mlp_conf_ge_0.95_margin_ge_0.40_entropy_le_0.10_stab_1,True,mlp_final,"{""min_requests"": 1, ""mlp_confidence_min"": 0.95, ""mlp_entropy_max"": 0.1, ""mlp_margin_min"": 0.4, ""mlp_stability_min"": 1}",2,24,7.166666666666667,4.5,8.166666666666666,0.08333333333333333,0.9166666666666666,0.33333333333333304,21,0.875,0.9583333333333334,0.9583333333333334,0.7948717948717948
mlp_confidence,mlp_conf_ge_0.95_margin_ge_0.40_entropy_le_0.10_stab_1,True,conservative_hybrid_final,"{""min_requests"": 1, ""mlp_confidence_min"": 0.95, ""mlp_entropy_max"": 0.1, ""mlp_margin_min"": 0.4, ""mlp_stability_min"": 1}",2,24,7.166666666666667,4.5,8.166666666666666,0.08333333333333333,0.9166666666666666,0.33333333333333304,22,0.9166666666666666,0.9166666666666666,0.9166666666666666,0.8666666666666666
mlp_confidence,mlp_conf_ge_0.95_margin_ge_0.40_entropy_le_0.10_stab_1,True,agreement_hybrid_final,"{""min_requests"": 1, ""mlp_confidence_min"": 0.95, ""mlp_entropy_max"": 0.1, ""mlp_margin_min"": 0.4, ""mlp_stability_min"": 1}",2,24,7.166666666666667,4.5,8.166666666666666,0.08333333333333333,0.9166666666666666,0.33333333333333304,22,0.9166666666666666,0.9166666666666666,0.9166666666666666,0.8666666666666666
mlp_confidence,mlp_conf_ge_0.95_margin_ge_0.40_entropy_le_0.10_stab_2,True,llm_final,"{""min_requests"": 1, ""mlp_confidence_min"": 0.95, ""mlp_entropy_max"": 0.1, ""mlp_margin_min"": 0.4, ""mlp_stability_min"": 2}",2,24,7.416666666666667,5.0,8.416666666666666,0.08333333333333333,0.9166666666666666,0.08333333333333304,22,0.9166666666666666,0.9166666666666666,0.9166666666666666,0.8666666666666666
mlp_confidence,mlp_conf_ge_0.95_margin_ge_0.40_entropy_le_0.10_stab_2,True,mlp_final,"{""min_requests"": 1, ""mlp_confidence_min"": 0.95, ""mlp_entropy_max"": 0.1, ""mlp_margin_min"": 0.4, ""mlp_stability_min"": 2}",2,24,7.416666666666667,5.0,8.416666666666666,0.08333333333333333,0.9166666666666666,0.08333333333333304,21,0.875,0.9583333333333334,0.9583333333333334,0.7948717948717948
mlp_confidence,mlp_conf_ge_0.95_margin_ge_0.40_entropy_le_0.10_stab_2,True,conservative_hybrid_final,"{""min_requests"": 1, ""mlp_confidence_min"": 0.95, ""mlp_entropy_max"": 0.1, ""mlp_margin_min"": 0.4, ""mlp_stability_min"": 2}",2,24,7.416666666666667,5.0,8.416666666666666,0.08333333333333333,0.9166666666666666,0.08333333333333304,22,0.9166666666666666,0.9166666666666666,0.9166666666666666,0.8666666666666666
mlp_confidence,mlp_conf_ge_0.95_margin_ge_0.40_entropy_le_0.10_stab_2,True,agreement_hybrid_final,"{""min_requests"": 1, ""mlp_confidence_min"": 0.95, ""mlp_entropy_max"": 0.1, ""mlp_margin_min"": 0.4, ""mlp_stability_min"": 2}",2,24,7.416666666666667,5.0,8.416666666666666,0.08333333333333333,0.9166666666666666,0.08333333333333304,22,0.9166666666666666,0.9166666666666666,0.9166666666666666,0.8666666666666666
mlp_confidence,mlp_conf_ge_0.95_margin_ge_0.40_entropy_le_0.20_stab_0,True,llm_final,"{""min_requests"": 1, ""mlp_confidence_min"": 0.95, ""mlp_entropy_max"": 0.2, ""mlp_margin_min"": 0.4, ""mlp_stability_min"": 0}",2,24,7.166666666666667,4.5,8.166666666666666,0.08333333333333333,0.9166666666666666,0.33333333333333304,22,0.9166666666666666,0.9166666666666666,0.9166666666666666,0.8666666666666666
mlp_confidence,mlp_conf_ge_0.95_margin_ge_0.40_entropy_le_0.20_stab_0,True,mlp_final,"{""min_requests"": 1, ""mlp_confidence_min"": 0.95, ""mlp_entropy_max"": 0.2, ""mlp_margin_min"": 0.4, ""mlp_stability_min"": 0}",2,24,7.166666666666667,4.5,8.166666666666666,0.08333333333333333,0.9166666666666666,0.33333333333333304,21,0.875,0.9583333333333334,0.9583333333333334,0.7948717948717948
mlp_confidence,mlp_conf_ge_0.95_margin_ge_0.40_entropy_le_0.20_stab_0,True,conservative_hybrid_final,"{""min_requests"": 1, ""mlp_confidence_min"": 0.95, ""mlp_entropy_max"": 0.2, ""mlp_margin_min"": 0.4, ""mlp_stability_min"": 0}",2,24,7.166666666666667,4.5,8.166666666666666,0.08333333333333333,0.9166666666666666,0.33333333333333304,22,0.9166666666666666,0.9166666666666666,0.9166666666666666,0.8666666666666666
mlp_confidence,mlp_conf_ge_0.95_margin_ge_0.40_entropy_le_0.20_stab_0,True,agreement_hybrid_final,"{""min_requests"": 1, ""mlp_confidence_min"": 0.95, ""mlp_entropy_max"": 0.2, ""mlp_margin_min"": 0.4, ""mlp_stability_min"": 0}",2,24,7.166666666666667,4.5,8.166666666666666,0.08333333333333333,0.9166666666666666,0.33333333333333304,22,0.9166666666666666,0.9166666666666666,0.9166666666666666,0.8666666666666666
mlp_confidence,mlp_conf_ge_0.95_margin_ge_0.40_entropy_le_0.20_stab_1,True,llm_final,"{""min_requests"": 1, ""mlp_confidence_min"": 0.95, ""mlp_entropy_max"": 0.2, ""mlp_margin_min"": 0.4, ""mlp_stability_min"": 1}",2,24,7.166666666666667,4.5,8.166666666666666,0.08333333333333333,0.9166666666666666,0.33333333333333304,22,0.9166666666666666,0.9166666666666666,0.9166666666666666,0.8666666666666666
mlp_confidence,mlp_conf_ge_0.95_margin_ge_0.40_entropy_le_0.20_stab_1,True,mlp_final,"{""min_requests"": 1, ""mlp_confidence_min"": 0.95, ""mlp_entropy_max"": 0.2, ""mlp_margin_min"": 0.4, ""mlp_stability_min"": 1}",2,24,7.166666666666667,4.5,8.166666666666666,0.08333333333333333,0.9166666666666666,0.33333333333333304,21,0.875,0.9583333333333334,0.9583333333333334,0.7948717948717948
mlp_confidence,mlp_conf_ge_0.95_margin_ge_0.40_entropy_le_0.20_stab_1,True,conservative_hybrid_final,"{""min_requests"": 1, ""mlp_confidence_min"": 0.95, ""mlp_entropy_max"": 0.2, ""mlp_margin_min"": 0.4, ""mlp_stability_min"": 1}",2,24,7.166666666666667,4.5,8.166666666666666,0.08333333333333333,0.9166666666666666,0.33333333333333304,22,0.9166666666666666,0.9166666666666666,0.9166666666666666,0.8666666666666666
mlp_confidence,mlp_conf_ge_0.95_margin_ge_0.40_entropy_le_0.20_stab_1,True,agreement_hybrid_final,"{""min_requests"": 1, ""mlp_confidence_min"": 0.95, ""mlp_entropy_max"": 0.2, ""mlp_margin_min"": 0.4, ""mlp_stability_min"": 1}",2,24,7.166666666666667,4.5,8.166666666666666,0.08333333333333333,0.9166666666666666,0.33333333333333304,22,0.9166666666666666,0.9166666666666666,0.9166666666666666,0.8666666666666666
mlp_confidence,mlp_conf_ge_0.95_margin_ge_0.40_entropy_le_0.20_stab_2,True,llm_final,"{""min_requests"": 1, ""mlp_confidence_min"": 0.95, ""mlp_entropy_max"": 0.2, ""mlp_margin_min"": 0.4, ""mlp_stability_min"": 2}",2,24,7.416666666666667,5.0,8.416666666666666,0.08333333333333333,0.9166666666666666,0.08333333333333304,22,0.9166666666666666,0.9166666666666666,0.9166666666666666,0.8666666666666666
mlp_confidence,mlp_conf_ge_0.95_margin_ge_0.40_entropy_le_0.20_stab_2,True,mlp_final,"{""min_requests"": 1, ""mlp_confidence_min"": 0.95, ""mlp_entropy_max"": 0.2, ""mlp_margin_min"": 0.4, ""mlp_stability_min"": 2}",2,24,7.416666666666667,5.0,8.416666666666666,0.08333333333333333,0.9166666666666666,0.08333333333333304,21,0.875,0.9583333333333334,0.9583333333333334,0.7948717948717948
mlp_confidence,mlp_conf_ge_0.95_margin_ge_0.40_entropy_le_0.20_stab_2,True,conservative_hybrid_final,"{""min_requests"": 1, ""mlp_confidence_min"": 0.95, ""mlp_entropy_max"": 0.2, ""mlp_margin_min"": 0.4, ""mlp_stability_min"": 2}",2,24,7.416666666666667,5.0,8.416666666666666,0.08333333333333333,0.9166666666666666,0.08333333333333304,22,0.9166666666666666,0.9166666666666666,0.9166666666666666,0.8666666666666666
mlp_confidence,mlp_conf_ge_0.95_margin_ge_0.40_entropy_le_0.20_stab_2,True,agreement_hybrid_final,"{""min_requests"": 1, ""mlp_confidence_min"": 0.95, ""mlp_entropy_max"": 0.2, ""mlp_margin_min"": 0.4, ""mlp_stability_min"": 2}",2,24,7.416666666666667,5.0,8.416666666666666,0.08333333333333333,0.9166666666666666,0.08333333333333304,22,0.9166666666666666,0.9166666666666666,0.9166666666666666,0.8666666666666666
mlp_confidence,mlp_conf_ge_0.95_margin_ge_0.40_entropy_le_0.35_stab_0,True,llm_final,"{""min_requests"": 1, ""mlp_confidence_min"": 0.95, ""mlp_entropy_max"": 0.35, ""mlp_margin_min"": 0.4, ""mlp_stability_min"": 0}",2,24,7.166666666666667,4.5,8.166666666666666,0.08333333333333333,0.9166666666666666,0.33333333333333304,22,0.9166666666666666,0.9166666666666666,0.9166666666666666,0.8666666666666666
mlp_confidence,mlp_conf_ge_0.95_margin_ge_0.40_entropy_le_0.35_stab_0,True,mlp_final,"{""min_requests"": 1, ""mlp_confidence_min"": 0.95, ""mlp_entropy_max"": 0.35, ""mlp_margin_min"": 0.4, ""mlp_stability_min"": 0}",2,24,7.166666666666667,4.5,8.166666666666666,0.08333333333333333,0.9166666666666666,0.33333333333333304,21,0.875,0.9583333333333334,0.9583333333333334,0.7948717948717948
mlp_confidence,mlp_conf_ge_0.95_margin_ge_0.40_entropy_le_0.35_stab_0,True,conservative_hybrid_final,"{""min_requests"": 1, ""mlp_confidence_min"": 0.95, ""mlp_entropy_max"": 0.35, ""mlp_margin_min"": 0.4, ""mlp_stability_min"": 0}",2,24,7.166666666666667,4.5,8.166666666666666,0.08333333333333333,0.9166666666666666,0.33333333333333304,22,0.9166666666666666,0.9166666666666666,0.9166666666666666,0.8666666666666666
mlp_confidence,mlp_conf_ge_0.95_margin_ge_0.40_entropy_le_0.35_stab_0,True,agreement_hybrid_final,"{""min_requests"": 1, ""mlp_confidence_min"": 0.95, ""mlp_entropy_max"": 0.35, ""mlp_margin_min"": 0.4, ""mlp_stability_min"": 0}",2,24,7.166666666666667,4.5,8.166666666666666,0.08333333333333333,0.9166666666666666,0.33333333333333304,22,0.9166666666666666,0.9166666666666666,0.9166666666666666,0.8666666666666666
mlp_confidence,mlp_conf_ge_0.95_margin_ge_0.40_entropy_le_0.35_stab_1,True,llm_final,"{""min_requests"": 1, ""mlp_confidence_min"": 0.95, ""mlp_entropy_max"": 0.35, ""mlp_margin_min"": 0.4, ""mlp_stability_min"": 1}",2,24,7.166666666666667,4.5,8.166666666666666,0.08333333333333333,0.9166666666666666,0.33333333333333304,22,0.9166666666666666,0.9166666666666666,0.9166666666666666,0.8666666666666666
mlp_confidence,mlp_conf_ge_0.95_margin_ge_0.40_entropy_le_0.35_stab_1,True,mlp_final,"{""min_requests"": 1, ""mlp_confidence_min"": 0.95, ""mlp_entropy_max"": 0.35, ""mlp_margin_min"": 0.4, ""mlp_stability_min"": 1}",2,24,7.166666666666667,4.5,8.166666666666666,0.08333333333333333,0.9166666666666666,0.33333333333333304,21,0.875,0.9583333333333334,0.9583333333333334,0.7948717948717948
mlp_confidence,mlp_conf_ge_0.95_margin_ge_0.40_entropy_le_0.35_stab_1,True,conservative_hybrid_final,"{""min_requests"": 1, ""mlp_confidence_min"": 0.95, ""mlp_entropy_max"": 0.35, ""mlp_margin_min"": 0.4, ""mlp_stability_min"": 1}",2,24,7.166666666666667,4.5,8.166666666666666,0.08333333333333333,0.9166666666666666,0.33333333333333304,22,0.9166666666666666,0.9166666666666666,0.9166666666666666,0.8666666666666666
mlp_confidence,mlp_conf_ge_0.95_margin_ge_0.40_entropy_le_0.35_stab_1,True,agreement_hybrid_final,"{""min_requests"": 1, ""mlp_confidence_min"": 0.95, ""mlp_entropy_max"": 0.35, ""mlp_margin_min"": 0.4, ""mlp_stability_min"": 1}",2,24,7.166666666666667,4.5,8.166666666666666,0.08333333333333333,0.9166666666666666,0.33333333333333304,22,0.9166666666666666,0.9166666666666666,0.9166666666666666,0.8666666666666666
mlp_confidence,mlp_conf_ge_0.95_margin_ge_0.40_entropy_le_0.35_stab_2,True,llm_final,"{""min_requests"": 1, ""mlp_confidence_min"": 0.95, ""mlp_entropy_max"": 0.35, ""mlp_margin_min"": 0.4, ""mlp_stability_min"": 2}",2,24,7.416666666666667,5.0,8.416666666666666,0.08333333333333333,0.9166666666666666,0.08333333333333304,22,0.9166666666666666,0.9166666666666666,0.9166666666666666,0.8666666666666666
mlp_confidence,mlp_conf_ge_0.95_margin_ge_0.40_entropy_le_0.35_stab_2,True,mlp_final,"{""min_requests"": 1, ""mlp_confidence_min"": 0.95, ""mlp_entropy_max"": 0.35, ""mlp_margin_min"": 0.4, ""mlp_stability_min"": 2}",2,24,7.416666666666667,5.0,8.416666666666666,0.08333333333333333,0.9166666666666666,0.08333333333333304,21,0.875,0.9583333333333334,0.9583333333333334,0.7948717948717948
mlp_confidence,mlp_conf_ge_0.95_margin_ge_0.40_entropy_le_0.35_stab_2,True,conservative_hybrid_final,"{""min_requests"": 1, ""mlp_confidence_min"": 0.95, ""mlp_entropy_max"": 0.35, ""mlp_margin_min"": 0.4, ""mlp_stability_min"": 2}",2,24,7.416666666666667,5.0,8.416666666666666,0.08333333333333333,0.9166666666666666,0.08333333333333304,22,0.9166666666666666,0.9166666666666666,0.9166666666666666,0.8666666666666666
mlp_confidence,mlp_conf_ge_0.95_margin_ge_0.40_entropy_le_0.35_stab_2,True,agreement_hybrid_final,"{""min_requests"": 1, ""mlp_confidence_min"": 0.95, ""mlp_entropy_max"": 0.35, ""mlp_margin_min"": 0.4, ""mlp_stability_min"": 2}",2,24,7.416666666666667,5.0,8.416666666666666,0.08333333333333333,0.9166666666666666,0.08333333333333304,22,0.9166666666666666,0.9166666666666666,0.9166666666666666,0.8666666666666666
mlp_confidence,mlp_conf_ge_0.95_margin_ge_0.60_entropy_le_0.10_stab_0,True,llm_final,"{""min_requests"": 1, ""mlp_confidence_min"": 0.95, ""mlp_entropy_max"": 0.1, ""mlp_margin_min"": 0.6, ""mlp_stability_min"": 0}",2,24,7.166666666666667,4.5,8.166666666666666,0.08333333333333333,0.9166666666666666,0.33333333333333304,22,0.9166666666666666,0.9166666666666666,0.9166666666666666,0.8666666666666666
mlp_confidence,mlp_conf_ge_0.95_margin_ge_0.60_entropy_le_0.10_stab_0,True,mlp_final,"{""min_requests"": 1, ""mlp_confidence_min"": 0.95, ""mlp_entropy_max"": 0.1, ""mlp_margin_min"": 0.6, ""mlp_stability_min"": 0}",2,24,7.166666666666667,4.5,8.166666666666666,0.08333333333333333,0.9166666666666666,0.33333333333333304,21,0.875,0.9583333333333334,0.9583333333333334,0.7948717948717948
mlp_confidence,mlp_conf_ge_0.95_margin_ge_0.60_entropy_le_0.10_stab_0,True,conservative_hybrid_final,"{""min_requests"": 1, ""mlp_confidence_min"": 0.95, ""mlp_entropy_max"": 0.1, ""mlp_margin_min"": 0.6, ""mlp_stability_min"": 0}",2,24,7.166666666666667,4.5,8.166666666666666,0.08333333333333333,0.9166666666666666,0.33333333333333304,22,0.9166666666666666,0.9166666666666666,0.9166666666666666,0.8666666666666666
mlp_confidence,mlp_conf_ge_0.95_margin_ge_0.60_entropy_le_0.10_stab_0,True,agreement_hybrid_final,"{""min_requests"": 1, ""mlp_confidence_min"": 0.95, ""mlp_entropy_max"": 0.1, ""mlp_margin_min"": 0.6, ""mlp_stability_min"": 0}",2,24,7.166666666666667,4.5,8.166666666666666,0.08333333333333333,0.9166666666666666,0.33333333333333304,22,0.9166666666666666,0.9166666666666666,0.9166666666666666,0.8666666666666666
mlp_confidence,mlp_conf_ge_0.95_margin_ge_0.60_entropy_le_0.10_stab_1,True,llm_final,"{""min_requests"": 1, ""mlp_confidence_min"": 0.95, ""mlp_entropy_max"": 0.1, ""mlp_margin_min"": 0.6, ""mlp_stability_min"": 1}",2,24,7.166666666666667,4.5,8.166666666666666,0.08333333333333333,0.9166666666666666,0.33333333333333304,22,0.9166666666666666,0.9166666666666666,0.9166666666666666,0.8666666666666666
mlp_confidence,mlp_conf_ge_0.95_margin_ge_0.60_entropy_le_0.10_stab_1,True,mlp_final,"{""min_requests"": 1, ""mlp_confidence_min"": 0.95, ""mlp_entropy_max"": 0.1, ""mlp_margin_min"": 0.6, ""mlp_stability_min"": 1}",2,24,7.166666666666667,4.5,8.166666666666666,0.08333333333333333,0.9166666666666666,0.33333333333333304,21,0.875,0.9583333333333334,0.9583333333333334,0.7948717948717948
mlp_confidence,mlp_conf_ge_0.95_margin_ge_0.60_entropy_le_0.10_stab_1,True,conservative_hybrid_final,"{""min_requests"": 1, ""mlp_confidence_min"": 0.95, ""mlp_entropy_max"": 0.1, ""mlp_margin_min"": 0.6, ""mlp_stability_min"": 1}",2,24,7.166666666666667,4.5,8.166666666666666,0.08333333333333333,0.9166666666666666,0.33333333333333304,22,0.9166666666666666,0.9166666666666666,0.9166666666666666,0.8666666666666666
mlp_confidence,mlp_conf_ge_0.95_margin_ge_0.60_entropy_le_0.10_stab_1,True,agreement_hybrid_final,"{""min_requests"": 1, ""mlp_confidence_min"": 0.95, ""mlp_entropy_max"": 0.1, ""mlp_margin_min"": 0.6, ""mlp_stability_min"": 1}",2,24,7.166666666666667,4.5,8.166666666666666,0.08333333333333333,0.9166666666666666,0.33333333333333304,22,0.9166666666666666,0.9166666666666666,0.9166666666666666,0.8666666666666666
mlp_confidence,mlp_conf_ge_0.95_margin_ge_0.60_entropy_le_0.10_stab_2,True,llm_final,"{""min_requests"": 1, ""mlp_confidence_min"": 0.95, ""mlp_entropy_max"": 0.1, ""mlp_margin_min"": 0.6, ""mlp_stability_min"": 2}",2,24,7.416666666666667,5.0,8.416666666666666,0.08333333333333333,0.9166666666666666,0.08333333333333304,22,0.9166666666666666,0.9166666666666666,0.9166666666666666,0.8666666666666666
mlp_confidence,mlp_conf_ge_0.95_margin_ge_0.60_entropy_le_0.10_stab_2,True,mlp_final,"{""min_requests"": 1, ""mlp_confidence_min"": 0.95, ""mlp_entropy_max"": 0.1, ""mlp_margin_min"": 0.6, ""mlp_stability_min"": 2}",2,24,7.416666666666667,5.0,8.416666666666666,0.08333333333333333,0.9166666666666666,0.08333333333333304,21,0.875,0.9583333333333334,0.9583333333333334,0.7948717948717948
mlp_confidence,mlp_conf_ge_0.95_margin_ge_0.60_entropy_le_0.10_stab_2,True,conservative_hybrid_final,"{""min_requests"": 1, ""mlp_confidence_min"": 0.95, ""mlp_entropy_max"": 0.1, ""mlp_margin_min"": 0.6, ""mlp_stability_min"": 2}",2,24,7.416666666666667,5.0,8.416666666666666,0.08333333333333333,0.9166666666666666,0.08333333333333304,22,0.9166666666666666,0.9166666666666666,0.9166666666666666,0.8666666666666666
mlp_confidence,mlp_conf_ge_0.95_margin_ge_0.60_entropy_le_0.10_stab_2,True,agreement_hybrid_final,"{""min_requests"": 1, ""mlp_confidence_min"": 0.95, ""mlp_entropy_max"": 0.1, ""mlp_margin_min"": 0.6, ""mlp_stability_min"": 2}",2,24,7.416666666666667,5.0,8.416666666666666,0.08333333333333333,0.9166666666666666,0.08333333333333304,22,0.9166666666666666,0.9166666666666666,0.9166666666666666,0.8666666666666666
mlp_confidence,mlp_conf_ge_0.95_margin_ge_0.60_entropy_le_0.20_stab_0,True,llm_final,"{""min_requests"": 1, ""mlp_confidence_min"": 0.95, ""mlp_entropy_max"": 0.2, ""mlp_margin_min"": 0.6, ""mlp_stability_min"": 0}",2,24,7.166666666666667,4.5,8.166666666666666,0.08333333333333333,0.9166666666666666,0.33333333333333304,22,0.9166666666666666,0.9166666666666666,0.9166666666666666,0.8666666666666666
mlp_confidence,mlp_conf_ge_0.95_margin_ge_0.60_entropy_le_0.20_stab_0,True,mlp_final,"{""min_requests"": 1, ""mlp_confidence_min"": 0.95, ""mlp_entropy_max"": 0.2, ""mlp_margin_min"": 0.6, ""mlp_stability_min"": 0}",2,24,7.166666666666667,4.5,8.166666666666666,0.08333333333333333,0.9166666666666666,0.33333333333333304,21,0.875,0.9583333333333334,0.9583333333333334,0.7948717948717948
mlp_confidence,mlp_conf_ge_0.95_margin_ge_0.60_entropy_le_0.20_stab_0,True,conservative_hybrid_final,"{""min_requests"": 1, ""mlp_confidence_min"": 0.95, ""mlp_entropy_max"": 0.2, ""mlp_margin_min"": 0.6, ""mlp_stability_min"": 0}",2,24,7.166666666666667,4.5,8.166666666666666,0.08333333333333333,0.9166666666666666,0.33333333333333304,22,0.9166666666666666,0.9166666666666666,0.9166666666666666,0.8666666666666666
mlp_confidence,mlp_conf_ge_0.95_margin_ge_0.60_entropy_le_0.20_stab_0,True,agreement_hybrid_final,"{""min_requests"": 1, ""mlp_confidence_min"": 0.95, ""mlp_entropy_max"": 0.2, ""mlp_margin_min"": 0.6, ""mlp_stability_min"": 0}",2,24,7.166666666666667,4.5,8.166666666666666,0.08333333333333333,0.9166666666666666,0.33333333333333304,22,0.9166666666666666,0.9166666666666666,0.9166666666666666,0.8666666666666666
mlp_confidence,mlp_conf_ge_0.95_margin_ge_0.60_entropy_le_0.20_stab_1,True,llm_final,"{""min_requests"": 1, ""mlp_confidence_min"": 0.95, ""mlp_entropy_max"": 0.2, ""mlp_margin_min"": 0.6, ""mlp_stability_min"": 1}",2,24,7.166666666666667,4.5,8.166666666666666,0.08333333333333333,0.9166666666666666,0.33333333333333304,22,0.9166666666666666,0.9166666666666666,0.9166666666666666,0.8666666666666666
mlp_confidence,mlp_conf_ge_0.95_margin_ge_0.60_entropy_le_0.20_stab_1,True,mlp_final,"{""min_requests"": 1, ""mlp_confidence_min"": 0.95, ""mlp_entropy_max"": 0.2, ""mlp_margin_min"": 0.6, ""mlp_stability_min"": 1}",2,24,7.166666666666667,4.5,8.166666666666666,0.08333333333333333,0.9166666666666666,0.33333333333333304,21,0.875,0.9583333333333334,0.9583333333333334,0.7948717948717948
mlp_confidence,mlp_conf_ge_0.95_margin_ge_0.60_entropy_le_0.20_stab_1,True,conservative_hybrid_final,"{""min_requests"": 1, ""mlp_confidence_min"": 0.95, ""mlp_entropy_max"": 0.2, ""mlp_margin_min"": 0.6, ""mlp_stability_min"": 1}",2,24,7.166666666666667,4.5,8.166666666666666,0.08333333333333333,0.9166666666666666,0.33333333333333304,22,0.9166666666666666,0.9166666666666666,0.9166666666666666,0.8666666666666666
mlp_confidence,mlp_conf_ge_0.95_margin_ge_0.60_entropy_le_0.20_stab_1,True,agreement_hybrid_final,"{""min_requests"": 1, ""mlp_confidence_min"": 0.95, ""mlp_entropy_max"": 0.2, ""mlp_margin_min"": 0.6, ""mlp_stability_min"": 1}",2,24,7.166666666666667,4.5,8.166666666666666,0.08333333333333333,0.9166666666666666,0.33333333333333304,22,0.9166666666666666,0.9166666666666666,0.9166666666666666,0.8666666666666666
mlp_confidence,mlp_conf_ge_0.95_margin_ge_0.60_entropy_le_0.20_stab_2,True,llm_final,"{""min_requests"": 1, ""mlp_confidence_min"": 0.95, ""mlp_entropy_max"": 0.2, ""mlp_margin_min"": 0.6, ""mlp_stability_min"": 2}",2,24,7.416666666666667,5.0,8.416666666666666,0.08333333333333333,0.9166666666666666,0.08333333333333304,22,0.9166666666666666,0.9166666666666666,0.9166666666666666,0.8666666666666666
mlp_confidence,mlp_conf_ge_0.95_margin_ge_0.60_entropy_le_0.20_stab_2,True,mlp_final,"{""min_requests"": 1, ""mlp_confidence_min"": 0.95, ""mlp_entropy_max"": 0.2, ""mlp_margin_min"": 0.6, ""mlp_stability_min"": 2}",2,24,7.416666666666667,5.0,8.416666666666666,0.08333333333333333,0.9166666666666666,0.08333333333333304,21,0.875,0.9583333333333334,0.9583333333333334,0.7948717948717948
mlp_confidence,mlp_conf_ge_0.95_margin_ge_0.60_entropy_le_0.20_stab_2,True,conservative_hybrid_final,"{""min_requests"": 1, ""mlp_confidence_min"": 0.95, ""mlp_entropy_max"": 0.2, ""mlp_margin_min"": 0.6, ""mlp_stability_min"": 2}",2,24,7.416666666666667,5.0,8.416666666666666,0.08333333333333333,0.9166666666666666,0.08333333333333304,22,0.9166666666666666,0.9166666666666666,0.9166666666666666,0.8666666666666666
mlp_confidence,mlp_conf_ge_0.95_margin_ge_0.60_entropy_le_0.20_stab_2,True,agreement_hybrid_final,"{""min_requests"": 1, ""mlp_confidence_min"": 0.95, ""mlp_entropy_max"": 0.2, ""mlp_margin_min"": 0.6, ""mlp_stability_min"": 2}",2,24,7.416666666666667,5.0,8.416666666666666,0.08333333333333333,0.9166666666666666,0.08333333333333304,22,0.9166666666666666,0.9166666666666666,0.9166666666666666,0.8666666666666666
mlp_confidence,mlp_conf_ge_0.95_margin_ge_0.60_entropy_le_0.35_stab_0,True,llm_final,"{""min_requests"": 1, ""mlp_confidence_min"": 0.95, ""mlp_entropy_max"": 0.35, ""mlp_margin_min"": 0.6, ""mlp_stability_min"": 0}",2,24,7.166666666666667,4.5,8.166666666666666,0.08333333333333333,0.9166666666666666,0.33333333333333304,22,0.9166666666666666,0.9166666666666666,0.9166666666666666,0.8666666666666666
mlp_confidence,mlp_conf_ge_0.95_margin_ge_0.60_entropy_le_0.35_stab_0,True,mlp_final,"{""min_requests"": 1, ""mlp_confidence_min"": 0.95, ""mlp_entropy_max"": 0.35, ""mlp_margin_min"": 0.6, ""mlp_stability_min"": 0}",2,24,7.166666666666667,4.5,8.166666666666666,0.08333333333333333,0.9166666666666666,0.33333333333333304,21,0.875,0.9583333333333334,0.9583333333333334,0.7948717948717948
mlp_confidence,mlp_conf_ge_0.95_margin_ge_0.60_entropy_le_0.35_stab_0,True,conservative_hybrid_final,"{""min_requests"": 1, ""mlp_confidence_min"": 0.95, ""mlp_entropy_max"": 0.35, ""mlp_margin_min"": 0.6, ""mlp_stability_min"": 0}",2,24,7.166666666666667,4.5,8.166666666666666,0.08333333333333333,0.9166666666666666,0.33333333333333304,22,0.9166666666666666,0.9166666666666666,0.9166666666666666,0.8666666666666666
mlp_confidence,mlp_conf_ge_0.95_margin_ge_0.60_entropy_le_0.35_stab_0,True,agreement_hybrid_final,"{""min_requests"": 1, ""mlp_confidence_min"": 0.95, ""mlp_entropy_max"": 0.35, ""mlp_margin_min"": 0.6, ""mlp_stability_min"": 0}",2,24,7.166666666666667,4.5,8.166666666666666,0.08333333333333333,0.9166666666666666,0.33333333333333304,22,0.9166666666666666,0.9166666666666666,0.9166666666666666,0.8666666666666666
mlp_confidence,mlp_conf_ge_0.95_margin_ge_0.60_entropy_le_0.35_stab_1,True,llm_final,"{""min_requests"": 1, ""mlp_confidence_min"": 0.95, ""mlp_entropy_max"": 0.35, ""mlp_margin_min"": 0.6, ""mlp_stability_min"": 1}",2,24,7.166666666666667,4.5,8.166666666666666,0.08333333333333333,0.9166666666666666,0.33333333333333304,22,0.9166666666666666,0.9166666666666666,0.9166666666666666,0.8666666666666666
mlp_confidence,mlp_conf_ge_0.95_margin_ge_0.60_entropy_le_0.35_stab_1,True,mlp_final,"{""min_requests"": 1, ""mlp_confidence_min"": 0.95, ""mlp_entropy_max"": 0.35, ""mlp_margin_min"": 0.6, ""mlp_stability_min"": 1}",2,24,7.166666666666667,4.5,8.166666666666666,0.08333333333333333,0.9166666666666666,0.33333333333333304,21,0.875,0.9583333333333334,0.9583333333333334,0.7948717948717948
mlp_confidence,mlp_conf_ge_0.95_margin_ge_0.60_entropy_le_0.35_stab_1,True,conservative_hybrid_final,"{""min_requests"": 1, ""mlp_confidence_min"": 0.95, ""mlp_entropy_max"": 0.35, ""mlp_margin_min"": 0.6, ""mlp_stability_min"": 1}",2,24,7.166666666666667,4.5,8.166666666666666,0.08333333333333333,0.9166666666666666,0.33333333333333304,22,0.9166666666666666,0.9166666666666666,0.9166666666666666,0.8666666666666666
mlp_confidence,mlp_conf_ge_0.95_margin_ge_0.60_entropy_le_0.35_stab_1,True,agreement_hybrid_final,"{""min_requests"": 1, ""mlp_confidence_min"": 0.95, ""mlp_entropy_max"": 0.35, ""mlp_margin_min"": 0.6, ""mlp_stability_min"": 1}",2,24,7.166666666666667,4.5,8.166666666666666,0.08333333333333333,0.9166666666666666,0.33333333333333304,22,0.9166666666666666,0.9166666666666666,0.9166666666666666,0.8666666666666666
mlp_confidence,mlp_conf_ge_0.95_margin_ge_0.60_entropy_le_0.35_stab_2,True,llm_final,"{""min_requests"": 1, ""mlp_confidence_min"": 0.95, ""mlp_entropy_max"": 0.35, ""mlp_margin_min"": 0.6, ""mlp_stability_min"": 2}",2,24,7.416666666666667,5.0,8.416666666666666,0.08333333333333333,0.9166666666666666,0.08333333333333304,22,0.9166666666666666,0.9166666666666666,0.9166666666666666,0.8666666666666666
mlp_confidence,mlp_conf_ge_0.95_margin_ge_0.60_entropy_le_0.35_stab_2,True,mlp_final,"{""min_requests"": 1, ""mlp_confidence_min"": 0.95, ""mlp_entropy_max"": 0.35, ""mlp_margin_min"": 0.6, ""mlp_stability_min"": 2}",2,24,7.416666666666667,5.0,8.416666666666666,0.08333333333333333,0.9166666666666666,0.08333333333333304,21,0.875,0.9583333333333334,0.9583333333333334,0.7948717948717948
mlp_confidence,mlp_conf_ge_0.95_margin_ge_0.60_entropy_le_0.35_stab_2,True,conservative_hybrid_final,"{""min_requests"": 1, ""mlp_confidence_min"": 0.95, ""mlp_entropy_max"": 0.35, ""mlp_margin_min"": 0.6, ""mlp_stability_min"": 2}",2,24,7.416666666666667,5.0,8.416666666666666,0.08333333333333333,0.9166666666666666,0.08333333333333304,22,0.9166666666666666,0.9166666666666666,0.9166666666666666,0.8666666666666666
mlp_confidence,mlp_conf_ge_0.95_margin_ge_0.60_entropy_le_0.35_stab_2,True,agreement_hybrid_final,"{""min_requests"": 1, ""mlp_confidence_min"": 0.95, ""mlp_entropy_max"": 0.35, ""mlp_margin_min"": 0.6, ""mlp_stability_min"": 2}",2,24,7.416666666666667,5.0,8.416666666666666,0.08333333333333333,0.9166666666666666,0.08333333333333304,22,0.9166666666666666,0.9166666666666666,0.9166666666666666,0.8666666666666666
mlp_confidence,mlp_conf_ge_0.95_margin_ge_0.80_entropy_le_0.10_stab_0,True,llm_final,"{""min_requests"": 1, ""mlp_confidence_min"": 0.95, ""mlp_entropy_max"": 0.1, ""mlp_margin_min"": 0.8, ""mlp_stability_min"": 0}",2,24,7.166666666666667,4.5,8.166666666666666,0.08333333333333333,0.9166666666666666,0.33333333333333304,22,0.9166666666666666,0.9166666666666666,0.9166666666666666,0.8666666666666666
mlp_confidence,mlp_conf_ge_0.95_margin_ge_0.80_entropy_le_0.10_stab_0,True,mlp_final,"{""min_requests"": 1, ""mlp_confidence_min"": 0.95, ""mlp_entropy_max"": 0.1, ""mlp_margin_min"": 0.8, ""mlp_stability_min"": 0}",2,24,7.166666666666667,4.5,8.166666666666666,0.08333333333333333,0.9166666666666666,0.33333333333333304,21,0.875,0.9583333333333334,0.9583333333333334,0.7948717948717948
mlp_confidence,mlp_conf_ge_0.95_margin_ge_0.80_entropy_le_0.10_stab_0,True,conservative_hybrid_final,"{""min_requests"": 1, ""mlp_confidence_min"": 0.95, ""mlp_entropy_max"": 0.1, ""mlp_margin_min"": 0.8, ""mlp_stability_min"": 0}",2,24,7.166666666666667,4.5,8.166666666666666,0.08333333333333333,0.9166666666666666,0.33333333333333304,22,0.9166666666666666,0.9166666666666666,0.9166666666666666,0.8666666666666666
mlp_confidence,mlp_conf_ge_0.95_margin_ge_0.80_entropy_le_0.10_stab_0,True,agreement_hybrid_final,"{""min_requests"": 1, ""mlp_confidence_min"": 0.95, ""mlp_entropy_max"": 0.1, ""mlp_margin_min"": 0.8, ""mlp_stability_min"": 0}",2,24,7.166666666666667,4.5,8.166666666666666,0.08333333333333333,0.9166666666666666,0.33333333333333304,22,0.9166666666666666,0.9166666666666666,0.9166666666666666,0.8666666666666666
mlp_confidence,mlp_conf_ge_0.95_margin_ge_0.80_entropy_le_0.10_stab_1,True,llm_final,"{""min_requests"": 1, ""mlp_confidence_min"": 0.95, ""mlp_entropy_max"": 0.1, ""mlp_margin_min"": 0.8, ""mlp_stability_min"": 1}",2,24,7.166666666666667,4.5,8.166666666666666,0.08333333333333333,0.9166666666666666,0.33333333333333304,22,0.9166666666666666,0.9166666666666666,0.9166666666666666,0.8666666666666666
mlp_confidence,mlp_conf_ge_0.95_margin_ge_0.80_entropy_le_0.10_stab_1,True,mlp_final,"{""min_requests"": 1, ""mlp_confidence_min"": 0.95, ""mlp_entropy_max"": 0.1, ""mlp_margin_min"": 0.8, ""mlp_stability_min"": 1}",2,24,7.166666666666667,4.5,8.166666666666666,0.08333333333333333,0.9166666666666666,0.33333333333333304,21,0.875,0.9583333333333334,0.9583333333333334,0.7948717948717948
mlp_confidence,mlp_conf_ge_0.95_margin_ge_0.80_entropy_le_0.10_stab_1,True,conservative_hybrid_final,"{""min_requests"": 1, ""mlp_confidence_min"": 0.95, ""mlp_entropy_max"": 0.1, ""mlp_margin_min"": 0.8, ""mlp_stability_min"": 1}",2,24,7.166666666666667,4.5,8.166666666666666,0.08333333333333333,0.9166666666666666,0.33333333333333304,22,0.9166666666666666,0.9166666666666666,0.9166666666666666,0.8666666666666666
mlp_confidence,mlp_conf_ge_0.95_margin_ge_0.80_entropy_le_0.10_stab_1,True,agreement_hybrid_final,"{""min_requests"": 1, ""mlp_confidence_min"": 0.95, ""mlp_entropy_max"": 0.1, ""mlp_margin_min"": 0.8, ""mlp_stability_min"": 1}",2,24,7.166666666666667,4.5,8.166666666666666,0.08333333333333333,0.9166666666666666,0.33333333333333304,22,0.9166666666666666,0.9166666666666666,0.9166666666666666,0.8666666666666666
mlp_confidence,mlp_conf_ge_0.95_margin_ge_0.80_entropy_le_0.10_stab_2,True,llm_final,"{""min_requests"": 1, ""mlp_confidence_min"": 0.95, ""mlp_entropy_max"": 0.1, ""mlp_margin_min"": 0.8, ""mlp_stability_min"": 2}",2,24,7.416666666666667,5.0,8.416666666666666,0.08333333333333333,0.9166666666666666,0.08333333333333304,22,0.9166666666666666,0.9166666666666666,0.9166666666666666,0.8666666666666666
mlp_confidence,mlp_conf_ge_0.95_margin_ge_0.80_entropy_le_0.10_stab_2,True,mlp_final,"{""min_requests"": 1, ""mlp_confidence_min"": 0.95, ""mlp_entropy_max"": 0.1, ""mlp_margin_min"": 0.8, ""mlp_stability_min"": 2}",2,24,7.416666666666667,5.0,8.416666666666666,0.08333333333333333,0.9166666666666666,0.08333333333333304,21,0.875,0.9583333333333334,0.9583333333333334,0.7948717948717948
mlp_confidence,mlp_conf_ge_0.95_margin_ge_0.80_entropy_le_0.10_stab_2,True,conservative_hybrid_final,"{""min_requests"": 1, ""mlp_confidence_min"": 0.95, ""mlp_entropy_max"": 0.1, ""mlp_margin_min"": 0.8, ""mlp_stability_min"": 2}",2,24,7.416666666666667,5.0,8.416666666666666,0.08333333333333333,0.9166666666666666,0.08333333333333304,22,0.9166666666666666,0.9166666666666666,0.9166666666666666,0.8666666666666666
mlp_confidence,mlp_conf_ge_0.95_margin_ge_0.80_entropy_le_0.10_stab_2,True,agreement_hybrid_final,"{""min_requests"": 1, ""mlp_confidence_min"": 0.95, ""mlp_entropy_max"": 0.1, ""mlp_margin_min"": 0.8, ""mlp_stability_min"": 2}",2,24,7.416666666666667,5.0,8.416666666666666,0.08333333333333333,0.9166666666666666,0.08333333333333304,22,0.9166666666666666,0.9166666666666666,0.9166666666666666,0.8666666666666666
mlp_confidence,mlp_conf_ge_0.95_margin_ge_0.80_entropy_le_0.20_stab_0,True,llm_final,"{""min_requests"": 1, ""mlp_confidence_min"": 0.95, ""mlp_entropy_max"": 0.2, ""mlp_margin_min"": 0.8, ""mlp_stability_min"": 0}",2,24,7.166666666666667,4.5,8.166666666666666,0.08333333333333333,0.9166666666666666,0.33333333333333304,22,0.9166666666666666,0.9166666666666666,0.9166666666666666,0.8666666666666666
mlp_confidence,mlp_conf_ge_0.95_margin_ge_0.80_entropy_le_0.20_stab_0,True,mlp_final,"{""min_requests"": 1, ""mlp_confidence_min"": 0.95, ""mlp_entropy_max"": 0.2, ""mlp_margin_min"": 0.8, ""mlp_stability_min"": 0}",2,24,7.166666666666667,4.5,8.166666666666666,0.08333333333333333,0.9166666666666666,0.33333333333333304,21,0.875,0.9583333333333334,0.9583333333333334,0.7948717948717948
mlp_confidence,mlp_conf_ge_0.95_margin_ge_0.80_entropy_le_0.20_stab_0,True,conservative_hybrid_final,"{""min_requests"": 1, ""mlp_confidence_min"": 0.95, ""mlp_entropy_max"": 0.2, ""mlp_margin_min"": 0.8, ""mlp_stability_min"": 0}",2,24,7.166666666666667,4.5,8.166666666666666,0.08333333333333333,0.9166666666666666,0.33333333333333304,22,0.9166666666666666,0.9166666666666666,0.9166666666666666,0.8666666666666666
mlp_confidence,mlp_conf_ge_0.95_margin_ge_0.80_entropy_le_0.20_stab_0,True,agreement_hybrid_final,"{""min_requests"": 1, ""mlp_confidence_min"": 0.95, ""mlp_entropy_max"": 0.2, ""mlp_margin_min"": 0.8, ""mlp_stability_min"": 0}",2,24,7.166666666666667,4.5,8.166666666666666,0.08333333333333333,0.9166666666666666,0.33333333333333304,22,0.9166666666666666,0.9166666666666666,0.9166666666666666,0.8666666666666666
mlp_confidence,mlp_conf_ge_0.95_margin_ge_0.80_entropy_le_0.20_stab_1,True,llm_final,"{""min_requests"": 1, ""mlp_confidence_min"": 0.95, ""mlp_entropy_max"": 0.2, ""mlp_margin_min"": 0.8, ""mlp_stability_min"": 1}",2,24,7.166666666666667,4.5,8.166666666666666,0.08333333333333333,0.9166666666666666,0.33333333333333304,22,0.9166666666666666,0.9166666666666666,0.9166666666666666,0.8666666666666666
mlp_confidence,mlp_conf_ge_0.95_margin_ge_0.80_entropy_le_0.20_stab_1,True,mlp_final,"{""min_requests"": 1, ""mlp_confidence_min"": 0.95, ""mlp_entropy_max"": 0.2, ""mlp_margin_min"": 0.8, ""mlp_stability_min"": 1}",2,24,7.166666666666667,4.5,8.166666666666666,0.08333333333333333,0.9166666666666666,0.33333333333333304,21,0.875,0.9583333333333334,0.9583333333333334,0.7948717948717948
mlp_confidence,mlp_conf_ge_0.95_margin_ge_0.80_entropy_le_0.20_stab_1,True,conservative_hybrid_final,"{""min_requests"": 1, ""mlp_confidence_min"": 0.95, ""mlp_entropy_max"": 0.2, ""mlp_margin_min"": 0.8, ""mlp_stability_min"": 1}",2,24,7.166666666666667,4.5,8.166666666666666,0.08333333333333333,0.9166666666666666,0.33333333333333304,22,0.9166666666666666,0.9166666666666666,0.9166666666666666,0.8666666666666666
mlp_confidence,mlp_conf_ge_0.95_margin_ge_0.80_entropy_le_0.20_stab_1,True,agreement_hybrid_final,"{""min_requests"": 1, ""mlp_confidence_min"": 0.95, ""mlp_entropy_max"": 0.2, ""mlp_margin_min"": 0.8, ""mlp_stability_min"": 1}",2,24,7.166666666666667,4.5,8.166666666666666,0.08333333333333333,0.9166666666666666,0.33333333333333304,22,0.9166666666666666,0.9166666666666666,0.9166666666666666,0.8666666666666666
mlp_confidence,mlp_conf_ge_0.95_margin_ge_0.80_entropy_le_0.20_stab_2,True,llm_final,"{""min_requests"": 1, ""mlp_confidence_min"": 0.95, ""mlp_entropy_max"": 0.2, ""mlp_margin_min"": 0.8, ""mlp_stability_min"": 2}",2,24,7.416666666666667,5.0,8.416666666666666,0.08333333333333333,0.9166666666666666,0.08333333333333304,22,0.9166666666666666,0.9166666666666666,0.9166666666666666,0.8666666666666666
mlp_confidence,mlp_conf_ge_0.95_margin_ge_0.80_entropy_le_0.20_stab_2,True,mlp_final,"{""min_requests"": 1, ""mlp_confidence_min"": 0.95, ""mlp_entropy_max"": 0.2, ""mlp_margin_min"": 0.8, ""mlp_stability_min"": 2}",2,24,7.416666666666667,5.0,8.416666666666666,0.08333333333333333,0.9166666666666666,0.08333333333333304,21,0.875,0.9583333333333334,0.9583333333333334,0.7948717948717948
mlp_confidence,mlp_conf_ge_0.95_margin_ge_0.80_entropy_le_0.20_stab_2,True,conservative_hybrid_final,"{""min_requests"": 1, ""mlp_confidence_min"": 0.95, ""mlp_entropy_max"": 0.2, ""mlp_margin_min"": 0.8, ""mlp_stability_min"": 2}",2,24,7.416666666666667,5.0,8.416666666666666,0.08333333333333333,0.9166666666666666,0.08333333333333304,22,0.9166666666666666,0.9166666666666666,0.9166666666666666,0.8666666666666666
mlp_confidence,mlp_conf_ge_0.95_margin_ge_0.80_entropy_le_0.20_stab_2,True,agreement_hybrid_final,"{""min_requests"": 1, ""mlp_confidence_min"": 0.95, ""mlp_entropy_max"": 0.2, ""mlp_margin_min"": 0.8, ""mlp_stability_min"": 2}",2,24,7.416666666666667,5.0,8.416666666666666,0.08333333333333333,0.9166666666666666,0.08333333333333304,22,0.9166666666666666,0.9166666666666666,0.9166666666666666,0.8666666666666666
mlp_confidence,mlp_conf_ge_0.95_margin_ge_0.80_entropy_le_0.35_stab_0,True,llm_final,"{""min_requests"": 1, ""mlp_confidence_min"": 0.95, ""mlp_entropy_max"": 0.35, ""mlp_margin_min"": 0.8, ""mlp_stability_min"": 0}",2,24,7.166666666666667,4.5,8.166666666666666,0.08333333333333333,0.9166666666666666,0.33333333333333304,22,0.9166666666666666,0.9166666666666666,0.9166666666666666,0.8666666666666666
mlp_confidence,mlp_conf_ge_0.95_margin_ge_0.80_entropy_le_0.35_stab_0,True,mlp_final,"{""min_requests"": 1, ""mlp_confidence_min"": 0.95, ""mlp_entropy_max"": 0.35, ""mlp_margin_min"": 0.8, ""mlp_stability_min"": 0}",2,24,7.166666666666667,4.5,8.166666666666666,0.08333333333333333,0.9166666666666666,0.33333333333333304,21,0.875,0.9583333333333334,0.9583333333333334,0.7948717948717948
mlp_confidence,mlp_conf_ge_0.95_margin_ge_0.80_entropy_le_0.35_stab_0,True,conservative_hybrid_final,"{""min_requests"": 1, ""mlp_confidence_min"": 0.95, ""mlp_entropy_max"": 0.35, ""mlp_margin_min"": 0.8, ""mlp_stability_min"": 0}",2,24,7.166666666666667,4.5,8.166666666666666,0.08333333333333333,0.9166666666666666,0.33333333333333304,22,0.9166666666666666,0.9166666666666666,0.9166666666666666,0.8666666666666666
mlp_confidence,mlp_conf_ge_0.95_margin_ge_0.80_entropy_le_0.35_stab_0,True,agreement_hybrid_final,"{""min_requests"": 1, ""mlp_confidence_min"": 0.95, ""mlp_entropy_max"": 0.35, ""mlp_margin_min"": 0.8, ""mlp_stability_min"": 0}",2,24,7.166666666666667,4.5,8.166666666666666,0.08333333333333333,0.9166666666666666,0.33333333333333304,22,0.9166666666666666,0.9166666666666666,0.9166666666666666,0.8666666666666666
mlp_confidence,mlp_conf_ge_0.95_margin_ge_0.80_entropy_le_0.35_stab_1,True,llm_final,"{""min_requests"": 1, ""mlp_confidence_min"": 0.95, ""mlp_entropy_max"": 0.35, ""mlp_margin_min"": 0.8, ""mlp_stability_min"": 1}",2,24,7.166666666666667,4.5,8.166666666666666,0.08333333333333333,0.9166666666666666,0.33333333333333304,22,0.9166666666666666,0.9166666666666666,0.9166666666666666,0.8666666666666666
mlp_confidence,mlp_conf_ge_0.95_margin_ge_0.80_entropy_le_0.35_stab_1,True,mlp_final,"{""min_requests"": 1, ""mlp_confidence_min"": 0.95, ""mlp_entropy_max"": 0.35, ""mlp_margin_min"": 0.8, ""mlp_stability_min"": 1}",2,24,7.166666666666667,4.5,8.166666666666666,0.08333333333333333,0.9166666666666666,0.33333333333333304,21,0.875,0.9583333333333334,0.9583333333333334,0.7948717948717948
mlp_confidence,mlp_conf_ge_0.95_margin_ge_0.80_entropy_le_0.35_stab_1,True,conservative_hybrid_final,"{""min_requests"": 1, ""mlp_confidence_min"": 0.95, ""mlp_entropy_max"": 0.35, ""mlp_margin_min"": 0.8, ""mlp_stability_min"": 1}",2,24,7.166666666666667,4.5,8.166666666666666,0.08333333333333333,0.9166666666666666,0.33333333333333304,22,0.9166666666666666,0.9166666666666666,0.9166666666666666,0.8666666666666666
mlp_confidence,mlp_conf_ge_0.95_margin_ge_0.80_entropy_le_0.35_stab_1,True,agreement_hybrid_final,"{""min_requests"": 1, ""mlp_confidence_min"": 0.95, ""mlp_entropy_max"": 0.35, ""mlp_margin_min"": 0.8, ""mlp_stability_min"": 1}",2,24,7.166666666666667,4.5,8.166666666666666,0.08333333333333333,0.9166666666666666,0.33333333333333304,22,0.9166666666666666,0.9166666666666666,0.9166666666666666,0.8666666666666666
mlp_confidence,mlp_conf_ge_0.95_margin_ge_0.80_entropy_le_0.35_stab_2,True,llm_final,"{""min_requests"": 1, ""mlp_confidence_min"": 0.95, ""mlp_entropy_max"": 0.35, ""mlp_margin_min"": 0.8, ""mlp_stability_min"": 2}",2,24,7.416666666666667,5.0,8.416666666666666,0.08333333333333333,0.9166666666666666,0.08333333333333304,22,0.9166666666666666,0.9166666666666666,0.9166666666666666,0.8666666666666666
mlp_confidence,mlp_conf_ge_0.95_margin_ge_0.80_entropy_le_0.35_stab_2,True,mlp_final,"{""min_requests"": 1, ""mlp_confidence_min"": 0.95, ""mlp_entropy_max"": 0.35, ""mlp_margin_min"": 0.8, ""mlp_stability_min"": 2}",2,24,7.416666666666667,5.0,8.416666666666666,0.08333333333333333,0.9166666666666666,0.08333333333333304,21,0.875,0.9583333333333334,0.9583333333333334,0.7948717948717948
mlp_confidence,mlp_conf_ge_0.95_margin_ge_0.80_entropy_le_0.35_stab_2,True,conservative_hybrid_final,"{""min_requests"": 1, ""mlp_confidence_min"": 0.95, ""mlp_entropy_max"": 0.35, ""mlp_margin_min"": 0.8, ""mlp_stability_min"": 2}",2,24,7.416666666666667,5.0,8.416666666666666,0.08333333333333333,0.9166666666666666,0.08333333333333304,22,0.9166666666666666,0.9166666666666666,0.9166666666666666,0.8666666666666666
mlp_confidence,mlp_conf_ge_0.95_margin_ge_0.80_entropy_le_0.35_stab_2,True,agreement_hybrid_final,"{""min_requests"": 1, ""mlp_confidence_min"": 0.95, ""mlp_entropy_max"": 0.35, ""mlp_margin_min"": 0.8, ""mlp_stability_min"": 2}",2,24,7.416666666666667,5.0,8.416666666666666,0.08333333333333333,0.9166666666666666,0.08333333333333304,22,0.9166666666666666,0.9166666666666666,0.9166666666666666,0.8666666666666666
llm_mlp_agreement,agree_mlp_conf_ge_0.70_margin_ge_0.20_stab_0,True,llm_final,"{""min_requests"": 1, ""mlp_confidence_min"": 0.7, ""mlp_margin_min"": 0.2, ""mlp_stability_min"": 0}",1,24,5.291666666666667,3.0,6.291666666666667,0.0,1.0,2.208333333333333,21,0.875,0.875,0.9166666666666666,0.8133333333333332
llm_mlp_agreement,agree_mlp_conf_ge_0.70_margin_ge_0.20_stab_0,True,mlp_final,"{""min_requests"": 1, ""mlp_confidence_min"": 0.7, ""mlp_margin_min"": 0.2, ""mlp_stability_min"": 0}",1,24,5.291666666666667,3.0,6.291666666666667,0.0,1.0,2.208333333333333,21,0.875,0.9166666666666666,0.9166666666666666,0.8133333333333332
llm_mlp_agreement,agree_mlp_conf_ge_0.70_margin_ge_0.20_stab_0,True,conservative_hybrid_final,"{""min_requests"": 1, ""mlp_confidence_min"": 0.7, ""mlp_margin_min"": 0.2, ""mlp_stability_min"": 0}",1,24,5.291666666666667,3.0,6.291666666666667,0.0,1.0,2.208333333333333,21,0.875,0.875,0.9166666666666666,0.8133333333333332
llm_mlp_agreement,agree_mlp_conf_ge_0.70_margin_ge_0.20_stab_0,True,agreement_hybrid_final,"{""min_requests"": 1, ""mlp_confidence_min"": 0.7, ""mlp_margin_min"": 0.2, ""mlp_stability_min"": 0}",1,24,5.291666666666667,3.0,6.291666666666667,0.0,1.0,2.208333333333333,21,0.875,0.875,0.9166666666666666,0.8133333333333332
llm_mlp_agreement,agree_mlp_conf_ge_0.70_margin_ge_0.20_stab_1,True,llm_final,"{""min_requests"": 1, ""mlp_confidence_min"": 0.7, ""mlp_margin_min"": 0.2, ""mlp_stability_min"": 1}",1,24,5.458333333333333,3.5,6.458333333333333,0.0,1.0,2.041666666666667,21,0.875,0.875,0.9166666666666666,0.8133333333333332
llm_mlp_agreement,agree_mlp_conf_ge_0.70_margin_ge_0.20_stab_1,True,mlp_final,"{""min_requests"": 1, ""mlp_confidence_min"": 0.7, ""mlp_margin_min"": 0.2, ""mlp_stability_min"": 1}",1,24,5.458333333333333,3.5,6.458333333333333,0.0,1.0,2.041666666666667,21,0.875,0.9166666666666666,0.9166666666666666,0.8133333333333332
llm_mlp_agreement,agree_mlp_conf_ge_0.70_margin_ge_0.20_stab_1,True,conservative_hybrid_final,"{""min_requests"": 1, ""mlp_confidence_min"": 0.7, ""mlp_margin_min"": 0.2, ""mlp_stability_min"": 1}",1,24,5.458333333333333,3.5,6.458333333333333,0.0,1.0,2.041666666666667,21,0.875,0.875,0.9166666666666666,0.8133333333333332
llm_mlp_agreement,agree_mlp_conf_ge_0.70_margin_ge_0.20_stab_1,True,agreement_hybrid_final,"{""min_requests"": 1, ""mlp_confidence_min"": 0.7, ""mlp_margin_min"": 0.2, ""mlp_stability_min"": 1}",1,24,5.458333333333333,3.5,6.458333333333333,0.0,1.0,2.041666666666667,21,0.875,0.875,0.9166666666666666,0.8133333333333332
llm_mlp_agreement,agree_mlp_conf_ge_0.70_margin_ge_0.40_stab_0,True,llm_final,"{""min_requests"": 1, ""mlp_confidence_min"": 0.7, ""mlp_margin_min"": 0.4, ""mlp_stability_min"": 0}",1,24,5.291666666666667,3.0,6.291666666666667,0.0,1.0,2.208333333333333,21,0.875,0.875,0.9166666666666666,0.8133333333333332
llm_mlp_agreement,agree_mlp_conf_ge_0.70_margin_ge_0.40_stab_0,True,mlp_final,"{""min_requests"": 1, ""mlp_confidence_min"": 0.7, ""mlp_margin_min"": 0.4, ""mlp_stability_min"": 0}",1,24,5.291666666666667,3.0,6.291666666666667,0.0,1.0,2.208333333333333,21,0.875,0.9166666666666666,0.9166666666666666,0.8133333333333332
llm_mlp_agreement,agree_mlp_conf_ge_0.70_margin_ge_0.40_stab_0,True,conservative_hybrid_final,"{""min_requests"": 1, ""mlp_confidence_min"": 0.7, ""mlp_margin_min"": 0.4, ""mlp_stability_min"": 0}",1,24,5.291666666666667,3.0,6.291666666666667,0.0,1.0,2.208333333333333,21,0.875,0.875,0.9166666666666666,0.8133333333333332
llm_mlp_agreement,agree_mlp_conf_ge_0.70_margin_ge_0.40_stab_0,True,agreement_hybrid_final,"{""min_requests"": 1, ""mlp_confidence_min"": 0.7, ""mlp_margin_min"": 0.4, ""mlp_stability_min"": 0}",1,24,5.291666666666667,3.0,6.291666666666667,0.0,1.0,2.208333333333333,21,0.875,0.875,0.9166666666666666,0.8133333333333332
llm_mlp_agreement,agree_mlp_conf_ge_0.70_margin_ge_0.40_stab_1,True,llm_final,"{""min_requests"": 1, ""mlp_confidence_min"": 0.7, ""mlp_margin_min"": 0.4, ""mlp_stability_min"": 1}",1,24,5.458333333333333,3.5,6.458333333333333,0.0,1.0,2.041666666666667,21,0.875,0.875,0.9166666666666666,0.8133333333333332
llm_mlp_agreement,agree_mlp_conf_ge_0.70_margin_ge_0.40_stab_1,True,mlp_final,"{""min_requests"": 1, ""mlp_confidence_min"": 0.7, ""mlp_margin_min"": 0.4, ""mlp_stability_min"": 1}",1,24,5.458333333333333,3.5,6.458333333333333,0.0,1.0,2.041666666666667,21,0.875,0.9166666666666666,0.9166666666666666,0.8133333333333332
llm_mlp_agreement,agree_mlp_conf_ge_0.70_margin_ge_0.40_stab_1,True,conservative_hybrid_final,"{""min_requests"": 1, ""mlp_confidence_min"": 0.7, ""mlp_margin_min"": 0.4, ""mlp_stability_min"": 1}",1,24,5.458333333333333,3.5,6.458333333333333,0.0,1.0,2.041666666666667,21,0.875,0.875,0.9166666666666666,0.8133333333333332
llm_mlp_agreement,agree_mlp_conf_ge_0.70_margin_ge_0.40_stab_1,True,agreement_hybrid_final,"{""min_requests"": 1, ""mlp_confidence_min"": 0.7, ""mlp_margin_min"": 0.4, ""mlp_stability_min"": 1}",1,24,5.458333333333333,3.5,6.458333333333333,0.0,1.0,2.041666666666667,21,0.875,0.875,0.9166666666666666,0.8133333333333332
llm_mlp_agreement,agree_mlp_conf_ge_0.70_margin_ge_0.60_stab_0,True,llm_final,"{""min_requests"": 1, ""mlp_confidence_min"": 0.7, ""mlp_margin_min"": 0.6, ""mlp_stability_min"": 0}",1,24,5.333333333333333,3.0,6.333333333333333,0.0,1.0,2.166666666666667,21,0.875,0.875,0.9166666666666666,0.8133333333333332
llm_mlp_agreement,agree_mlp_conf_ge_0.70_margin_ge_0.60_stab_0,True,mlp_final,"{""min_requests"": 1, ""mlp_confidence_min"": 0.7, ""mlp_margin_min"": 0.6, ""mlp_stability_min"": 0}",1,24,5.333333333333333,3.0,6.333333333333333,0.0,1.0,2.166666666666667,21,0.875,0.9166666666666666,0.9166666666666666,0.8133333333333332
llm_mlp_agreement,agree_mlp_conf_ge_0.70_margin_ge_0.60_stab_0,True,conservative_hybrid_final,"{""min_requests"": 1, ""mlp_confidence_min"": 0.7, ""mlp_margin_min"": 0.6, ""mlp_stability_min"": 0}",1,24,5.333333333333333,3.0,6.333333333333333,0.0,1.0,2.166666666666667,21,0.875,0.875,0.9166666666666666,0.8133333333333332
llm_mlp_agreement,agree_mlp_conf_ge_0.70_margin_ge_0.60_stab_0,True,agreement_hybrid_final,"{""min_requests"": 1, ""mlp_confidence_min"": 0.7, ""mlp_margin_min"": 0.6, ""mlp_stability_min"": 0}",1,24,5.333333333333333,3.0,6.333333333333333,0.0,1.0,2.166666666666667,21,0.875,0.875,0.9166666666666666,0.8133333333333332
llm_mlp_agreement,agree_mlp_conf_ge_0.70_margin_ge_0.60_stab_1,True,llm_final,"{""min_requests"": 1, ""mlp_confidence_min"": 0.7, ""mlp_margin_min"": 0.6, ""mlp_stability_min"": 1}",1,24,5.5,3.5,6.5,0.0,1.0,2.0,21,0.875,0.875,0.9166666666666666,0.8133333333333332
llm_mlp_agreement,agree_mlp_conf_ge_0.70_margin_ge_0.60_stab_1,True,mlp_final,"{""min_requests"": 1, ""mlp_confidence_min"": 0.7, ""mlp_margin_min"": 0.6, ""mlp_stability_min"": 1}",1,24,5.5,3.5,6.5,0.0,1.0,2.0,21,0.875,0.9166666666666666,0.9166666666666666,0.8133333333333332
llm_mlp_agreement,agree_mlp_conf_ge_0.70_margin_ge_0.60_stab_1,True,conservative_hybrid_final,"{""min_requests"": 1, ""mlp_confidence_min"": 0.7, ""mlp_margin_min"": 0.6, ""mlp_stability_min"": 1}",1,24,5.5,3.5,6.5,0.0,1.0,2.0,21,0.875,0.875,0.9166666666666666,0.8133333333333332
llm_mlp_agreement,agree_mlp_conf_ge_0.70_margin_ge_0.60_stab_1,True,agreement_hybrid_final,"{""min_requests"": 1, ""mlp_confidence_min"": 0.7, ""mlp_margin_min"": 0.6, ""mlp_stability_min"": 1}",1,24,5.5,3.5,6.5,0.0,1.0,2.0,21,0.875,0.875,0.9166666666666666,0.8133333333333332
llm_mlp_agreement,agree_mlp_conf_ge_0.70_margin_ge_0.80_stab_0,True,llm_final,"{""min_requests"": 1, ""mlp_confidence_min"": 0.7, ""mlp_margin_min"": 0.8, ""mlp_stability_min"": 0}",1,24,6.125,3.5,7.125,0.041666666666666664,0.9583333333333334,1.375,21,0.875,0.875,0.9166666666666666,0.8133333333333332
llm_mlp_agreement,agree_mlp_conf_ge_0.70_margin_ge_0.80_stab_0,True,mlp_final,"{""min_requests"": 1, ""mlp_confidence_min"": 0.7, ""mlp_margin_min"": 0.8, ""mlp_stability_min"": 0}",1,24,6.125,3.5,7.125,0.041666666666666664,0.9583333333333334,1.375,20,0.8333333333333334,0.9166666666666666,0.9166666666666666,0.7435897435897435
llm_mlp_agreement,agree_mlp_conf_ge_0.70_margin_ge_0.80_stab_0,True,conservative_hybrid_final,"{""min_requests"": 1, ""mlp_confidence_min"": 0.7, ""mlp_margin_min"": 0.8, ""mlp_stability_min"": 0}",1,24,6.125,3.5,7.125,0.041666666666666664,0.9583333333333334,1.375,21,0.875,0.875,0.9166666666666666,0.8133333333333332
llm_mlp_agreement,agree_mlp_conf_ge_0.70_margin_ge_0.80_stab_0,True,agreement_hybrid_final,"{""min_requests"": 1, ""mlp_confidence_min"": 0.7, ""mlp_margin_min"": 0.8, ""mlp_stability_min"": 0}",1,24,6.125,3.5,7.125,0.041666666666666664,0.9583333333333334,1.375,21,0.875,0.875,0.9166666666666666,0.8133333333333332
llm_mlp_agreement,agree_mlp_conf_ge_0.70_margin_ge_0.80_stab_1,True,llm_final,"{""min_requests"": 1, ""mlp_confidence_min"": 0.7, ""mlp_margin_min"": 0.8, ""mlp_stability_min"": 1}",1,24,6.208333333333333,4.0,7.208333333333333,0.041666666666666664,0.9583333333333334,1.291666666666667,21,0.875,0.875,0.9166666666666666,0.8133333333333332
llm_mlp_agreement,agree_mlp_conf_ge_0.70_margin_ge_0.80_stab_1,True,mlp_final,"{""min_requests"": 1, ""mlp_confidence_min"": 0.7, ""mlp_margin_min"": 0.8, ""mlp_stability_min"": 1}",1,24,6.208333333333333,4.0,7.208333333333333,0.041666666666666664,0.9583333333333334,1.291666666666667,20,0.8333333333333334,0.9166666666666666,0.9166666666666666,0.7435897435897435
llm_mlp_agreement,agree_mlp_conf_ge_0.70_margin_ge_0.80_stab_1,True,conservative_hybrid_final,"{""min_requests"": 1, ""mlp_confidence_min"": 0.7, ""mlp_margin_min"": 0.8, ""mlp_stability_min"": 1}",1,24,6.208333333333333,4.0,7.208333333333333,0.041666666666666664,0.9583333333333334,1.291666666666667,21,0.875,0.875,0.9166666666666666,0.8133333333333332
llm_mlp_agreement,agree_mlp_conf_ge_0.70_margin_ge_0.80_stab_1,True,agreement_hybrid_final,"{""min_requests"": 1, ""mlp_confidence_min"": 0.7, ""mlp_margin_min"": 0.8, ""mlp_stability_min"": 1}",1,24,6.208333333333333,4.0,7.208333333333333,0.041666666666666664,0.9583333333333334,1.291666666666667,21,0.875,0.875,0.9166666666666666,0.8133333333333332
llm_mlp_agreement,agree_mlp_conf_ge_0.80_margin_ge_0.20_stab_0,True,llm_final,"{""min_requests"": 1, ""mlp_confidence_min"": 0.8, ""mlp_margin_min"": 0.2, ""mlp_stability_min"": 0}",1,24,5.458333333333333,3.0,6.458333333333333,0.0,1.0,2.041666666666667,21,0.875,0.875,0.9166666666666666,0.8133333333333332
llm_mlp_agreement,agree_mlp_conf_ge_0.80_margin_ge_0.20_stab_0,True,mlp_final,"{""min_requests"": 1, ""mlp_confidence_min"": 0.8, ""mlp_margin_min"": 0.2, ""mlp_stability_min"": 0}",1,24,5.458333333333333,3.0,6.458333333333333,0.0,1.0,2.041666666666667,21,0.875,0.9166666666666666,0.9166666666666666,0.8133333333333332
llm_mlp_agreement,agree_mlp_conf_ge_0.80_margin_ge_0.20_stab_0,True,conservative_hybrid_final,"{""min_requests"": 1, ""mlp_confidence_min"": 0.8, ""mlp_margin_min"": 0.2, ""mlp_stability_min"": 0}",1,24,5.458333333333333,3.0,6.458333333333333,0.0,1.0,2.041666666666667,21,0.875,0.875,0.9166666666666666,0.8133333333333332
llm_mlp_agreement,agree_mlp_conf_ge_0.80_margin_ge_0.20_stab_0,True,agreement_hybrid_final,"{""min_requests"": 1, ""mlp_confidence_min"": 0.8, ""mlp_margin_min"": 0.2, ""mlp_stability_min"": 0}",1,24,5.458333333333333,3.0,6.458333333333333,0.0,1.0,2.041666666666667,21,0.875,0.875,0.9166666666666666,0.8133333333333332
llm_mlp_agreement,agree_mlp_conf_ge_0.80_margin_ge_0.20_stab_1,True,llm_final,"{""min_requests"": 1, ""mlp_confidence_min"": 0.8, ""mlp_margin_min"": 0.2, ""mlp_stability_min"": 1}",1,24,5.625,3.5,6.625,0.0,1.0,1.875,21,0.875,0.875,0.9166666666666666,0.8133333333333332
llm_mlp_agreement,agree_mlp_conf_ge_0.80_margin_ge_0.20_stab_1,True,mlp_final,"{""min_requests"": 1, ""mlp_confidence_min"": 0.8, ""mlp_margin_min"": 0.2, ""mlp_stability_min"": 1}",1,24,5.625,3.5,6.625,0.0,1.0,1.875,21,0.875,0.9166666666666666,0.9166666666666666,0.8133333333333332
llm_mlp_agreement,agree_mlp_conf_ge_0.80_margin_ge_0.20_stab_1,True,conservative_hybrid_final,"{""min_requests"": 1, ""mlp_confidence_min"": 0.8, ""mlp_margin_min"": 0.2, ""mlp_stability_min"": 1}",1,24,5.625,3.5,6.625,0.0,1.0,1.875,21,0.875,0.875,0.9166666666666666,0.8133333333333332
llm_mlp_agreement,agree_mlp_conf_ge_0.80_margin_ge_0.20_stab_1,True,agreement_hybrid_final,"{""min_requests"": 1, ""mlp_confidence_min"": 0.8, ""mlp_margin_min"": 0.2, ""mlp_stability_min"": 1}",1,24,5.625,3.5,6.625,0.0,1.0,1.875,21,0.875,0.875,0.9166666666666666,0.8133333333333332
llm_mlp_agreement,agree_mlp_conf_ge_0.80_margin_ge_0.40_stab_0,True,llm_final,"{""min_requests"": 1, ""mlp_confidence_min"": 0.8, ""mlp_margin_min"": 0.4, ""mlp_stability_min"": 0}",1,24,5.458333333333333,3.0,6.458333333333333,0.0,1.0,2.041666666666667,21,0.875,0.875,0.9166666666666666,0.8133333333333332
llm_mlp_agreement,agree_mlp_conf_ge_0.80_margin_ge_0.40_stab_0,True,mlp_final,"{""min_requests"": 1, ""mlp_confidence_min"": 0.8, ""mlp_margin_min"": 0.4, ""mlp_stability_min"": 0}",1,24,5.458333333333333,3.0,6.458333333333333,0.0,1.0,2.041666666666667,21,0.875,0.9166666666666666,0.9166666666666666,0.8133333333333332
llm_mlp_agreement,agree_mlp_conf_ge_0.80_margin_ge_0.40_stab_0,True,conservative_hybrid_final,"{""min_requests"": 1, ""mlp_confidence_min"": 0.8, ""mlp_margin_min"": 0.4, ""mlp_stability_min"": 0}",1,24,5.458333333333333,3.0,6.458333333333333,0.0,1.0,2.041666666666667,21,0.875,0.875,0.9166666666666666,0.8133333333333332
llm_mlp_agreement,agree_mlp_conf_ge_0.80_margin_ge_0.40_stab_0,True,agreement_hybrid_final,"{""min_requests"": 1, ""mlp_confidence_min"": 0.8, ""mlp_margin_min"": 0.4, ""mlp_stability_min"": 0}",1,24,5.458333333333333,3.0,6.458333333333333,0.0,1.0,2.041666666666667,21,0.875,0.875,0.9166666666666666,0.8133333333333332
llm_mlp_agreement,agree_mlp_conf_ge_0.80_margin_ge_0.40_stab_1,True,llm_final,"{""min_requests"": 1, ""mlp_confidence_min"": 0.8, ""mlp_margin_min"": 0.4, ""mlp_stability_min"": 1}",1,24,5.625,3.5,6.625,0.0,1.0,1.875,21,0.875,0.875,0.9166666666666666,0.8133333333333332
llm_mlp_agreement,agree_mlp_conf_ge_0.80_margin_ge_0.40_stab_1,True,mlp_final,"{""min_requests"": 1, ""mlp_confidence_min"": 0.8, ""mlp_margin_min"": 0.4, ""mlp_stability_min"": 1}",1,24,5.625,3.5,6.625,0.0,1.0,1.875,21,0.875,0.9166666666666666,0.9166666666666666,0.8133333333333332
llm_mlp_agreement,agree_mlp_conf_ge_0.80_margin_ge_0.40_stab_1,True,conservative_hybrid_final,"{""min_requests"": 1, ""mlp_confidence_min"": 0.8, ""mlp_margin_min"": 0.4, ""mlp_stability_min"": 1}",1,24,5.625,3.5,6.625,0.0,1.0,1.875,21,0.875,0.875,0.9166666666666666,0.8133333333333332
llm_mlp_agreement,agree_mlp_conf_ge_0.80_margin_ge_0.40_stab_1,True,agreement_hybrid_final,"{""min_requests"": 1, ""mlp_confidence_min"": 0.8, ""mlp_margin_min"": 0.4, ""mlp_stability_min"": 1}",1,24,5.625,3.5,6.625,0.0,1.0,1.875,21,0.875,0.875,0.9166666666666666,0.8133333333333332
llm_mlp_agreement,agree_mlp_conf_ge_0.80_margin_ge_0.60_stab_0,True,llm_final,"{""min_requests"": 1, ""mlp_confidence_min"": 0.8, ""mlp_margin_min"": 0.6, ""mlp_stability_min"": 0}",1,24,5.458333333333333,3.0,6.458333333333333,0.0,1.0,2.041666666666667,21,0.875,0.875,0.9166666666666666,0.8133333333333332
llm_mlp_agreement,agree_mlp_conf_ge_0.80_margin_ge_0.60_stab_0,True,mlp_final,"{""min_requests"": 1, ""mlp_confidence_min"": 0.8, ""mlp_margin_min"": 0.6, ""mlp_stability_min"": 0}",1,24,5.458333333333333,3.0,6.458333333333333,0.0,1.0,2.041666666666667,21,0.875,0.9166666666666666,0.9166666666666666,0.8133333333333332
llm_mlp_agreement,agree_mlp_conf_ge_0.80_margin_ge_0.60_stab_0,True,conservative_hybrid_final,"{""min_requests"": 1, ""mlp_confidence_min"": 0.8, ""mlp_margin_min"": 0.6, ""mlp_stability_min"": 0}",1,24,5.458333333333333,3.0,6.458333333333333,0.0,1.0,2.041666666666667,21,0.875,0.875,0.9166666666666666,0.8133333333333332
llm_mlp_agreement,agree_mlp_conf_ge_0.80_margin_ge_0.60_stab_0,True,agreement_hybrid_final,"{""min_requests"": 1, ""mlp_confidence_min"": 0.8, ""mlp_margin_min"": 0.6, ""mlp_stability_min"": 0}",1,24,5.458333333333333,3.0,6.458333333333333,0.0,1.0,2.041666666666667,21,0.875,0.875,0.9166666666666666,0.8133333333333332
llm_mlp_agreement,agree_mlp_conf_ge_0.80_margin_ge_0.60_stab_1,True,llm_final,"{""min_requests"": 1, ""mlp_confidence_min"": 0.8, ""mlp_margin_min"": 0.6, ""mlp_stability_min"": 1}",1,24,5.625,3.5,6.625,0.0,1.0,1.875,21,0.875,0.875,0.9166666666666666,0.8133333333333332
llm_mlp_agreement,agree_mlp_conf_ge_0.80_margin_ge_0.60_stab_1,True,mlp_final,"{""min_requests"": 1, ""mlp_confidence_min"": 0.8, ""mlp_margin_min"": 0.6, ""mlp_stability_min"": 1}",1,24,5.625,3.5,6.625,0.0,1.0,1.875,21,0.875,0.9166666666666666,0.9166666666666666,0.8133333333333332
llm_mlp_agreement,agree_mlp_conf_ge_0.80_margin_ge_0.60_stab_1,True,conservative_hybrid_final,"{""min_requests"": 1, ""mlp_confidence_min"": 0.8, ""mlp_margin_min"": 0.6, ""mlp_stability_min"": 1}",1,24,5.625,3.5,6.625,0.0,1.0,1.875,21,0.875,0.875,0.9166666666666666,0.8133333333333332
llm_mlp_agreement,agree_mlp_conf_ge_0.80_margin_ge_0.60_stab_1,True,agreement_hybrid_final,"{""min_requests"": 1, ""mlp_confidence_min"": 0.8, ""mlp_margin_min"": 0.6, ""mlp_stability_min"": 1}",1,24,5.625,3.5,6.625,0.0,1.0,1.875,21,0.875,0.875,0.9166666666666666,0.8133333333333332
llm_mlp_agreement,agree_mlp_conf_ge_0.80_margin_ge_0.80_stab_0,True,llm_final,"{""min_requests"": 1, ""mlp_confidence_min"": 0.8, ""mlp_margin_min"": 0.8, ""mlp_stability_min"": 0}",1,24,6.125,3.5,7.125,0.041666666666666664,0.9583333333333334,1.375,21,0.875,0.875,0.9166666666666666,0.8133333333333332
llm_mlp_agreement,agree_mlp_conf_ge_0.80_margin_ge_0.80_stab_0,True,mlp_final,"{""min_requests"": 1, ""mlp_confidence_min"": 0.8, ""mlp_margin_min"": 0.8, ""mlp_stability_min"": 0}",1,24,6.125,3.5,7.125,0.041666666666666664,0.9583333333333334,1.375,20,0.8333333333333334,0.9166666666666666,0.9166666666666666,0.7435897435897435
llm_mlp_agreement,agree_mlp_conf_ge_0.80_margin_ge_0.80_stab_0,True,conservative_hybrid_final,"{""min_requests"": 1, ""mlp_confidence_min"": 0.8, ""mlp_margin_min"": 0.8, ""mlp_stability_min"": 0}",1,24,6.125,3.5,7.125,0.041666666666666664,0.9583333333333334,1.375,21,0.875,0.875,0.9166666666666666,0.8133333333333332
llm_mlp_agreement,agree_mlp_conf_ge_0.80_margin_ge_0.80_stab_0,True,agreement_hybrid_final,"{""min_requests"": 1, ""mlp_confidence_min"": 0.8, ""mlp_margin_min"": 0.8, ""mlp_stability_min"": 0}",1,24,6.125,3.5,7.125,0.041666666666666664,0.9583333333333334,1.375,21,0.875,0.875,0.9166666666666666,0.8133333333333332
llm_mlp_agreement,agree_mlp_conf_ge_0.80_margin_ge_0.80_stab_1,True,llm_final,"{""min_requests"": 1, ""mlp_confidence_min"": 0.8, ""mlp_margin_min"": 0.8, ""mlp_stability_min"": 1}",1,24,6.208333333333333,4.0,7.208333333333333,0.041666666666666664,0.9583333333333334,1.291666666666667,21,0.875,0.875,0.9166666666666666,0.8133333333333332
llm_mlp_agreement,agree_mlp_conf_ge_0.80_margin_ge_0.80_stab_1,True,mlp_final,"{""min_requests"": 1, ""mlp_confidence_min"": 0.8, ""mlp_margin_min"": 0.8, ""mlp_stability_min"": 1}",1,24,6.208333333333333,4.0,7.208333333333333,0.041666666666666664,0.9583333333333334,1.291666666666667,20,0.8333333333333334,0.9166666666666666,0.9166666666666666,0.7435897435897435
llm_mlp_agreement,agree_mlp_conf_ge_0.80_margin_ge_0.80_stab_1,True,conservative_hybrid_final,"{""min_requests"": 1, ""mlp_confidence_min"": 0.8, ""mlp_margin_min"": 0.8, ""mlp_stability_min"": 1}",1,24,6.208333333333333,4.0,7.208333333333333,0.041666666666666664,0.9583333333333334,1.291666666666667,21,0.875,0.875,0.9166666666666666,0.8133333333333332
llm_mlp_agreement,agree_mlp_conf_ge_0.80_margin_ge_0.80_stab_1,True,agreement_hybrid_final,"{""min_requests"": 1, ""mlp_confidence_min"": 0.8, ""mlp_margin_min"": 0.8, ""mlp_stability_min"": 1}",1,24,6.208333333333333,4.0,7.208333333333333,0.041666666666666664,0.9583333333333334,1.291666666666667,21,0.875,0.875,0.9166666666666666,0.8133333333333332
llm_mlp_agreement,agree_mlp_conf_ge_0.85_margin_ge_0.20_stab_0,True,llm_final,"{""min_requests"": 1, ""mlp_confidence_min"": 0.85, ""mlp_margin_min"": 0.2, ""mlp_stability_min"": 0}",1,24,5.833333333333333,3.5,6.833333333333333,0.041666666666666664,0.9583333333333334,1.666666666666667,21,0.875,0.875,0.9166666666666666,0.8133333333333332
llm_mlp_agreement,agree_mlp_conf_ge_0.85_margin_ge_0.20_stab_0,True,mlp_final,"{""min_requests"": 1, ""mlp_confidence_min"": 0.85, ""mlp_margin_min"": 0.2, ""mlp_stability_min"": 0}",1,24,5.833333333333333,3.5,6.833333333333333,0.041666666666666664,0.9583333333333334,1.666666666666667,20,0.8333333333333334,0.9166666666666666,0.9166666666666666,0.7435897435897435
llm_mlp_agreement,agree_mlp_conf_ge_0.85_margin_ge_0.20_stab_0,True,conservative_hybrid_final,"{""min_requests"": 1, ""mlp_confidence_min"": 0.85, ""mlp_margin_min"": 0.2, ""mlp_stability_min"": 0}",1,24,5.833333333333333,3.5,6.833333333333333,0.041666666666666664,0.9583333333333334,1.666666666666667,21,0.875,0.875,0.9166666666666666,0.8133333333333332
llm_mlp_agreement,agree_mlp_conf_ge_0.85_margin_ge_0.20_stab_0,True,agreement_hybrid_final,"{""min_requests"": 1, ""mlp_confidence_min"": 0.85, ""mlp_margin_min"": 0.2, ""mlp_stability_min"": 0}",1,24,5.833333333333333,3.5,6.833333333333333,0.041666666666666664,0.9583333333333334,1.666666666666667,21,0.875,0.875,0.9166666666666666,0.8133333333333332
llm_mlp_agreement,agree_mlp_conf_ge_0.85_margin_ge_0.20_stab_1,True,llm_final,"{""min_requests"": 1, ""mlp_confidence_min"": 0.85, ""mlp_margin_min"": 0.2, ""mlp_stability_min"": 1}",1,24,5.958333333333333,4.0,6.958333333333333,0.041666666666666664,0.9583333333333334,1.541666666666667,21,0.875,0.875,0.9166666666666666,0.8133333333333332
llm_mlp_agreement,agree_mlp_conf_ge_0.85_margin_ge_0.20_stab_1,True,mlp_final,"{""min_requests"": 1, ""mlp_confidence_min"": 0.85, ""mlp_margin_min"": 0.2, ""mlp_stability_min"": 1}",1,24,5.958333333333333,4.0,6.958333333333333,0.041666666666666664,0.9583333333333334,1.541666666666667,20,0.8333333333333334,0.9166666666666666,0.9166666666666666,0.7435897435897435
llm_mlp_agreement,agree_mlp_conf_ge_0.85_margin_ge_0.20_stab_1,True,conservative_hybrid_final,"{""min_requests"": 1, ""mlp_confidence_min"": 0.85, ""mlp_margin_min"": 0.2, ""mlp_stability_min"": 1}",1,24,5.958333333333333,4.0,6.958333333333333,0.041666666666666664,0.9583333333333334,1.541666666666667,21,0.875,0.875,0.9166666666666666,0.8133333333333332
llm_mlp_agreement,agree_mlp_conf_ge_0.85_margin_ge_0.20_stab_1,True,agreement_hybrid_final,"{""min_requests"": 1, ""mlp_confidence_min"": 0.85, ""mlp_margin_min"": 0.2, ""mlp_stability_min"": 1}",1,24,5.958333333333333,4.0,6.958333333333333,0.041666666666666664,0.9583333333333334,1.541666666666667,21,0.875,0.875,0.9166666666666666,0.8133333333333332
llm_mlp_agreement,agree_mlp_conf_ge_0.85_margin_ge_0.40_stab_0,True,llm_final,"{""min_requests"": 1, ""mlp_confidence_min"": 0.85, ""mlp_margin_min"": 0.4, ""mlp_stability_min"": 0}",1,24,5.833333333333333,3.5,6.833333333333333,0.041666666666666664,0.9583333333333334,1.666666666666667,21,0.875,0.875,0.9166666666666666,0.8133333333333332
llm_mlp_agreement,agree_mlp_conf_ge_0.85_margin_ge_0.40_stab_0,True,mlp_final,"{""min_requests"": 1, ""mlp_confidence_min"": 0.85, ""mlp_margin_min"": 0.4, ""mlp_stability_min"": 0}",1,24,5.833333333333333,3.5,6.833333333333333,0.041666666666666664,0.9583333333333334,1.666666666666667,20,0.8333333333333334,0.9166666666666666,0.9166666666666666,0.7435897435897435
llm_mlp_agreement,agree_mlp_conf_ge_0.85_margin_ge_0.40_stab_0,True,conservative_hybrid_final,"{""min_requests"": 1, ""mlp_confidence_min"": 0.85, ""mlp_margin_min"": 0.4, ""mlp_stability_min"": 0}",1,24,5.833333333333333,3.5,6.833333333333333,0.041666666666666664,0.9583333333333334,1.666666666666667,21,0.875,0.875,0.9166666666666666,0.8133333333333332
llm_mlp_agreement,agree_mlp_conf_ge_0.85_margin_ge_0.40_stab_0,True,agreement_hybrid_final,"{""min_requests"": 1, ""mlp_confidence_min"": 0.85, ""mlp_margin_min"": 0.4, ""mlp_stability_min"": 0}",1,24,5.833333333333333,3.5,6.833333333333333,0.041666666666666664,0.9583333333333334,1.666666666666667,21,0.875,0.875,0.9166666666666666,0.8133333333333332
llm_mlp_agreement,agree_mlp_conf_ge_0.85_margin_ge_0.40_stab_1,True,llm_final,"{""min_requests"": 1, ""mlp_confidence_min"": 0.85, ""mlp_margin_min"": 0.4, ""mlp_stability_min"": 1}",1,24,5.958333333333333,4.0,6.958333333333333,0.041666666666666664,0.9583333333333334,1.541666666666667,21,0.875,0.875,0.9166666666666666,0.8133333333333332
llm_mlp_agreement,agree_mlp_conf_ge_0.85_margin_ge_0.40_stab_1,True,mlp_final,"{""min_requests"": 1, ""mlp_confidence_min"": 0.85, ""mlp_margin_min"": 0.4, ""mlp_stability_min"": 1}",1,24,5.958333333333333,4.0,6.958333333333333,0.041666666666666664,0.9583333333333334,1.541666666666667,20,0.8333333333333334,0.9166666666666666,0.9166666666666666,0.7435897435897435
llm_mlp_agreement,agree_mlp_conf_ge_0.85_margin_ge_0.40_stab_1,True,conservative_hybrid_final,"{""min_requests"": 1, ""mlp_confidence_min"": 0.85, ""mlp_margin_min"": 0.4, ""mlp_stability_min"": 1}",1,24,5.958333333333333,4.0,6.958333333333333,0.041666666666666664,0.9583333333333334,1.541666666666667,21,0.875,0.875,0.9166666666666666,0.8133333333333332
llm_mlp_agreement,agree_mlp_conf_ge_0.85_margin_ge_0.40_stab_1,True,agreement_hybrid_final,"{""min_requests"": 1, ""mlp_confidence_min"": 0.85, ""mlp_margin_min"": 0.4, ""mlp_stability_min"": 1}",1,24,5.958333333333333,4.0,6.958333333333333,0.041666666666666664,0.9583333333333334,1.541666666666667,21,0.875,0.875,0.9166666666666666,0.8133333333333332
llm_mlp_agreement,agree_mlp_conf_ge_0.85_margin_ge_0.60_stab_0,True,llm_final,"{""min_requests"": 1, ""mlp_confidence_min"": 0.85, ""mlp_margin_min"": 0.6, ""mlp_stability_min"": 0}",1,24,5.833333333333333,3.5,6.833333333333333,0.041666666666666664,0.9583333333333334,1.666666666666667,21,0.875,0.875,0.9166666666666666,0.8133333333333332
llm_mlp_agreement,agree_mlp_conf_ge_0.85_margin_ge_0.60_stab_0,True,mlp_final,"{""min_requests"": 1, ""mlp_confidence_min"": 0.85, ""mlp_margin_min"": 0.6, ""mlp_stability_min"": 0}",1,24,5.833333333333333,3.5,6.833333333333333,0.041666666666666664,0.9583333333333334,1.666666666666667,20,0.8333333333333334,0.9166666666666666,0.9166666666666666,0.7435897435897435
llm_mlp_agreement,agree_mlp_conf_ge_0.85_margin_ge_0.60_stab_0,True,conservative_hybrid_final,"{""min_requests"": 1, ""mlp_confidence_min"": 0.85, ""mlp_margin_min"": 0.6, ""mlp_stability_min"": 0}",1,24,5.833333333333333,3.5,6.833333333333333,0.041666666666666664,0.9583333333333334,1.666666666666667,21,0.875,0.875,0.9166666666666666,0.8133333333333332
llm_mlp_agreement,agree_mlp_conf_ge_0.85_margin_ge_0.60_stab_0,True,agreement_hybrid_final,"{""min_requests"": 1, ""mlp_confidence_min"": 0.85, ""mlp_margin_min"": 0.6, ""mlp_stability_min"": 0}",1,24,5.833333333333333,3.5,6.833333333333333,0.041666666666666664,0.9583333333333334,1.666666666666667,21,0.875,0.875,0.9166666666666666,0.8133333333333332
llm_mlp_agreement,agree_mlp_conf_ge_0.85_margin_ge_0.60_stab_1,True,llm_final,"{""min_requests"": 1, ""mlp_confidence_min"": 0.85, ""mlp_margin_min"": 0.6, ""mlp_stability_min"": 1}",1,24,5.958333333333333,4.0,6.958333333333333,0.041666666666666664,0.9583333333333334,1.541666666666667,21,0.875,0.875,0.9166666666666666,0.8133333333333332
llm_mlp_agreement,agree_mlp_conf_ge_0.85_margin_ge_0.60_stab_1,True,mlp_final,"{""min_requests"": 1, ""mlp_confidence_min"": 0.85, ""mlp_margin_min"": 0.6, ""mlp_stability_min"": 1}",1,24,5.958333333333333,4.0,6.958333333333333,0.041666666666666664,0.9583333333333334,1.541666666666667,20,0.8333333333333334,0.9166666666666666,0.9166666666666666,0.7435897435897435
llm_mlp_agreement,agree_mlp_conf_ge_0.85_margin_ge_0.60_stab_1,True,conservative_hybrid_final,"{""min_requests"": 1, ""mlp_confidence_min"": 0.85, ""mlp_margin_min"": 0.6, ""mlp_stability_min"": 1}",1,24,5.958333333333333,4.0,6.958333333333333,0.041666666666666664,0.9583333333333334,1.541666666666667,21,0.875,0.875,0.9166666666666666,0.8133333333333332
llm_mlp_agreement,agree_mlp_conf_ge_0.85_margin_ge_0.60_stab_1,True,agreement_hybrid_final,"{""min_requests"": 1, ""mlp_confidence_min"": 0.85, ""mlp_margin_min"": 0.6, ""mlp_stability_min"": 1}",1,24,5.958333333333333,4.0,6.958333333333333,0.041666666666666664,0.9583333333333334,1.541666666666667,21,0.875,0.875,0.9166666666666666,0.8133333333333332
llm_mlp_agreement,agree_mlp_conf_ge_0.85_margin_ge_0.80_stab_0,True,llm_final,"{""min_requests"": 1, ""mlp_confidence_min"": 0.85, ""mlp_margin_min"": 0.8, ""mlp_stability_min"": 0}",1,24,6.125,3.5,7.125,0.041666666666666664,0.9583333333333334,1.375,21,0.875,0.875,0.9166666666666666,0.8133333333333332
llm_mlp_agreement,agree_mlp_conf_ge_0.85_margin_ge_0.80_stab_0,True,mlp_final,"{""min_requests"": 1, ""mlp_confidence_min"": 0.85, ""mlp_margin_min"": 0.8, ""mlp_stability_min"": 0}",1,24,6.125,3.5,7.125,0.041666666666666664,0.9583333333333334,1.375,20,0.8333333333333334,0.9166666666666666,0.9166666666666666,0.7435897435897435
llm_mlp_agreement,agree_mlp_conf_ge_0.85_margin_ge_0.80_stab_0,True,conservative_hybrid_final,"{""min_requests"": 1, ""mlp_confidence_min"": 0.85, ""mlp_margin_min"": 0.8, ""mlp_stability_min"": 0}",1,24,6.125,3.5,7.125,0.041666666666666664,0.9583333333333334,1.375,21,0.875,0.875,0.9166666666666666,0.8133333333333332
llm_mlp_agreement,agree_mlp_conf_ge_0.85_margin_ge_0.80_stab_0,True,agreement_hybrid_final,"{""min_requests"": 1, ""mlp_confidence_min"": 0.85, ""mlp_margin_min"": 0.8, ""mlp_stability_min"": 0}",1,24,6.125,3.5,7.125,0.041666666666666664,0.9583333333333334,1.375,21,0.875,0.875,0.9166666666666666,0.8133333333333332
llm_mlp_agreement,agree_mlp_conf_ge_0.85_margin_ge_0.80_stab_1,True,llm_final,"{""min_requests"": 1, ""mlp_confidence_min"": 0.85, ""mlp_margin_min"": 0.8, ""mlp_stability_min"": 1}",1,24,6.208333333333333,4.0,7.208333333333333,0.041666666666666664,0.9583333333333334,1.291666666666667,21,0.875,0.875,0.9166666666666666,0.8133333333333332
llm_mlp_agreement,agree_mlp_conf_ge_0.85_margin_ge_0.80_stab_1,True,mlp_final,"{""min_requests"": 1, ""mlp_confidence_min"": 0.85, ""mlp_margin_min"": 0.8, ""mlp_stability_min"": 1}",1,24,6.208333333333333,4.0,7.208333333333333,0.041666666666666664,0.9583333333333334,1.291666666666667,20,0.8333333333333334,0.9166666666666666,0.9166666666666666,0.7435897435897435
llm_mlp_agreement,agree_mlp_conf_ge_0.85_margin_ge_0.80_stab_1,True,conservative_hybrid_final,"{""min_requests"": 1, ""mlp_confidence_min"": 0.85, ""mlp_margin_min"": 0.8, ""mlp_stability_min"": 1}",1,24,6.208333333333333,4.0,7.208333333333333,0.041666666666666664,0.9583333333333334,1.291666666666667,21,0.875,0.875,0.9166666666666666,0.8133333333333332
llm_mlp_agreement,agree_mlp_conf_ge_0.85_margin_ge_0.80_stab_1,True,agreement_hybrid_final,"{""min_requests"": 1, ""mlp_confidence_min"": 0.85, ""mlp_margin_min"": 0.8, ""mlp_stability_min"": 1}",1,24,6.208333333333333,4.0,7.208333333333333,0.041666666666666664,0.9583333333333334,1.291666666666667,21,0.875,0.875,0.9166666666666666,0.8133333333333332
llm_mlp_agreement,agree_mlp_conf_ge_0.90_margin_ge_0.20_stab_0,True,llm_final,"{""min_requests"": 1, ""mlp_confidence_min"": 0.9, ""mlp_margin_min"": 0.2, ""mlp_stability_min"": 0}",1,24,6.75,4.0,7.75,0.08333333333333333,0.9166666666666666,0.75,21,0.875,0.875,0.9166666666666666,0.8133333333333332
llm_mlp_agreement,agree_mlp_conf_ge_0.90_margin_ge_0.20_stab_0,True,mlp_final,"{""min_requests"": 1, ""mlp_confidence_min"": 0.9, ""mlp_margin_min"": 0.2, ""mlp_stability_min"": 0}",1,24,6.75,4.0,7.75,0.08333333333333333,0.9166666666666666,0.75,20,0.8333333333333334,0.9583333333333334,0.9583333333333334,0.7435897435897435
llm_mlp_agreement,agree_mlp_conf_ge_0.90_margin_ge_0.20_stab_0,True,conservative_hybrid_final,"{""min_requests"": 1, ""mlp_confidence_min"": 0.9, ""mlp_margin_min"": 0.2, ""mlp_stability_min"": 0}",1,24,6.75,4.0,7.75,0.08333333333333333,0.9166666666666666,0.75,21,0.875,0.875,0.9166666666666666,0.8133333333333332
llm_mlp_agreement,agree_mlp_conf_ge_0.90_margin_ge_0.20_stab_0,True,agreement_hybrid_final,"{""min_requests"": 1, ""mlp_confidence_min"": 0.9, ""mlp_margin_min"": 0.2, ""mlp_stability_min"": 0}",1,24,6.75,4.0,7.75,0.08333333333333333,0.9166666666666666,0.75,21,0.875,0.875,0.9166666666666666,0.8133333333333332
llm_mlp_agreement,agree_mlp_conf_ge_0.90_margin_ge_0.20_stab_1,True,llm_final,"{""min_requests"": 1, ""mlp_confidence_min"": 0.9, ""mlp_margin_min"": 0.2, ""mlp_stability_min"": 1}",1,24,6.791666666666667,4.0,7.791666666666667,0.08333333333333333,0.9166666666666666,0.708333333333333,21,0.875,0.875,0.9166666666666666,0.8133333333333332
llm_mlp_agreement,agree_mlp_conf_ge_0.90_margin_ge_0.20_stab_1,True,mlp_final,"{""min_requests"": 1, ""mlp_confidence_min"": 0.9, ""mlp_margin_min"": 0.2, ""mlp_stability_min"": 1}",1,24,6.791666666666667,4.0,7.791666666666667,0.08333333333333333,0.9166666666666666,0.708333333333333,20,0.8333333333333334,0.9583333333333334,0.9583333333333334,0.7435897435897435
llm_mlp_agreement,agree_mlp_conf_ge_0.90_margin_ge_0.20_stab_1,True,conservative_hybrid_final,"{""min_requests"": 1, ""mlp_confidence_min"": 0.9, ""mlp_margin_min"": 0.2, ""mlp_stability_min"": 1}",1,24,6.791666666666667,4.0,7.791666666666667,0.08333333333333333,0.9166666666666666,0.708333333333333,21,0.875,0.875,0.9166666666666666,0.8133333333333332
llm_mlp_agreement,agree_mlp_conf_ge_0.90_margin_ge_0.20_stab_1,True,agreement_hybrid_final,"{""min_requests"": 1, ""mlp_confidence_min"": 0.9, ""mlp_margin_min"": 0.2, ""mlp_stability_min"": 1}",1,24,6.791666666666667,4.0,7.791666666666667,0.08333333333333333,0.9166666666666666,0.708333333333333,21,0.875,0.875,0.9166666666666666,0.8133333333333332
llm_mlp_agreement,agree_mlp_conf_ge_0.90_margin_ge_0.40_stab_0,True,llm_final,"{""min_requests"": 1, ""mlp_confidence_min"": 0.9, ""mlp_margin_min"": 0.4, ""mlp_stability_min"": 0}",1,24,6.75,4.0,7.75,0.08333333333333333,0.9166666666666666,0.75,21,0.875,0.875,0.9166666666666666,0.8133333333333332
llm_mlp_agreement,agree_mlp_conf_ge_0.90_margin_ge_0.40_stab_0,True,mlp_final,"{""min_requests"": 1, ""mlp_confidence_min"": 0.9, ""mlp_margin_min"": 0.4, ""mlp_stability_min"": 0}",1,24,6.75,4.0,7.75,0.08333333333333333,0.9166666666666666,0.75,20,0.8333333333333334,0.9583333333333334,0.9583333333333334,0.7435897435897435
llm_mlp_agreement,agree_mlp_conf_ge_0.90_margin_ge_0.40_stab_0,True,conservative_hybrid_final,"{""min_requests"": 1, ""mlp_confidence_min"": 0.9, ""mlp_margin_min"": 0.4, ""mlp_stability_min"": 0}",1,24,6.75,4.0,7.75,0.08333333333333333,0.9166666666666666,0.75,21,0.875,0.875,0.9166666666666666,0.8133333333333332
llm_mlp_agreement,agree_mlp_conf_ge_0.90_margin_ge_0.40_stab_0,True,agreement_hybrid_final,"{""min_requests"": 1, ""mlp_confidence_min"": 0.9, ""mlp_margin_min"": 0.4, ""mlp_stability_min"": 0}",1,24,6.75,4.0,7.75,0.08333333333333333,0.9166666666666666,0.75,21,0.875,0.875,0.9166666666666666,0.8133333333333332
llm_mlp_agreement,agree_mlp_conf_ge_0.90_margin_ge_0.40_stab_1,True,llm_final,"{""min_requests"": 1, ""mlp_confidence_min"": 0.9, ""mlp_margin_min"": 0.4, ""mlp_stability_min"": 1}",1,24,6.791666666666667,4.0,7.791666666666667,0.08333333333333333,0.9166666666666666,0.708333333333333,21,0.875,0.875,0.9166666666666666,0.8133333333333332
llm_mlp_agreement,agree_mlp_conf_ge_0.90_margin_ge_0.40_stab_1,True,mlp_final,"{""min_requests"": 1, ""mlp_confidence_min"": 0.9, ""mlp_margin_min"": 0.4, ""mlp_stability_min"": 1}",1,24,6.791666666666667,4.0,7.791666666666667,0.08333333333333333,0.9166666666666666,0.708333333333333,20,0.8333333333333334,0.9583333333333334,0.9583333333333334,0.7435897435897435
llm_mlp_agreement,agree_mlp_conf_ge_0.90_margin_ge_0.40_stab_1,True,conservative_hybrid_final,"{""min_requests"": 1, ""mlp_confidence_min"": 0.9, ""mlp_margin_min"": 0.4, ""mlp_stability_min"": 1}",1,24,6.791666666666667,4.0,7.791666666666667,0.08333333333333333,0.9166666666666666,0.708333333333333,21,0.875,0.875,0.9166666666666666,0.8133333333333332
llm_mlp_agreement,agree_mlp_conf_ge_0.90_margin_ge_0.40_stab_1,True,agreement_hybrid_final,"{""min_requests"": 1, ""mlp_confidence_min"": 0.9, ""mlp_margin_min"": 0.4, ""mlp_stability_min"": 1}",1,24,6.791666666666667,4.0,7.791666666666667,0.08333333333333333,0.9166666666666666,0.708333333333333,21,0.875,0.875,0.9166666666666666,0.8133333333333332
llm_mlp_agreement,agree_mlp_conf_ge_0.90_margin_ge_0.60_stab_0,True,llm_final,"{""min_requests"": 1, ""mlp_confidence_min"": 0.9, ""mlp_margin_min"": 0.6, ""mlp_stability_min"": 0}",1,24,6.75,4.0,7.75,0.08333333333333333,0.9166666666666666,0.75,21,0.875,0.875,0.9166666666666666,0.8133333333333332
llm_mlp_agreement,agree_mlp_conf_ge_0.90_margin_ge_0.60_stab_0,True,mlp_final,"{""min_requests"": 1, ""mlp_confidence_min"": 0.9, ""mlp_margin_min"": 0.6, ""mlp_stability_min"": 0}",1,24,6.75,4.0,7.75,0.08333333333333333,0.9166666666666666,0.75,20,0.8333333333333334,0.9583333333333334,0.9583333333333334,0.7435897435897435
llm_mlp_agreement,agree_mlp_conf_ge_0.90_margin_ge_0.60_stab_0,True,conservative_hybrid_final,"{""min_requests"": 1, ""mlp_confidence_min"": 0.9, ""mlp_margin_min"": 0.6, ""mlp_stability_min"": 0}",1,24,6.75,4.0,7.75,0.08333333333333333,0.9166666666666666,0.75,21,0.875,0.875,0.9166666666666666,0.8133333333333332
llm_mlp_agreement,agree_mlp_conf_ge_0.90_margin_ge_0.60_stab_0,True,agreement_hybrid_final,"{""min_requests"": 1, ""mlp_confidence_min"": 0.9, ""mlp_margin_min"": 0.6, ""mlp_stability_min"": 0}",1,24,6.75,4.0,7.75,0.08333333333333333,0.9166666666666666,0.75,21,0.875,0.875,0.9166666666666666,0.8133333333333332
llm_mlp_agreement,agree_mlp_conf_ge_0.90_margin_ge_0.60_stab_1,True,llm_final,"{""min_requests"": 1, ""mlp_confidence_min"": 0.9, ""mlp_margin_min"": 0.6, ""mlp_stability_min"": 1}",1,24,6.791666666666667,4.0,7.791666666666667,0.08333333333333333,0.9166666666666666,0.708333333333333,21,0.875,0.875,0.9166666666666666,0.8133333333333332
llm_mlp_agreement,agree_mlp_conf_ge_0.90_margin_ge_0.60_stab_1,True,mlp_final,"{""min_requests"": 1, ""mlp_confidence_min"": 0.9, ""mlp_margin_min"": 0.6, ""mlp_stability_min"": 1}",1,24,6.791666666666667,4.0,7.791666666666667,0.08333333333333333,0.9166666666666666,0.708333333333333,20,0.8333333333333334,0.9583333333333334,0.9583333333333334,0.7435897435897435
llm_mlp_agreement,agree_mlp_conf_ge_0.90_margin_ge_0.60_stab_1,True,conservative_hybrid_final,"{""min_requests"": 1, ""mlp_confidence_min"": 0.9, ""mlp_margin_min"": 0.6, ""mlp_stability_min"": 1}",1,24,6.791666666666667,4.0,7.791666666666667,0.08333333333333333,0.9166666666666666,0.708333333333333,21,0.875,0.875,0.9166666666666666,0.8133333333333332
llm_mlp_agreement,agree_mlp_conf_ge_0.90_margin_ge_0.60_stab_1,True,agreement_hybrid_final,"{""min_requests"": 1, ""mlp_confidence_min"": 0.9, ""mlp_margin_min"": 0.6, ""mlp_stability_min"": 1}",1,24,6.791666666666667,4.0,7.791666666666667,0.08333333333333333,0.9166666666666666,0.708333333333333,21,0.875,0.875,0.9166666666666666,0.8133333333333332
llm_mlp_agreement,agree_mlp_conf_ge_0.90_margin_ge_0.80_stab_0,True,llm_final,"{""min_requests"": 1, ""mlp_confidence_min"": 0.9, ""mlp_margin_min"": 0.8, ""mlp_stability_min"": 0}",1,24,6.75,4.0,7.75,0.08333333333333333,0.9166666666666666,0.75,21,0.875,0.875,0.9166666666666666,0.8133333333333332
llm_mlp_agreement,agree_mlp_conf_ge_0.90_margin_ge_0.80_stab_0,True,mlp_final,"{""min_requests"": 1, ""mlp_confidence_min"": 0.9, ""mlp_margin_min"": 0.8, ""mlp_stability_min"": 0}",1,24,6.75,4.0,7.75,0.08333333333333333,0.9166666666666666,0.75,20,0.8333333333333334,0.9583333333333334,0.9583333333333334,0.7435897435897435
llm_mlp_agreement,agree_mlp_conf_ge_0.90_margin_ge_0.80_stab_0,True,conservative_hybrid_final,"{""min_requests"": 1, ""mlp_confidence_min"": 0.9, ""mlp_margin_min"": 0.8, ""mlp_stability_min"": 0}",1,24,6.75,4.0,7.75,0.08333333333333333,0.9166666666666666,0.75,21,0.875,0.875,0.9166666666666666,0.8133333333333332
llm_mlp_agreement,agree_mlp_conf_ge_0.90_margin_ge_0.80_stab_0,True,agreement_hybrid_final,"{""min_requests"": 1, ""mlp_confidence_min"": 0.9, ""mlp_margin_min"": 0.8, ""mlp_stability_min"": 0}",1,24,6.75,4.0,7.75,0.08333333333333333,0.9166666666666666,0.75,21,0.875,0.875,0.9166666666666666,0.8133333333333332
llm_mlp_agreement,agree_mlp_conf_ge_0.90_margin_ge_0.80_stab_1,True,llm_final,"{""min_requests"": 1, ""mlp_confidence_min"": 0.9, ""mlp_margin_min"": 0.8, ""mlp_stability_min"": 1}",1,24,6.791666666666667,4.0,7.791666666666667,0.08333333333333333,0.9166666666666666,0.708333333333333,21,0.875,0.875,0.9166666666666666,0.8133333333333332
llm_mlp_agreement,agree_mlp_conf_ge_0.90_margin_ge_0.80_stab_1,True,mlp_final,"{""min_requests"": 1, ""mlp_confidence_min"": 0.9, ""mlp_margin_min"": 0.8, ""mlp_stability_min"": 1}",1,24,6.791666666666667,4.0,7.791666666666667,0.08333333333333333,0.9166666666666666,0.708333333333333,20,0.8333333333333334,0.9583333333333334,0.9583333333333334,0.7435897435897435
llm_mlp_agreement,agree_mlp_conf_ge_0.90_margin_ge_0.80_stab_1,True,conservative_hybrid_final,"{""min_requests"": 1, ""mlp_confidence_min"": 0.9, ""mlp_margin_min"": 0.8, ""mlp_stability_min"": 1}",1,24,6.791666666666667,4.0,7.791666666666667,0.08333333333333333,0.9166666666666666,0.708333333333333,21,0.875,0.875,0.9166666666666666,0.8133333333333332
llm_mlp_agreement,agree_mlp_conf_ge_0.90_margin_ge_0.80_stab_1,True,agreement_hybrid_final,"{""min_requests"": 1, ""mlp_confidence_min"": 0.9, ""mlp_margin_min"": 0.8, ""mlp_stability_min"": 1}",1,24,6.791666666666667,4.0,7.791666666666667,0.08333333333333333,0.9166666666666666,0.708333333333333,21,0.875,0.875,0.9166666666666666,0.8133333333333332
llm_mlp_agreement,agree_mlp_conf_ge_0.95_margin_ge_0.20_stab_0,True,llm_final,"{""min_requests"": 1, ""mlp_confidence_min"": 0.95, ""mlp_margin_min"": 0.2, ""mlp_stability_min"": 0}",1,24,7.166666666666667,4.5,8.166666666666666,0.08333333333333333,0.9166666666666666,0.33333333333333304,22,0.9166666666666666,0.9166666666666666,0.9166666666666666,0.8666666666666666
llm_mlp_agreement,agree_mlp_conf_ge_0.95_margin_ge_0.20_stab_0,True,mlp_final,"{""min_requests"": 1, ""mlp_confidence_min"": 0.95, ""mlp_margin_min"": 0.2, ""mlp_stability_min"": 0}",1,24,7.166666666666667,4.5,8.166666666666666,0.08333333333333333,0.9166666666666666,0.33333333333333304,21,0.875,0.9583333333333334,0.9583333333333334,0.7948717948717948
llm_mlp_agreement,agree_mlp_conf_ge_0.95_margin_ge_0.20_stab_0,True,conservative_hybrid_final,"{""min_requests"": 1, ""mlp_confidence_min"": 0.95, ""mlp_margin_min"": 0.2, ""mlp_stability_min"": 0}",1,24,7.166666666666667,4.5,8.166666666666666,0.08333333333333333,0.9166666666666666,0.33333333333333304,22,0.9166666666666666,0.9166666666666666,0.9166666666666666,0.8666666666666666
llm_mlp_agreement,agree_mlp_conf_ge_0.95_margin_ge_0.20_stab_0,True,agreement_hybrid_final,"{""min_requests"": 1, ""mlp_confidence_min"": 0.95, ""mlp_margin_min"": 0.2, ""mlp_stability_min"": 0}",1,24,7.166666666666667,4.5,8.166666666666666,0.08333333333333333,0.9166666666666666,0.33333333333333304,22,0.9166666666666666,0.9166666666666666,0.9166666666666666,0.8666666666666666
llm_mlp_agreement,agree_mlp_conf_ge_0.95_margin_ge_0.20_stab_1,True,llm_final,"{""min_requests"": 1, ""mlp_confidence_min"": 0.95, ""mlp_margin_min"": 0.2, ""mlp_stability_min"": 1}",1,24,7.166666666666667,4.5,8.166666666666666,0.08333333333333333,0.9166666666666666,0.33333333333333304,22,0.9166666666666666,0.9166666666666666,0.9166666666666666,0.8666666666666666
llm_mlp_agreement,agree_mlp_conf_ge_0.95_margin_ge_0.20_stab_1,True,mlp_final,"{""min_requests"": 1, ""mlp_confidence_min"": 0.95, ""mlp_margin_min"": 0.2, ""mlp_stability_min"": 1}",1,24,7.166666666666667,4.5,8.166666666666666,0.08333333333333333,0.9166666666666666,0.33333333333333304,21,0.875,0.9583333333333334,0.9583333333333334,0.7948717948717948
llm_mlp_agreement,agree_mlp_conf_ge_0.95_margin_ge_0.20_stab_1,True,conservative_hybrid_final,"{""min_requests"": 1, ""mlp_confidence_min"": 0.95, ""mlp_margin_min"": 0.2, ""mlp_stability_min"": 1}",1,24,7.166666666666667,4.5,8.166666666666666,0.08333333333333333,0.9166666666666666,0.33333333333333304,22,0.9166666666666666,0.9166666666666666,0.9166666666666666,0.8666666666666666
llm_mlp_agreement,agree_mlp_conf_ge_0.95_margin_ge_0.20_stab_1,True,agreement_hybrid_final,"{""min_requests"": 1, ""mlp_confidence_min"": 0.95, ""mlp_margin_min"": 0.2, ""mlp_stability_min"": 1}",1,24,7.166666666666667,4.5,8.166666666666666,0.08333333333333333,0.9166666666666666,0.33333333333333304,22,0.9166666666666666,0.9166666666666666,0.9166666666666666,0.8666666666666666
llm_mlp_agreement,agree_mlp_conf_ge_0.95_margin_ge_0.40_stab_0,True,llm_final,"{""min_requests"": 1, ""mlp_confidence_min"": 0.95, ""mlp_margin_min"": 0.4, ""mlp_stability_min"": 0}",1,24,7.166666666666667,4.5,8.166666666666666,0.08333333333333333,0.9166666666666666,0.33333333333333304,22,0.9166666666666666,0.9166666666666666,0.9166666666666666,0.8666666666666666
llm_mlp_agreement,agree_mlp_conf_ge_0.95_margin_ge_0.40_stab_0,True,mlp_final,"{""min_requests"": 1, ""mlp_confidence_min"": 0.95, ""mlp_margin_min"": 0.4, ""mlp_stability_min"": 0}",1,24,7.166666666666667,4.5,8.166666666666666,0.08333333333333333,0.9166666666666666,0.33333333333333304,21,0.875,0.9583333333333334,0.9583333333333334,0.7948717948717948
llm_mlp_agreement,agree_mlp_conf_ge_0.95_margin_ge_0.40_stab_0,True,conservative_hybrid_final,"{""min_requests"": 1, ""mlp_confidence_min"": 0.95, ""mlp_margin_min"": 0.4, ""mlp_stability_min"": 0}",1,24,7.166666666666667,4.5,8.166666666666666,0.08333333333333333,0.9166666666666666,0.33333333333333304,22,0.9166666666666666,0.9166666666666666,0.9166666666666666,0.8666666666666666
llm_mlp_agreement,agree_mlp_conf_ge_0.95_margin_ge_0.40_stab_0,True,agreement_hybrid_final,"{""min_requests"": 1, ""mlp_confidence_min"": 0.95, ""mlp_margin_min"": 0.4, ""mlp_stability_min"": 0}",1,24,7.166666666666667,4.5,8.166666666666666,0.08333333333333333,0.9166666666666666,0.33333333333333304,22,0.9166666666666666,0.9166666666666666,0.9166666666666666,0.8666666666666666
llm_mlp_agreement,agree_mlp_conf_ge_0.95_margin_ge_0.40_stab_1,True,llm_final,"{""min_requests"": 1, ""mlp_confidence_min"": 0.95, ""mlp_margin_min"": 0.4, ""mlp_stability_min"": 1}",1,24,7.166666666666667,4.5,8.166666666666666,0.08333333333333333,0.9166666666666666,0.33333333333333304,22,0.9166666666666666,0.9166666666666666,0.9166666666666666,0.8666666666666666
llm_mlp_agreement,agree_mlp_conf_ge_0.95_margin_ge_0.40_stab_1,True,mlp_final,"{""min_requests"": 1, ""mlp_confidence_min"": 0.95, ""mlp_margin_min"": 0.4, ""mlp_stability_min"": 1}",1,24,7.166666666666667,4.5,8.166666666666666,0.08333333333333333,0.9166666666666666,0.33333333333333304,21,0.875,0.9583333333333334,0.9583333333333334,0.7948717948717948
llm_mlp_agreement,agree_mlp_conf_ge_0.95_margin_ge_0.40_stab_1,True,conservative_hybrid_final,"{""min_requests"": 1, ""mlp_confidence_min"": 0.95, ""mlp_margin_min"": 0.4, ""mlp_stability_min"": 1}",1,24,7.166666666666667,4.5,8.166666666666666,0.08333333333333333,0.9166666666666666,0.33333333333333304,22,0.9166666666666666,0.9166666666666666,0.9166666666666666,0.8666666666666666
llm_mlp_agreement,agree_mlp_conf_ge_0.95_margin_ge_0.40_stab_1,True,agreement_hybrid_final,"{""min_requests"": 1, ""mlp_confidence_min"": 0.95, ""mlp_margin_min"": 0.4, ""mlp_stability_min"": 1}",1,24,7.166666666666667,4.5,8.166666666666666,0.08333333333333333,0.9166666666666666,0.33333333333333304,22,0.9166666666666666,0.9166666666666666,0.9166666666666666,0.8666666666666666
llm_mlp_agreement,agree_mlp_conf_ge_0.95_margin_ge_0.60_stab_0,True,llm_final,"{""min_requests"": 1, ""mlp_confidence_min"": 0.95, ""mlp_margin_min"": 0.6, ""mlp_stability_min"": 0}",1,24,7.166666666666667,4.5,8.166666666666666,0.08333333333333333,0.9166666666666666,0.33333333333333304,22,0.9166666666666666,0.9166666666666666,0.9166666666666666,0.8666666666666666
llm_mlp_agreement,agree_mlp_conf_ge_0.95_margin_ge_0.60_stab_0,True,mlp_final,"{""min_requests"": 1, ""mlp_confidence_min"": 0.95, ""mlp_margin_min"": 0.6, ""mlp_stability_min"": 0}",1,24,7.166666666666667,4.5,8.166666666666666,0.08333333333333333,0.9166666666666666,0.33333333333333304,21,0.875,0.9583333333333334,0.9583333333333334,0.7948717948717948
llm_mlp_agreement,agree_mlp_conf_ge_0.95_margin_ge_0.60_stab_0,True,conservative_hybrid_final,"{""min_requests"": 1, ""mlp_confidence_min"": 0.95, ""mlp_margin_min"": 0.6, ""mlp_stability_min"": 0}",1,24,7.166666666666667,4.5,8.166666666666666,0.08333333333333333,0.9166666666666666,0.33333333333333304,22,0.9166666666666666,0.9166666666666666,0.9166666666666666,0.8666666666666666
llm_mlp_agreement,agree_mlp_conf_ge_0.95_margin_ge_0.60_stab_0,True,agreement_hybrid_final,"{""min_requests"": 1, ""mlp_confidence_min"": 0.95, ""mlp_margin_min"": 0.6, ""mlp_stability_min"": 0}",1,24,7.166666666666667,4.5,8.166666666666666,0.08333333333333333,0.9166666666666666,0.33333333333333304,22,0.9166666666666666,0.9166666666666666,0.9166666666666666,0.8666666666666666
llm_mlp_agreement,agree_mlp_conf_ge_0.95_margin_ge_0.60_stab_1,True,llm_final,"{""min_requests"": 1, ""mlp_confidence_min"": 0.95, ""mlp_margin_min"": 0.6, ""mlp_stability_min"": 1}",1,24,7.166666666666667,4.5,8.166666666666666,0.08333333333333333,0.9166666666666666,0.33333333333333304,22,0.9166666666666666,0.9166666666666666,0.9166666666666666,0.8666666666666666
llm_mlp_agreement,agree_mlp_conf_ge_0.95_margin_ge_0.60_stab_1,True,mlp_final,"{""min_requests"": 1, ""mlp_confidence_min"": 0.95, ""mlp_margin_min"": 0.6, ""mlp_stability_min"": 1}",1,24,7.166666666666667,4.5,8.166666666666666,0.08333333333333333,0.9166666666666666,0.33333333333333304,21,0.875,0.9583333333333334,0.9583333333333334,0.7948717948717948
llm_mlp_agreement,agree_mlp_conf_ge_0.95_margin_ge_0.60_stab_1,True,conservative_hybrid_final,"{""min_requests"": 1, ""mlp_confidence_min"": 0.95, ""mlp_margin_min"": 0.6, ""mlp_stability_min"": 1}",1,24,7.166666666666667,4.5,8.166666666666666,0.08333333333333333,0.9166666666666666,0.33333333333333304,22,0.9166666666666666,0.9166666666666666,0.9166666666666666,0.8666666666666666
llm_mlp_agreement,agree_mlp_conf_ge_0.95_margin_ge_0.60_stab_1,True,agreement_hybrid_final,"{""min_requests"": 1, ""mlp_confidence_min"": 0.95, ""mlp_margin_min"": 0.6, ""mlp_stability_min"": 1}",1,24,7.166666666666667,4.5,8.166666666666666,0.08333333333333333,0.9166666666666666,0.33333333333333304,22,0.9166666666666666,0.9166666666666666,0.9166666666666666,0.8666666666666666
llm_mlp_agreement,agree_mlp_conf_ge_0.95_margin_ge_0.80_stab_0,True,llm_final,"{""min_requests"": 1, ""mlp_confidence_min"": 0.95, ""mlp_margin_min"": 0.8, ""mlp_stability_min"": 0}",1,24,7.166666666666667,4.5,8.166666666666666,0.08333333333333333,0.9166666666666666,0.33333333333333304,22,0.9166666666666666,0.9166666666666666,0.9166666666666666,0.8666666666666666
llm_mlp_agreement,agree_mlp_conf_ge_0.95_margin_ge_0.80_stab_0,True,mlp_final,"{""min_requests"": 1, ""mlp_confidence_min"": 0.95, ""mlp_margin_min"": 0.8, ""mlp_stability_min"": 0}",1,24,7.166666666666667,4.5,8.166666666666666,0.08333333333333333,0.9166666666666666,0.33333333333333304,21,0.875,0.9583333333333334,0.9583333333333334,0.7948717948717948
llm_mlp_agreement,agree_mlp_conf_ge_0.95_margin_ge_0.80_stab_0,True,conservative_hybrid_final,"{""min_requests"": 1, ""mlp_confidence_min"": 0.95, ""mlp_margin_min"": 0.8, ""mlp_stability_min"": 0}",1,24,7.166666666666667,4.5,8.166666666666666,0.08333333333333333,0.9166666666666666,0.33333333333333304,22,0.9166666666666666,0.9166666666666666,0.9166666666666666,0.8666666666666666
llm_mlp_agreement,agree_mlp_conf_ge_0.95_margin_ge_0.80_stab_0,True,agreement_hybrid_final,"{""min_requests"": 1, ""mlp_confidence_min"": 0.95, ""mlp_margin_min"": 0.8, ""mlp_stability_min"": 0}",1,24,7.166666666666667,4.5,8.166666666666666,0.08333333333333333,0.9166666666666666,0.33333333333333304,22,0.9166666666666666,0.9166666666666666,0.9166666666666666,0.8666666666666666
llm_mlp_agreement,agree_mlp_conf_ge_0.95_margin_ge_0.80_stab_1,True,llm_final,"{""min_requests"": 1, ""mlp_confidence_min"": 0.95, ""mlp_margin_min"": 0.8, ""mlp_stability_min"": 1}",1,24,7.166666666666667,4.5,8.166666666666666,0.08333333333333333,0.9166666666666666,0.33333333333333304,22,0.9166666666666666,0.9166666666666666,0.9166666666666666,0.8666666666666666
llm_mlp_agreement,agree_mlp_conf_ge_0.95_margin_ge_0.80_stab_1,True,mlp_final,"{""min_requests"": 1, ""mlp_confidence_min"": 0.95, ""mlp_margin_min"": 0.8, ""mlp_stability_min"": 1}",1,24,7.166666666666667,4.5,8.166666666666666,0.08333333333333333,0.9166666666666666,0.33333333333333304,21,0.875,0.9583333333333334,0.9583333333333334,0.7948717948717948
llm_mlp_agreement,agree_mlp_conf_ge_0.95_margin_ge_0.80_stab_1,True,conservative_hybrid_final,"{""min_requests"": 1, ""mlp_confidence_min"": 0.95, ""mlp_margin_min"": 0.8, ""mlp_stability_min"": 1}",1,24,7.166666666666667,4.5,8.166666666666666,0.08333333333333333,0.9166666666666666,0.33333333333333304,22,0.9166666666666666,0.9166666666666666,0.9166666666666666,0.8666666666666666
llm_mlp_agreement,agree_mlp_conf_ge_0.95_margin_ge_0.80_stab_1,True,agreement_hybrid_final,"{""min_requests"": 1, ""mlp_confidence_min"": 0.95, ""mlp_margin_min"": 0.8, ""mlp_stability_min"": 1}",1,24,7.166666666666667,4.5,8.166666666666666,0.08333333333333333,0.9166666666666666,0.33333333333333304,22,0.9166666666666666,0.9166666666666666,0.9166666666666666,0.8666666666666666
conservative_hybrid_stop,hybrid_agree_or_llm_strong_conf_0.80_margin_0.40,True,llm_final,"{""deterministic_margin_min"": 1.0, ""llm_confidence_min"": 0.9, ""min_requests"": 1, ""mlp_confidence_min"": 0.8, ""mlp_margin_min"": 0.4}",3,24,5.458333333333333,3.0,6.458333333333333,0.0,1.0,2.041666666666667,21,0.875,0.875,0.9166666666666666,0.8133333333333332
conservative_hybrid_stop,hybrid_agree_or_llm_strong_conf_0.80_margin_0.40,True,mlp_final,"{""deterministic_margin_min"": 1.0, ""llm_confidence_min"": 0.9, ""min_requests"": 1, ""mlp_confidence_min"": 0.8, ""mlp_margin_min"": 0.4}",3,24,5.458333333333333,3.0,6.458333333333333,0.0,1.0,2.041666666666667,21,0.875,0.9166666666666666,0.9166666666666666,0.8133333333333332
conservative_hybrid_stop,hybrid_agree_or_llm_strong_conf_0.80_margin_0.40,True,conservative_hybrid_final,"{""deterministic_margin_min"": 1.0, ""llm_confidence_min"": 0.9, ""min_requests"": 1, ""mlp_confidence_min"": 0.8, ""mlp_margin_min"": 0.4}",3,24,5.458333333333333,3.0,6.458333333333333,0.0,1.0,2.041666666666667,21,0.875,0.875,0.9166666666666666,0.8133333333333332
conservative_hybrid_stop,hybrid_agree_or_llm_strong_conf_0.80_margin_0.40,True,agreement_hybrid_final,"{""deterministic_margin_min"": 1.0, ""llm_confidence_min"": 0.9, ""min_requests"": 1, ""mlp_confidence_min"": 0.8, ""mlp_margin_min"": 0.4}",3,24,5.458333333333333,3.0,6.458333333333333,0.0,1.0,2.041666666666667,21,0.875,0.875,0.9166666666666666,0.8133333333333332
conservative_hybrid_stop,hybrid_agree_or_llm_strong_conf_0.80_margin_0.60,True,llm_final,"{""deterministic_margin_min"": 1.0, ""llm_confidence_min"": 0.9, ""min_requests"": 1, ""mlp_confidence_min"": 0.8, ""mlp_margin_min"": 0.6}",3,24,5.458333333333333,3.0,6.458333333333333,0.0,1.0,2.041666666666667,21,0.875,0.875,0.9166666666666666,0.8133333333333332
conservative_hybrid_stop,hybrid_agree_or_llm_strong_conf_0.80_margin_0.60,True,mlp_final,"{""deterministic_margin_min"": 1.0, ""llm_confidence_min"": 0.9, ""min_requests"": 1, ""mlp_confidence_min"": 0.8, ""mlp_margin_min"": 0.6}",3,24,5.458333333333333,3.0,6.458333333333333,0.0,1.0,2.041666666666667,21,0.875,0.9166666666666666,0.9166666666666666,0.8133333333333332
conservative_hybrid_stop,hybrid_agree_or_llm_strong_conf_0.80_margin_0.60,True,conservative_hybrid_final,"{""deterministic_margin_min"": 1.0, ""llm_confidence_min"": 0.9, ""min_requests"": 1, ""mlp_confidence_min"": 0.8, ""mlp_margin_min"": 0.6}",3,24,5.458333333333333,3.0,6.458333333333333,0.0,1.0,2.041666666666667,21,0.875,0.875,0.9166666666666666,0.8133333333333332
conservative_hybrid_stop,hybrid_agree_or_llm_strong_conf_0.80_margin_0.60,True,agreement_hybrid_final,"{""deterministic_margin_min"": 1.0, ""llm_confidence_min"": 0.9, ""min_requests"": 1, ""mlp_confidence_min"": 0.8, ""mlp_margin_min"": 0.6}",3,24,5.458333333333333,3.0,6.458333333333333,0.0,1.0,2.041666666666667,21,0.875,0.875,0.9166666666666666,0.8133333333333332
conservative_hybrid_stop,hybrid_agree_or_llm_strong_conf_0.80_margin_0.80,True,llm_final,"{""deterministic_margin_min"": 1.0, ""llm_confidence_min"": 0.9, ""min_requests"": 1, ""mlp_confidence_min"": 0.8, ""mlp_margin_min"": 0.8}",3,24,6.041666666666667,3.5,7.041666666666667,0.041666666666666664,0.9583333333333334,1.458333333333333,21,0.875,0.875,0.9166666666666666,0.8133333333333332
conservative_hybrid_stop,hybrid_agree_or_llm_strong_conf_0.80_margin_0.80,True,mlp_final,"{""deterministic_margin_min"": 1.0, ""llm_confidence_min"": 0.9, ""min_requests"": 1, ""mlp_confidence_min"": 0.8, ""mlp_margin_min"": 0.8}",3,24,6.041666666666667,3.5,7.041666666666667,0.041666666666666664,0.9583333333333334,1.458333333333333,20,0.8333333333333334,0.9166666666666666,0.9166666666666666,0.7435897435897435
conservative_hybrid_stop,hybrid_agree_or_llm_strong_conf_0.80_margin_0.80,True,conservative_hybrid_final,"{""deterministic_margin_min"": 1.0, ""llm_confidence_min"": 0.9, ""min_requests"": 1, ""mlp_confidence_min"": 0.8, ""mlp_margin_min"": 0.8}",3,24,6.041666666666667,3.5,7.041666666666667,0.041666666666666664,0.9583333333333334,1.458333333333333,21,0.875,0.875,0.9166666666666666,0.8133333333333332
conservative_hybrid_stop,hybrid_agree_or_llm_strong_conf_0.80_margin_0.80,True,agreement_hybrid_final,"{""deterministic_margin_min"": 1.0, ""llm_confidence_min"": 0.9, ""min_requests"": 1, ""mlp_confidence_min"": 0.8, ""mlp_margin_min"": 0.8}",3,24,6.041666666666667,3.5,7.041666666666667,0.041666666666666664,0.9583333333333334,1.458333333333333,21,0.875,0.875,0.9166666666666666,0.8133333333333332
conservative_hybrid_stop,hybrid_agree_or_llm_strong_conf_0.85_margin_0.40,True,llm_final,"{""deterministic_margin_min"": 1.0, ""llm_confidence_min"": 0.9, ""min_requests"": 1, ""mlp_confidence_min"": 0.85, ""mlp_margin_min"": 0.4}",3,24,5.791666666666667,3.5,6.791666666666667,0.041666666666666664,0.9583333333333334,1.708333333333333,21,0.875,0.875,0.9166666666666666,0.8133333333333332
conservative_hybrid_stop,hybrid_agree_or_llm_strong_conf_0.85_margin_0.40,True,mlp_final,"{""deterministic_margin_min"": 1.0, ""llm_confidence_min"": 0.9, ""min_requests"": 1, ""mlp_confidence_min"": 0.85, ""mlp_margin_min"": 0.4}",3,24,5.791666666666667,3.5,6.791666666666667,0.041666666666666664,0.9583333333333334,1.708333333333333,20,0.8333333333333334,0.9166666666666666,0.9166666666666666,0.7435897435897435
conservative_hybrid_stop,hybrid_agree_or_llm_strong_conf_0.85_margin_0.40,True,conservative_hybrid_final,"{""deterministic_margin_min"": 1.0, ""llm_confidence_min"": 0.9, ""min_requests"": 1, ""mlp_confidence_min"": 0.85, ""mlp_margin_min"": 0.4}",3,24,5.791666666666667,3.5,6.791666666666667,0.041666666666666664,0.9583333333333334,1.708333333333333,21,0.875,0.875,0.9166666666666666,0.8133333333333332
conservative_hybrid_stop,hybrid_agree_or_llm_strong_conf_0.85_margin_0.40,True,agreement_hybrid_final,"{""deterministic_margin_min"": 1.0, ""llm_confidence_min"": 0.9, ""min_requests"": 1, ""mlp_confidence_min"": 0.85, ""mlp_margin_min"": 0.4}",3,24,5.791666666666667,3.5,6.791666666666667,0.041666666666666664,0.9583333333333334,1.708333333333333,21,0.875,0.875,0.9166666666666666,0.8133333333333332
conservative_hybrid_stop,hybrid_agree_or_llm_strong_conf_0.85_margin_0.60,True,llm_final,"{""deterministic_margin_min"": 1.0, ""llm_confidence_min"": 0.9, ""min_requests"": 1, ""mlp_confidence_min"": 0.85, ""mlp_margin_min"": 0.6}",3,24,5.791666666666667,3.5,6.791666666666667,0.041666666666666664,0.9583333333333334,1.708333333333333,21,0.875,0.875,0.9166666666666666,0.8133333333333332
conservative_hybrid_stop,hybrid_agree_or_llm_strong_conf_0.85_margin_0.60,True,mlp_final,"{""deterministic_margin_min"": 1.0, ""llm_confidence_min"": 0.9, ""min_requests"": 1, ""mlp_confidence_min"": 0.85, ""mlp_margin_min"": 0.6}",3,24,5.791666666666667,3.5,6.791666666666667,0.041666666666666664,0.9583333333333334,1.708333333333333,20,0.8333333333333334,0.9166666666666666,0.9166666666666666,0.7435897435897435
conservative_hybrid_stop,hybrid_agree_or_llm_strong_conf_0.85_margin_0.60,True,conservative_hybrid_final,"{""deterministic_margin_min"": 1.0, ""llm_confidence_min"": 0.9, ""min_requests"": 1, ""mlp_confidence_min"": 0.85, ""mlp_margin_min"": 0.6}",3,24,5.791666666666667,3.5,6.791666666666667,0.041666666666666664,0.9583333333333334,1.708333333333333,21,0.875,0.875,0.9166666666666666,0.8133333333333332
conservative_hybrid_stop,hybrid_agree_or_llm_strong_conf_0.85_margin_0.60,True,agreement_hybrid_final,"{""deterministic_margin_min"": 1.0, ""llm_confidence_min"": 0.9, ""min_requests"": 1, ""mlp_confidence_min"": 0.85, ""mlp_margin_min"": 0.6}",3,24,5.791666666666667,3.5,6.791666666666667,0.041666666666666664,0.9583333333333334,1.708333333333333,21,0.875,0.875,0.9166666666666666,0.8133333333333332
conservative_hybrid_stop,hybrid_agree_or_llm_strong_conf_0.85_margin_0.80,True,llm_final,"{""deterministic_margin_min"": 1.0, ""llm_confidence_min"": 0.9, ""min_requests"": 1, ""mlp_confidence_min"": 0.85, ""mlp_margin_min"": 0.8}",3,24,6.041666666666667,3.5,7.041666666666667,0.041666666666666664,0.9583333333333334,1.458333333333333,21,0.875,0.875,0.9166666666666666,0.8133333333333332
conservative_hybrid_stop,hybrid_agree_or_llm_strong_conf_0.85_margin_0.80,True,mlp_final,"{""deterministic_margin_min"": 1.0, ""llm_confidence_min"": 0.9, ""min_requests"": 1, ""mlp_confidence_min"": 0.85, ""mlp_margin_min"": 0.8}",3,24,6.041666666666667,3.5,7.041666666666667,0.041666666666666664,0.9583333333333334,1.458333333333333,20,0.8333333333333334,0.9166666666666666,0.9166666666666666,0.7435897435897435
conservative_hybrid_stop,hybrid_agree_or_llm_strong_conf_0.85_margin_0.80,True,conservative_hybrid_final,"{""deterministic_margin_min"": 1.0, ""llm_confidence_min"": 0.9, ""min_requests"": 1, ""mlp_confidence_min"": 0.85, ""mlp_margin_min"": 0.8}",3,24,6.041666666666667,3.5,7.041666666666667,0.041666666666666664,0.9583333333333334,1.458333333333333,21,0.875,0.875,0.9166666666666666,0.8133333333333332
conservative_hybrid_stop,hybrid_agree_or_llm_strong_conf_0.85_margin_0.80,True,agreement_hybrid_final,"{""deterministic_margin_min"": 1.0, ""llm_confidence_min"": 0.9, ""min_requests"": 1, ""mlp_confidence_min"": 0.85, ""mlp_margin_min"": 0.8}",3,24,6.041666666666667,3.5,7.041666666666667,0.041666666666666664,0.9583333333333334,1.458333333333333,21,0.875,0.875,0.9166666666666666,0.8133333333333332
conservative_hybrid_stop,hybrid_agree_or_llm_strong_conf_0.90_margin_0.40,True,llm_final,"{""deterministic_margin_min"": 1.0, ""llm_confidence_min"": 0.9, ""min_requests"": 1, ""mlp_confidence_min"": 0.9, ""mlp_margin_min"": 0.4}",3,24,6.625,4.0,7.625,0.041666666666666664,0.9583333333333334,0.875,21,0.875,0.875,0.9166666666666666,0.8133333333333332
conservative_hybrid_stop,hybrid_agree_or_llm_strong_conf_0.90_margin_0.40,True,mlp_final,"{""deterministic_margin_min"": 1.0, ""llm_confidence_min"": 0.9, ""min_requests"": 1, ""mlp_confidence_min"": 0.9, ""mlp_margin_min"": 0.4}",3,24,6.625,4.0,7.625,0.041666666666666664,0.9583333333333334,0.875,20,0.8333333333333334,0.9583333333333334,0.9583333333333334,0.7435897435897435
conservative_hybrid_stop,hybrid_agree_or_llm_strong_conf_0.90_margin_0.40,True,conservative_hybrid_final,"{""deterministic_margin_min"": 1.0, ""llm_confidence_min"": 0.9, ""min_requests"": 1, ""mlp_confidence_min"": 0.9, ""mlp_margin_min"": 0.4}",3,24,6.625,4.0,7.625,0.041666666666666664,0.9583333333333334,0.875,21,0.875,0.875,0.9166666666666666,0.8133333333333332
conservative_hybrid_stop,hybrid_agree_or_llm_strong_conf_0.90_margin_0.40,True,agreement_hybrid_final,"{""deterministic_margin_min"": 1.0, ""llm_confidence_min"": 0.9, ""min_requests"": 1, ""mlp_confidence_min"": 0.9, ""mlp_margin_min"": 0.4}",3,24,6.625,4.0,7.625,0.041666666666666664,0.9583333333333334,0.875,21,0.875,0.875,0.9166666666666666,0.8133333333333332
conservative_hybrid_stop,hybrid_agree_or_llm_strong_conf_0.90_margin_0.60,True,llm_final,"{""deterministic_margin_min"": 1.0, ""llm_confidence_min"": 0.9, ""min_requests"": 1, ""mlp_confidence_min"": 0.9, ""mlp_margin_min"": 0.6}",3,24,6.625,4.0,7.625,0.041666666666666664,0.9583333333333334,0.875,21,0.875,0.875,0.9166666666666666,0.8133333333333332
conservative_hybrid_stop,hybrid_agree_or_llm_strong_conf_0.90_margin_0.60,True,mlp_final,"{""deterministic_margin_min"": 1.0, ""llm_confidence_min"": 0.9, ""min_requests"": 1, ""mlp_confidence_min"": 0.9, ""mlp_margin_min"": 0.6}",3,24,6.625,4.0,7.625,0.041666666666666664,0.9583333333333334,0.875,20,0.8333333333333334,0.9583333333333334,0.9583333333333334,0.7435897435897435
conservative_hybrid_stop,hybrid_agree_or_llm_strong_conf_0.90_margin_0.60,True,conservative_hybrid_final,"{""deterministic_margin_min"": 1.0, ""llm_confidence_min"": 0.9, ""min_requests"": 1, ""mlp_confidence_min"": 0.9, ""mlp_margin_min"": 0.6}",3,24,6.625,4.0,7.625,0.041666666666666664,0.9583333333333334,0.875,21,0.875,0.875,0.9166666666666666,0.8133333333333332
conservative_hybrid_stop,hybrid_agree_or_llm_strong_conf_0.90_margin_0.60,True,agreement_hybrid_final,"{""deterministic_margin_min"": 1.0, ""llm_confidence_min"": 0.9, ""min_requests"": 1, ""mlp_confidence_min"": 0.9, ""mlp_margin_min"": 0.6}",3,24,6.625,4.0,7.625,0.041666666666666664,0.9583333333333334,0.875,21,0.875,0.875,0.9166666666666666,0.8133333333333332
conservative_hybrid_stop,hybrid_agree_or_llm_strong_conf_0.90_margin_0.80,True,llm_final,"{""deterministic_margin_min"": 1.0, ""llm_confidence_min"": 0.9, ""min_requests"": 1, ""mlp_confidence_min"": 0.9, ""mlp_margin_min"": 0.8}",3,24,6.625,4.0,7.625,0.041666666666666664,0.9583333333333334,0.875,21,0.875,0.875,0.9166666666666666,0.8133333333333332
conservative_hybrid_stop,hybrid_agree_or_llm_strong_conf_0.90_margin_0.80,True,mlp_final,"{""deterministic_margin_min"": 1.0, ""llm_confidence_min"": 0.9, ""min_requests"": 1, ""mlp_confidence_min"": 0.9, ""mlp_margin_min"": 0.8}",3,24,6.625,4.0,7.625,0.041666666666666664,0.9583333333333334,0.875,20,0.8333333333333334,0.9583333333333334,0.9583333333333334,0.7435897435897435
conservative_hybrid_stop,hybrid_agree_or_llm_strong_conf_0.90_margin_0.80,True,conservative_hybrid_final,"{""deterministic_margin_min"": 1.0, ""llm_confidence_min"": 0.9, ""min_requests"": 1, ""mlp_confidence_min"": 0.9, ""mlp_margin_min"": 0.8}",3,24,6.625,4.0,7.625,0.041666666666666664,0.9583333333333334,0.875,21,0.875,0.875,0.9166666666666666,0.8133333333333332
conservative_hybrid_stop,hybrid_agree_or_llm_strong_conf_0.90_margin_0.80,True,agreement_hybrid_final,"{""deterministic_margin_min"": 1.0, ""llm_confidence_min"": 0.9, ""min_requests"": 1, ""mlp_confidence_min"": 0.9, ""mlp_margin_min"": 0.8}",3,24,6.625,4.0,7.625,0.041666666666666664,0.9583333333333334,0.875,21,0.875,0.875,0.9166666666666666,0.8133333333333332
conservative_hybrid_stop,hybrid_agree_or_llm_strong_conf_0.95_margin_0.40,True,llm_final,"{""deterministic_margin_min"": 1.0, ""llm_confidence_min"": 0.9, ""min_requests"": 1, ""mlp_confidence_min"": 0.95, ""mlp_margin_min"": 0.4}",3,24,7.0,4.0,8.0,0.041666666666666664,0.9583333333333334,0.5,22,0.9166666666666666,0.9166666666666666,0.9166666666666666,0.8666666666666666
conservative_hybrid_stop,hybrid_agree_or_llm_strong_conf_0.95_margin_0.40,True,mlp_final,"{""deterministic_margin_min"": 1.0, ""llm_confidence_min"": 0.9, ""min_requests"": 1, ""mlp_confidence_min"": 0.95, ""mlp_margin_min"": 0.4}",3,24,7.0,4.0,8.0,0.041666666666666664,0.9583333333333334,0.5,21,0.875,0.9583333333333334,0.9583333333333334,0.7948717948717948
conservative_hybrid_stop,hybrid_agree_or_llm_strong_conf_0.95_margin_0.40,True,conservative_hybrid_final,"{""deterministic_margin_min"": 1.0, ""llm_confidence_min"": 0.9, ""min_requests"": 1, ""mlp_confidence_min"": 0.95, ""mlp_margin_min"": 0.4}",3,24,7.0,4.0,8.0,0.041666666666666664,0.9583333333333334,0.5,22,0.9166666666666666,0.9166666666666666,0.9166666666666666,0.8666666666666666
conservative_hybrid_stop,hybrid_agree_or_llm_strong_conf_0.95_margin_0.40,True,agreement_hybrid_final,"{""deterministic_margin_min"": 1.0, ""llm_confidence_min"": 0.9, ""min_requests"": 1, ""mlp_confidence_min"": 0.95, ""mlp_margin_min"": 0.4}",3,24,7.0,4.0,8.0,0.041666666666666664,0.9583333333333334,0.5,22,0.9166666666666666,0.9166666666666666,0.9166666666666666,0.8666666666666666
conservative_hybrid_stop,hybrid_agree_or_llm_strong_conf_0.95_margin_0.60,True,llm_final,"{""deterministic_margin_min"": 1.0, ""llm_confidence_min"": 0.9, ""min_requests"": 1, ""mlp_confidence_min"": 0.95, ""mlp_margin_min"": 0.6}",3,24,7.0,4.0,8.0,0.041666666666666664,0.9583333333333334,0.5,22,0.9166666666666666,0.9166666666666666,0.9166666666666666,0.8666666666666666
conservative_hybrid_stop,hybrid_agree_or_llm_strong_conf_0.95_margin_0.60,True,mlp_final,"{""deterministic_margin_min"": 1.0, ""llm_confidence_min"": 0.9, ""min_requests"": 1, ""mlp_confidence_min"": 0.95, ""mlp_margin_min"": 0.6}",3,24,7.0,4.0,8.0,0.041666666666666664,0.9583333333333334,0.5,21,0.875,0.9583333333333334,0.9583333333333334,0.7948717948717948
conservative_hybrid_stop,hybrid_agree_or_llm_strong_conf_0.95_margin_0.60,True,conservative_hybrid_final,"{""deterministic_margin_min"": 1.0, ""llm_confidence_min"": 0.9, ""min_requests"": 1, ""mlp_confidence_min"": 0.95, ""mlp_margin_min"": 0.6}",3,24,7.0,4.0,8.0,0.041666666666666664,0.9583333333333334,0.5,22,0.9166666666666666,0.9166666666666666,0.9166666666666666,0.8666666666666666
conservative_hybrid_stop,hybrid_agree_or_llm_strong_conf_0.95_margin_0.60,True,agreement_hybrid_final,"{""deterministic_margin_min"": 1.0, ""llm_confidence_min"": 0.9, ""min_requests"": 1, ""mlp_confidence_min"": 0.95, ""mlp_margin_min"": 0.6}",3,24,7.0,4.0,8.0,0.041666666666666664,0.9583333333333334,0.5,22,0.9166666666666666,0.9166666666666666,0.9166666666666666,0.8666666666666666
conservative_hybrid_stop,hybrid_agree_or_llm_strong_conf_0.95_margin_0.80,True,llm_final,"{""deterministic_margin_min"": 1.0, ""llm_confidence_min"": 0.9, ""min_requests"": 1, ""mlp_confidence_min"": 0.95, ""mlp_margin_min"": 0.8}",3,24,7.0,4.0,8.0,0.041666666666666664,0.9583333333333334,0.5,22,0.9166666666666666,0.9166666666666666,0.9166666666666666,0.8666666666666666
conservative_hybrid_stop,hybrid_agree_or_llm_strong_conf_0.95_margin_0.80,True,mlp_final,"{""deterministic_margin_min"": 1.0, ""llm_confidence_min"": 0.9, ""min_requests"": 1, ""mlp_confidence_min"": 0.95, ""mlp_margin_min"": 0.8}",3,24,7.0,4.0,8.0,0.041666666666666664,0.9583333333333334,0.5,21,0.875,0.9583333333333334,0.9583333333333334,0.7948717948717948
conservative_hybrid_stop,hybrid_agree_or_llm_strong_conf_0.95_margin_0.80,True,conservative_hybrid_final,"{""deterministic_margin_min"": 1.0, ""llm_confidence_min"": 0.9, ""min_requests"": 1, ""mlp_confidence_min"": 0.95, ""mlp_margin_min"": 0.8}",3,24,7.0,4.0,8.0,0.041666666666666664,0.9583333333333334,0.5,22,0.9166666666666666,0.9166666666666666,0.9166666666666666,0.8666666666666666
conservative_hybrid_stop,hybrid_agree_or_llm_strong_conf_0.95_margin_0.80,True,agreement_hybrid_final,"{""deterministic_margin_min"": 1.0, ""llm_confidence_min"": 0.9, ""min_requests"": 1, ""mlp_confidence_min"": 0.95, ""mlp_margin_min"": 0.8}",3,24,7.0,4.0,8.0,0.041666666666666664,0.9583333333333334,0.5,22,0.9166666666666666,0.9166666666666666,0.9166666666666666,0.8666666666666666
