{
  "sequential_metrics": {
    "accuracy": 0.875,
    "top3_accuracy": 0.875,
    "top5_accuracy": 0.9166666666666666,
    "macro_f1": 0.7948717948717948,
    "mean_requests": 10.666666666666666,
    "utility": -1.4716666666666667,
    "stop_before_cap_rate": 0.9166666666666666,
    "mean_api_calls": 11.583333333333334,
    "total_input_tokens": 585943,
    "total_output_tokens": 32414,
    "total_estimated_cost": null,
    "mean_deterministic_margin": 3.5614074836401337,
    "mean_marginal_value_final": 0.14937953781627591,
    "mean_utility_continue_final": -0.07062046218372399,
    "drift_override_rate": 0.0,
    "cost_forced_stop_rate": 0.0,
    "cost_forced_request_rate": 0.0,
    "turn_distribution": {
      "3": 1,
      "4": 1,
      "6": 7,
      "7": 3,
      "8": 2,
      "9": 2,
      "10": 2,
      "16": 1,
      "22": 1,
      "23": 2,
      "24": 2
    },
    "run_name": "single_agent_cost_sensitive_live_test_1perclass_cap24_5lambdas_lambda_cost_24case_wide_sweep_v1",
    "evidence_cost_lambda": 0.22,
    "max_request_cap": 24,
    "num_cases": 24,
    "runtime_seconds": 0.0076978206634521484
  },
  "one_shot_metrics_same_cases": {
    "accuracy": 0.3333333333333333,
    "top3_accuracy": 0.5416666666666666,
    "top5_accuracy": 0.625,
    "macro_f1": 0.25
  },
  "win_loss": {
    "both_correct": 7,
    "sequential_only_correct": 14,
    "one_shot_only_correct": 1,
    "both_wrong": 2
  }
}