case_id,turn_index,root_evidence_id,question_en,was_requested,source_tag_text,source_tags,score,notebook13_score_norm,graph_information_gain_norm,disease_specific_support_norm,disease_specific_support_log_odds,support_pathology,support_active_weight,rare_support_candidate,safety_recovery_candidate,base_rank,graph_rank,advisory_rank,information_gain,split_balance
test:34242,1,E_83,Have you noticed weakness in your facial muscles and/or eyes?,True,graph_ig+rare_support+v13_base,"[""graph_ig"", ""rare_support"", ""v13_base""]",0.9722,0.9622,0.699,1.0,13.4048,Guillain-Barré syndrome,0.6376,True,False,3.0,7,1,0.406,0.8443
test:34242,1,E_93,"Do you have numbness, loss of sensation or tingling in the feet?",False,graph_ig+rare_support+v13_base,"[""graph_ig"", ""rare_support"", ""v13_base""]",0.9392,0.9469,0.6207,1.0,13.3249,Guillain-Barré syndrome,0.6376,True,False,4.0,9,2,0.3605,0.7795
test:34242,1,E_156,"Have you had weakness or paralysis on one side of the face, which may still be present or completely resolved?",False,graph_ig+rare_support+v13_base,"[""graph_ig"", ""rare_support"", ""v13_base""]",0.9091,0.9272,0.5582,1.0,13.2501,Guillain-Barré syndrome,0.6376,True,False,5.0,12,3,0.3242,0.7233
test:34242,1,E_63,Do you have difficulty articulating words/speaking?,False,graph_ig+rare_support+v13_base,"[""graph_ig"", ""rare_support"", ""v13_base""]",0.8917,0.8805,0.9669,1.0,13.5284,Myasthenia gravis,0.36,True,False,6.0,3,4,0.5616,0.5371
test:34242,1,E_52,Do you have the perception of seeing two images of a single object seen overlapping or adjacent to each other (double vision)?,False,graph_ig+rare_support+v13_base,"[""graph_ig"", ""rare_support"", ""v13_base""]",0.887,0.8681,0.9702,1.0,13.5307,Myasthenia gravis,0.36,True,False,7.0,2,5,0.5635,0.5383
test:34242,1,E_28,Are there any members of your family who have been diagnosed myasthenia gravis?,False,graph_ig+rare_support+v13_base,"[""graph_ig"", ""rare_support"", ""v13_base""]",0.8793,0.7848,0.7972,1.0,13.392,Myasthenia gravis,0.36,True,False,11.0,8,6,0.463,0.4686
test:34242,1,E_157,"Have you recently had numbness, loss of sensation or tingling, in both arms and legs and around your mouth?",False,graph_ig+v13_base,"[""graph_ig"", ""v13_base""]",0.7807,1.0,0.7503,0.2725,3.5425,Guillain-Barré syndrome,0.6376,False,False,1.0,5,7,0.4358,0.8865
test:34242,1,E_0,Have you recently had a viral infection?,False,graph_ig+v13_base,"[""graph_ig"", ""v13_base""]",0.7685,0.9828,0.7478,0.2556,3.3227,Guillain-Barré syndrome,0.6376,False,False,2.0,6,8,0.4343,0.8818
test:34242,1,E_65,"Do you have difficulty swallowing, or have a feeling of discomfort/blockage when swallowing?",False,graph_ig+v13_base,"[""graph_ig"", ""v13_base""]",0.7506,0.8496,1.0,0.3166,4.1152,Myasthenia gravis,0.36,False,False,9.0,1,9,0.5808,0.5501
test:34242,1,E_172,Do you have a hard time opening/raising one or both eyelids?,False,graph_ig+v13_base,"[""graph_ig"", ""v13_base""]",0.7414,0.862,0.9613,0.2986,3.8824,Myasthenia gravis,0.36,False,False,8.0,4,10,0.5583,0.535
test:34242,1,E_38,Do you have pain or weakness in your jaw?,False,graph_ig+rare_support+v13_base,"[""graph_ig"", ""rare_support"", ""v13_base""]",0.7272,0.6121,0.8165,1.0,13.4095,Myasthenia gravis,0.36,True,False,13.0,10,11,0.4742,0.4769
test:34242,1,E_90,Do your symptoms of muscle weakness increase with fatigue and/or stress?,False,graph_ig+rare_support+v13_base,"[""graph_ig"", ""rare_support"", ""v13_base""]",0.6794,0.6743,0.5613,1.0,13.1193,Myasthenia gravis,0.36,True,False,12.0,13,12,0.326,0.3567
test:34242,2,E_93,"Do you have numbness, loss of sensation or tingling in the feet?",False,graph_ig+rare_support+v13_base,"[""graph_ig"", ""rare_support"", ""v13_base""]",0.9001,0.949,0.3984,1.0,13.3249,Guillain-Barré syndrome,0.8719,True,False,3.0,2,1,0.196,0.9343
test:34242,2,E_156,"Have you had weakness or paralysis on one side of the face, which may still be present or completely resolved?",False,graph_ig+rare_support+v13_base,"[""graph_ig"", ""rare_support"", ""v13_base""]",0.8862,0.9301,0.3553,1.0,13.2501,Guillain-Barré syndrome,0.8719,True,False,4.0,3,2,0.1748,0.989
test:34242,2,E_63,Do you have difficulty articulating words/speaking?,False,graph_ig+rare_support+safety_recovery+v13_base,"[""graph_ig"", ""rare_support"", ""safety_recovery"", ""v13_base""]",0.8024,0.8767,0.4815,1.0,13.5284,Myasthenia gravis,0.0502,True,True,5.0,10,3,0.2369,0.0749
test:34242,2,E_28,Are there any members of your family who have been diagnosed myasthenia gravis?,False,graph_ig+rare_support+safety_recovery+v13_base,"[""graph_ig"", ""rare_support"", ""safety_recovery"", ""v13_base""]",0.7404,0.7817,0.4085,1.0,13.392,Myasthenia gravis,0.0502,True,True,10.0,13,4,0.201,0.0654
test:34242,2,E_52,Do you have the perception of seeing two images of a single object seen overlapping or adjacent to each other (double vision)?,False,graph_ig+rare_support+safety_recovery+v13_base,"[""graph_ig"", ""rare_support"", ""safety_recovery"", ""v13_base""]",0.7171,0.8642,0.4829,1.0,13.5307,Myasthenia gravis,0.0502,True,True,6.0,9,5,0.2376,0.0751
test:34242,2,E_0,Have you recently had a viral infection?,False,graph_ig+v13_base,"[""graph_ig"", ""v13_base""]",0.6954,0.9834,0.4892,0.2556,3.3227,Guillain-Barré syndrome,0.8719,False,False,2.0,1,6,0.2407,0.7943
test:34242,2,E_157,"Have you recently had numbness, loss of sensation or tingling, in both arms and legs and around your mouth?",False,graph_ig+v13_base,"[""graph_ig"", ""v13_base""]",0.6743,1.0,0.3843,0.2725,3.5425,Guillain-Barré syndrome,0.8719,False,False,1.0,5,7,0.1891,0.7372
test:34242,2,E_65,"Do you have difficulty swallowing, or have a feeling of discomfort/blockage when swallowing?",False,graph_ig+v13_base,"[""graph_ig"", ""v13_base""]",0.6158,0.846,0.6421,0.3166,4.1152,Myasthenia gravis,0.0502,False,False,8.0,4,8,0.3159,0.1129
test:34242,2,E_177,"Do you currently, or did you ever, have numbness, loss of sensitivity or tingling anywhere on your body?",False,graph_ig+v13_base,"[""graph_ig"", ""v13_base""]",0.5963,0.8305,0.2776,0.2874,3.7363,Guillain-Barré syndrome,0.8719,False,False,9.0,7,9,0.1366,0.9565
test:34242,2,E_38,Do you have pain or weakness in your jaw?,False,graph_ig+rare_support+safety_recovery+v13_base,"[""graph_ig"", ""rare_support"", ""safety_recovery"", ""v13_base""]",0.5853,0.6097,0.4171,1.0,13.4095,Myasthenia gravis,0.0502,True,True,12.0,18,10,0.2052,0.0665
test:34242,2,E_90,Do your symptoms of muscle weakness increase with fatigue and/or stress?,False,rare_support+safety_recovery+v13_base,"[""rare_support"", ""safety_recovery"", ""v13_base""]",0.5822,0.6722,0.299,1.0,13.1193,Myasthenia gravis,0.0502,True,True,11.0,11,11,0.1471,0.0498
test:34242,2,E_172,Do you have a hard time opening/raising one or both eyelids?,False,graph_ig+v13_base,"[""graph_ig"", ""v13_base""]",0.5732,0.8583,0.4791,0.2986,3.8824,Myasthenia gravis,0.0502,False,False,7.0,11,12,0.2357,0.0746
test:95923,1,E_142,Does your mother suffer from asthma?,True,rare_support+safety_recovery+v13_base,"[""rare_support"", ""safety_recovery"", ""v13_base""]",0.713,0.9256,0.3052,1.0,13.2646,Bronchiolitis,0.1793,True,True,3.0,1,1,0.1023,0.2019
test:95923,1,E_23,Do you ever temporarily stop breathing while you’re asleep?,False,rare_support+safety_recovery+v13_base,"[""rare_support"", ""safety_recovery"", ""v13_base""]",0.7008,0.7258,0.2977,1.0,13.2441,Bronchiolitis,0.1793,True,True,5.0,2,2,0.0998,0.1978
test:95923,1,E_181,Do you have nasal congestion or a clear runny nose?,False,graph_ig+v13_base,"[""graph_ig"", ""v13_base""]",0.6844,1.0,0.6951,0.1245,1.6183,Bronchiolitis,0.1793,False,False,1.0,5,3,0.233,0.3573
test:95923,1,E_91,Do you have a fever (either felt or measured with a thermometer)?,False,graph_ig+v13_base,"[""graph_ig"", ""v13_base""]",0.6786,0.9974,0.682,0.1189,1.5462,Bronchiolitis,0.1793,False,False,2.0,6,4,0.2286,0.3546
test:95923,1,E_46,Have you had 2 or more asthma attacks in the past year?,False,graph_ig+rare_support+v13_base,"[""graph_ig"", ""rare_support"", ""v13_base""]",0.6715,0.5321,0.4827,1.0,13.5654,Bronchospasm / acute asthma exacerbation,0.2017,True,False,13.0,8,5,0.1618,0.3141
test:95923,1,E_119,Have you been diagnosed with chronic sinusitis?,False,graph_ig+rare_support+v13_base,"[""graph_ig"", ""rare_support"", ""v13_base""]",0.6588,0.5238,0.4523,1.0,13.519,Bronchospasm / acute asthma exacerbation,0.2017,True,False,15.0,10,6,0.1516,0.2999
test:95923,1,E_101,Have you been hospitalized for an asthma attack in the past year?,False,graph_ig+rare_support+v13_base,"[""graph_ig"", ""rare_support"", ""v13_base""]",0.6484,0.5131,0.4338,1.0,13.4884,Bronchospasm / acute asthma exacerbation,0.2017,True,False,16.0,11,7,0.1454,0.2909
test:95923,1,E_183,Do you live in a rural area?,False,rare_support+safety_recovery+v13_base,"[""rare_support"", ""safety_recovery"", ""v13_base""]",0.6238,0.7258,0.3076,1.0,13.2713,Bronchiolitis,0.1793,True,True,6.0,8,8,0.1031,0.2032
test:95923,1,E_195,Do you live in the suburbs?,False,rare_support+safety_recovery+v13_base,"[""rare_support"", ""safety_recovery"", ""v13_base""]",0.6208,0.7258,0.2977,1.0,13.2441,Bronchiolitis,0.1793,True,True,7.0,9,9,0.0998,0.1978
test:95923,1,E_214,Have you noticed a wheezing sound when you exhale?,False,graph_ig+v13_base,"[""graph_ig"", ""v13_base""]",0.569,0.6815,0.6387,0.2097,2.7263,Bronchospasm / acute asthma exacerbation,0.2017,False,False,9.0,2,10,0.2141,0.6065
test:95923,1,E_124,Do you have asthma or have you ever had to use a bronchodilator in the past?,False,graph_ig+v13_base,"[""graph_ig"", ""v13_base""]",0.5527,0.6443,0.6999,0.1621,2.1073,Bronchospasm / acute asthma exacerbation,0.2017,False,False,10.0,1,11,0.2346,0.5537
test:95923,1,E_209,Are your vaccinations up to date?,False,v13_base,"[""v13_base""]",0.5268,0.9191,0.2521,0.1651,2.1457,Bronchiolitis,0.1793,False,False,4.0,12,12,0.0845,0.1719
test:95923,2,E_46,Have you had 2 or more asthma attacks in the past year?,True,graph_ig+rare_support+v13_base,"[""graph_ig"", ""rare_support"", ""v13_base""]",0.8181,0.8176,0.5312,1.0,13.5654,Bronchospasm / acute asthma exacerbation,0.2398,True,False,7.0,8,1,0.1693,0.3731
test:95923,2,E_119,Have you been diagnosed with chronic sinusitis?,False,graph_ig+rare_support+v13_base,"[""graph_ig"", ""rare_support"", ""v13_base""]",0.8019,0.8043,0.4973,1.0,13.519,Bronchospasm / acute asthma exacerbation,0.2398,True,False,8.0,10,2,0.1585,0.3562
test:95923,2,E_101,Have you been hospitalized for an asthma attack in the past year?,False,graph_ig+rare_support+v13_base,"[""graph_ig"", ""rare_support"", ""v13_base""]",0.788,0.7873,0.4766,1.0,13.4884,Bronchospasm / acute asthma exacerbation,0.2398,True,False,10.0,11,3,0.1519,0.3456
test:95923,2,E_124,Do you have asthma or have you ever had to use a bronchodilator in the past?,False,graph_ig+v13_base,"[""graph_ig"", ""v13_base""]",0.7333,1.0,0.7603,0.1621,2.1073,Bronchospasm / acute asthma exacerbation,0.2398,False,False,1.0,1,4,0.2423,0.6077
test:95923,2,E_214,Have you noticed a wheezing sound when you exhale?,False,graph_ig+v13_base,"[""graph_ig"", ""v13_base""]",0.6808,0.9013,0.6658,0.2097,2.7263,Bronchospasm / acute asthma exacerbation,0.2398,False,False,2.0,2,5,0.2122,0.6685
test:95923,2,E_116,Have you had a cold in the last 2 weeks?,False,graph_ig+v13_base,"[""graph_ig"", ""v13_base""]",0.5852,0.8187,0.5378,0.2235,2.905,Bronchospasm / acute asthma exacerbation,0.2398,False,False,6.0,7,6,0.1714,0.3762
test:95923,2,E_224,Do you have family members who have had lung cancer?,False,rare_support+safety_recovery+v13_base,"[""rare_support"", ""safety_recovery"", ""v13_base""]",0.5725,0.7507,0.1214,1.0,13.4103,Pulmonary neoplasm,0.0319,True,True,12.0,7,7,0.0387,0.0436
test:95923,2,E_226,Are you more likely to develop common allergies than the general population?,False,graph_ig+v13_base,"[""graph_ig"", ""v13_base""]",0.5487,0.7839,0.4926,0.1869,2.4295,Bronchospasm / acute asthma exacerbation,0.2398,False,False,11.0,9,8,0.157,0.3539
test:95923,2,E_201,Do you have a cough?,False,graph_ig+v13_base,"[""graph_ig"", ""v13_base""]",0.5211,0.6746,0.4998,0.0722,0.9384,Bronchospasm / acute asthma exacerbation,0.2398,False,False,14.0,3,9,0.1593,0.7819
test:95923,2,E_45,Have you been coughing up blood?,False,v13_base,"[""v13_base""]",0.5158,0.8354,0.3401,0.1759,2.2867,Pulmonary neoplasm,0.0319,False,False,4.0,10,10,0.1084,0.1969
test:95923,2,E_222,Are you exposed to secondhand cigarette smoke on a daily basis?,False,graph_ig+v13_base,"[""graph_ig"", ""v13_base""]",0.5137,0.742,0.4324,0.1835,2.3861,Bronchospasm / acute asthma exacerbation,0.2398,False,False,13.0,12,11,0.1378,0.3502
test:95923,2,E_191,Are you a former smoker?,False,v13_base,"[""v13_base""]",0.4792,0.8255,0.1534,0.3205,4.166,Pulmonary neoplasm,0.0319,False,False,5.0,12,12,0.0489,0.0525
test:95923,3,E_201,Do you have a cough?,True,graph_ig+v13_base,"[""graph_ig"", ""v13_base""]",0.6226,0.8389,0.526,0.0722,0.9384,Bronchospasm / acute asthma exacerbation,0.2794,False,False,6.0,2,1,0.156,0.9918
test:95923,3,E_5,Have you ever had fluid in your lungs?,False,rare_support+safety_recovery+v13_base,"[""rare_support"", ""safety_recovery"", ""v13_base""]",0.6081,0.799,0.1733,1.0,13.631,Acute pulmonary edema,0.0316,True,True,9.0,2,2,0.0514,0.0523
test:95923,3,E_8,Do you currently undergo dialysis?,False,rare_support+safety_recovery+v13_base,"[""rare_support"", ""safety_recovery"", ""v13_base""]",0.5867,0.7637,0.1531,1.0,13.5311,Acute pulmonary edema,0.0316,True,True,13.0,3,3,0.0454,0.0473
test:95923,3,E_67,Do you have bouts of choking or shortness of breath that wake you up at night?,False,rare_support+safety_recovery+v13_base,"[""rare_support"", ""safety_recovery"", ""v13_base""]",0.5849,0.7608,0.1514,1.0,13.5218,Acute pulmonary edema,0.0316,True,True,14.0,4,4,0.0449,0.0469
test:95923,3,E_79,Do you smoke cigarettes?,False,graph_ig+v13_base,"[""graph_ig"", ""v13_base""]",0.5838,1.0,0.3891,0.0954,1.2399,Pulmonary neoplasm,0.0318,False,False,1.0,18,5,0.1154,0.1745
test:95923,3,E_217,Are your symptoms worse when lying down and alleviated while sitting up?,False,graph_ig+v13_base,"[""graph_ig"", ""v13_base""]",0.5752,0.8969,0.4164,0.2252,2.9273,Pericarditis,0.0965,False,False,4.0,17,6,0.1235,0.2247
test:95923,3,E_224,Do you have family members who have had lung cancer?,False,rare_support+safety_recovery+v13_base,"[""rare_support"", ""safety_recovery"", ""v13_base""]",0.562,0.7212,0.1328,1.0,13.4103,Pulmonary neoplasm,0.0318,True,True,16.0,7,7,0.0394,0.0421
test:95923,3,E_45,Have you been coughing up blood?,False,graph_ig+v13_base,"[""graph_ig"", ""v13_base""]",0.5511,0.8036,0.4683,0.1453,1.8891,Bronchiectasis,0.2688,False,False,8.0,12,8,0.1389,0.4335
test:95923,3,E_106,Do you have heart failure?,False,v13_base,"[""v13_base""]",0.5468,0.8811,0.3506,0.2413,3.1367,Acute pulmonary edema,0.0316,False,False,5.0,9,9,0.104,0.1442
test:95923,3,E_222,Are you exposed to secondhand cigarette smoke on a daily basis?,False,graph_ig+v13_base,"[""graph_ig"", ""v13_base""]",0.5449,0.7711,0.4855,0.1835,2.3861,Bronchospasm / acute asthma exacerbation,0.2794,False,False,12.0,13,10,0.144,0.3981
test:95923,3,E_218,Do you have symptoms that are increased with physical exertion but alleviated with rest?,False,v13_base,"[""v13_base""]",0.5237,0.9238,0.234,0.203,2.6392,Acute pulmonary edema,0.0316,False,False,3.0,11,11,0.0694,0.0886
test:95923,3,E_151,Do you have swelling in one or more areas of your body?,False,v13_base,"[""v13_base""]",0.5208,0.9302,0.2279,0.1947,2.5307,Acute pulmonary edema,0.0316,False,False,2.0,12,12,0.0676,0.0632
test:95923,4,E_5,Have you ever had fluid in your lungs?,True,rare_support+safety_recovery+v13_base,"[""rare_support"", ""safety_recovery"", ""v13_base""]",0.5802,0.7402,0.1676,1.0,13.631,Acute pulmonary edema,0.0312,True,True,3.0,1,1,0.0461,0.0517
test:95923,4,E_151,Do you have swelling in one or more areas of your body?,False,v13_base,"[""v13_base""]",0.5744,1.0,0.3022,0.1947,2.5307,Acute pulmonary edema,0.0312,False,False,1.0,2,2,0.0831,0.0996
test:95923,4,E_8,Do you currently undergo dialysis?,False,rare_support+safety_recovery+v13_base,"[""rare_support"", ""safety_recovery"", ""v13_base""]",0.5599,0.7072,0.148,1.0,13.5311,Acute pulmonary edema,0.0312,True,True,4.0,3,3,0.0407,0.0468
test:95923,4,E_67,Do you have bouts of choking or shortness of breath that wake you up at night?,False,rare_support+safety_recovery+v13_base,"[""rare_support"", ""safety_recovery"", ""v13_base""]",0.5583,0.7046,0.1465,1.0,13.5218,Acute pulmonary edema,0.0312,True,True,5.0,4,4,0.0403,0.0463
test:95923,4,E_106,Do you have heart failure?,False,v13_base,"[""v13_base""]",0.4989,0.8171,0.2884,0.2413,3.1367,Acute pulmonary edema,0.0312,False,False,2.0,5,5,0.0793,0.1089
test:95923,4,E_64,Do you feel out of breath with minimal physical effort?,False,rare_support+safety_recovery+v13_base,"[""rare_support"", ""safety_recovery"", ""v13_base""]",0.4942,0.5816,0.1149,1.0,13.3242,Myocarditis,0.0311,True,True,10.0,6,6,0.0316,0.0377
test:95923,4,E_0,Have you recently had a viral infection?,False,graph_ig+v13_base,"[""graph_ig"", ""v13_base""]",0.4841,0.6573,0.4422,0.2556,3.3227,Guillain-Barré syndrome,0.129,False,False,8.0,13,7,0.1216,0.2658
test:95923,4,E_63,Do you have difficulty articulating words/speaking?,False,rare_support+safety_recovery+v13_base,"[""rare_support"", ""safety_recovery"", ""v13_base""]",0.4732,0.426,0.28,1.0,13.5284,Myasthenia gravis,0.0767,True,True,16.0,8,8,0.077,0.1145
test:95923,4,E_52,Do you have the perception of seeing two images of a single object seen overlapping or adjacent to each other (double vision)?,False,rare_support+safety_recovery+v13_base,"[""rare_support"", ""safety_recovery"", ""v13_base""]",0.4711,0.4211,0.2807,1.0,13.5307,Myasthenia gravis,0.0767,True,True,18.0,9,9,0.0772,0.1147
test:95923,4,E_193,"Do you have annoying muscle spasms in your face, neck or any other part of your body?",False,graph_ig+rare_support,"[""graph_ig"", ""rare_support""]",0.4276,0.0,0.46,1.0,13.407,Acute dystonic reactions,0.245,True,False,,8,10,0.1265,0.3262
test:95923,4,E_168,Do you have trouble keeping your tongue in your mouth?,False,graph_ig+rare_support,"[""graph_ig"", ""rare_support""]",0.4264,0.0,0.456,1.0,13.4003,Acute dystonic reactions,0.245,True,False,,9,11,0.1254,0.3241
test:95923,4,E_192,Do you feel that muscle spasms or soreness in your neck are keeping you from turning your head to one side?,False,graph_ig+rare_support,"[""graph_ig"", ""rare_support""]",0.4262,0.0,0.4553,1.0,13.3991,Acute dystonic reactions,0.245,True,False,,10,12,0.1252,0.3237
test:95923,5,E_63,Do you have difficulty articulating words/speaking?,True,rare_support+safety_recovery+v13_base,"[""rare_support"", ""safety_recovery"", ""v13_base""]",0.7031,0.9795,0.217,1.0,13.5284,Myasthenia gravis,0.0542,True,True,3.0,1,1,0.0737,0.0809
test:95923,5,E_52,Do you have the perception of seeing two images of a single object seen overlapping or adjacent to each other (double vision)?,False,rare_support+safety_recovery+v13_base,"[""rare_support"", ""safety_recovery"", ""v13_base""]",0.6973,0.9661,0.2175,1.0,13.5307,Myasthenia gravis,0.0542,True,True,5.0,2,2,0.0739,0.0811
test:95923,5,E_0,Have you recently had a viral infection?,False,graph_ig+v13_base,"[""graph_ig"", ""v13_base""]",0.6638,0.9863,0.5125,0.2556,3.3227,Guillain-Barré syndrome,0.2081,False,False,2.0,10,3,0.1741,0.4069
test:95923,5,E_64,Do you feel out of breath with minimal physical effort?,False,rare_support+safety_recovery+v13_base,"[""rare_support"", ""safety_recovery"", ""v13_base""]",0.6586,0.8718,0.2249,1.0,13.3242,Myocarditis,0.0834,True,True,10.0,4,4,0.0764,0.1008
test:95923,5,E_172,Do you have a hard time opening/raising one or both eyelids?,False,graph_ig+v13_base,"[""graph_ig"", ""v13_base""]",0.6541,0.9567,0.4586,0.2893,3.7608,Acute dystonic reactions,0.3626,False,False,6.0,9,5,0.1558,0.5108
test:95923,5,E_28,Are there any members of your family who have been diagnosed myasthenia gravis?,False,rare_support+safety_recovery+v13_base,"[""rare_support"", ""safety_recovery"", ""v13_base""]",0.6478,0.8773,0.184,1.0,13.392,Myasthenia gravis,0.0542,True,True,9.0,6,6,0.0625,0.0706
test:95923,5,E_53,"Do you have pain somewhere, related to your reason for consulting?",False,graph_ig+v13_base,"[""graph_ig"", ""v13_base""]",0.6236,0.6637,1.0,0.0208,0.271,Panic attack,0.0964,False,False,17.0,1,7,0.3397,0.708
test:95923,5,E_84,Do you feel weakness in both arms and/or both legs?,False,graph_ig+v13_base,"[""graph_ig"", ""v13_base""]",0.6178,0.8568,0.5222,0.3187,4.1429,Guillain-Barré syndrome,0.2081,False,False,11.0,11,8,0.1774,0.3799
test:95923,5,E_155,"Do you feel your heart is beating fast (racing), irregularly (missing a beat) or do you feel palpitations?",False,v13_base,"[""v13_base""]",0.6012,0.9706,0.4045,0.1884,2.4488,Panic attack,0.0964,False,False,4.0,9,9,0.1374,0.2567
test:95923,5,E_90,Do your symptoms of muscle weakness increase with fatigue and/or stress?,False,rare_support+safety_recovery+v13_base,"[""rare_support"", ""safety_recovery"", ""v13_base""]",0.5808,0.7595,0.1345,1.0,13.1193,Myasthenia gravis,0.0542,True,True,14.0,10,10,0.0457,0.0537
test:95923,5,E_218,Do you have symptoms that are increased with physical exertion but alleviated with rest?,False,v13_base,"[""v13_base""]",0.5669,1.0,0.2705,0.1816,2.3608,Myocarditis,0.0834,False,False,1.0,11,11,0.0919,0.1294
test:95923,5,E_38,Do you have pain or weakness in your jaw?,False,rare_support+safety_recovery+v13_base,"[""rare_support"", ""safety_recovery"", ""v13_base""]",0.5621,0.6844,0.1878,1.0,13.4095,Myasthenia gravis,0.0542,True,True,15.0,12,12,0.0638,0.0718
test:95923,6,E_64,Do you feel out of breath with minimal physical effort?,True,rare_support+safety_recovery+v13_base,"[""rare_support"", ""safety_recovery"", ""v13_base""]",0.6393,0.7882,0.2801,1.0,13.3242,Myocarditis,0.1208,True,True,7.0,1,1,0.111,0.1459
test:95923,6,E_0,Have you recently had a viral infection?,False,graph_ig+v13_base,"[""graph_ig"", ""v13_base""]",0.622,0.8928,0.5122,0.2556,3.3227,Guillain-Barré syndrome,0.1719,False,False,5.0,9,2,0.203,0.4103
test:95923,6,E_196,Have you had surgery within the last month?,False,v13_base,"[""v13_base""]",0.607,1.0,0.2985,0.3314,4.3076,Pulmonary embolism,0.0213,False,False,1.0,3,3,0.1183,0.1608
test:95923,6,E_155,"Do you feel your heart is beating fast (racing), irregularly (missing a beat) or do you feel palpitations?",False,graph_ig+v13_base,"[""graph_ig"", ""v13_base""]",0.597,0.956,0.405,0.1884,2.4488,Panic attack,0.0837,False,False,2.0,16,4,0.1605,0.279
test:95923,6,E_34,Do you have an active cancer?,False,rare_support+safety_recovery+v13_base,"[""rare_support"", ""safety_recovery"", ""v13_base""]",0.5539,0.7265,0.0961,1.0,13.4207,Pulmonary embolism,0.0213,True,True,10.0,5,5,0.0381,0.0289
test:95923,6,E_218,Do you have symptoms that are increased with physical exertion but alleviated with rest?,False,v13_base,"[""v13_base""]",0.5405,0.9002,0.325,0.1816,2.3608,Myocarditis,0.1208,False,False,4.0,6,6,0.1288,0.1782
test:95923,6,E_110,Have you been unable to move or get up for more than 3 consecutive days within the last 4 weeks?,False,rare_support+safety_recovery+v13_base,"[""rare_support"", ""safety_recovery"", ""v13_base""]",0.5343,0.6896,0.0855,1.0,13.319,Pulmonary embolism,0.0213,True,True,13.0,7,7,0.0339,0.0261
test:95923,6,E_81,Do you suffer from chronic anxiety?,False,rare_support+safety_recovery+v13_base,"[""rare_support"", ""safety_recovery"", ""v13_base""]",0.5114,0.5015,0.2927,1.0,13.5299,Panic attack,0.0837,True,True,18.0,8,8,0.116,0.126
test:95923,6,E_175,"Have you noticed any new fatigue, generalized and vague discomfort, diffuse (widespread) muscle aches or a change in your general well-being related to your consultation today?",False,graph_ig+v13_base,"[""graph_ig"", ""v13_base""]",0.5103,0.7478,0.3866,0.2419,3.1441,Pneumonia,0.1207,False,False,9.0,18,9,0.1532,0.2872
test:95923,6,E_217,Are your symptoms worse when lying down and alleviated while sitting up?,False,v13_base,"[""v13_base""]",0.5082,0.8438,0.2935,0.1998,2.5973,Myocarditis,0.1208,False,False,6.0,10,10,0.1163,0.1517
test:95923,6,E_151,Do you have swelling in one or more areas of your body?,False,v13_base,"[""v13_base""]",0.4992,0.9411,0.1347,0.1909,2.4822,Pulmonary embolism,0.0213,False,False,3.0,11,11,0.0534,0.0385
test:95923,6,E_129,"Do you have any lesions, redness or problems on your skin that you believe are related to the condition you are consulting for?",False,graph_ig+v13_base,"[""graph_ig"", ""v13_base""]",0.4827,0.6009,0.6177,0.1497,1.9459,Pneumonia,0.1207,False,False,15.0,8,12,0.2448,0.2791
test:95923,7,E_129,"Do you have any lesions, redness or problems on your skin that you believe are related to the condition you are consulting for?",True,graph_ig+v13_base,"[""graph_ig"", ""v13_base""]",0.7074,0.9928,0.7927,0.1418,1.8438,SLE,0.126,False,False,2.0,1,1,0.2122,0.341
test:95923,7,E_196,Have you had surgery within the last month?,False,v13_base,"[""v13_base""]",0.6518,1.0,0.477,0.3314,4.3076,Pulmonary embolism,0.0851,False,False,1.0,2,2,0.1277,0.1623
test:95923,7,E_151,Do you have swelling in one or more areas of your body?,False,graph_ig+v13_base,"[""graph_ig"", ""v13_base""]",0.6393,0.9412,0.6104,0.1909,2.4822,Pulmonary embolism,0.0851,False,False,3.0,10,3,0.1634,0.2497
test:95923,7,E_34,Do you have an active cancer?,False,rare_support+safety_recovery+v13_base,"[""rare_support"", ""safety_recovery"", ""v13_base""]",0.6122,0.7244,0.2988,1.0,13.4207,Pulmonary embolism,0.0851,True,True,5.0,4,4,0.08,0.1151
test:95923,7,E_102,Are you consulting because you have high blood pressure?,False,rare_support+safety_recovery+v13_base,"[""rare_support"", ""safety_recovery"", ""v13_base""]",0.5889,0.6549,0.3179,1.0,13.2883,SLE,0.126,True,True,13.0,5,5,0.0851,0.1469
test:95923,7,E_110,Have you been unable to move or get up for more than 3 consecutive days within the last 4 weeks?,False,rare_support+safety_recovery+v13_base,"[""rare_support"", ""safety_recovery"", ""v13_base""]",0.5857,0.6872,0.2645,1.0,13.319,Pulmonary embolism,0.0851,True,True,9.0,6,6,0.0708,0.104
test:95923,7,E_206,Do you have painful mouth ulcers or sores?,False,rare_support+safety_recovery+v13_base,"[""rare_support"", ""safety_recovery"", ""v13_base""]",0.5666,0.5756,0.3646,1.0,13.4016,SLE,0.126,True,True,16.0,7,7,0.0976,0.1645
test:95923,7,E_89,Do you constantly feel fatigued or do you have non-restful sleep?,False,graph_ig+v13_base,"[""graph_ig"", ""v13_base""]",0.5115,0.6716,0.4968,0.1753,2.279,Anemia,0.2407,False,False,10.0,8,8,0.133,0.5
test:95923,7,E_159,Did you lose consciousness?,False,v13_base,"[""v13_base""]",0.506,0.7546,0.3702,0.2839,3.6911,Pulmonary embolism,0.0851,False,False,4.0,9,9,0.0991,0.1715
test:95923,7,E_146,Are you taking any new oral anticoagulants ((NOACs)?,False,graph_ig+rare_support,"[""graph_ig"", ""rare_support""]",0.4841,0.0,0.6627,1.0,13.5643,Anemia,0.2407,True,False,,2,10,0.1774,0.3846
test:95923,7,E_79,Do you smoke cigarettes?,False,graph_ig+v13_base,"[""graph_ig"", ""v13_base""]",0.4794,0.7115,0.4744,0.0779,1.0132,Possible NSTEMI / STEMI,0.0564,False,False,6.0,17,11,0.127,0.25
test:95923,7,E_155,"Do you feel your heart is beating fast (racing), irregularly (missing a beat) or do you feel palpitations?",False,v13_base,"[""v13_base""]",0.4758,0.6576,0.4617,0.1862,2.4209,Atrial fibrillation,0.0525,False,False,11.0,12,12,0.1236,0.2718
test:95923,8,E_12,Do you have a known severe food allergy?,True,graph_ig+rare_support+safety_recovery+v13_base,"[""graph_ig"", ""rare_support"", ""safety_recovery"", ""v13_base""]",0.7521,0.8246,0.2859,1.0,13.5949,Anaphylaxis,0.1836,True,True,2.0,15,1,0.1992,0.2955
test:95923,8,E_42,Have you been in contact with or ate something that you have an allergy to?,False,graph_ig+rare_support+safety_recovery+v13_base,"[""graph_ig"", ""rare_support"", ""safety_recovery"", ""v13_base""]",0.7405,0.8107,0.2696,1.0,13.5527,Anaphylaxis,0.1836,True,True,4.0,17,2,0.1878,0.2833
test:95923,8,E_102,Are you consulting because you have high blood pressure?,False,rare_support+v13_base,"[""rare_support"", ""v13_base""]",0.7106,0.7155,0.2365,1.0,13.2883,SLE,0.4248,True,False,13.0,3,3,0.1648,0.4952
test:95923,8,E_206,Do you have painful mouth ulcers or sores?,False,rare_support+v13_base,"[""rare_support"", ""v13_base""]",0.6898,0.6341,0.2759,1.0,13.4016,SLE,0.4248,True,False,15.0,4,4,0.1922,0.5546
test:95923,8,E_134,How intense is the pain caused by the rash?,False,graph_ig+v13_base,"[""graph_ig"", ""v13_base""]",0.6365,0.8207,0.6373,0.1406,1.8274,Anaphylaxis,0.1836,False,False,3.0,4,5,0.444,0.7977
test:95923,8,E_151,Do you have swelling in one or more areas of your body?,False,graph_ig+v13_base,"[""graph_ig"", ""v13_base""]",0.6263,1.0,0.3947,0.2022,2.629,Anaphylaxis,0.1836,False,False,1.0,8,6,0.275,0.372
test:95923,8,E_187,Did you eat dark-fleshed fish (such as tuna) or Swiss cheese before the reaction occurred?,False,graph_ig+rare_support+safety_recovery+v13_base,"[""graph_ig"", ""rare_support"", ""safety_recovery"", ""v13_base""]",0.6037,0.6227,0.3667,1.0,13.799,Scombroid food poisoning,0.1625,True,True,17.0,11,7,0.2555,0.3179
test:95923,8,E_92,Did your cheeks suddenly turn red?,False,graph_ig+rare_support+safety_recovery+v13_base,"[""graph_ig"", ""rare_support"", ""safety_recovery"", ""v13_base""]",0.6026,0.6165,0.3726,1.0,13.8064,Scombroid food poisoning,0.1625,True,True,18.0,10,8,0.2596,0.3203
test:95923,8,E_79,Do you smoke cigarettes?,False,graph_ig+v13_base,"[""graph_ig"", ""v13_base""]",0.5074,0.8017,0.2779,0.067,0.8706,SLE,0.4248,False,False,5.0,9,9,0.1936,0.6379
test:95923,8,E_82,Do you feel lightheaded and dizzy or do you feel like you are about to faint?,False,graph_ig+v13_base,"[""graph_ig"", ""v13_base""]",0.505,0.783,0.247,0.1865,2.4249,Anemia,0.101,False,False,6.0,13,10,0.1721,0.5354
test:95923,8,E_3,Have you ever had a pericarditis?,False,graph_ig+v13_base,"[""graph_ig"", ""v13_base""]",0.4907,0.7189,0.2493,0.2671,3.4722,SLE,0.4248,False,False,12.0,14,11,0.1737,0.5151
test:95923,8,E_89,Do you constantly feel fatigued or do you have non-restful sleep?,False,graph_ig+v13_base,"[""graph_ig"", ""v13_base""]",0.4839,0.7397,0.2239,0.1511,1.9643,SLE,0.4248,False,False,9.0,12,12,0.156,0.6481
test:95923,9,E_187,Did you eat dark-fleshed fish (such as tuna) or Swiss cheese before the reaction occurred?,True,graph_ig+rare_support+v13_base,"[""graph_ig"", ""rare_support"", ""v13_base""]",0.9132,1.0,0.5595,1.0,13.799,Scombroid food poisoning,0.2213,True,False,1.0,6,1,0.3851,0.4329
test:95923,9,E_92,Did your cheeks suddenly turn red?,False,graph_ig+rare_support+v13_base,"[""graph_ig"", ""rare_support"", ""v13_base""]",0.9109,0.989,0.5691,1.0,13.8064,Scombroid food poisoning,0.2213,True,False,2.0,5,2,0.3917,0.4361
test:95923,9,E_102,Are you consulting because you have high blood pressure?,False,graph_ig+rare_support+v13_base,"[""graph_ig"", ""rare_support"", ""v13_base""]",0.7331,0.7117,0.2946,1.0,13.2883,SLE,0.5074,True,False,7.0,17,3,0.2028,0.5916
test:95923,9,E_206,Do you have painful mouth ulcers or sores?,False,graph_ig+rare_support+v13_base,"[""graph_ig"", ""rare_support"", ""v13_base""]",0.7173,0.6329,0.3451,1.0,13.4016,SLE,0.5074,True,False,8.0,18,4,0.2375,0.6625
test:95923,9,E_134,How intense is the pain caused by the rash?,False,graph_ig+v13_base,"[""graph_ig"", ""v13_base""]",0.6918,0.7667,0.8829,0.137,1.7809,Scombroid food poisoning,0.2213,False,False,4.0,2,5,0.6077,0.9859
test:95923,9,E_79,Do you smoke cigarettes?,False,graph_ig+v13_base,"[""graph_ig"", ""v13_base""]",0.5309,0.8003,0.3327,0.067,0.8706,SLE,0.5074,False,False,3.0,8,6,0.229,0.7422
test:95923,9,E_3,Have you ever had a pericarditis?,False,graph_ig+v13_base,"[""graph_ig"", ""v13_base""]",0.5147,0.7155,0.3109,0.2671,3.4722,SLE,0.5074,False,False,6.0,9,7,0.214,0.6153
test:95923,9,E_89,Do you constantly feel fatigued or do you have non-restful sleep?,False,graph_ig+v13_base,"[""graph_ig"", ""v13_base""]",0.4963,0.7381,0.2974,0.1511,1.9643,SLE,0.5074,False,False,5.0,10,8,0.2047,0.5957
test:95923,9,E_141,Did you have your first menstrual period before the age of 12?,False,rare_support+v13_base,"[""rare_support"", ""v13_base""]",0.4763,0.4611,0.1517,0.981,12.7534,SLE,0.5074,True,False,14.0,9,9,0.1044,0.3465
test:95923,9,E_214,Have you noticed a wheezing sound when you exhale?,False,graph_ig+v13_base,"[""graph_ig"", ""v13_base""]",0.4301,0.617,0.2901,0.1796,2.3351,Anaphylaxis,0.1707,False,False,9.0,13,10,0.1997,0.44
test:95923,9,E_51,Have you had diarrhea or an increase in stool frequency?,False,graph_ig+v13_base,"[""graph_ig"", ""v13_base""]",0.4287,0.6028,0.29,0.2027,2.6355,Anaphylaxis,0.1707,False,False,11.0,14,11,0.1996,0.4436
test:95923,9,E_82,Do you feel lightheaded and dizzy or do you feel like you are about to faint?,False,graph_ig+v13_base,"[""graph_ig"", ""v13_base""]",0.4143,0.5837,0.2967,0.1648,2.143,Anaphylaxis,0.1707,False,False,12.0,12,12,0.2042,0.4454
test:95923,10,E_102,Are you consulting because you have high blood pressure?,True,rare_support+v13_base,"[""rare_support"", ""v13_base""]",0.8524,0.9928,0.317,1.0,13.2883,SLE,0.3973,True,False,3.0,1,1,0.204,0.4632
test:95923,10,E_206,Do you have painful mouth ulcers or sores?,False,rare_support+v13_base,"[""rare_support"", ""v13_base""]",0.7915,0.8163,0.3691,1.0,13.4016,SLE,0.3973,True,False,7.0,2,2,0.2375,0.5187
test:95923,10,E_134,How intense is the pain caused by the rash?,False,graph_ig+v13_base,"[""graph_ig"", ""v13_base""]",0.7256,0.8771,0.8934,0.1406,1.8274,Anaphylaxis,0.3203,False,False,6.0,3,3,0.5749,0.794
test:95923,10,E_3,Have you ever had a pericarditis?,False,graph_ig+v13_base,"[""graph_ig"", ""v13_base""]",0.632,0.9931,0.334,0.2671,3.4722,SLE,0.3973,False,False,2.0,13,4,0.2149,0.4818
test:95923,10,E_89,Do you constantly feel fatigued or do you have non-restful sleep?,False,graph_ig+v13_base,"[""graph_ig"", ""v13_base""]",0.6068,1.0,0.3198,0.1511,1.9643,SLE,0.3973,False,False,1.0,14,5,0.2058,0.4664
test:95923,10,E_79,Do you smoke cigarettes?,False,graph_ig+v13_base,"[""graph_ig"", ""v13_base""]",0.5862,0.9366,0.3719,0.067,0.8706,SLE,0.3973,False,False,5.0,8,6,0.2393,0.5838
test:95923,10,E_141,Did you have your first menstrual period before the age of 12?,False,rare_support+v13_base,"[""rare_support"", ""v13_base""]",0.5522,0.6388,0.1657,0.981,12.7534,SLE,0.3973,True,False,16.0,7,7,0.1066,0.2713
test:95923,10,E_189,Have you had sexual intercourse with an HIV-positive partner in the past 12 months?,False,rare_support+safety_recovery+v13_base,"[""rare_support"", ""safety_recovery"", ""v13_base""]",0.5487,0.7565,0.0292,1.0,13.4814,HIV (initial infection),0.0063,True,True,8.0,8,8,0.0188,0.0092
test:95923,10,E_115,Have you had unprotected sex with more than one partner in the last 6 months?,False,rare_support+safety_recovery+v13_base,"[""rare_support"", ""safety_recovery"", ""v13_base""]",0.5415,0.7406,0.0291,1.0,13.4777,HIV (initial infection),0.0063,True,True,9.0,9,9,0.0187,0.0092
test:95923,10,E_27,Have you ever had a sexually transmitted infection?,False,rare_support+safety_recovery+v13_base,"[""rare_support"", ""safety_recovery"", ""v13_base""]",0.5402,0.7377,0.0292,1.0,13.4798,HIV (initial infection),0.0063,True,True,10.0,10,10,0.0188,0.0092
test:95923,10,E_91,Do you have a fever (either felt or measured with a thermometer)?,False,v13_base,"[""v13_base""]",0.4901,0.9375,0.1517,0.1134,1.4747,HIV (initial infection),0.0063,False,False,4.0,11,11,0.0976,0.0762
test:95923,10,E_148,Are you feeling nauseous or do you feel like vomiting?,False,graph_ig+v13_base,"[""graph_ig"", ""v13_base""]",0.4654,0.693,0.2754,0.1363,1.7723,Anaphylaxis,0.3203,False,False,12.0,15,12,0.1772,0.5748
test:95923,11,E_27,Have you ever had a sexually transmitted infection?,True,rare_support+safety_recovery+v13_base,"[""rare_support"", ""safety_recovery"", ""v13_base""]",0.703,0.8142,0.1754,1.0,13.4798,HIV (initial infection),0.0884,True,True,4.0,1,1,0.119,0.127
test:95923,11,E_206,Do you have painful mouth ulcers or sores?,False,rare_support+v13_base,"[""rare_support"", ""v13_base""]",0.6509,0.5593,0.2969,1.0,13.4016,SLE,0.3445,True,False,18.0,2,2,0.2014,0.4498
test:95923,11,E_189,Have you had sexual intercourse with an HIV-positive partner in the past 12 months?,False,rare_support+safety_recovery+v13_base,"[""rare_support"", ""safety_recovery"", ""v13_base""]",0.6329,0.8361,0.1757,1.0,13.4814,HIV (initial infection),0.0884,True,True,2.0,3,3,0.1192,0.1272
test:95923,11,E_115,Have you had unprotected sex with more than one partner in the last 6 months?,False,rare_support+safety_recovery+v13_base,"[""rare_support"", ""safety_recovery"", ""v13_base""]",0.6243,0.8177,0.1748,1.0,13.4777,HIV (initial infection),0.0884,True,True,3.0,4,4,0.1186,0.1267
test:95923,11,E_134,How intense is the pain caused by the rash?,False,graph_ig+v13_base,"[""graph_ig"", ""v13_base""]",0.6229,0.7172,0.8129,0.1406,1.8274,Anaphylaxis,0.3082,False,False,11.0,4,5,0.5515,0.6885
test:95923,11,E_91,Do you have a fever (either felt or measured with a thermometer)?,False,graph_ig+v13_base,"[""graph_ig"", ""v13_base""]",0.5658,1.0,0.2758,0.1134,1.4747,HIV (initial infection),0.0884,False,False,1.0,18,6,0.1871,0.2415
test:95923,11,E_79,Do you smoke cigarettes?,False,graph_ig+v13_base,"[""graph_ig"", ""v13_base""]",0.4937,0.7784,0.3044,0.067,0.8706,SLE,0.3445,False,False,5.0,8,7,0.2065,0.5395
test:95923,11,E_148,Are you feeling nauseous or do you feel like vomiting?,False,graph_ig+v13_base,"[""graph_ig"", ""v13_base""]",0.4895,0.763,0.2305,0.1363,1.7723,Anaphylaxis,0.3082,False,False,7.0,12,8,0.1564,0.6126
test:95923,11,E_51,Have you had diarrhea or an increase in stool frequency?,False,graph_ig+v13_base,"[""graph_ig"", ""v13_base""]",0.4752,0.6893,0.2431,0.2027,2.6355,Anaphylaxis,0.3082,False,False,12.0,10,9,0.1649,0.6371
test:95923,11,E_3,Have you ever had a pericarditis?,False,graph_ig+v13_base,"[""graph_ig"", ""v13_base""]",0.4485,0.6356,0.269,0.2671,3.4722,SLE,0.3445,False,False,17.0,14,10,0.1825,0.4178
test:95923,11,E_61,Are you currently using intravenous drugs?,False,v13_base,"[""v13_base""]",0.4469,0.7498,0.1402,0.3197,4.1557,HIV (initial infection),0.0884,False,False,8.0,11,11,0.0951,0.1056
test:95923,11,E_162,Have you had an involuntary weight loss over the last 3 months?,False,v13_base,"[""v13_base""]",0.4464,0.7721,0.162,0.2327,3.0253,HIV (initial infection),0.0884,False,False,6.0,12,12,0.1099,0.1191
test:95923,12,E_206,Do you have painful mouth ulcers or sores?,True,rare_support+v13_base,"[""rare_support"", ""v13_base""]",0.7464,0.7849,0.2817,1.0,13.4016,SLE,0.3273,True,False,10.0,1,1,0.1959,0.4274
test:95923,12,E_134,How intense is the pain caused by the rash?,False,graph_ig+v13_base,"[""graph_ig"", ""v13_base""]",0.7394,1.0,0.7835,0.1406,1.8274,Anaphylaxis,0.3225,False,False,1.0,4,2,0.5448,0.6542
test:95923,12,E_95,Do you have Parkinson’s disease?,False,rare_support+safety_recovery+v13_base,"[""rare_support"", ""safety_recovery"", ""v13_base""]",0.6015,0.7838,0.1491,1.0,13.3866,Pneumonia,0.0881,True,True,11.0,3,3,0.1037,0.115
test:95923,12,E_107,Have you ever had a stroke?,False,rare_support+safety_recovery+v13_base,"[""rare_support"", ""safety_recovery"", ""v13_base""]",0.5726,0.7322,0.1313,1.0,13.2797,Pneumonia,0.0881,True,True,15.0,4,4,0.0913,0.1034
test:95923,12,E_3,Have you ever had a pericarditis?,False,graph_ig+v13_base,"[""graph_ig"", ""v13_base""]",0.5568,0.8885,0.2554,0.2671,3.4722,SLE,0.3273,False,False,4.0,15,5,0.1776,0.397
test:95923,12,E_77,Do you have a cough that produces colored or more abundant sputum than usual?,False,v13_base,"[""v13_base""]",0.5496,0.9882,0.2106,0.186,2.4176,Pneumonia,0.0881,False,False,2.0,6,6,0.1464,0.1505
test:95923,12,E_89,Do you constantly feel fatigued or do you have non-restful sleep?,False,graph_ig+v13_base,"[""graph_ig"", ""v13_base""]",0.5418,0.9154,0.2449,0.1511,1.9643,SLE,0.3273,False,False,3.0,18,7,0.1703,0.3843
test:95923,12,E_94,Have you had chills or shivers?,False,v13_base,"[""v13_base""]",0.4939,0.8568,0.1594,0.2818,3.6634,Pneumonia,0.0881,False,False,6.0,8,8,0.1108,0.1214
test:95923,12,E_106,Do you have heart failure?,False,v13_base,"[""v13_base""]",0.4928,0.8704,0.1716,0.2269,2.9502,Pneumonia,0.0881,False,False,5.0,9,9,0.1193,0.1289
test:95923,12,E_91,Do you have a fever (either felt or measured with a thermometer)?,False,graph_ig+v13_base,"[""graph_ig"", ""v13_base""]",0.4924,0.817,0.2912,0.1134,1.4747,HIV (initial infection),0.101,False,False,7.0,13,10,0.2025,0.2928
test:95923,12,E_79,Do you smoke cigarettes?,False,graph_ig+v13_base,"[""graph_ig"", ""v13_base""]",0.4621,0.7143,0.2914,0.067,0.8706,SLE,0.3273,False,False,17.0,7,11,0.2026,0.5447
test:95923,12,E_161,Have you recently had a loss of appetite or do you get full more quickly then usually?,False,v13_base,"[""v13_base""]",0.457,0.8072,0.1529,0.219,2.8471,Pneumonia,0.0881,False,False,8.0,12,12,0.1063,0.1175
test:95923,13,E_95,Do you have Parkinson’s disease?,True,rare_support+safety_recovery+v13_base,"[""rare_support"", ""safety_recovery"", ""v13_base""]",0.6936,0.7828,0.1944,1.0,13.3866,Pneumonia,0.0981,True,True,7.0,1,1,0.1396,0.128
test:95923,13,E_107,Have you ever had a stroke?,False,rare_support+safety_recovery+v13_base,"[""rare_support"", ""safety_recovery"", ""v13_base""]",0.6622,0.7287,0.171,1.0,13.2797,Pneumonia,0.0981,True,True,14.0,2,2,0.1228,0.115
test:95923,13,E_77,Do you have a cough that produces colored or more abundant sputum than usual?,False,graph_ig+v13_base,"[""graph_ig"", ""v13_base""]",0.5727,1.0,0.2752,0.186,2.4176,Pneumonia,0.0981,False,False,1.0,17,3,0.1976,0.1674
test:95923,13,E_30,Do you feel your abdomen is bloated or distended (swollen due to pressure from inside)?,False,rare_support+safety_recovery+v13_base,"[""rare_support"", ""safety_recovery"", ""v13_base""]",0.5621,0.7187,0.1269,1.0,13.3342,Inguinal hernia,0.0569,True,True,15.0,4,4,0.0911,0.0701
test:95923,13,E_160,Were you born prematurely or did you suffer any complication at birth?,False,rare_support+safety_recovery+v13_base,"[""rare_support"", ""safety_recovery"", ""v13_base""]",0.5445,0.6851,0.1182,1.0,13.2736,Inguinal hernia,0.0569,True,True,16.0,5,5,0.0849,0.066
test:95923,13,E_106,Do you have heart failure?,False,v13_base,"[""v13_base""]",0.5095,0.875,0.2239,0.2269,2.9502,Pneumonia,0.0981,False,False,2.0,6,6,0.1608,0.1434
test:95923,13,E_94,Have you had chills or shivers?,False,v13_base,"[""v13_base""]",0.5089,0.8601,0.2078,0.2818,3.6634,Pneumonia,0.0981,False,False,3.0,7,7,0.1492,0.1351
test:95923,13,E_42,Have you been in contact with or ate something that you have an allergy to?,False,graph_ig+rare_support,"[""graph_ig"", ""rare_support""]",0.4761,0.0,0.3877,1.0,13.5527,Anaphylaxis,0.6431,True,False,,7,8,0.2784,0.9921
test:95923,13,E_161,Have you recently had a loss of appetite or do you get full more quickly then usually?,False,v13_base,"[""v13_base""]",0.4707,0.8088,0.1994,0.219,2.8471,Pneumonia,0.0981,False,False,5.0,9,9,0.1432,0.1307
test:95923,13,E_175,"Have you noticed any new fatigue, generalized and vague discomfort, diffuse (widespread) muscle aches or a change in your general well-being related to your consultation today?",False,v13_base,"[""v13_base""]",0.4646,0.7999,0.1777,0.2419,3.1441,Pneumonia,0.0981,False,False,6.0,10,10,0.1276,0.1188
test:95923,13,E_91,Do you have a fever (either felt or measured with a thermometer)?,False,v13_base,"[""v13_base""]",0.4553,0.8187,0.2143,0.0967,1.2568,Pneumonia,0.0981,False,False,4.0,11,11,0.1539,0.1397
test:95923,13,E_78,Do you drink alcohol excessively or do you have an addiction to alcohol?,False,v13_base,"[""v13_base""]",0.4534,0.7646,0.2427,0.1384,1.7986,Pneumonia,0.0981,False,False,9.0,12,12,0.1743,0.2099
test:95923,14,E_107,Have you ever had a stroke?,True,rare_support+safety_recovery+v13_base,"[""rare_support"", ""safety_recovery"", ""v13_base""]",0.6645,0.8816,0.1984,1.0,13.2797,Pneumonia,0.1544,True,True,9.0,1,1,0.1522,0.181
test:95923,14,E_77,Do you have a cough that produces colored or more abundant sputum than usual?,False,v13_base,"[""v13_base""]",0.5947,1.0,0.3245,0.186,2.4176,Pneumonia,0.1544,False,False,1.0,2,2,0.2489,0.2634
test:95923,14,E_94,Have you had chills or shivers?,False,v13_base,"[""v13_base""]",0.5613,0.9404,0.2422,0.2818,3.6634,Pneumonia,0.1544,False,False,3.0,3,3,0.1858,0.2126
test:95923,14,E_106,Do you have heart failure?,False,v13_base,"[""v13_base""]",0.5589,0.9456,0.2617,0.2269,2.9502,Pneumonia,0.1544,False,False,2.0,4,4,0.2007,0.2256
test:95923,14,E_124,Do you have asthma or have you ever had to use a bronchodilator in the past?,False,graph_ig+v13_base,"[""graph_ig"", ""v13_base""]",0.5436,0.8781,0.2977,0.1264,1.6429,Panic attack,0.2346,False,False,11.0,15,5,0.2283,0.4872
test:95923,14,E_78,Do you drink alcohol excessively or do you have an addiction to alcohol?,False,v13_base,"[""v13_base""]",0.5415,0.8905,0.275,0.1309,1.7022,Panic attack,0.2346,False,False,8.0,6,6,0.2109,0.4586
test:95923,14,E_161,Have you recently had a loss of appetite or do you get full more quickly then usually?,False,v13_base,"[""v13_base""]",0.5344,0.9154,0.2323,0.219,2.8471,Pneumonia,0.1544,False,False,4.0,7,7,0.1782,0.2056
test:95923,14,E_175,"Have you noticed any new fatigue, generalized and vague discomfort, diffuse (widespread) muscle aches or a change in your general well-being related to your consultation today?",False,v13_base,"[""v13_base""]",0.5292,0.9123,0.2064,0.2419,3.1441,Pneumonia,0.1544,False,False,5.0,8,8,0.1583,0.1869
test:95923,14,E_196,Have you had surgery within the last month?,False,v13_base,"[""v13_base""]",0.5212,0.8523,0.2077,0.3314,4.3076,Pulmonary embolism,0.0217,False,False,13.0,9,9,0.1593,0.1948
test:95923,14,E_219,Are your symptoms more prominent at night?,False,v13_base,"[""v13_base""]",0.5163,0.8806,0.1928,0.2709,3.5212,Pneumonia,0.1544,False,False,10.0,10,10,0.1479,0.1768
test:95923,14,E_208,"Is your BMI less than 18.5, or are you underweight?",False,v13_base,"[""v13_base""]",0.512,0.8913,0.2119,0.1941,2.5233,Pneumonia,0.1544,False,False,7.0,11,11,0.1625,0.191
test:95923,14,E_91,Do you have a fever (either felt or measured with a thermometer)?,False,v13_base,"[""v13_base""]",0.5081,0.9015,0.2463,0.0967,1.2568,Pneumonia,0.1544,False,False,6.0,12,12,0.1889,0.2153
test:95923,15,E_77,Do you have a cough that produces colored or more abundant sputum than usual?,True,graph_ig+v13_base,"[""graph_ig"", ""v13_base""]",0.6128,1.0,0.3575,0.186,2.4176,Pneumonia,0.1961,False,False,1.0,11,1,0.2815,0.3622
test:95923,15,E_94,Have you had chills or shivers?,False,v13_base,"[""v13_base""]",0.5705,0.9409,0.2549,0.2818,3.6634,Pneumonia,0.1961,False,False,3.0,2,2,0.2007,0.27
test:95923,15,E_106,Do you have heart failure?,False,v13_base,"[""v13_base""]",0.5687,0.9461,0.2757,0.2269,2.9502,Pneumonia,0.1961,False,False,2.0,3,3,0.2171,0.2865
test:95923,15,E_124,Do you have asthma or have you ever had to use a bronchodilator in the past?,False,graph_ig+v13_base,"[""graph_ig"", ""v13_base""]",0.5502,0.8789,0.271,0.1264,1.6429,Panic attack,0.281,False,False,10.0,17,4,0.2134,0.6165
test:95923,15,E_78,Do you drink alcohol excessively or do you have an addiction to alcohol?,False,v13_base,"[""v13_base""]",0.5468,0.8912,0.2531,0.1309,1.7022,Panic attack,0.281,False,False,8.0,5,5,0.1993,0.5631
test:95923,15,E_161,Have you recently had a loss of appetite or do you get full more quickly then usually?,False,v13_base,"[""v13_base""]",0.5431,0.9159,0.2441,0.219,2.8471,Pneumonia,0.1961,False,False,4.0,6,6,0.1922,0.2612
test:95923,15,E_175,"Have you noticed any new fatigue, generalized and vague discomfort, diffuse (widespread) muscle aches or a change in your general well-being related to your consultation today?",False,v13_base,"[""v13_base""]",0.5371,0.913,0.2164,0.2419,3.1441,Pneumonia,0.1961,False,False,5.0,7,7,0.1704,0.2374
test:95923,15,E_219,Are your symptoms more prominent at night?,False,v13_base,"[""v13_base""]",0.5238,0.8815,0.2021,0.2709,3.5212,Pneumonia,0.1961,False,False,9.0,8,8,0.1591,0.2245
test:95923,15,E_208,"Is your BMI less than 18.5, or are you underweight?",False,v13_base,"[""v13_base""]",0.52,0.892,0.2223,0.1941,2.5233,Pneumonia,0.1961,False,False,7.0,9,9,0.175,0.2425
test:95923,15,E_91,Do you have a fever (either felt or measured with a thermometer)?,False,v13_base,"[""v13_base""]",0.5173,0.902,0.2591,0.0967,1.2568,Pneumonia,0.1961,False,False,6.0,10,10,0.204,0.2733
test:95923,15,E_196,Have you had surgery within the last month?,False,v13_base,"[""v13_base""]",0.4915,0.8534,0.1707,0.2264,2.9438,Pneumonia,0.1961,False,False,12.0,11,11,0.1344,0.195
test:95923,15,E_79,Do you smoke cigarettes?,False,v13_base,"[""v13_base""]",0.4897,0.8592,0.2464,0.0666,0.8657,Pneumonia,0.1961,False,False,11.0,12,12,0.194,0.2818
test:95923,16,E_18,Do you have cystic fibrosis?,True,graph_ig+rare_support+v13_base,"[""graph_ig"", ""rare_support"", ""v13_base""]",0.749,0.6876,0.4194,1.0,13.595,Bronchiectasis,0.3433,True,False,17.0,8,1,0.3328,0.5477
test:95923,16,E_136,How severe is the itching?,False,graph_ig+v13_base,"[""graph_ig"", ""v13_base""]",0.7358,0.8393,1.0,0.1344,1.7467,Pneumonia,0.4685,False,False,12.0,1,2,0.7936,0.8125
test:95923,16,E_131,Do your lesions peel off?,False,graph_ig+v13_base,"[""graph_ig"", ""v13_base""]",0.7305,0.8393,0.9788,0.1344,1.7467,Pneumonia,0.4685,False,False,11.0,3,3,0.7768,0.8129
test:95923,16,E_47,Do you suffer from Crohn’s disease or ulcerative colitis (UC)?,False,graph_ig+rare_support+v13_base,"[""graph_ig"", ""rare_support"", ""v13_base""]",0.684,0.6132,0.3275,1.0,13.4247,Bronchiectasis,0.3433,True,False,18.0,18,4,0.2599,0.4619
test:95923,16,E_106,Do you have heart failure?,False,graph_ig+v13_base,"[""graph_ig"", ""v13_base""]",0.6574,1.0,0.3742,0.2269,2.9502,Pneumonia,0.4685,False,False,1.0,9,5,0.297,0.6844
test:95923,16,E_94,Have you had chills or shivers?,False,graph_ig+v13_base,"[""graph_ig"", ""v13_base""]",0.654,0.9945,0.3424,0.2818,3.6634,Pneumonia,0.4685,False,False,2.0,12,6,0.2717,0.6449
test:95923,16,E_161,Have you recently had a loss of appetite or do you get full more quickly then usually?,False,graph_ig+v13_base,"[""graph_ig"", ""v13_base""]",0.6234,0.9681,0.3262,0.219,2.8471,Pneumonia,0.4685,False,False,3.0,13,7,0.2589,0.6239
test:95923,16,E_175,"Have you noticed any new fatigue, generalized and vague discomfort, diffuse (widespread) muscle aches or a change in your general well-being related to your consultation today?",False,v13_base,"[""v13_base""]",0.6107,0.9651,0.2855,0.2419,3.1441,Pneumonia,0.4685,False,False,4.0,8,8,0.2266,0.5671
test:95923,16,E_91,Do you have a fever (either felt or measured with a thermometer)?,False,graph_ig+v13_base,"[""graph_ig"", ""v13_base""]",0.598,0.9467,0.3472,0.0967,1.2568,Pneumonia,0.4685,False,False,5.0,10,9,0.2755,0.6582
test:95923,16,E_208,"Is your BMI less than 18.5, or are you underweight?",False,v13_base,"[""v13_base""]",0.5946,0.9428,0.2941,0.1941,2.5233,Pneumonia,0.4685,False,False,6.0,10,10,0.2334,0.5794
test:95923,16,E_219,Are your symptoms more prominent at night?,False,v13_base,"[""v13_base""]",0.5938,0.9318,0.2644,0.2709,3.5212,Pneumonia,0.4685,False,False,8.0,11,11,0.2098,0.5419
test:95923,16,E_78,Do you drink alcohol excessively or do you have an addiction to alcohol?,False,graph_ig+v13_base,"[""graph_ig"", ""v13_base""]",0.5864,0.942,0.2818,0.1384,1.7986,Pneumonia,0.4685,False,False,7.0,17,12,0.2236,0.6444
test:95923,17,E_106,Do you have heart failure?,True,graph_ig+v13_base,"[""graph_ig"", ""v13_base""]",0.7029,1.0,0.5173,0.2269,2.9502,Pneumonia,0.5352,False,False,1.0,8,1,0.3504,0.7819
test:95923,17,E_94,Have you had chills or shivers?,False,graph_ig+v13_base,"[""graph_ig"", ""v13_base""]",0.6956,0.9945,0.472,0.2818,3.6634,Pneumonia,0.5352,False,False,2.0,11,2,0.3197,0.7367
test:95923,17,E_161,Have you recently had a loss of appetite or do you get full more quickly then usually?,False,graph_ig+v13_base,"[""graph_ig"", ""v13_base""]",0.6631,0.9681,0.4494,0.219,2.8471,Pneumonia,0.5352,False,False,3.0,13,3,0.3044,0.7127
test:95923,17,E_175,"Have you noticed any new fatigue, generalized and vague discomfort, diffuse (widespread) muscle aches or a change in your general well-being related to your consultation today?",False,v13_base,"[""v13_base""]",0.6454,0.9651,0.3919,0.2419,3.1441,Pneumonia,0.5352,False,False,4.0,4,4,0.2655,0.6478
test:95923,17,E_91,Do you have a fever (either felt or measured with a thermometer)?,False,graph_ig+v13_base,"[""graph_ig"", ""v13_base""]",0.6312,0.93,0.4624,0.0967,1.2568,Pneumonia,0.5352,False,False,7.0,10,5,0.3132,0.7779
test:95923,17,E_208,"Is your BMI less than 18.5, or are you underweight?",False,graph_ig+v13_base,"[""graph_ig"", ""v13_base""]",0.6302,0.9428,0.4039,0.1941,2.5233,Pneumonia,0.5352,False,False,5.0,17,6,0.2736,0.6618
test:95923,17,E_78,Do you drink alcohol excessively or do you have an addiction to alcohol?,False,graph_ig+v13_base,"[""graph_ig"", ""v13_base""]",0.6189,0.942,0.386,0.1384,1.7986,Pneumonia,0.5352,False,False,6.0,18,7,0.2615,0.7078
test:95923,17,E_219,Are your symptoms more prominent at night?,False,v13_base,"[""v13_base""]",0.6185,0.9145,0.3527,0.2709,3.5212,Pneumonia,0.5352,False,False,9.0,8,8,0.2389,0.6468
test:95923,17,E_196,Have you had surgery within the last month?,False,v13_base,"[""v13_base""]",0.5798,0.902,0.3016,0.2264,2.9438,Pneumonia,0.5352,False,False,10.0,9,9,0.2043,0.5321
test:95923,17,E_79,Do you smoke cigarettes?,False,graph_ig+v13_base,"[""graph_ig"", ""v13_base""]",0.5783,0.8651,0.4132,0.0666,0.8657,Pneumonia,0.5352,False,False,12.0,14,10,0.2799,0.7234
test:95923,17,E_144,Do you have diffuse (widespread) muscle pain?,False,v13_base,"[""v13_base""]",0.5721,0.7668,0.4753,0.1707,2.2188,Pneumonia,0.5352,False,False,13.0,11,11,0.322,0.7401
test:95923,17,E_45,Have you been coughing up blood?,False,v13_base,"[""v13_base""]",0.5543,0.8926,0.1011,0.1374,1.786,Pneumonia,0.5352,False,False,11.0,12,12,0.0685,0.9981
test:95923,18,E_94,Have you had chills or shivers?,False,graph_ig+v13_base,"[""graph_ig"", ""v13_base""]",0.6764,1.0,0.3527,0.2818,3.6634,Pneumonia,0.858,False,False,1.0,8,1,0.2439,0.819
test:95923,18,E_161,Have you recently had a loss of appetite or do you get full more quickly then usually?,False,graph_ig+v13_base,"[""graph_ig"", ""v13_base""]",0.6509,0.9734,0.3332,0.219,2.8471,Pneumonia,0.858,False,False,2.0,9,2,0.2304,0.8575
test:95923,18,E_208,"Is your BMI less than 18.5, or are you underweight?",False,graph_ig+v13_base,"[""graph_ig"", ""v13_base""]",0.6332,0.948,0.2953,0.1941,2.5233,Pneumonia,0.858,False,False,4.0,10,3,0.2042,0.9391
test:95923,18,E_219,Are your symptoms more prominent at night?,False,graph_ig+v13_base,"[""graph_ig"", ""v13_base""]",0.6299,0.9369,0.2208,0.2709,3.5212,Pneumonia,0.858,False,False,6.0,14,4,0.1527,0.9893
test:95923,18,E_175,"Have you noticed any new fatigue, generalized and vague discomfort, diffuse (widespread) muscle aches or a change in your general well-being related to your consultation today?",False,graph_ig+v13_base,"[""graph_ig"", ""v13_base""]",0.6238,0.9064,0.2856,0.2419,3.1441,Pneumonia,0.858,False,False,9.0,11,5,0.1975,0.9616
test:95923,18,E_78,Do you drink alcohol excessively or do you have an addiction to alcohol?,False,graph_ig+v13_base,"[""graph_ig"", ""v13_base""]",0.602,0.9472,0.2321,0.1384,1.7986,Pneumonia,0.858,False,False,5.0,16,6,0.1605,0.9006
test:95923,18,E_91,Do you have a fever (either felt or measured with a thermometer)?,False,graph_ig+v13_base,"[""graph_ig"", ""v13_base""]",0.6016,0.9519,0.3044,0.0967,1.2568,Pneumonia,0.858,False,False,3.0,12,7,0.2105,0.7776
test:95923,18,E_196,Have you had surgery within the last month?,False,graph_ig+v13_base,"[""graph_ig"", ""v13_base""]",0.5923,0.907,0.2142,0.2264,2.9438,Pneumonia,0.858,False,False,8.0,17,8,0.1481,0.853
test:95923,18,E_79,Do you smoke cigarettes?,False,graph_ig+v13_base,"[""graph_ig"", ""v13_base""]",0.5726,0.9029,0.2651,0.0666,0.8657,Pneumonia,0.858,False,False,10.0,13,9,0.1833,0.8668
test:95923,18,E_45,Have you been coughing up blood?,False,v13_base,"[""v13_base""]",0.5623,0.8975,0.1361,0.1374,1.786,Pneumonia,0.858,False,False,11.0,10,10,0.0941,0.9695
test:95923,18,E_144,Do you have diffuse (widespread) muscle pain?,False,graph_ig+v13_base,"[""graph_ig"", ""v13_base""]",0.5514,0.771,0.3556,0.1707,2.2188,Pneumonia,0.858,False,False,12.0,15,11,0.2459,0.8136
test:95923,18,E_124,Do you have asthma or have you ever had to use a bronchodilator in the past?,False,v13_base,"[""v13_base""]",0.5431,0.9341,0.0768,0.1243,1.6158,Pneumonia,0.858,False,False,7.0,12,12,0.0531,0.787
test:34242,1,E_83,Have you noticed weakness in your facial muscles and/or eyes?,True,graph_ig+rare_support+v13_base,"[""graph_ig"", ""rare_support"", ""v13_base""]",0.9722,0.9622,0.699,1.0,13.4048,Guillain-Barré syndrome,0.6376,True,False,3.0,7,1,0.406,0.8443
test:34242,1,E_93,"Do you have numbness, loss of sensation or tingling in the feet?",False,graph_ig+rare_support+v13_base,"[""graph_ig"", ""rare_support"", ""v13_base""]",0.9392,0.9469,0.6207,1.0,13.3249,Guillain-Barré syndrome,0.6376,True,False,4.0,9,2,0.3605,0.7795
test:34242,1,E_156,"Have you had weakness or paralysis on one side of the face, which may still be present or completely resolved?",False,graph_ig+rare_support+v13_base,"[""graph_ig"", ""rare_support"", ""v13_base""]",0.9091,0.9272,0.5582,1.0,13.2501,Guillain-Barré syndrome,0.6376,True,False,5.0,12,3,0.3242,0.7233
test:34242,1,E_63,Do you have difficulty articulating words/speaking?,False,graph_ig+rare_support+v13_base,"[""graph_ig"", ""rare_support"", ""v13_base""]",0.8917,0.8805,0.9669,1.0,13.5284,Myasthenia gravis,0.36,True,False,6.0,3,4,0.5616,0.5371
test:34242,1,E_52,Do you have the perception of seeing two images of a single object seen overlapping or adjacent to each other (double vision)?,False,graph_ig+rare_support+v13_base,"[""graph_ig"", ""rare_support"", ""v13_base""]",0.887,0.8681,0.9702,1.0,13.5307,Myasthenia gravis,0.36,True,False,7.0,2,5,0.5635,0.5383
test:34242,1,E_28,Are there any members of your family who have been diagnosed myasthenia gravis?,False,graph_ig+rare_support+v13_base,"[""graph_ig"", ""rare_support"", ""v13_base""]",0.8793,0.7848,0.7972,1.0,13.392,Myasthenia gravis,0.36,True,False,11.0,8,6,0.463,0.4686
test:34242,1,E_157,"Have you recently had numbness, loss of sensation or tingling, in both arms and legs and around your mouth?",False,graph_ig+v13_base,"[""graph_ig"", ""v13_base""]",0.7807,1.0,0.7503,0.2725,3.5425,Guillain-Barré syndrome,0.6376,False,False,1.0,5,7,0.4358,0.8865
test:34242,1,E_0,Have you recently had a viral infection?,False,graph_ig+v13_base,"[""graph_ig"", ""v13_base""]",0.7685,0.9828,0.7478,0.2556,3.3227,Guillain-Barré syndrome,0.6376,False,False,2.0,6,8,0.4343,0.8818
test:34242,1,E_65,"Do you have difficulty swallowing, or have a feeling of discomfort/blockage when swallowing?",False,graph_ig+v13_base,"[""graph_ig"", ""v13_base""]",0.7506,0.8496,1.0,0.3166,4.1152,Myasthenia gravis,0.36,False,False,9.0,1,9,0.5808,0.5501
test:34242,1,E_172,Do you have a hard time opening/raising one or both eyelids?,False,graph_ig+v13_base,"[""graph_ig"", ""v13_base""]",0.7414,0.862,0.9613,0.2986,3.8824,Myasthenia gravis,0.36,False,False,8.0,4,10,0.5583,0.535
test:34242,1,E_38,Do you have pain or weakness in your jaw?,False,graph_ig+rare_support+v13_base,"[""graph_ig"", ""rare_support"", ""v13_base""]",0.7272,0.6121,0.8165,1.0,13.4095,Myasthenia gravis,0.36,True,False,13.0,10,11,0.4742,0.4769
test:34242,1,E_90,Do your symptoms of muscle weakness increase with fatigue and/or stress?,False,graph_ig+rare_support+v13_base,"[""graph_ig"", ""rare_support"", ""v13_base""]",0.6794,0.6743,0.5613,1.0,13.1193,Myasthenia gravis,0.36,True,False,12.0,13,12,0.326,0.3567
test:34242,2,E_93,"Do you have numbness, loss of sensation or tingling in the feet?",False,graph_ig+rare_support+v13_base,"[""graph_ig"", ""rare_support"", ""v13_base""]",0.9001,0.949,0.3984,1.0,13.3249,Guillain-Barré syndrome,0.8719,True,False,3.0,2,1,0.196,0.9343
test:34242,2,E_156,"Have you had weakness or paralysis on one side of the face, which may still be present or completely resolved?",False,graph_ig+rare_support+v13_base,"[""graph_ig"", ""rare_support"", ""v13_base""]",0.8862,0.9301,0.3553,1.0,13.2501,Guillain-Barré syndrome,0.8719,True,False,4.0,3,2,0.1748,0.989
test:34242,2,E_63,Do you have difficulty articulating words/speaking?,False,graph_ig+rare_support+safety_recovery+v13_base,"[""graph_ig"", ""rare_support"", ""safety_recovery"", ""v13_base""]",0.8024,0.8767,0.4815,1.0,13.5284,Myasthenia gravis,0.0502,True,True,5.0,10,3,0.2369,0.0749
test:34242,2,E_28,Are there any members of your family who have been diagnosed myasthenia gravis?,False,graph_ig+rare_support+safety_recovery+v13_base,"[""graph_ig"", ""rare_support"", ""safety_recovery"", ""v13_base""]",0.7404,0.7817,0.4085,1.0,13.392,Myasthenia gravis,0.0502,True,True,10.0,13,4,0.201,0.0654
test:34242,2,E_52,Do you have the perception of seeing two images of a single object seen overlapping or adjacent to each other (double vision)?,False,graph_ig+rare_support+safety_recovery+v13_base,"[""graph_ig"", ""rare_support"", ""safety_recovery"", ""v13_base""]",0.7171,0.8642,0.4829,1.0,13.5307,Myasthenia gravis,0.0502,True,True,6.0,9,5,0.2376,0.0751
test:34242,2,E_0,Have you recently had a viral infection?,False,graph_ig+v13_base,"[""graph_ig"", ""v13_base""]",0.6954,0.9834,0.4892,0.2556,3.3227,Guillain-Barré syndrome,0.8719,False,False,2.0,1,6,0.2407,0.7943
test:34242,2,E_157,"Have you recently had numbness, loss of sensation or tingling, in both arms and legs and around your mouth?",False,graph_ig+v13_base,"[""graph_ig"", ""v13_base""]",0.6743,1.0,0.3843,0.2725,3.5425,Guillain-Barré syndrome,0.8719,False,False,1.0,5,7,0.1891,0.7372
test:34242,2,E_65,"Do you have difficulty swallowing, or have a feeling of discomfort/blockage when swallowing?",False,graph_ig+v13_base,"[""graph_ig"", ""v13_base""]",0.6158,0.846,0.6421,0.3166,4.1152,Myasthenia gravis,0.0502,False,False,8.0,4,8,0.3159,0.1129
test:34242,2,E_177,"Do you currently, or did you ever, have numbness, loss of sensitivity or tingling anywhere on your body?",False,graph_ig+v13_base,"[""graph_ig"", ""v13_base""]",0.5963,0.8305,0.2776,0.2874,3.7363,Guillain-Barré syndrome,0.8719,False,False,9.0,7,9,0.1366,0.9565
test:34242,2,E_38,Do you have pain or weakness in your jaw?,False,graph_ig+rare_support+safety_recovery+v13_base,"[""graph_ig"", ""rare_support"", ""safety_recovery"", ""v13_base""]",0.5853,0.6097,0.4171,1.0,13.4095,Myasthenia gravis,0.0502,True,True,12.0,18,10,0.2052,0.0665
test:34242,2,E_90,Do your symptoms of muscle weakness increase with fatigue and/or stress?,False,rare_support+safety_recovery+v13_base,"[""rare_support"", ""safety_recovery"", ""v13_base""]",0.5822,0.6722,0.299,1.0,13.1193,Myasthenia gravis,0.0502,True,True,11.0,11,11,0.1471,0.0498
test:34242,2,E_172,Do you have a hard time opening/raising one or both eyelids?,False,graph_ig+v13_base,"[""graph_ig"", ""v13_base""]",0.5732,0.8583,0.4791,0.2986,3.8824,Myasthenia gravis,0.0502,False,False,7.0,11,12,0.2357,0.0746
test:95923,1,E_142,Does your mother suffer from asthma?,True,rare_support+safety_recovery+v13_base,"[""rare_support"", ""safety_recovery"", ""v13_base""]",0.713,0.9256,0.3052,1.0,13.2646,Bronchiolitis,0.1793,True,True,3.0,1,1,0.1023,0.2019
test:95923,1,E_23,Do you ever temporarily stop breathing while you’re asleep?,False,rare_support+safety_recovery+v13_base,"[""rare_support"", ""safety_recovery"", ""v13_base""]",0.7008,0.7258,0.2977,1.0,13.2441,Bronchiolitis,0.1793,True,True,5.0,2,2,0.0998,0.1978
test:95923,1,E_181,Do you have nasal congestion or a clear runny nose?,False,graph_ig+v13_base,"[""graph_ig"", ""v13_base""]",0.6844,1.0,0.6951,0.1245,1.6183,Bronchiolitis,0.1793,False,False,1.0,5,3,0.233,0.3573
test:95923,1,E_91,Do you have a fever (either felt or measured with a thermometer)?,False,graph_ig+v13_base,"[""graph_ig"", ""v13_base""]",0.6786,0.9974,0.682,0.1189,1.5462,Bronchiolitis,0.1793,False,False,2.0,6,4,0.2286,0.3546
test:95923,1,E_46,Have you had 2 or more asthma attacks in the past year?,False,graph_ig+rare_support+v13_base,"[""graph_ig"", ""rare_support"", ""v13_base""]",0.6715,0.5321,0.4827,1.0,13.5654,Bronchospasm / acute asthma exacerbation,0.2017,True,False,13.0,8,5,0.1618,0.3141
test:95923,1,E_119,Have you been diagnosed with chronic sinusitis?,False,graph_ig+rare_support+v13_base,"[""graph_ig"", ""rare_support"", ""v13_base""]",0.6588,0.5238,0.4523,1.0,13.519,Bronchospasm / acute asthma exacerbation,0.2017,True,False,15.0,10,6,0.1516,0.2999
test:95923,1,E_101,Have you been hospitalized for an asthma attack in the past year?,False,graph_ig+rare_support+v13_base,"[""graph_ig"", ""rare_support"", ""v13_base""]",0.6484,0.5131,0.4338,1.0,13.4884,Bronchospasm / acute asthma exacerbation,0.2017,True,False,16.0,11,7,0.1454,0.2909
test:95923,1,E_183,Do you live in a rural area?,False,rare_support+safety_recovery+v13_base,"[""rare_support"", ""safety_recovery"", ""v13_base""]",0.6238,0.7258,0.3076,1.0,13.2713,Bronchiolitis,0.1793,True,True,6.0,8,8,0.1031,0.2032
test:95923,1,E_195,Do you live in the suburbs?,False,rare_support+safety_recovery+v13_base,"[""rare_support"", ""safety_recovery"", ""v13_base""]",0.6208,0.7258,0.2977,1.0,13.2441,Bronchiolitis,0.1793,True,True,7.0,9,9,0.0998,0.1978
test:95923,1,E_214,Have you noticed a wheezing sound when you exhale?,False,graph_ig+v13_base,"[""graph_ig"", ""v13_base""]",0.569,0.6815,0.6387,0.2097,2.7263,Bronchospasm / acute asthma exacerbation,0.2017,False,False,9.0,2,10,0.2141,0.6065
test:95923,1,E_124,Do you have asthma or have you ever had to use a bronchodilator in the past?,False,graph_ig+v13_base,"[""graph_ig"", ""v13_base""]",0.5527,0.6443,0.6999,0.1621,2.1073,Bronchospasm / acute asthma exacerbation,0.2017,False,False,10.0,1,11,0.2346,0.5537
test:95923,1,E_209,Are your vaccinations up to date?,False,v13_base,"[""v13_base""]",0.5268,0.9191,0.2521,0.1651,2.1457,Bronchiolitis,0.1793,False,False,4.0,12,12,0.0845,0.1719
test:95923,2,E_46,Have you had 2 or more asthma attacks in the past year?,True,graph_ig+rare_support+v13_base,"[""graph_ig"", ""rare_support"", ""v13_base""]",0.8181,0.8176,0.5312,1.0,13.5654,Bronchospasm / acute asthma exacerbation,0.2398,True,False,7.0,8,1,0.1693,0.3731
test:95923,2,E_119,Have you been diagnosed with chronic sinusitis?,False,graph_ig+rare_support+v13_base,"[""graph_ig"", ""rare_support"", ""v13_base""]",0.8019,0.8043,0.4973,1.0,13.519,Bronchospasm / acute asthma exacerbation,0.2398,True,False,8.0,10,2,0.1585,0.3562
test:95923,2,E_101,Have you been hospitalized for an asthma attack in the past year?,False,graph_ig+rare_support+v13_base,"[""graph_ig"", ""rare_support"", ""v13_base""]",0.788,0.7873,0.4766,1.0,13.4884,Bronchospasm / acute asthma exacerbation,0.2398,True,False,10.0,11,3,0.1519,0.3456
test:95923,2,E_124,Do you have asthma or have you ever had to use a bronchodilator in the past?,False,graph_ig+v13_base,"[""graph_ig"", ""v13_base""]",0.7333,1.0,0.7603,0.1621,2.1073,Bronchospasm / acute asthma exacerbation,0.2398,False,False,1.0,1,4,0.2423,0.6077
test:95923,2,E_214,Have you noticed a wheezing sound when you exhale?,False,graph_ig+v13_base,"[""graph_ig"", ""v13_base""]",0.6808,0.9013,0.6658,0.2097,2.7263,Bronchospasm / acute asthma exacerbation,0.2398,False,False,2.0,2,5,0.2122,0.6685
test:95923,2,E_116,Have you had a cold in the last 2 weeks?,False,graph_ig+v13_base,"[""graph_ig"", ""v13_base""]",0.5852,0.8187,0.5378,0.2235,2.905,Bronchospasm / acute asthma exacerbation,0.2398,False,False,6.0,7,6,0.1714,0.3762
test:95923,2,E_224,Do you have family members who have had lung cancer?,False,rare_support+safety_recovery+v13_base,"[""rare_support"", ""safety_recovery"", ""v13_base""]",0.5725,0.7507,0.1214,1.0,13.4103,Pulmonary neoplasm,0.0319,True,True,12.0,7,7,0.0387,0.0436
test:95923,2,E_226,Are you more likely to develop common allergies than the general population?,False,graph_ig+v13_base,"[""graph_ig"", ""v13_base""]",0.5487,0.7839,0.4926,0.1869,2.4295,Bronchospasm / acute asthma exacerbation,0.2398,False,False,11.0,9,8,0.157,0.3539
test:95923,2,E_201,Do you have a cough?,False,graph_ig+v13_base,"[""graph_ig"", ""v13_base""]",0.5211,0.6746,0.4998,0.0722,0.9384,Bronchospasm / acute asthma exacerbation,0.2398,False,False,14.0,3,9,0.1593,0.7819
test:95923,2,E_45,Have you been coughing up blood?,False,v13_base,"[""v13_base""]",0.5158,0.8354,0.3401,0.1759,2.2867,Pulmonary neoplasm,0.0319,False,False,4.0,10,10,0.1084,0.1969
test:95923,2,E_222,Are you exposed to secondhand cigarette smoke on a daily basis?,False,graph_ig+v13_base,"[""graph_ig"", ""v13_base""]",0.5137,0.742,0.4324,0.1835,2.3861,Bronchospasm / acute asthma exacerbation,0.2398,False,False,13.0,12,11,0.1378,0.3502
test:95923,2,E_191,Are you a former smoker?,False,v13_base,"[""v13_base""]",0.4792,0.8255,0.1534,0.3205,4.166,Pulmonary neoplasm,0.0319,False,False,5.0,12,12,0.0489,0.0525
test:95923,3,E_201,Do you have a cough?,True,graph_ig+v13_base,"[""graph_ig"", ""v13_base""]",0.6226,0.8389,0.526,0.0722,0.9384,Bronchospasm / acute asthma exacerbation,0.2794,False,False,6.0,2,1,0.156,0.9918
test:95923,3,E_5,Have you ever had fluid in your lungs?,False,rare_support+safety_recovery+v13_base,"[""rare_support"", ""safety_recovery"", ""v13_base""]",0.6081,0.799,0.1733,1.0,13.631,Acute pulmonary edema,0.0316,True,True,9.0,2,2,0.0514,0.0523
test:95923,3,E_8,Do you currently undergo dialysis?,False,rare_support+safety_recovery+v13_base,"[""rare_support"", ""safety_recovery"", ""v13_base""]",0.5867,0.7637,0.1531,1.0,13.5311,Acute pulmonary edema,0.0316,True,True,13.0,3,3,0.0454,0.0473
test:95923,3,E_67,Do you have bouts of choking or shortness of breath that wake you up at night?,False,rare_support+safety_recovery+v13_base,"[""rare_support"", ""safety_recovery"", ""v13_base""]",0.5849,0.7608,0.1514,1.0,13.5218,Acute pulmonary edema,0.0316,True,True,14.0,4,4,0.0449,0.0469
test:95923,3,E_79,Do you smoke cigarettes?,False,graph_ig+v13_base,"[""graph_ig"", ""v13_base""]",0.5838,1.0,0.3891,0.0954,1.2399,Pulmonary neoplasm,0.0318,False,False,1.0,18,5,0.1154,0.1745
test:95923,3,E_217,Are your symptoms worse when lying down and alleviated while sitting up?,False,graph_ig+v13_base,"[""graph_ig"", ""v13_base""]",0.5752,0.8969,0.4164,0.2252,2.9273,Pericarditis,0.0965,False,False,4.0,17,6,0.1235,0.2247
test:95923,3,E_224,Do you have family members who have had lung cancer?,False,rare_support+safety_recovery+v13_base,"[""rare_support"", ""safety_recovery"", ""v13_base""]",0.562,0.7212,0.1328,1.0,13.4103,Pulmonary neoplasm,0.0318,True,True,16.0,7,7,0.0394,0.0421
test:95923,3,E_45,Have you been coughing up blood?,False,graph_ig+v13_base,"[""graph_ig"", ""v13_base""]",0.5511,0.8036,0.4683,0.1453,1.8891,Bronchiectasis,0.2688,False,False,8.0,12,8,0.1389,0.4335
test:95923,3,E_106,Do you have heart failure?,False,v13_base,"[""v13_base""]",0.5468,0.8811,0.3506,0.2413,3.1367,Acute pulmonary edema,0.0316,False,False,5.0,9,9,0.104,0.1442
test:95923,3,E_222,Are you exposed to secondhand cigarette smoke on a daily basis?,False,graph_ig+v13_base,"[""graph_ig"", ""v13_base""]",0.5449,0.7711,0.4855,0.1835,2.3861,Bronchospasm / acute asthma exacerbation,0.2794,False,False,12.0,13,10,0.144,0.3981
test:95923,3,E_218,Do you have symptoms that are increased with physical exertion but alleviated with rest?,False,v13_base,"[""v13_base""]",0.5237,0.9238,0.234,0.203,2.6392,Acute pulmonary edema,0.0316,False,False,3.0,11,11,0.0694,0.0886
test:95923,3,E_151,Do you have swelling in one or more areas of your body?,False,v13_base,"[""v13_base""]",0.5208,0.9302,0.2279,0.1947,2.5307,Acute pulmonary edema,0.0316,False,False,2.0,12,12,0.0676,0.0632
test:95923,4,E_5,Have you ever had fluid in your lungs?,True,rare_support+safety_recovery+v13_base,"[""rare_support"", ""safety_recovery"", ""v13_base""]",0.5802,0.7402,0.1676,1.0,13.631,Acute pulmonary edema,0.0312,True,True,3.0,1,1,0.0461,0.0517
test:95923,4,E_151,Do you have swelling in one or more areas of your body?,False,v13_base,"[""v13_base""]",0.5744,1.0,0.3022,0.1947,2.5307,Acute pulmonary edema,0.0312,False,False,1.0,2,2,0.0831,0.0996
test:95923,4,E_8,Do you currently undergo dialysis?,False,rare_support+safety_recovery+v13_base,"[""rare_support"", ""safety_recovery"", ""v13_base""]",0.5599,0.7072,0.148,1.0,13.5311,Acute pulmonary edema,0.0312,True,True,4.0,3,3,0.0407,0.0468
test:95923,4,E_67,Do you have bouts of choking or shortness of breath that wake you up at night?,False,rare_support+safety_recovery+v13_base,"[""rare_support"", ""safety_recovery"", ""v13_base""]",0.5583,0.7046,0.1465,1.0,13.5218,Acute pulmonary edema,0.0312,True,True,5.0,4,4,0.0403,0.0463
test:95923,4,E_106,Do you have heart failure?,False,v13_base,"[""v13_base""]",0.4989,0.8171,0.2884,0.2413,3.1367,Acute pulmonary edema,0.0312,False,False,2.0,5,5,0.0793,0.1089
test:95923,4,E_64,Do you feel out of breath with minimal physical effort?,False,rare_support+safety_recovery+v13_base,"[""rare_support"", ""safety_recovery"", ""v13_base""]",0.4942,0.5816,0.1149,1.0,13.3242,Myocarditis,0.0311,True,True,10.0,6,6,0.0316,0.0377
test:95923,4,E_0,Have you recently had a viral infection?,False,graph_ig+v13_base,"[""graph_ig"", ""v13_base""]",0.4841,0.6573,0.4422,0.2556,3.3227,Guillain-Barré syndrome,0.129,False,False,8.0,13,7,0.1216,0.2658
test:95923,4,E_63,Do you have difficulty articulating words/speaking?,False,rare_support+safety_recovery+v13_base,"[""rare_support"", ""safety_recovery"", ""v13_base""]",0.4732,0.426,0.28,1.0,13.5284,Myasthenia gravis,0.0767,True,True,16.0,8,8,0.077,0.1145
test:95923,4,E_52,Do you have the perception of seeing two images of a single object seen overlapping or adjacent to each other (double vision)?,False,rare_support+safety_recovery+v13_base,"[""rare_support"", ""safety_recovery"", ""v13_base""]",0.4711,0.4211,0.2807,1.0,13.5307,Myasthenia gravis,0.0767,True,True,18.0,9,9,0.0772,0.1147
test:95923,4,E_193,"Do you have annoying muscle spasms in your face, neck or any other part of your body?",False,graph_ig+rare_support,"[""graph_ig"", ""rare_support""]",0.4276,0.0,0.46,1.0,13.407,Acute dystonic reactions,0.245,True,False,,8,10,0.1265,0.3262
test:95923,4,E_168,Do you have trouble keeping your tongue in your mouth?,False,graph_ig+rare_support,"[""graph_ig"", ""rare_support""]",0.4264,0.0,0.456,1.0,13.4003,Acute dystonic reactions,0.245,True,False,,9,11,0.1254,0.3241
test:95923,4,E_192,Do you feel that muscle spasms or soreness in your neck are keeping you from turning your head to one side?,False,graph_ig+rare_support,"[""graph_ig"", ""rare_support""]",0.4262,0.0,0.4553,1.0,13.3991,Acute dystonic reactions,0.245,True,False,,10,12,0.1252,0.3237
test:95923,5,E_63,Do you have difficulty articulating words/speaking?,True,rare_support+safety_recovery+v13_base,"[""rare_support"", ""safety_recovery"", ""v13_base""]",0.7031,0.9795,0.217,1.0,13.5284,Myasthenia gravis,0.0542,True,True,3.0,1,1,0.0737,0.0809
test:95923,5,E_52,Do you have the perception of seeing two images of a single object seen overlapping or adjacent to each other (double vision)?,False,rare_support+safety_recovery+v13_base,"[""rare_support"", ""safety_recovery"", ""v13_base""]",0.6973,0.9661,0.2175,1.0,13.5307,Myasthenia gravis,0.0542,True,True,5.0,2,2,0.0739,0.0811
test:95923,5,E_0,Have you recently had a viral infection?,False,graph_ig+v13_base,"[""graph_ig"", ""v13_base""]",0.6638,0.9863,0.5125,0.2556,3.3227,Guillain-Barré syndrome,0.2081,False,False,2.0,10,3,0.1741,0.4069
test:95923,5,E_64,Do you feel out of breath with minimal physical effort?,False,rare_support+safety_recovery+v13_base,"[""rare_support"", ""safety_recovery"", ""v13_base""]",0.6586,0.8718,0.2249,1.0,13.3242,Myocarditis,0.0834,True,True,10.0,4,4,0.0764,0.1008
test:95923,5,E_172,Do you have a hard time opening/raising one or both eyelids?,False,graph_ig+v13_base,"[""graph_ig"", ""v13_base""]",0.6541,0.9567,0.4586,0.2893,3.7608,Acute dystonic reactions,0.3626,False,False,6.0,9,5,0.1558,0.5108
test:95923,5,E_28,Are there any members of your family who have been diagnosed myasthenia gravis?,False,rare_support+safety_recovery+v13_base,"[""rare_support"", ""safety_recovery"", ""v13_base""]",0.6478,0.8773,0.184,1.0,13.392,Myasthenia gravis,0.0542,True,True,9.0,6,6,0.0625,0.0706
test:95923,5,E_53,"Do you have pain somewhere, related to your reason for consulting?",False,graph_ig+v13_base,"[""graph_ig"", ""v13_base""]",0.6236,0.6637,1.0,0.0208,0.271,Panic attack,0.0964,False,False,17.0,1,7,0.3397,0.708
test:95923,5,E_84,Do you feel weakness in both arms and/or both legs?,False,graph_ig+v13_base,"[""graph_ig"", ""v13_base""]",0.6178,0.8568,0.5222,0.3187,4.1429,Guillain-Barré syndrome,0.2081,False,False,11.0,11,8,0.1774,0.3799
test:95923,5,E_155,"Do you feel your heart is beating fast (racing), irregularly (missing a beat) or do you feel palpitations?",False,v13_base,"[""v13_base""]",0.6012,0.9706,0.4045,0.1884,2.4488,Panic attack,0.0964,False,False,4.0,9,9,0.1374,0.2567
test:95923,5,E_90,Do your symptoms of muscle weakness increase with fatigue and/or stress?,False,rare_support+safety_recovery+v13_base,"[""rare_support"", ""safety_recovery"", ""v13_base""]",0.5808,0.7595,0.1345,1.0,13.1193,Myasthenia gravis,0.0542,True,True,14.0,10,10,0.0457,0.0537
test:95923,5,E_218,Do you have symptoms that are increased with physical exertion but alleviated with rest?,False,v13_base,"[""v13_base""]",0.5669,1.0,0.2705,0.1816,2.3608,Myocarditis,0.0834,False,False,1.0,11,11,0.0919,0.1294
test:95923,5,E_38,Do you have pain or weakness in your jaw?,False,rare_support+safety_recovery+v13_base,"[""rare_support"", ""safety_recovery"", ""v13_base""]",0.5621,0.6844,0.1878,1.0,13.4095,Myasthenia gravis,0.0542,True,True,15.0,12,12,0.0638,0.0718
test:95923,6,E_64,Do you feel out of breath with minimal physical effort?,True,rare_support+safety_recovery+v13_base,"[""rare_support"", ""safety_recovery"", ""v13_base""]",0.6393,0.7882,0.2801,1.0,13.3242,Myocarditis,0.1208,True,True,7.0,1,1,0.111,0.1459
test:95923,6,E_0,Have you recently had a viral infection?,False,graph_ig+v13_base,"[""graph_ig"", ""v13_base""]",0.622,0.8928,0.5122,0.2556,3.3227,Guillain-Barré syndrome,0.1719,False,False,5.0,9,2,0.203,0.4103
test:95923,6,E_196,Have you had surgery within the last month?,False,v13_base,"[""v13_base""]",0.607,1.0,0.2985,0.3314,4.3076,Pulmonary embolism,0.0213,False,False,1.0,3,3,0.1183,0.1608
test:95923,6,E_155,"Do you feel your heart is beating fast (racing), irregularly (missing a beat) or do you feel palpitations?",False,graph_ig+v13_base,"[""graph_ig"", ""v13_base""]",0.597,0.956,0.405,0.1884,2.4488,Panic attack,0.0837,False,False,2.0,16,4,0.1605,0.279
test:95923,6,E_34,Do you have an active cancer?,False,rare_support+safety_recovery+v13_base,"[""rare_support"", ""safety_recovery"", ""v13_base""]",0.5539,0.7265,0.0961,1.0,13.4207,Pulmonary embolism,0.0213,True,True,10.0,5,5,0.0381,0.0289
test:95923,6,E_218,Do you have symptoms that are increased with physical exertion but alleviated with rest?,False,v13_base,"[""v13_base""]",0.5405,0.9002,0.325,0.1816,2.3608,Myocarditis,0.1208,False,False,4.0,6,6,0.1288,0.1782
test:95923,6,E_110,Have you been unable to move or get up for more than 3 consecutive days within the last 4 weeks?,False,rare_support+safety_recovery+v13_base,"[""rare_support"", ""safety_recovery"", ""v13_base""]",0.5343,0.6896,0.0855,1.0,13.319,Pulmonary embolism,0.0213,True,True,13.0,7,7,0.0339,0.0261
test:95923,6,E_81,Do you suffer from chronic anxiety?,False,rare_support+safety_recovery+v13_base,"[""rare_support"", ""safety_recovery"", ""v13_base""]",0.5114,0.5015,0.2927,1.0,13.5299,Panic attack,0.0837,True,True,18.0,8,8,0.116,0.126
test:95923,6,E_175,"Have you noticed any new fatigue, generalized and vague discomfort, diffuse (widespread) muscle aches or a change in your general well-being related to your consultation today?",False,graph_ig+v13_base,"[""graph_ig"", ""v13_base""]",0.5103,0.7478,0.3866,0.2419,3.1441,Pneumonia,0.1207,False,False,9.0,18,9,0.1532,0.2872
test:95923,6,E_217,Are your symptoms worse when lying down and alleviated while sitting up?,False,v13_base,"[""v13_base""]",0.5082,0.8438,0.2935,0.1998,2.5973,Myocarditis,0.1208,False,False,6.0,10,10,0.1163,0.1517
test:95923,6,E_151,Do you have swelling in one or more areas of your body?,False,v13_base,"[""v13_base""]",0.4992,0.9411,0.1347,0.1909,2.4822,Pulmonary embolism,0.0213,False,False,3.0,11,11,0.0534,0.0385
test:95923,6,E_129,"Do you have any lesions, redness or problems on your skin that you believe are related to the condition you are consulting for?",False,graph_ig+v13_base,"[""graph_ig"", ""v13_base""]",0.4827,0.6009,0.6177,0.1497,1.9459,Pneumonia,0.1207,False,False,15.0,8,12,0.2448,0.2791
test:95923,7,E_129,"Do you have any lesions, redness or problems on your skin that you believe are related to the condition you are consulting for?",True,graph_ig+v13_base,"[""graph_ig"", ""v13_base""]",0.7074,0.9928,0.7927,0.1418,1.8438,SLE,0.126,False,False,2.0,1,1,0.2122,0.341
test:95923,7,E_196,Have you had surgery within the last month?,False,v13_base,"[""v13_base""]",0.6518,1.0,0.477,0.3314,4.3076,Pulmonary embolism,0.0851,False,False,1.0,2,2,0.1277,0.1623
test:95923,7,E_151,Do you have swelling in one or more areas of your body?,False,graph_ig+v13_base,"[""graph_ig"", ""v13_base""]",0.6393,0.9412,0.6104,0.1909,2.4822,Pulmonary embolism,0.0851,False,False,3.0,10,3,0.1634,0.2497
test:95923,7,E_34,Do you have an active cancer?,False,rare_support+safety_recovery+v13_base,"[""rare_support"", ""safety_recovery"", ""v13_base""]",0.6122,0.7244,0.2988,1.0,13.4207,Pulmonary embolism,0.0851,True,True,5.0,4,4,0.08,0.1151
test:95923,7,E_102,Are you consulting because you have high blood pressure?,False,rare_support+safety_recovery+v13_base,"[""rare_support"", ""safety_recovery"", ""v13_base""]",0.5889,0.6549,0.3179,1.0,13.2883,SLE,0.126,True,True,13.0,5,5,0.0851,0.1469
test:95923,7,E_110,Have you been unable to move or get up for more than 3 consecutive days within the last 4 weeks?,False,rare_support+safety_recovery+v13_base,"[""rare_support"", ""safety_recovery"", ""v13_base""]",0.5857,0.6872,0.2645,1.0,13.319,Pulmonary embolism,0.0851,True,True,9.0,6,6,0.0708,0.104
test:95923,7,E_206,Do you have painful mouth ulcers or sores?,False,rare_support+safety_recovery+v13_base,"[""rare_support"", ""safety_recovery"", ""v13_base""]",0.5666,0.5756,0.3646,1.0,13.4016,SLE,0.126,True,True,16.0,7,7,0.0976,0.1645
test:95923,7,E_89,Do you constantly feel fatigued or do you have non-restful sleep?,False,graph_ig+v13_base,"[""graph_ig"", ""v13_base""]",0.5115,0.6716,0.4968,0.1753,2.279,Anemia,0.2407,False,False,10.0,8,8,0.133,0.5
test:95923,7,E_159,Did you lose consciousness?,False,v13_base,"[""v13_base""]",0.506,0.7546,0.3702,0.2839,3.6911,Pulmonary embolism,0.0851,False,False,4.0,9,9,0.0991,0.1715
test:95923,7,E_146,Are you taking any new oral anticoagulants ((NOACs)?,False,graph_ig+rare_support,"[""graph_ig"", ""rare_support""]",0.4841,0.0,0.6627,1.0,13.5643,Anemia,0.2407,True,False,,2,10,0.1774,0.3846
test:95923,7,E_79,Do you smoke cigarettes?,False,graph_ig+v13_base,"[""graph_ig"", ""v13_base""]",0.4794,0.7115,0.4744,0.0779,1.0132,Possible NSTEMI / STEMI,0.0564,False,False,6.0,17,11,0.127,0.25
test:95923,7,E_155,"Do you feel your heart is beating fast (racing), irregularly (missing a beat) or do you feel palpitations?",False,v13_base,"[""v13_base""]",0.4758,0.6576,0.4617,0.1862,2.4209,Atrial fibrillation,0.0525,False,False,11.0,12,12,0.1236,0.2718
test:95923,8,E_12,Do you have a known severe food allergy?,True,graph_ig+rare_support+safety_recovery+v13_base,"[""graph_ig"", ""rare_support"", ""safety_recovery"", ""v13_base""]",0.7521,0.8246,0.2859,1.0,13.5949,Anaphylaxis,0.1836,True,True,2.0,15,1,0.1992,0.2955
test:95923,8,E_42,Have you been in contact with or ate something that you have an allergy to?,False,graph_ig+rare_support+safety_recovery+v13_base,"[""graph_ig"", ""rare_support"", ""safety_recovery"", ""v13_base""]",0.7405,0.8107,0.2696,1.0,13.5527,Anaphylaxis,0.1836,True,True,4.0,17,2,0.1878,0.2833
test:95923,8,E_102,Are you consulting because you have high blood pressure?,False,rare_support+v13_base,"[""rare_support"", ""v13_base""]",0.7106,0.7155,0.2365,1.0,13.2883,SLE,0.4248,True,False,13.0,3,3,0.1648,0.4952
test:95923,8,E_206,Do you have painful mouth ulcers or sores?,False,rare_support+v13_base,"[""rare_support"", ""v13_base""]",0.6898,0.6341,0.2759,1.0,13.4016,SLE,0.4248,True,False,15.0,4,4,0.1922,0.5546
test:95923,8,E_134,How intense is the pain caused by the rash?,False,graph_ig+v13_base,"[""graph_ig"", ""v13_base""]",0.6365,0.8207,0.6373,0.1406,1.8274,Anaphylaxis,0.1836,False,False,3.0,4,5,0.444,0.7977
test:95923,8,E_151,Do you have swelling in one or more areas of your body?,False,graph_ig+v13_base,"[""graph_ig"", ""v13_base""]",0.6263,1.0,0.3947,0.2022,2.629,Anaphylaxis,0.1836,False,False,1.0,8,6,0.275,0.372
test:95923,8,E_187,Did you eat dark-fleshed fish (such as tuna) or Swiss cheese before the reaction occurred?,False,graph_ig+rare_support+safety_recovery+v13_base,"[""graph_ig"", ""rare_support"", ""safety_recovery"", ""v13_base""]",0.6037,0.6227,0.3667,1.0,13.799,Scombroid food poisoning,0.1625,True,True,17.0,11,7,0.2555,0.3179
test:95923,8,E_92,Did your cheeks suddenly turn red?,False,graph_ig+rare_support+safety_recovery+v13_base,"[""graph_ig"", ""rare_support"", ""safety_recovery"", ""v13_base""]",0.6026,0.6165,0.3726,1.0,13.8064,Scombroid food poisoning,0.1625,True,True,18.0,10,8,0.2596,0.3203
test:95923,8,E_79,Do you smoke cigarettes?,False,graph_ig+v13_base,"[""graph_ig"", ""v13_base""]",0.5074,0.8017,0.2779,0.067,0.8706,SLE,0.4248,False,False,5.0,9,9,0.1936,0.6379
test:95923,8,E_82,Do you feel lightheaded and dizzy or do you feel like you are about to faint?,False,graph_ig+v13_base,"[""graph_ig"", ""v13_base""]",0.505,0.783,0.247,0.1865,2.4249,Anemia,0.101,False,False,6.0,13,10,0.1721,0.5354
test:95923,8,E_3,Have you ever had a pericarditis?,False,graph_ig+v13_base,"[""graph_ig"", ""v13_base""]",0.4907,0.7189,0.2493,0.2671,3.4722,SLE,0.4248,False,False,12.0,14,11,0.1737,0.5151
test:95923,8,E_89,Do you constantly feel fatigued or do you have non-restful sleep?,False,graph_ig+v13_base,"[""graph_ig"", ""v13_base""]",0.4839,0.7397,0.2239,0.1511,1.9643,SLE,0.4248,False,False,9.0,12,12,0.156,0.6481
test:95923,9,E_187,Did you eat dark-fleshed fish (such as tuna) or Swiss cheese before the reaction occurred?,True,graph_ig+rare_support+v13_base,"[""graph_ig"", ""rare_support"", ""v13_base""]",0.9132,1.0,0.5595,1.0,13.799,Scombroid food poisoning,0.2213,True,False,1.0,6,1,0.3851,0.4329
test:95923,9,E_92,Did your cheeks suddenly turn red?,False,graph_ig+rare_support+v13_base,"[""graph_ig"", ""rare_support"", ""v13_base""]",0.9109,0.989,0.5691,1.0,13.8064,Scombroid food poisoning,0.2213,True,False,2.0,5,2,0.3917,0.4361
test:95923,9,E_102,Are you consulting because you have high blood pressure?,False,graph_ig+rare_support+v13_base,"[""graph_ig"", ""rare_support"", ""v13_base""]",0.7331,0.7117,0.2946,1.0,13.2883,SLE,0.5074,True,False,7.0,17,3,0.2028,0.5916
test:95923,9,E_206,Do you have painful mouth ulcers or sores?,False,graph_ig+rare_support+v13_base,"[""graph_ig"", ""rare_support"", ""v13_base""]",0.7173,0.6329,0.3451,1.0,13.4016,SLE,0.5074,True,False,8.0,18,4,0.2375,0.6625
test:95923,9,E_134,How intense is the pain caused by the rash?,False,graph_ig+v13_base,"[""graph_ig"", ""v13_base""]",0.6918,0.7667,0.8829,0.137,1.7809,Scombroid food poisoning,0.2213,False,False,4.0,2,5,0.6077,0.9859
test:95923,9,E_79,Do you smoke cigarettes?,False,graph_ig+v13_base,"[""graph_ig"", ""v13_base""]",0.5309,0.8003,0.3327,0.067,0.8706,SLE,0.5074,False,False,3.0,8,6,0.229,0.7422
test:95923,9,E_3,Have you ever had a pericarditis?,False,graph_ig+v13_base,"[""graph_ig"", ""v13_base""]",0.5147,0.7155,0.3109,0.2671,3.4722,SLE,0.5074,False,False,6.0,9,7,0.214,0.6153
test:95923,9,E_89,Do you constantly feel fatigued or do you have non-restful sleep?,False,graph_ig+v13_base,"[""graph_ig"", ""v13_base""]",0.4963,0.7381,0.2974,0.1511,1.9643,SLE,0.5074,False,False,5.0,10,8,0.2047,0.5957
test:95923,9,E_141,Did you have your first menstrual period before the age of 12?,False,rare_support+v13_base,"[""rare_support"", ""v13_base""]",0.4763,0.4611,0.1517,0.981,12.7534,SLE,0.5074,True,False,14.0,9,9,0.1044,0.3465
test:95923,9,E_214,Have you noticed a wheezing sound when you exhale?,False,graph_ig+v13_base,"[""graph_ig"", ""v13_base""]",0.4301,0.617,0.2901,0.1796,2.3351,Anaphylaxis,0.1707,False,False,9.0,13,10,0.1997,0.44
test:95923,9,E_51,Have you had diarrhea or an increase in stool frequency?,False,graph_ig+v13_base,"[""graph_ig"", ""v13_base""]",0.4287,0.6028,0.29,0.2027,2.6355,Anaphylaxis,0.1707,False,False,11.0,14,11,0.1996,0.4436
test:95923,9,E_82,Do you feel lightheaded and dizzy or do you feel like you are about to faint?,False,graph_ig+v13_base,"[""graph_ig"", ""v13_base""]",0.4143,0.5837,0.2967,0.1648,2.143,Anaphylaxis,0.1707,False,False,12.0,12,12,0.2042,0.4454
test:95923,10,E_102,Are you consulting because you have high blood pressure?,True,rare_support+v13_base,"[""rare_support"", ""v13_base""]",0.8524,0.9928,0.317,1.0,13.2883,SLE,0.3973,True,False,3.0,1,1,0.204,0.4632
test:95923,10,E_206,Do you have painful mouth ulcers or sores?,False,rare_support+v13_base,"[""rare_support"", ""v13_base""]",0.7915,0.8163,0.3691,1.0,13.4016,SLE,0.3973,True,False,7.0,2,2,0.2375,0.5187
test:95923,10,E_134,How intense is the pain caused by the rash?,False,graph_ig+v13_base,"[""graph_ig"", ""v13_base""]",0.7256,0.8771,0.8934,0.1406,1.8274,Anaphylaxis,0.3203,False,False,6.0,3,3,0.5749,0.794
test:95923,10,E_3,Have you ever had a pericarditis?,False,graph_ig+v13_base,"[""graph_ig"", ""v13_base""]",0.632,0.9931,0.334,0.2671,3.4722,SLE,0.3973,False,False,2.0,13,4,0.2149,0.4818
test:95923,10,E_89,Do you constantly feel fatigued or do you have non-restful sleep?,False,graph_ig+v13_base,"[""graph_ig"", ""v13_base""]",0.6068,1.0,0.3198,0.1511,1.9643,SLE,0.3973,False,False,1.0,14,5,0.2058,0.4664
test:95923,10,E_79,Do you smoke cigarettes?,False,graph_ig+v13_base,"[""graph_ig"", ""v13_base""]",0.5862,0.9366,0.3719,0.067,0.8706,SLE,0.3973,False,False,5.0,8,6,0.2393,0.5838
test:95923,10,E_141,Did you have your first menstrual period before the age of 12?,False,rare_support+v13_base,"[""rare_support"", ""v13_base""]",0.5522,0.6388,0.1657,0.981,12.7534,SLE,0.3973,True,False,16.0,7,7,0.1066,0.2713
test:95923,10,E_189,Have you had sexual intercourse with an HIV-positive partner in the past 12 months?,False,rare_support+safety_recovery+v13_base,"[""rare_support"", ""safety_recovery"", ""v13_base""]",0.5487,0.7565,0.0292,1.0,13.4814,HIV (initial infection),0.0063,True,True,8.0,8,8,0.0188,0.0092
test:95923,10,E_115,Have you had unprotected sex with more than one partner in the last 6 months?,False,rare_support+safety_recovery+v13_base,"[""rare_support"", ""safety_recovery"", ""v13_base""]",0.5415,0.7406,0.0291,1.0,13.4777,HIV (initial infection),0.0063,True,True,9.0,9,9,0.0187,0.0092
test:95923,10,E_27,Have you ever had a sexually transmitted infection?,False,rare_support+safety_recovery+v13_base,"[""rare_support"", ""safety_recovery"", ""v13_base""]",0.5402,0.7377,0.0292,1.0,13.4798,HIV (initial infection),0.0063,True,True,10.0,10,10,0.0188,0.0092
test:95923,10,E_91,Do you have a fever (either felt or measured with a thermometer)?,False,v13_base,"[""v13_base""]",0.4901,0.9375,0.1517,0.1134,1.4747,HIV (initial infection),0.0063,False,False,4.0,11,11,0.0976,0.0762
test:95923,10,E_148,Are you feeling nauseous or do you feel like vomiting?,False,graph_ig+v13_base,"[""graph_ig"", ""v13_base""]",0.4654,0.693,0.2754,0.1363,1.7723,Anaphylaxis,0.3203,False,False,12.0,15,12,0.1772,0.5748
test:95923,11,E_27,Have you ever had a sexually transmitted infection?,True,rare_support+safety_recovery+v13_base,"[""rare_support"", ""safety_recovery"", ""v13_base""]",0.703,0.8142,0.1754,1.0,13.4798,HIV (initial infection),0.0884,True,True,4.0,1,1,0.119,0.127
test:95923,11,E_206,Do you have painful mouth ulcers or sores?,False,rare_support+v13_base,"[""rare_support"", ""v13_base""]",0.6509,0.5593,0.2969,1.0,13.4016,SLE,0.3445,True,False,18.0,2,2,0.2014,0.4498
test:95923,11,E_189,Have you had sexual intercourse with an HIV-positive partner in the past 12 months?,False,rare_support+safety_recovery+v13_base,"[""rare_support"", ""safety_recovery"", ""v13_base""]",0.6329,0.8361,0.1757,1.0,13.4814,HIV (initial infection),0.0884,True,True,2.0,3,3,0.1192,0.1272
test:95923,11,E_115,Have you had unprotected sex with more than one partner in the last 6 months?,False,rare_support+safety_recovery+v13_base,"[""rare_support"", ""safety_recovery"", ""v13_base""]",0.6243,0.8177,0.1748,1.0,13.4777,HIV (initial infection),0.0884,True,True,3.0,4,4,0.1186,0.1267
test:95923,11,E_134,How intense is the pain caused by the rash?,False,graph_ig+v13_base,"[""graph_ig"", ""v13_base""]",0.6229,0.7172,0.8129,0.1406,1.8274,Anaphylaxis,0.3082,False,False,11.0,4,5,0.5515,0.6885
test:95923,11,E_91,Do you have a fever (either felt or measured with a thermometer)?,False,graph_ig+v13_base,"[""graph_ig"", ""v13_base""]",0.5658,1.0,0.2758,0.1134,1.4747,HIV (initial infection),0.0884,False,False,1.0,18,6,0.1871,0.2415
test:95923,11,E_79,Do you smoke cigarettes?,False,graph_ig+v13_base,"[""graph_ig"", ""v13_base""]",0.4937,0.7784,0.3044,0.067,0.8706,SLE,0.3445,False,False,5.0,8,7,0.2065,0.5395
test:95923,11,E_148,Are you feeling nauseous or do you feel like vomiting?,False,graph_ig+v13_base,"[""graph_ig"", ""v13_base""]",0.4895,0.763,0.2305,0.1363,1.7723,Anaphylaxis,0.3082,False,False,7.0,12,8,0.1564,0.6126
test:95923,11,E_51,Have you had diarrhea or an increase in stool frequency?,False,graph_ig+v13_base,"[""graph_ig"", ""v13_base""]",0.4752,0.6893,0.2431,0.2027,2.6355,Anaphylaxis,0.3082,False,False,12.0,10,9,0.1649,0.6371
test:95923,11,E_3,Have you ever had a pericarditis?,False,graph_ig+v13_base,"[""graph_ig"", ""v13_base""]",0.4485,0.6356,0.269,0.2671,3.4722,SLE,0.3445,False,False,17.0,14,10,0.1825,0.4178
test:95923,11,E_61,Are you currently using intravenous drugs?,False,v13_base,"[""v13_base""]",0.4469,0.7498,0.1402,0.3197,4.1557,HIV (initial infection),0.0884,False,False,8.0,11,11,0.0951,0.1056
test:95923,11,E_162,Have you had an involuntary weight loss over the last 3 months?,False,v13_base,"[""v13_base""]",0.4464,0.7721,0.162,0.2327,3.0253,HIV (initial infection),0.0884,False,False,6.0,12,12,0.1099,0.1191
test:95923,12,E_206,Do you have painful mouth ulcers or sores?,True,rare_support+v13_base,"[""rare_support"", ""v13_base""]",0.7464,0.7849,0.2817,1.0,13.4016,SLE,0.3273,True,False,10.0,1,1,0.1959,0.4274
test:95923,12,E_134,How intense is the pain caused by the rash?,False,graph_ig+v13_base,"[""graph_ig"", ""v13_base""]",0.7394,1.0,0.7835,0.1406,1.8274,Anaphylaxis,0.3225,False,False,1.0,4,2,0.5448,0.6542
test:95923,12,E_95,Do you have Parkinson’s disease?,False,rare_support+safety_recovery+v13_base,"[""rare_support"", ""safety_recovery"", ""v13_base""]",0.6015,0.7838,0.1491,1.0,13.3866,Pneumonia,0.0881,True,True,11.0,3,3,0.1037,0.115
test:95923,12,E_107,Have you ever had a stroke?,False,rare_support+safety_recovery+v13_base,"[""rare_support"", ""safety_recovery"", ""v13_base""]",0.5726,0.7322,0.1313,1.0,13.2797,Pneumonia,0.0881,True,True,15.0,4,4,0.0913,0.1034
test:95923,12,E_3,Have you ever had a pericarditis?,False,graph_ig+v13_base,"[""graph_ig"", ""v13_base""]",0.5568,0.8885,0.2554,0.2671,3.4722,SLE,0.3273,False,False,4.0,15,5,0.1776,0.397
test:95923,12,E_77,Do you have a cough that produces colored or more abundant sputum than usual?,False,v13_base,"[""v13_base""]",0.5496,0.9882,0.2106,0.186,2.4176,Pneumonia,0.0881,False,False,2.0,6,6,0.1464,0.1505
test:95923,12,E_89,Do you constantly feel fatigued or do you have non-restful sleep?,False,graph_ig+v13_base,"[""graph_ig"", ""v13_base""]",0.5418,0.9154,0.2449,0.1511,1.9643,SLE,0.3273,False,False,3.0,18,7,0.1703,0.3843
test:95923,12,E_94,Have you had chills or shivers?,False,v13_base,"[""v13_base""]",0.4939,0.8568,0.1594,0.2818,3.6634,Pneumonia,0.0881,False,False,6.0,8,8,0.1108,0.1214
test:95923,12,E_106,Do you have heart failure?,False,v13_base,"[""v13_base""]",0.4928,0.8704,0.1716,0.2269,2.9502,Pneumonia,0.0881,False,False,5.0,9,9,0.1193,0.1289
test:95923,12,E_91,Do you have a fever (either felt or measured with a thermometer)?,False,graph_ig+v13_base,"[""graph_ig"", ""v13_base""]",0.4924,0.817,0.2912,0.1134,1.4747,HIV (initial infection),0.101,False,False,7.0,13,10,0.2025,0.2928
test:95923,12,E_79,Do you smoke cigarettes?,False,graph_ig+v13_base,"[""graph_ig"", ""v13_base""]",0.4621,0.7143,0.2914,0.067,0.8706,SLE,0.3273,False,False,17.0,7,11,0.2026,0.5447
test:95923,12,E_161,Have you recently had a loss of appetite or do you get full more quickly then usually?,False,v13_base,"[""v13_base""]",0.457,0.8072,0.1529,0.219,2.8471,Pneumonia,0.0881,False,False,8.0,12,12,0.1063,0.1175
test:95923,13,E_95,Do you have Parkinson’s disease?,True,rare_support+safety_recovery+v13_base,"[""rare_support"", ""safety_recovery"", ""v13_base""]",0.6936,0.7828,0.1944,1.0,13.3866,Pneumonia,0.0981,True,True,7.0,1,1,0.1396,0.128
test:95923,13,E_107,Have you ever had a stroke?,False,rare_support+safety_recovery+v13_base,"[""rare_support"", ""safety_recovery"", ""v13_base""]",0.6622,0.7287,0.171,1.0,13.2797,Pneumonia,0.0981,True,True,14.0,2,2,0.1228,0.115
test:95923,13,E_77,Do you have a cough that produces colored or more abundant sputum than usual?,False,graph_ig+v13_base,"[""graph_ig"", ""v13_base""]",0.5727,1.0,0.2752,0.186,2.4176,Pneumonia,0.0981,False,False,1.0,17,3,0.1976,0.1674
test:95923,13,E_30,Do you feel your abdomen is bloated or distended (swollen due to pressure from inside)?,False,rare_support+safety_recovery+v13_base,"[""rare_support"", ""safety_recovery"", ""v13_base""]",0.5621,0.7187,0.1269,1.0,13.3342,Inguinal hernia,0.0569,True,True,15.0,4,4,0.0911,0.0701
test:95923,13,E_160,Were you born prematurely or did you suffer any complication at birth?,False,rare_support+safety_recovery+v13_base,"[""rare_support"", ""safety_recovery"", ""v13_base""]",0.5445,0.6851,0.1182,1.0,13.2736,Inguinal hernia,0.0569,True,True,16.0,5,5,0.0849,0.066
test:95923,13,E_106,Do you have heart failure?,False,v13_base,"[""v13_base""]",0.5095,0.875,0.2239,0.2269,2.9502,Pneumonia,0.0981,False,False,2.0,6,6,0.1608,0.1434
test:95923,13,E_94,Have you had chills or shivers?,False,v13_base,"[""v13_base""]",0.5089,0.8601,0.2078,0.2818,3.6634,Pneumonia,0.0981,False,False,3.0,7,7,0.1492,0.1351
test:95923,13,E_42,Have you been in contact with or ate something that you have an allergy to?,False,graph_ig+rare_support,"[""graph_ig"", ""rare_support""]",0.4761,0.0,0.3877,1.0,13.5527,Anaphylaxis,0.6431,True,False,,7,8,0.2784,0.9921
test:95923,13,E_161,Have you recently had a loss of appetite or do you get full more quickly then usually?,False,v13_base,"[""v13_base""]",0.4707,0.8088,0.1994,0.219,2.8471,Pneumonia,0.0981,False,False,5.0,9,9,0.1432,0.1307
test:95923,13,E_175,"Have you noticed any new fatigue, generalized and vague discomfort, diffuse (widespread) muscle aches or a change in your general well-being related to your consultation today?",False,v13_base,"[""v13_base""]",0.4646,0.7999,0.1777,0.2419,3.1441,Pneumonia,0.0981,False,False,6.0,10,10,0.1276,0.1188
test:95923,13,E_91,Do you have a fever (either felt or measured with a thermometer)?,False,v13_base,"[""v13_base""]",0.4553,0.8187,0.2143,0.0967,1.2568,Pneumonia,0.0981,False,False,4.0,11,11,0.1539,0.1397
test:95923,13,E_78,Do you drink alcohol excessively or do you have an addiction to alcohol?,False,v13_base,"[""v13_base""]",0.4534,0.7646,0.2427,0.1384,1.7986,Pneumonia,0.0981,False,False,9.0,12,12,0.1743,0.2099
test:95923,14,E_107,Have you ever had a stroke?,True,rare_support+safety_recovery+v13_base,"[""rare_support"", ""safety_recovery"", ""v13_base""]",0.6645,0.8816,0.1984,1.0,13.2797,Pneumonia,0.1544,True,True,9.0,1,1,0.1522,0.181
test:95923,14,E_77,Do you have a cough that produces colored or more abundant sputum than usual?,False,v13_base,"[""v13_base""]",0.5947,1.0,0.3245,0.186,2.4176,Pneumonia,0.1544,False,False,1.0,2,2,0.2489,0.2634
test:95923,14,E_94,Have you had chills or shivers?,False,v13_base,"[""v13_base""]",0.5613,0.9404,0.2422,0.2818,3.6634,Pneumonia,0.1544,False,False,3.0,3,3,0.1858,0.2126
test:95923,14,E_106,Do you have heart failure?,False,v13_base,"[""v13_base""]",0.5589,0.9456,0.2617,0.2269,2.9502,Pneumonia,0.1544,False,False,2.0,4,4,0.2007,0.2256
test:95923,14,E_124,Do you have asthma or have you ever had to use a bronchodilator in the past?,False,graph_ig+v13_base,"[""graph_ig"", ""v13_base""]",0.5436,0.8781,0.2977,0.1264,1.6429,Panic attack,0.2346,False,False,11.0,15,5,0.2283,0.4872
test:95923,14,E_78,Do you drink alcohol excessively or do you have an addiction to alcohol?,False,v13_base,"[""v13_base""]",0.5415,0.8905,0.275,0.1309,1.7022,Panic attack,0.2346,False,False,8.0,6,6,0.2109,0.4586
test:95923,14,E_161,Have you recently had a loss of appetite or do you get full more quickly then usually?,False,v13_base,"[""v13_base""]",0.5344,0.9154,0.2323,0.219,2.8471,Pneumonia,0.1544,False,False,4.0,7,7,0.1782,0.2056
test:95923,14,E_175,"Have you noticed any new fatigue, generalized and vague discomfort, diffuse (widespread) muscle aches or a change in your general well-being related to your consultation today?",False,v13_base,"[""v13_base""]",0.5292,0.9123,0.2064,0.2419,3.1441,Pneumonia,0.1544,False,False,5.0,8,8,0.1583,0.1869
test:95923,14,E_196,Have you had surgery within the last month?,False,v13_base,"[""v13_base""]",0.5212,0.8523,0.2077,0.3314,4.3076,Pulmonary embolism,0.0217,False,False,13.0,9,9,0.1593,0.1948
test:95923,14,E_219,Are your symptoms more prominent at night?,False,v13_base,"[""v13_base""]",0.5163,0.8806,0.1928,0.2709,3.5212,Pneumonia,0.1544,False,False,10.0,10,10,0.1479,0.1768
test:95923,14,E_208,"Is your BMI less than 18.5, or are you underweight?",False,v13_base,"[""v13_base""]",0.512,0.8913,0.2119,0.1941,2.5233,Pneumonia,0.1544,False,False,7.0,11,11,0.1625,0.191
test:95923,14,E_91,Do you have a fever (either felt or measured with a thermometer)?,False,v13_base,"[""v13_base""]",0.5081,0.9015,0.2463,0.0967,1.2568,Pneumonia,0.1544,False,False,6.0,12,12,0.1889,0.2153
test:95923,15,E_77,Do you have a cough that produces colored or more abundant sputum than usual?,True,graph_ig+v13_base,"[""graph_ig"", ""v13_base""]",0.6128,1.0,0.3575,0.186,2.4176,Pneumonia,0.1961,False,False,1.0,11,1,0.2815,0.3622
test:95923,15,E_94,Have you had chills or shivers?,False,v13_base,"[""v13_base""]",0.5705,0.9409,0.2549,0.2818,3.6634,Pneumonia,0.1961,False,False,3.0,2,2,0.2007,0.27
test:95923,15,E_106,Do you have heart failure?,False,v13_base,"[""v13_base""]",0.5687,0.9461,0.2757,0.2269,2.9502,Pneumonia,0.1961,False,False,2.0,3,3,0.2171,0.2865
test:95923,15,E_124,Do you have asthma or have you ever had to use a bronchodilator in the past?,False,graph_ig+v13_base,"[""graph_ig"", ""v13_base""]",0.5502,0.8789,0.271,0.1264,1.6429,Panic attack,0.281,False,False,10.0,17,4,0.2134,0.6165
test:95923,15,E_78,Do you drink alcohol excessively or do you have an addiction to alcohol?,False,v13_base,"[""v13_base""]",0.5468,0.8912,0.2531,0.1309,1.7022,Panic attack,0.281,False,False,8.0,5,5,0.1993,0.5631
test:95923,15,E_161,Have you recently had a loss of appetite or do you get full more quickly then usually?,False,v13_base,"[""v13_base""]",0.5431,0.9159,0.2441,0.219,2.8471,Pneumonia,0.1961,False,False,4.0,6,6,0.1922,0.2612
test:95923,15,E_175,"Have you noticed any new fatigue, generalized and vague discomfort, diffuse (widespread) muscle aches or a change in your general well-being related to your consultation today?",False,v13_base,"[""v13_base""]",0.5371,0.913,0.2164,0.2419,3.1441,Pneumonia,0.1961,False,False,5.0,7,7,0.1704,0.2374
test:95923,15,E_219,Are your symptoms more prominent at night?,False,v13_base,"[""v13_base""]",0.5238,0.8815,0.2021,0.2709,3.5212,Pneumonia,0.1961,False,False,9.0,8,8,0.1591,0.2245
test:95923,15,E_208,"Is your BMI less than 18.5, or are you underweight?",False,v13_base,"[""v13_base""]",0.52,0.892,0.2223,0.1941,2.5233,Pneumonia,0.1961,False,False,7.0,9,9,0.175,0.2425
test:95923,15,E_91,Do you have a fever (either felt or measured with a thermometer)?,False,v13_base,"[""v13_base""]",0.5173,0.902,0.2591,0.0967,1.2568,Pneumonia,0.1961,False,False,6.0,10,10,0.204,0.2733
test:95923,15,E_196,Have you had surgery within the last month?,False,v13_base,"[""v13_base""]",0.4915,0.8534,0.1707,0.2264,2.9438,Pneumonia,0.1961,False,False,12.0,11,11,0.1344,0.195
test:95923,15,E_79,Do you smoke cigarettes?,False,v13_base,"[""v13_base""]",0.4897,0.8592,0.2464,0.0666,0.8657,Pneumonia,0.1961,False,False,11.0,12,12,0.194,0.2818
test:95923,16,E_18,Do you have cystic fibrosis?,True,graph_ig+rare_support+v13_base,"[""graph_ig"", ""rare_support"", ""v13_base""]",0.749,0.6876,0.4194,1.0,13.595,Bronchiectasis,0.3433,True,False,17.0,8,1,0.3328,0.5477
test:95923,16,E_136,How severe is the itching?,False,graph_ig+v13_base,"[""graph_ig"", ""v13_base""]",0.7358,0.8393,1.0,0.1344,1.7467,Pneumonia,0.4685,False,False,12.0,1,2,0.7936,0.8125
test:95923,16,E_131,Do your lesions peel off?,False,graph_ig+v13_base,"[""graph_ig"", ""v13_base""]",0.7305,0.8393,0.9788,0.1344,1.7467,Pneumonia,0.4685,False,False,11.0,3,3,0.7768,0.8129
test:95923,16,E_47,Do you suffer from Crohn’s disease or ulcerative colitis (UC)?,False,graph_ig+rare_support+v13_base,"[""graph_ig"", ""rare_support"", ""v13_base""]",0.684,0.6132,0.3275,1.0,13.4247,Bronchiectasis,0.3433,True,False,18.0,18,4,0.2599,0.4619
test:95923,16,E_106,Do you have heart failure?,False,graph_ig+v13_base,"[""graph_ig"", ""v13_base""]",0.6574,1.0,0.3742,0.2269,2.9502,Pneumonia,0.4685,False,False,1.0,9,5,0.297,0.6844
test:95923,16,E_94,Have you had chills or shivers?,False,graph_ig+v13_base,"[""graph_ig"", ""v13_base""]",0.654,0.9945,0.3424,0.2818,3.6634,Pneumonia,0.4685,False,False,2.0,12,6,0.2717,0.6449
test:95923,16,E_161,Have you recently had a loss of appetite or do you get full more quickly then usually?,False,graph_ig+v13_base,"[""graph_ig"", ""v13_base""]",0.6234,0.9681,0.3262,0.219,2.8471,Pneumonia,0.4685,False,False,3.0,13,7,0.2589,0.6239
test:95923,16,E_175,"Have you noticed any new fatigue, generalized and vague discomfort, diffuse (widespread) muscle aches or a change in your general well-being related to your consultation today?",False,v13_base,"[""v13_base""]",0.6107,0.9651,0.2855,0.2419,3.1441,Pneumonia,0.4685,False,False,4.0,8,8,0.2266,0.5671
test:95923,16,E_91,Do you have a fever (either felt or measured with a thermometer)?,False,graph_ig+v13_base,"[""graph_ig"", ""v13_base""]",0.598,0.9467,0.3472,0.0967,1.2568,Pneumonia,0.4685,False,False,5.0,10,9,0.2755,0.6582
test:95923,16,E_208,"Is your BMI less than 18.5, or are you underweight?",False,v13_base,"[""v13_base""]",0.5946,0.9428,0.2941,0.1941,2.5233,Pneumonia,0.4685,False,False,6.0,10,10,0.2334,0.5794
test:95923,16,E_219,Are your symptoms more prominent at night?,False,v13_base,"[""v13_base""]",0.5938,0.9318,0.2644,0.2709,3.5212,Pneumonia,0.4685,False,False,8.0,11,11,0.2098,0.5419
test:95923,16,E_78,Do you drink alcohol excessively or do you have an addiction to alcohol?,False,graph_ig+v13_base,"[""graph_ig"", ""v13_base""]",0.5864,0.942,0.2818,0.1384,1.7986,Pneumonia,0.4685,False,False,7.0,17,12,0.2236,0.6444
test:95923,17,E_106,Do you have heart failure?,True,graph_ig+v13_base,"[""graph_ig"", ""v13_base""]",0.7029,1.0,0.5173,0.2269,2.9502,Pneumonia,0.5352,False,False,1.0,8,1,0.3504,0.7819
test:95923,17,E_94,Have you had chills or shivers?,False,graph_ig+v13_base,"[""graph_ig"", ""v13_base""]",0.6956,0.9945,0.472,0.2818,3.6634,Pneumonia,0.5352,False,False,2.0,11,2,0.3197,0.7367
test:95923,17,E_161,Have you recently had a loss of appetite or do you get full more quickly then usually?,False,graph_ig+v13_base,"[""graph_ig"", ""v13_base""]",0.6631,0.9681,0.4494,0.219,2.8471,Pneumonia,0.5352,False,False,3.0,13,3,0.3044,0.7127
test:95923,17,E_175,"Have you noticed any new fatigue, generalized and vague discomfort, diffuse (widespread) muscle aches or a change in your general well-being related to your consultation today?",False,v13_base,"[""v13_base""]",0.6454,0.9651,0.3919,0.2419,3.1441,Pneumonia,0.5352,False,False,4.0,4,4,0.2655,0.6478
test:95923,17,E_91,Do you have a fever (either felt or measured with a thermometer)?,False,graph_ig+v13_base,"[""graph_ig"", ""v13_base""]",0.6312,0.93,0.4624,0.0967,1.2568,Pneumonia,0.5352,False,False,7.0,10,5,0.3132,0.7779
test:95923,17,E_208,"Is your BMI less than 18.5, or are you underweight?",False,graph_ig+v13_base,"[""graph_ig"", ""v13_base""]",0.6302,0.9428,0.4039,0.1941,2.5233,Pneumonia,0.5352,False,False,5.0,17,6,0.2736,0.6618
test:95923,17,E_78,Do you drink alcohol excessively or do you have an addiction to alcohol?,False,graph_ig+v13_base,"[""graph_ig"", ""v13_base""]",0.6189,0.942,0.386,0.1384,1.7986,Pneumonia,0.5352,False,False,6.0,18,7,0.2615,0.7078
test:95923,17,E_219,Are your symptoms more prominent at night?,False,v13_base,"[""v13_base""]",0.6185,0.9145,0.3527,0.2709,3.5212,Pneumonia,0.5352,False,False,9.0,8,8,0.2389,0.6468
test:95923,17,E_196,Have you had surgery within the last month?,False,v13_base,"[""v13_base""]",0.5798,0.902,0.3016,0.2264,2.9438,Pneumonia,0.5352,False,False,10.0,9,9,0.2043,0.5321
test:95923,17,E_79,Do you smoke cigarettes?,False,graph_ig+v13_base,"[""graph_ig"", ""v13_base""]",0.5783,0.8651,0.4132,0.0666,0.8657,Pneumonia,0.5352,False,False,12.0,14,10,0.2799,0.7234
test:95923,17,E_144,Do you have diffuse (widespread) muscle pain?,False,v13_base,"[""v13_base""]",0.5721,0.7668,0.4753,0.1707,2.2188,Pneumonia,0.5352,False,False,13.0,11,11,0.322,0.7401
test:95923,17,E_45,Have you been coughing up blood?,False,v13_base,"[""v13_base""]",0.5543,0.8926,0.1011,0.1374,1.786,Pneumonia,0.5352,False,False,11.0,12,12,0.0685,0.9981
test:95923,18,E_94,Have you had chills or shivers?,False,graph_ig+v13_base,"[""graph_ig"", ""v13_base""]",0.6764,1.0,0.3527,0.2818,3.6634,Pneumonia,0.858,False,False,1.0,8,1,0.2439,0.819
test:95923,18,E_161,Have you recently had a loss of appetite or do you get full more quickly then usually?,False,graph_ig+v13_base,"[""graph_ig"", ""v13_base""]",0.6509,0.9734,0.3332,0.219,2.8471,Pneumonia,0.858,False,False,2.0,9,2,0.2304,0.8575
test:95923,18,E_208,"Is your BMI less than 18.5, or are you underweight?",False,graph_ig+v13_base,"[""graph_ig"", ""v13_base""]",0.6332,0.948,0.2953,0.1941,2.5233,Pneumonia,0.858,False,False,4.0,10,3,0.2042,0.9391
test:95923,18,E_219,Are your symptoms more prominent at night?,False,graph_ig+v13_base,"[""graph_ig"", ""v13_base""]",0.6299,0.9369,0.2208,0.2709,3.5212,Pneumonia,0.858,False,False,6.0,14,4,0.1527,0.9893
test:95923,18,E_175,"Have you noticed any new fatigue, generalized and vague discomfort, diffuse (widespread) muscle aches or a change in your general well-being related to your consultation today?",False,graph_ig+v13_base,"[""graph_ig"", ""v13_base""]",0.6238,0.9064,0.2856,0.2419,3.1441,Pneumonia,0.858,False,False,9.0,11,5,0.1975,0.9616
test:95923,18,E_78,Do you drink alcohol excessively or do you have an addiction to alcohol?,False,graph_ig+v13_base,"[""graph_ig"", ""v13_base""]",0.602,0.9472,0.2321,0.1384,1.7986,Pneumonia,0.858,False,False,5.0,16,6,0.1605,0.9006
test:95923,18,E_91,Do you have a fever (either felt or measured with a thermometer)?,False,graph_ig+v13_base,"[""graph_ig"", ""v13_base""]",0.6016,0.9519,0.3044,0.0967,1.2568,Pneumonia,0.858,False,False,3.0,12,7,0.2105,0.7776
test:95923,18,E_196,Have you had surgery within the last month?,False,graph_ig+v13_base,"[""graph_ig"", ""v13_base""]",0.5923,0.907,0.2142,0.2264,2.9438,Pneumonia,0.858,False,False,8.0,17,8,0.1481,0.853
test:95923,18,E_79,Do you smoke cigarettes?,False,graph_ig+v13_base,"[""graph_ig"", ""v13_base""]",0.5726,0.9029,0.2651,0.0666,0.8657,Pneumonia,0.858,False,False,10.0,13,9,0.1833,0.8668
test:95923,18,E_45,Have you been coughing up blood?,False,v13_base,"[""v13_base""]",0.5623,0.8975,0.1361,0.1374,1.786,Pneumonia,0.858,False,False,11.0,10,10,0.0941,0.9695
test:95923,18,E_144,Do you have diffuse (widespread) muscle pain?,False,graph_ig+v13_base,"[""graph_ig"", ""v13_base""]",0.5514,0.771,0.3556,0.1707,2.2188,Pneumonia,0.858,False,False,12.0,15,11,0.2459,0.8136
test:95923,18,E_124,Do you have asthma or have you ever had to use a bronchodilator in the past?,False,v13_base,"[""v13_base""]",0.5431,0.9341,0.0768,0.1243,1.6158,Pneumonia,0.858,False,False,7.0,12,12,0.0531,0.787
