condition_kind,condition_value,num_cases,mean_requests,initial_accuracy,initial_top3,initial_top5,sequential_accuracy,sequential_top3,sequential_top5,sequential_macro_f1,matched_accuracy,matched_top3,matched_top5,matched_macro_f1,full_accuracy,full_top3,full_top5,full_macro_f1,sequential_fraction_full_evidence_gain_recovered,matched_fraction_full_evidence_gain_recovered,sequential_gap_to_full,matched_gap_to_full,matched_minus_sequential_accuracy
lambda,0.1,24,13.041666666666666,0.3333333333333333,0.5416666666666666,0.625,0.9166666666666666,0.9166666666666666,0.9166666666666666,0.8461538461538461,0.875,1.0,1.0,0.7777777777777778,1.0,1.0,1.0,1.0,0.8749999999999998,0.8125,0.08333333333333337,0.125,-0.04166666666666663
lambda,0.22,24,10.666666666666666,0.3333333333333333,0.5416666666666666,0.625,0.875,0.875,0.9166666666666666,0.7948717948717948,0.875,1.0,1.0,0.7777777777777778,1.0,1.0,1.0,1.0,0.8125,0.8125,0.125,0.125,0.0
lambda,0.35,24,8.333333333333334,0.3333333333333333,0.5416666666666666,0.625,0.875,0.875,0.875,0.8133333333333332,0.8333333333333334,0.9583333333333334,0.9583333333333334,0.7564102564102563,1.0,1.0,1.0,1.0,0.8125,0.7499999999999999,0.125,0.16666666666666663,-0.04166666666666663
lambda,0.5,24,2.2083333333333335,0.3333333333333333,0.5416666666666666,0.625,0.4166666666666667,0.625,0.75,0.27444444444444444,0.4583333333333333,0.7083333333333334,0.7916666666666666,0.3595238095238095,1.0,1.0,1.0,1.0,0.12500000000000003,0.18749999999999997,0.5833333333333333,0.5416666666666667,0.04166666666666663
lambda,0.75,24,1.0416666666666667,0.3333333333333333,0.5416666666666666,0.625,0.375,0.5833333333333334,0.7083333333333334,0.28809523809523807,0.375,0.5833333333333334,0.7083333333333334,0.293040293040293,1.0,1.0,1.0,1.0,0.06250000000000001,0.06250000000000001,0.625,0.625,0.0
