{
  "run_config": {
    "seed": 2919,
    "batch_size": 512,
    "learning_rate": 0.0003469,
    "hidden_sizes": [
      2048,
      2048,
      2048
    ],
    "dropout": 0.0,
    "weight_decay": 0.0,
    "num_workers": 0,
    "device": "auto",
    "name": "direct_dx_quick",
    "subset": {
      "train": 100000,
      "validate": 10000,
      "test": 10000
    },
    "max_epochs": 15,
    "patience": 3
  },
  "device": "mps",
  "train_size": 100000,
  "validate_size": 10000,
  "test_size": 10000,
  "best_validate_accuracy": 0.3142,
  "test_loss": 2.9166508464813234,
  "test_metrics": {
    "accuracy": 0.3107,
    "top3_accuracy": 0.5068,
    "top5_accuracy": 0.6267,
    "macro_f1": 0.29298250130526127,
    "DDR": 0.9326942430186542,
    "DDP": 0.3942612114895228,
    "DDF1": 0.5069528111150577,
    "DDR@3": 0.4518,
    "DDP@3": 0.4055,
    "DDF1@3": 0.4186,
    "DDR@5": 0.5203133333333333,
    "DDP@5": 0.42725166666666664,
    "DDF1@5": 0.4517203968253968
  }
}