dataset_name,case_id,budget,architecture_mode,ground_truth_diagnosis,predicted_diagnosis,ranked_differential,llm_predicted_diagnosis,llm_ranked_differential,casebase_prior_top_label,casebase_prior_top_score,casebase_prior_margin,casebase_resolver_changed,rarebench_graph_top_label,rarebench_graph_top_score,rarebench_graph_margin,rarebench_graph_visible_phenotypes,rarebench_graph_resolver_changed,rarebench_discriminator_used,rarebench_gate_action,stop_probe_count,early_stop_signal,ddxplus_native_requested_roots,ddxplus_native_stop_rule,ddxplus_mlp_available,ddxplus_mlp_top1,ddxplus_mlp_top5,ddxplus_mlp_confidence,ddxplus_mlp_margin,ddxplus_mlp_entropy,branch_triggered,branch_count,branch_question_count,resolver_margin,resolver_support_count,resolver_changed_top1,confidence,num_questions,stopped_early,stop_reason,correct_top1,gtpa_at_3,gtpa_at_5,true_rank,initial_true_rank,progress_improved,input_tokens,output_tokens,api_calls,run_live_api
ddxplus,test:17941,5,ddxplus_native_structured_root_driver,Acute dystonic reactions,Acute dystonic reactions,"[""Acute dystonic reactions"", ""Myasthenia gravis"", ""Guillain-Barr\u00e9 syndrome"", ""Anaphylaxis"", ""Anemia"", ""URTI"", ""Viral pharyngitis"", ""Bronchospasm / acute asthma exacerbation"", ""Pericarditis"", ""Acute laryngitis""]",Acute dystonic reactions,"[""Acute dystonic reactions"", ""Myasthenia gravis"", ""Guillain-Barr\u00e9 syndrome"", ""Scombroid food poisoning"", ""Ebola"", ""Atrial fibrillation"", ""Epiglottitis"", ""Anaphylaxis"", ""Bronchiectasis"", ""Anemia""]",Acute dystonic reactions,1.0,0.35467363733692503,False,,0.0,0.0,0,False,False,not_applicable,3,ddxplus_native_mlp_stop,"[""E_15"", ""E_193"", ""E_205""]",ddxplus_native_mlp_stop,True,Acute dystonic reactions,"[""Acute dystonic reactions"", ""Myasthenia gravis"", ""Guillain-Barr\u00e9 syndrome"", ""Scombroid food poisoning"", ""Ebola""]",0.998310923576355,0.996892150840722,0.0035747866482617693,False,0,0,1.3344759070840821,3,False,0.998310923576355,3,True,ddxplus_native_mlp_stop,True,True,True,1,1,False,3024,143,3,True
ddxplus,test:17941,10,ddxplus_native_structured_root_driver,Acute dystonic reactions,Acute dystonic reactions,"[""Acute dystonic reactions"", ""Guillain-Barr\u00e9 syndrome"", ""Myasthenia gravis"", ""URTI"", ""Viral pharyngitis"", ""Anemia"", ""Scombroid food poisoning"", ""Anaphylaxis"", ""Bronchospasm / acute asthma exacerbation"", ""Acute otitis media""]",Acute dystonic reactions,"[""Acute dystonic reactions"", ""Myasthenia gravis"", ""Scombroid food poisoning"", ""Guillain-Barr\u00e9 syndrome"", ""Inguinal hernia"", ""Whooping cough"", ""Bronchiectasis"", ""Pneumonia"", ""Atrial fibrillation"", ""Ebola""]",Acute dystonic reactions,1.0,0.4590325065320662,False,,0.0,0.0,0,False,False,not_applicable,4,ddxplus_native_mlp_stop,"[""E_15"", ""E_193"", ""E_205"", ""E_147""]",ddxplus_native_mlp_stop,True,Acute dystonic reactions,"[""Acute dystonic reactions"", ""Myasthenia gravis"", ""Scombroid food poisoning"", ""Guillain-Barr\u00e9 syndrome"", ""Inguinal hernia""]",0.9999598264694214,0.9999469360309376,0.00013745818941111735,False,0,0,1.681599590068865,3,False,0.9999598264694214,4,True,ddxplus_native_mlp_stop,True,True,True,1,1,False,4095,185,4,True
ddxplus,test:17941,15,ddxplus_native_structured_root_driver,Acute dystonic reactions,Acute dystonic reactions,"[""Acute dystonic reactions"", ""Scombroid food poisoning"", ""Anemia"", ""Anaphylaxis"", ""URTI"", ""Viral pharyngitis"", ""Myasthenia gravis"", ""Localized edema"", ""Bronchospasm / acute asthma exacerbation"", ""Acute otitis media""]",Acute dystonic reactions,"[""Acute dystonic reactions"", ""Scombroid food poisoning"", ""Myasthenia gravis"", ""Atrial fibrillation"", ""Guillain-Barr\u00e9 syndrome"", ""Bronchiectasis"", ""Anemia"", ""Ebola"", ""Anaphylaxis"", ""Pneumonia""]",Acute dystonic reactions,1.0,0.48881694950228904,False,,0.0,0.0,0,False,False,not_applicable,5,ddxplus_native_mlp_stop,"[""E_15"", ""E_193"", ""E_205"", ""E_147"", ""E_62""]",ddxplus_native_mlp_stop,True,Acute dystonic reactions,"[""Acute dystonic reactions"", ""Scombroid food poisoning"", ""Myasthenia gravis"", ""Atrial fibrillation"", ""Guillain-Barr\u00e9 syndrome""]",0.9999958276748657,0.9999943453830156,1.704365205773971e-05,False,0,0,1.7249985396862029,3,False,0.9999958276748657,5,True,ddxplus_native_mlp_stop,True,True,True,1,1,False,5188,231,5,True
ddxplus,test:91755,5,ddxplus_native_structured_root_driver,Viral pharyngitis,Viral pharyngitis,"[""Viral pharyngitis"", ""URTI"", ""Acute laryngitis"", ""Acute otitis media"", ""Bronchitis"", ""Tuberculosis"", ""Influenza"", ""HIV (initial infection)"", ""Allergic sinusitis"", ""Bronchospasm / acute asthma exacerbation""]",Viral pharyngitis,"[""Viral pharyngitis"", ""URTI"", ""Acute laryngitis"", ""Acute otitis media"", ""Bronchitis"", ""Tuberculosis"", ""Pneumonia"", ""Acute rhinosinusitis"", ""Influenza"", ""HIV (initial infection)""]",URTI,1.0,0.09098062861174905,False,,0.0,0.0,0,False,False,not_applicable,5,budget_exhausted,"[""E_41"", ""E_97"", ""E_227"", ""E_45"", ""E_50""]",budget_exhausted,True,Viral pharyngitis,"[""Viral pharyngitis"", ""URTI"", ""Acute laryngitis"", ""Acute otitis media"", ""Bronchitis""]",0.39250561594963074,0.19184324145317078,0.480112710484392,False,0,0,0.6395924626929714,3,False,0.39250561594963074,5,False,budget_exhausted_forced_final,True,True,True,1,1,False,4709,227,5,True
ddxplus,test:91755,10,ddxplus_native_structured_root_driver,Viral pharyngitis,Viral pharyngitis,"[""Viral pharyngitis"", ""URTI"", ""Acute laryngitis"", ""Pneumonia"", ""Bronchitis"", ""Bronchospasm / acute asthma exacerbation"", ""Larygospasm"", ""Influenza"", ""Acute otitis media"", ""Allergic sinusitis""]",Viral pharyngitis,"[""Viral pharyngitis"", ""Larygospasm"", ""Tuberculosis"", ""Acute laryngitis"", ""Pneumonia"", ""Acute rhinosinusitis"", ""Bronchospasm / acute asthma exacerbation"", ""Bronchitis"", ""Acute otitis media"", ""Influenza""]",URTI,1.0,0.1502046109881665,False,,0.0,0.0,0,False,False,not_applicable,10,budget_exhausted,"[""E_41"", ""E_97"", ""E_227"", ""E_45"", ""E_50"", ""E_49"", ""E_48"", ""E_181"", ""E_212"", ""E_77""]",budget_exhausted,True,Viral pharyngitis,"[""Viral pharyngitis"", ""Larygospasm"", ""Tuberculosis"", ""Acute laryngitis"", ""Pneumonia""]",0.2748570740222931,0.15061862021684647,0.6614020227780666,False,0,0,1.1260362871172693,3,False,0.2748570740222931,10,False,budget_exhausted_forced_final,True,True,True,1,1,False,9934,458,10,True
ddxplus,test:91755,15,ddxplus_native_structured_root_driver,Viral pharyngitis,Viral pharyngitis,"[""Viral pharyngitis"", ""Acute otitis media"", ""Acute laryngitis"", ""URTI"", ""Bronchitis"", ""Anemia"", ""Influenza"", ""Pneumonia"", ""Allergic sinusitis"", ""HIV (initial infection)""]",Viral pharyngitis,"[""Viral pharyngitis"", ""Acute otitis media"", ""Acute laryngitis"", ""Bronchitis"", ""Pancreatic neoplasm"", ""Anemia"", ""SLE"", ""Pulmonary neoplasm"", ""Tuberculosis"", ""URTI""]",URTI,1.0,0.1496243219871064,False,,0.0,0.0,0,False,False,not_applicable,15,budget_exhausted,"[""E_41"", ""E_97"", ""E_227"", ""E_45"", ""E_50"", ""E_49"", ""E_48"", ""E_181"", ""E_212"", ""E_77"", ""E_53"", ""E_124"", ""E_116"", ""E_144"", ""E_203""]",budget_exhausted,True,Viral pharyngitis,"[""Viral pharyngitis"", ""Acute otitis media"", ""Acute laryngitis"", ""Bronchitis"", ""Pancreatic neoplasm""]",0.6031309962272644,0.5373293682932854,0.4670274165733733,False,0,0,0.9861975693728158,3,False,0.6031309962272644,15,False,budget_exhausted_forced_final,True,True,True,1,1,False,15839,678,15,True
ddxplus,test:122283,5,ddxplus_native_structured_root_driver,Localized edema,Pulmonary embolism,"[""Pulmonary embolism"", ""Anaphylaxis"", ""Localized edema"", ""URTI"", ""Viral pharyngitis"", ""Anemia"", ""Acute otitis media"", ""Allergic sinusitis"", ""Bronchitis"", ""Chronic rhinosinusitis""]",Pulmonary embolism,"[""Pulmonary embolism"", ""Anaphylaxis"", ""Localized edema"", ""Acute pulmonary edema"", ""Pericarditis"", ""Epiglottitis"", ""Anemia"", ""Sarcoidosis"", ""PSVT"", ""Spontaneous rib fracture""]",URTI,1.0,0.03931021541616908,False,,0.0,0.0,0,False,False,not_applicable,5,budget_exhausted,"[""E_181"", ""E_79"", ""E_151"", ""E_137"", ""E_106""]",budget_exhausted,True,Pulmonary embolism,"[""Pulmonary embolism"", ""Anaphylaxis"", ""Localized edema"", ""Acute pulmonary edema"", ""Pericarditis""]",0.4028463363647461,0.14691480994224548,0.3799849034259669,False,0,0,0.16188816835644593,2,False,0.4028463363647461,5,False,budget_exhausted_forced_final,False,True,True,3,5,True,4699,241,5,True
ddxplus,test:122283,10,ddxplus_native_structured_root_driver,Localized edema,Localized edema,"[""Localized edema"", ""Pulmonary embolism"", ""Anemia"", ""URTI"", ""Pericarditis"", ""Viral pharyngitis"", ""Anaphylaxis"", ""Bronchitis"", ""Pneumonia"", ""Influenza""]",Localized edema,"[""Localized edema"", ""Acute pulmonary edema"", ""Pulmonary embolism"", ""Acute otitis media"", ""Anemia"", ""PSVT"", ""Cluster headache"", ""Boerhaave"", ""URTI"", ""Pericarditis""]",URTI,1.0,0.053403764421737554,False,,0.0,0.0,0,False,False,not_applicable,10,budget_exhausted,"[""E_181"", ""E_79"", ""E_151"", ""E_106"", ""E_196"", ""E_129"", ""E_66"", ""E_137"", ""E_126"", ""E_197""]",budget_exhausted,True,Localized edema,"[""Localized edema"", ""Acute pulmonary edema"", ""Pulmonary embolism"", ""Acute otitis media"", ""Anemia""]",0.5779973864555359,0.4922400414943695,0.48044817821906466,False,0,0,1.0605570241495506,3,False,0.5779973864555359,10,False,budget_exhausted_forced_final,True,True,True,1,5,True,10005,452,10,True
ddxplus,test:122283,15,ddxplus_native_structured_root_driver,Localized edema,Bronchitis,"[""Bronchitis"", ""URTI"", ""Pericarditis"", ""Viral pharyngitis"", ""Localized edema"", ""Anemia"", ""Anaphylaxis"", ""Pneumonia"", ""Influenza"", ""Pulmonary embolism""]",Bronchitis,"[""Bronchitis"", ""URTI"", ""Pericarditis"", ""PSVT"", ""Myocarditis"", ""Viral pharyngitis"", ""Epiglottitis"", ""Acute otitis media"", ""Spontaneous rib fracture"", ""GERD""]",Localized edema,1.0,0.10192991726342837,False,,0.0,0.0,0,False,False,not_applicable,15,budget_exhausted,"[""E_181"", ""E_79"", ""E_151"", ""E_137"", ""E_106"", ""E_196"", ""E_129"", ""E_66"", ""E_126"", ""E_197"", ""E_44"", ""E_22"", ""E_149"", ""E_186"", ""E_96""]",budget_exhausted,True,Bronchitis,"[""Bronchitis"", ""URTI"", ""Pericarditis"", ""PSVT"", ""Myocarditis""]",0.10969818383455276,0.011505596339702606,0.8533682879821539,False,0,0,0.5041890245984548,3,False,0.10969818383455276,15,False,budget_exhausted_forced_final,False,False,True,5,5,False,15780,689,15,True
ddxplus,test:40061,5,ddxplus_native_structured_root_driver,Possible NSTEMI / STEMI,Possible NSTEMI / STEMI,"[""Possible NSTEMI / STEMI"", ""Unstable angina"", ""HIV (initial infection)"", ""Atrial fibrillation"", ""URTI"", ""Stable angina"", ""Anaphylaxis"", ""Viral pharyngitis"", ""Pericarditis"", ""Anemia""]",Possible NSTEMI / STEMI,"[""Possible NSTEMI / STEMI"", ""Unstable angina"", ""Panic attack"", ""Boerhaave"", ""Pancreatic neoplasm"", ""Chagas"", ""HIV (initial infection)"", ""Acute pulmonary edema"", ""Ebola"", ""Scombroid food poisoning""]",Atrial fibrillation,1.0,0.07727521781347457,False,,0.0,0.0,0,False,False,not_applicable,5,budget_exhausted,"[""E_129"", ""E_105"", ""E_218"", ""E_69"", ""E_71""]",budget_exhausted,True,Possible NSTEMI / STEMI,"[""Possible NSTEMI / STEMI"", ""Unstable angina"", ""Panic attack"", ""Boerhaave"", ""Pancreatic neoplasm""]",0.7627402544021606,0.638334222137928,0.2149899132776955,False,0,0,0.7948651868783703,3,False,0.7627402544021606,5,False,budget_exhausted_forced_final,True,True,True,1,1,False,4927,232,5,True
ddxplus,test:40061,10,ddxplus_native_structured_root_driver,Possible NSTEMI / STEMI,Possible NSTEMI / STEMI,"[""Possible NSTEMI / STEMI"", ""URTI"", ""Unstable angina"", ""Scombroid food poisoning"", ""Anaphylaxis"", ""Viral pharyngitis"", ""HIV (initial infection)"", ""Atrial fibrillation"", ""Anemia"", ""Influenza""]",Possible NSTEMI / STEMI,"[""Possible NSTEMI / STEMI"", ""Panic attack"", ""Acute COPD exacerbation / infection"", ""Bronchitis"", ""URTI"", ""Bronchospasm / acute asthma exacerbation"", ""Unstable angina"", ""Ebola"", ""Pulmonary neoplasm"", ""Chagas""]",URTI,1.0,0.04755246694011184,False,,0.0,0.0,0,False,False,not_applicable,10,budget_exhausted,"[""E_211"", ""E_91"", ""E_187"", ""E_151"", ""E_92"", ""E_105"", ""E_108"", ""E_218"", ""E_129"", ""E_69""]",budget_exhausted,True,Possible NSTEMI / STEMI,"[""Possible NSTEMI / STEMI"", ""Panic attack"", ""Acute COPD exacerbation / infection"", ""Bronchitis"", ""URTI""]",0.33572882413864136,0.1812361776828766,0.5765846176154871,False,0,0,0.8704060740165327,3,False,0.33572882413864136,10,False,budget_exhausted_forced_final,True,True,True,1,1,False,10465,468,10,True
ddxplus,test:40061,15,ddxplus_native_structured_root_driver,Possible NSTEMI / STEMI,Possible NSTEMI / STEMI,"[""Possible NSTEMI / STEMI"", ""Unstable angina"", ""Influenza"", ""URTI"", ""Pneumonia"", ""Atrial fibrillation"", ""Stable angina"", ""Anemia"", ""Anaphylaxis"", ""Viral pharyngitis""]",Possible NSTEMI / STEMI,"[""Possible NSTEMI / STEMI"", ""Unstable angina"", ""Panic attack"", ""Pulmonary neoplasm"", ""Influenza"", ""Pancreatic neoplasm"", ""HIV (initial infection)"", ""Pneumonia"", ""URTI"", ""Chagas""]",Possible NSTEMI / STEMI,1.0,0.09764986868332914,False,,0.0,0.0,0,False,False,not_applicable,7,ddxplus_native_mlp_stop,"[""E_129"", ""E_105"", ""E_218"", ""E_69"", ""E_71"", ""E_108"", ""E_161""]",ddxplus_native_mlp_stop,True,Possible NSTEMI / STEMI,"[""Possible NSTEMI / STEMI"", ""Unstable angina"", ""Panic attack"", ""Pulmonary neoplasm"", ""Influenza""]",0.9987186193466187,0.9976321044377983,0.002725230002144212,False,0,0,1.033823394289353,3,False,0.9987186193466187,7,True,ddxplus_native_mlp_stop,True,True,True,1,1,False,7076,322,7,True
ddxplus,test:53615,5,ddxplus_native_structured_root_driver,Anaphylaxis,Anaphylaxis,"[""Anaphylaxis"", ""Localized edema"", ""Pulmonary embolism"", ""URTI"", ""Viral pharyngitis"", ""Acute otitis media"", ""Anemia"", ""Pericarditis"", ""GERD"", ""Bronchospasm / acute asthma exacerbation""]",Anaphylaxis,"[""Anaphylaxis"", ""Localized edema"", ""Acute pulmonary edema"", ""Pulmonary embolism"", ""Bronchitis"", ""Pancreatic neoplasm"", ""Inguinal hernia"", ""Possible NSTEMI / STEMI"", ""Acute otitis media"", ""Boerhaave""]",URTI,1.0,0.0034727927103040956,False,,0.0,0.0,0,False,False,not_applicable,5,budget_exhausted,"[""E_41"", ""E_151"", ""E_137"", ""E_106"", ""E_196""]",budget_exhausted,True,Anaphylaxis,"[""Anaphylaxis"", ""Localized edema"", ""Acute pulmonary edema"", ""Pulmonary embolism"", ""Bronchitis""]",0.3056749701499939,0.019239425659179688,0.5438311187457903,False,0,0,0.5928404309154702,3,False,0.3056749701499939,5,False,budget_exhausted_forced_final,True,True,True,1,11,True,4781,221,5,True
ddxplus,test:53615,10,ddxplus_native_structured_root_driver,Anaphylaxis,Anaphylaxis,"[""Anaphylaxis"", ""Scombroid food poisoning"", ""HIV (initial infection)"", ""Pneumonia"", ""Pulmonary embolism"", ""Localized edema"", ""URTI"", ""Viral pharyngitis"", ""Influenza"", ""Anemia""]",Anaphylaxis,"[""Anaphylaxis"", ""Scombroid food poisoning"", ""SLE"", ""HIV (initial infection)"", ""Inguinal hernia"", ""Pancreatic neoplasm"", ""Localized edema"", ""Pulmonary embolism"", ""Pneumonia"", ""Influenza""]",URTI,1.0,0.05664519997322692,False,,0.0,0.0,0,False,False,not_applicable,8,ddxplus_native_mlp_stop,"[""E_41"", ""E_151"", ""E_137"", ""E_106"", ""E_196"", ""E_129"", ""E_152"", ""E_42""]",ddxplus_native_mlp_stop,True,Anaphylaxis,"[""Anaphylaxis"", ""Scombroid food poisoning"", ""SLE"", ""HIV (initial infection)"", ""Inguinal hernia""]",0.9999672174453735,0.9999463929616468,0.00010592899231006519,True,1,2,2.3140837486291117,4,False,0.9999672174453735,10,False,budget_exhausted_forced_final,True,True,True,1,11,True,11404,660,11,True
ddxplus,test:53615,15,ddxplus_native_structured_root_driver,Anaphylaxis,Anaphylaxis,"[""Anaphylaxis"", ""Scombroid food poisoning"", ""Localized edema"", ""Pneumonia"", ""HIV (initial infection)"", ""Viral pharyngitis"", ""SLE"", ""URTI"", ""Influenza"", ""Pulmonary embolism""]",Anaphylaxis,"[""Anaphylaxis"", ""Scombroid food poisoning"", ""SLE"", ""HIV (initial infection)"", ""Inguinal hernia"", ""Pancreatic neoplasm"", ""Localized edema"", ""Pulmonary embolism"", ""Pneumonia"", ""Influenza""]",URTI,1.0,0.05664519997322692,False,,0.0,0.0,0,False,False,not_applicable,8,ddxplus_native_mlp_stop,"[""E_41"", ""E_151"", ""E_137"", ""E_106"", ""E_196"", ""E_129"", ""E_152"", ""E_42""]",ddxplus_native_mlp_stop,True,Anaphylaxis,"[""Anaphylaxis"", ""Scombroid food poisoning"", ""SLE"", ""HIV (initial infection)"", ""Inguinal hernia""]",0.9999672174453735,0.9999463929616468,0.00010592899231006519,True,2,4,2.144083748629112,5,False,0.9999672174453735,12,True,ddxplus_native_mlp_stop,True,True,True,1,11,True,14875,934,14,True
ddxplus,test:61929,5,ddxplus_native_structured_root_driver,URTI,URTI,"[""URTI"", ""Bronchitis"", ""Viral pharyngitis"", ""Influenza"", ""Acute otitis media"", ""Acute laryngitis"", ""Chronic rhinosinusitis"", ""Allergic sinusitis"", ""Cluster headache"", ""Anemia""]",URTI,"[""URTI"", ""Bronchitis"", ""Influenza"", ""HIV (initial infection)"", ""Pneumonia"", ""Viral pharyngitis"", ""Acute otitis media"", ""Croup"", ""Acute laryngitis"", ""Chronic rhinosinusitis""]",URTI,1.0,0.08240598232417262,False,,0.0,0.0,0,False,False,not_applicable,3,ddxplus_native_mlp_stop,"[""E_181"", ""E_97"", ""E_48""]",ddxplus_native_mlp_stop,True,URTI,"[""URTI"", ""Bronchitis"", ""Influenza"", ""HIV (initial infection)"", ""Pneumonia""]",0.9558890461921692,0.928349532186985,0.054911407700622916,False,0,0,1.148527527470164,3,False,0.9558890461921692,3,True,ddxplus_native_mlp_stop,True,True,True,1,1,False,2784,144,3,True
ddxplus,test:61929,10,ddxplus_native_structured_root_driver,URTI,URTI,"[""URTI"", ""Bronchitis"", ""Viral pharyngitis"", ""Acute otitis media"", ""Chronic rhinosinusitis"", ""Acute laryngitis"", ""Allergic sinusitis"", ""Cluster headache"", ""Anemia"", ""GERD""]",URTI,"[""URTI"", ""Bronchitis"", ""Influenza"", ""Viral pharyngitis"", ""HIV (initial infection)"", ""Pneumonia"", ""Acute otitis media"", ""Ebola"", ""Chronic rhinosinusitis"", ""Acute laryngitis""]",URTI,1.0,0.0720034384053635,False,,0.0,0.0,0,False,False,not_applicable,4,ddxplus_native_mlp_stop,"[""E_181"", ""E_97"", ""E_48"", ""E_41""]",ddxplus_native_mlp_stop,True,URTI,"[""URTI"", ""Bronchitis"", ""Influenza"", ""Viral pharyngitis"", ""HIV (initial infection)""]",0.9980460405349731,0.9971054993220605,0.00408322442966602,False,0,0,1.224878156046472,3,False,0.9980460405349731,4,True,ddxplus_native_mlp_stop,True,True,True,1,1,False,3775,184,4,True
ddxplus,test:61929,15,ddxplus_native_structured_root_driver,URTI,URTI,"[""URTI"", ""Bronchitis"", ""Viral pharyngitis"", ""Acute otitis media"", ""Acute laryngitis"", ""Chronic rhinosinusitis"", ""Allergic sinusitis"", ""Anemia"", ""Cluster headache"", ""GERD""]",URTI,"[""URTI"", ""Bronchitis"", ""Influenza"", ""Viral pharyngitis"", ""HIV (initial infection)"", ""Pneumonia"", ""Acute otitis media"", ""Ebola"", ""Chronic rhinosinusitis"", ""Acute laryngitis""]",URTI,1.0,0.050549762305669654,False,,0.0,0.0,0,False,False,not_applicable,5,ddxplus_native_mlp_stop,"[""E_181"", ""E_97"", ""E_48"", ""E_41"", ""E_49""]",ddxplus_native_mlp_stop,True,URTI,"[""URTI"", ""Bronchitis"", ""Influenza"", ""Viral pharyngitis"", ""HIV (initial infection)""]",0.9980460405349731,0.9971054993220605,0.00408322442966602,False,0,0,1.2386307282256084,3,False,0.9980460405349731,5,True,ddxplus_native_mlp_stop,True,True,True,1,1,False,4780,231,5,True
ddxplus,test:116728,5,ddxplus_native_structured_root_driver,Panic attack,Panic attack,"[""Panic attack"", ""Possible NSTEMI / STEMI"", ""URTI"", ""HIV (initial infection)"", ""Pericarditis"", ""Influenza"", ""Viral pharyngitis"", ""Atrial fibrillation"", ""Acute otitis media"", ""Bronchitis""]",Panic attack,"[""Panic attack"", ""Possible NSTEMI / STEMI"", ""HIV (initial infection)"", ""Unstable angina"", ""URTI"", ""Acute pulmonary edema"", ""Influenza"", ""Guillain-Barr\u00e9 syndrome"", ""Pneumonia"", ""Scombroid food poisoning""]",URTI,1.0,0.15090786282693736,True,,0.0,0.0,0,False,False,not_applicable,3,ddxplus_native_mlp_stop,"[""E_105"", ""E_91"", ""E_111""]",ddxplus_native_mlp_stop,True,Panic attack,"[""Panic attack"", ""Possible NSTEMI / STEMI"", ""HIV (initial infection)"", ""Unstable angina"", ""URTI""]",0.9999784231185913,0.9999634932673871,7.104596977941326e-05,True,1,2,1.5399924480915073,3,False,0.9999784231185913,5,False,budget_exhausted_forced_final,True,True,True,1,3,True,5441,429,6,True
ddxplus,test:116728,10,ddxplus_native_structured_root_driver,Panic attack,Panic attack,"[""Panic attack"", ""PSVT"", ""Scombroid food poisoning"", ""Pericarditis"", ""Atrial fibrillation"", ""URTI"", ""Viral pharyngitis"", ""Acute otitis media"", ""Acute laryngitis"", ""Bronchitis""]",Panic attack,"[""Panic attack"", ""Scombroid food poisoning"", ""PSVT"", ""Possible NSTEMI / STEMI"", ""HIV (initial infection)"", ""Unstable angina"", ""Pericarditis"", ""Guillain-Barr\u00e9 syndrome"", ""URTI"", ""Myocarditis""]",URTI,1.0,0.10117941389533802,False,,0.0,0.0,0,False,False,not_applicable,4,ddxplus_native_mlp_stop,"[""E_105"", ""E_91"", ""E_111"", ""E_155""]",ddxplus_native_mlp_stop,True,Panic attack,"[""Panic attack"", ""Scombroid food poisoning"", ""PSVT"", ""Possible NSTEMI / STEMI"", ""HIV (initial infection)""]",0.9999997615814209,0.9999996396391424,1.1782308268540722e-06,True,2,4,0.9631273271913723,5,False,0.9999997615814209,8,True,ddxplus_native_mlp_stop,True,True,True,1,3,True,9428,772,10,True
ddxplus,test:116728,15,ddxplus_native_structured_root_driver,Panic attack,Panic attack,"[""Panic attack"", ""Guillain-Barr\u00e9 syndrome"", ""Pericarditis"", ""URTI"", ""Possible NSTEMI / STEMI"", ""Anemia"", ""Viral pharyngitis"", ""Influenza"", ""Acute otitis media"", ""Bronchitis""]",Panic attack,"[""Panic attack"", ""Possible NSTEMI / STEMI"", ""Guillain-Barr\u00e9 syndrome"", ""Unstable angina"", ""Acute pulmonary edema"", ""URTI"", ""HIV (initial infection)"", ""Influenza"", ""Pneumonia"", ""PSVT""]",URTI,1.0,0.1220988483199914,False,,0.0,0.0,0,False,False,not_applicable,5,ddxplus_native_mlp_stop,"[""E_105"", ""E_91"", ""E_157"", ""E_111"", ""E_53""]",ddxplus_native_mlp_stop,True,Panic attack,"[""Panic attack"", ""Possible NSTEMI / STEMI"", ""Guillain-Barr\u00e9 syndrome"", ""Unstable angina"", ""Acute pulmonary edema""]",1.0,0.9999999565046203,3.201645123996093e-07,True,2,4,1.5829719779060798,5,False,1.0,9,True,ddxplus_native_mlp_stop,True,True,True,1,3,True,11072,818,11,True
ddxplus,test:106119,5,ddxplus_native_structured_root_driver,Anaphylaxis,Anaphylaxis,"[""Anaphylaxis"", ""Scombroid food poisoning"", ""HIV (initial infection)"", ""Viral pharyngitis"", ""URTI"", ""Allergic sinusitis"", ""Acute laryngitis"", ""Acute otitis media"", ""Bronchitis"", ""Anemia""]",Anaphylaxis,"[""Anaphylaxis"", ""Scombroid food poisoning"", ""HIV (initial infection)"", ""Pulmonary embolism"", ""Chagas"", ""Localized edema"", ""Pancreatic neoplasm"", ""Larygospasm"", ""Acute pulmonary edema"", ""Pneumonia""]",URTI,1.0,0.09204465060583922,False,,0.0,0.0,0,False,False,not_applicable,3,ddxplus_native_mlp_stop,"[""E_91"", ""E_187"", ""E_151""]",ddxplus_native_mlp_stop,True,Anaphylaxis,"[""Anaphylaxis"", ""Scombroid food poisoning"", ""HIV (initial infection)"", ""Pulmonary embolism"", ""Chagas""]",0.9991129040718079,0.9984078970737755,0.00201953583542831,True,1,2,1.503013096561118,4,False,0.9991129040718079,5,False,budget_exhausted_forced_final,True,True,True,1,4,True,5435,425,6,True
ddxplus,test:106119,10,ddxplus_native_structured_root_driver,Anaphylaxis,Anaphylaxis,"[""Anaphylaxis"", ""Scombroid food poisoning"", ""HIV (initial infection)"", ""Viral pharyngitis"", ""URTI"", ""Influenza"", ""Acute laryngitis"", ""Bronchitis"", ""Acute otitis media"", ""Anemia""]",Anaphylaxis,"[""Anaphylaxis"", ""Scombroid food poisoning"", ""HIV (initial infection)"", ""Pulmonary embolism"", ""Chagas"", ""Localized edema"", ""Pancreatic neoplasm"", ""Larygospasm"", ""Acute pulmonary edema"", ""Pneumonia""]",URTI,1.0,0.13230937904029727,False,,0.0,0.0,0,False,False,not_applicable,4,ddxplus_native_mlp_stop,"[""E_91"", ""E_187"", ""E_151"", ""E_152""]",ddxplus_native_mlp_stop,True,Anaphylaxis,"[""Anaphylaxis"", ""Scombroid food poisoning"", ""HIV (initial infection)"", ""Pulmonary embolism"", ""Chagas""]",0.9991129040718079,0.9984078970737755,0.00201953583542831,True,2,4,2.5270310760168244,5,False,0.9991129040718079,8,True,ddxplus_native_mlp_stop,True,True,True,1,4,True,9412,788,10,True
ddxplus,test:106119,15,ddxplus_native_structured_root_driver,Anaphylaxis,Anaphylaxis,"[""Anaphylaxis"", ""Scombroid food poisoning"", ""Pulmonary embolism"", ""HIV (initial infection)"", ""Viral pharyngitis"", ""URTI"", ""Acute otitis media"", ""Acute laryngitis"", ""Anemia"", ""Influenza""]",Anaphylaxis,"[""Anaphylaxis"", ""Scombroid food poisoning"", ""Pulmonary embolism"", ""HIV (initial infection)"", ""Localized edema"", ""Chagas"", ""Larygospasm"", ""SLE"", ""Pancreatic neoplasm"", ""Acute pulmonary edema""]",URTI,1.0,0.1212978107360192,False,,0.0,0.0,0,False,False,not_applicable,5,ddxplus_native_mlp_stop,"[""E_91"", ""E_187"", ""E_151"", ""E_152"", ""E_42""]",ddxplus_native_mlp_stop,True,Anaphylaxis,"[""Anaphylaxis"", ""Scombroid food poisoning"", ""Pulmonary embolism"", ""HIV (initial infection)"", ""Localized edema""]",0.9999997615814209,0.9999995114074238,1.0550037945133476e-06,True,2,4,2.1420949464587435,5,False,0.9999997615814209,9,True,ddxplus_native_mlp_stop,True,True,True,1,4,True,10752,850,11,True
ddxplus,test:64339,5,ddxplus_native_structured_root_driver,GERD,Scombroid food poisoning,"[""Scombroid food poisoning"", ""Anaphylaxis"", ""Anemia"", ""GERD"", ""URTI"", ""Viral pharyngitis"", ""Bronchospasm / acute asthma exacerbation"", ""Allergic sinusitis"", ""Localized edema"", ""Boerhaave""]",Scombroid food poisoning,"[""Scombroid food poisoning"", ""HIV (initial infection)"", ""Pancreatic neoplasm"", ""Chagas"", ""SLE"", ""Anaphylaxis"", ""Pneumonia"", ""Possible NSTEMI / STEMI"", ""Ebola"", ""Influenza""]",Anemia,1.0,0.02806213966817117,False,,0.0,0.0,0,False,False,not_applicable,5,budget_exhausted,"[""E_211"", ""E_215"", ""E_151"", ""E_223"", ""E_187""]",budget_exhausted,True,Scombroid food poisoning,"[""Scombroid food poisoning"", ""HIV (initial infection)"", ""Pancreatic neoplasm"", ""Chagas"", ""SLE""]",0.34613746404647827,0.08605509996414185,0.5489724252039105,False,0,0,1.0693466040022956,3,False,0.34613746404647827,5,False,budget_exhausted_forced_final,False,False,True,4,2,False,4855,237,5,True
ddxplus,test:64339,10,ddxplus_native_structured_root_driver,GERD,Possible NSTEMI / STEMI,"[""Possible NSTEMI / STEMI"", ""Viral pharyngitis"", ""URTI"", ""Anemia"", ""Scombroid food poisoning"", ""GERD"", ""Anaphylaxis"", ""Influenza"", ""Pneumonia"", ""HIV (initial infection)""]",Possible NSTEMI / STEMI,"[""Possible NSTEMI / STEMI"", ""Spontaneous pneumothorax"", ""Unstable angina"", ""Bronchitis"", ""Pulmonary neoplasm"", ""Acute COPD exacerbation / infection"", ""Stable angina"", ""Viral pharyngitis"", ""Pancreatic neoplasm"", ""SLE""]",URTI,1.0,0.059763420913410026,False,,0.0,0.0,0,False,False,not_applicable,10,budget_exhausted,"[""E_211"", ""E_215"", ""E_151"", ""E_223"", ""E_187"", ""E_92"", ""E_91"", ""E_79"", ""E_105"", ""E_129""]",budget_exhausted,True,Possible NSTEMI / STEMI,"[""Possible NSTEMI / STEMI"", ""Spontaneous pneumothorax"", ""Unstable angina"", ""Bronchitis"", ""Pulmonary neoplasm""]",0.24932532012462616,0.13522259145975113,0.6757016719064973,False,0,0,0.9471663475048471,3,False,0.24932532012462616,10,False,budget_exhausted_forced_final,False,False,False,6,2,False,10343,449,10,True
ddxplus,test:64339,15,ddxplus_native_structured_root_driver,GERD,Boerhaave,"[""Boerhaave"", ""GERD"", ""Possible NSTEMI / STEMI"", ""URTI"", ""Viral pharyngitis"", ""Anemia"", ""Anaphylaxis"", ""Pneumonia"", ""Scombroid food poisoning"", ""Influenza""]",Boerhaave,"[""Boerhaave"", ""Bronchitis"", ""Chronic rhinosinusitis"", ""Acute laryngitis"", ""GERD"", ""Possible NSTEMI / STEMI"", ""Unstable angina"", ""Pancreatic neoplasm"", ""Cluster headache"", ""Larygospasm""]",URTI,1.0,0.06204152388312267,False,,0.0,0.0,0,False,False,not_applicable,15,budget_exhausted,"[""E_211"", ""E_215"", ""E_151"", ""E_223"", ""E_187"", ""E_92"", ""E_91"", ""E_79"", ""E_105"", ""E_129"", ""E_69"", ""E_71"", ""E_220"", ""E_178"", ""E_41""]",budget_exhausted,True,Boerhaave,"[""Boerhaave"", ""Bronchitis"", ""Chronic rhinosinusitis"", ""Acute laryngitis"", ""GERD""]",0.10762118548154831,0.04161475598812103,0.8696098640136869,False,0,0,0.3242071939017992,2,False,0.10762118548154831,15,False,budget_exhausted_forced_final,False,True,True,2,2,False,16326,678,15,True
ddxplus,test:107429,5,ddxplus_native_structured_root_driver,Tuberculosis,Tuberculosis,"[""Tuberculosis"", ""Viral pharyngitis"", ""URTI"", ""Pneumonia"", ""Bronchitis"", ""Acute otitis media"", ""Acute laryngitis"", ""Influenza"", ""Bronchiectasis"", ""HIV (initial infection)""]",Tuberculosis,"[""Tuberculosis"", ""Bronchiectasis"", ""Viral pharyngitis"", ""Pneumonia"", ""Bronchitis"", ""Pulmonary neoplasm"", ""Acute otitis media"", ""Acute laryngitis"", ""URTI"", ""Bronchospasm / acute asthma exacerbation""]",URTI,1.0,0.014517401419159137,False,,0.0,0.0,0,False,False,not_applicable,5,budget_exhausted,"[""E_41"", ""E_129"", ""E_201"", ""E_53"", ""E_45""]",budget_exhausted,True,Tuberculosis,"[""Tuberculosis"", ""Bronchiectasis"", ""Viral pharyngitis"", ""Pneumonia"", ""Bronchitis""]",0.9797040224075317,0.9704579319804907,0.03172233646523308,False,0,0,0.3211769956446302,2,False,0.9797040224075317,5,False,budget_exhausted_forced_final,True,True,True,1,7,True,4833,211,5,True
ddxplus,test:107429,10,ddxplus_native_structured_root_driver,Tuberculosis,Tuberculosis,"[""Tuberculosis"", ""Pneumonia"", ""Bronchitis"", ""Viral pharyngitis"", ""Bronchiectasis"", ""URTI"", ""Influenza"", ""Acute otitis media"", ""Acute laryngitis"", ""HIV (initial infection)""]",Tuberculosis,"[""Tuberculosis"", ""Bronchiectasis"", ""Viral pharyngitis"", ""Pneumonia"", ""Bronchitis"", ""Pulmonary neoplasm"", ""Acute otitis media"", ""Acute laryngitis"", ""URTI"", ""Bronchospasm / acute asthma exacerbation""]",URTI,1.0,0.014517401419159137,False,,0.0,0.0,0,False,False,not_applicable,5,ddxplus_native_mlp_stop,"[""E_41"", ""E_129"", ""E_201"", ""E_53"", ""E_45""]",ddxplus_native_mlp_stop,True,Tuberculosis,"[""Tuberculosis"", ""Bronchiectasis"", ""Viral pharyngitis"", ""Pneumonia"", ""Bronchitis""]",0.9797040224075317,0.9704579319804907,0.03172233646523308,True,2,4,2.0942238386814362,4,False,0.9797040224075317,9,True,ddxplus_native_mlp_stop,True,True,True,1,7,True,10394,763,11,True
ddxplus,test:107429,15,ddxplus_native_structured_root_driver,Tuberculosis,Tuberculosis,"[""Tuberculosis"", ""Pneumonia"", ""Bronchiectasis"", ""Bronchitis"", ""Viral pharyngitis"", ""Pulmonary neoplasm"", ""URTI"", ""Acute otitis media"", ""Anemia"", ""Acute laryngitis""]",Tuberculosis,"[""Tuberculosis"", ""Bronchiectasis"", ""Pulmonary neoplasm"", ""Viral pharyngitis"", ""Pneumonia"", ""Bronchospasm / acute asthma exacerbation"", ""Bronchitis"", ""Acute otitis media"", ""Pancreatic neoplasm"", ""Pulmonary embolism""]",URTI,1.0,0.07699282774340321,False,,0.0,0.0,0,False,False,not_applicable,8,ddxplus_native_mlp_stop,"[""E_41"", ""E_201"", ""E_77"", ""E_94"", ""E_181"", ""E_212"", ""E_53"", ""E_45""]",ddxplus_native_mlp_stop,True,Tuberculosis,"[""Tuberculosis"", ""Bronchiectasis"", ""Pulmonary neoplasm"", ""Viral pharyngitis"", ""Pneumonia""]",0.9607170820236206,0.9463740857318044,0.056871919798028726,True,2,4,2.310658556952485,4,False,0.9607170820236206,12,True,ddxplus_native_mlp_stop,True,True,True,1,7,True,14505,910,14,True
ddxplus,test:116148,5,ddxplus_native_structured_root_driver,Acute rhinosinusitis,Chronic rhinosinusitis,"[""Chronic rhinosinusitis"", ""URTI"", ""Viral pharyngitis"", ""Bronchitis"", ""Anemia"", ""Anaphylaxis"", ""Acute rhinosinusitis"", ""Pneumonia"", ""Cluster headache"", ""Influenza""]",Chronic rhinosinusitis,"[""Chronic rhinosinusitis"", ""Acute rhinosinusitis"", ""GERD"", ""Acute otitis media"", ""Acute laryngitis"", ""Bronchitis"", ""Viral pharyngitis"", ""URTI"", ""Pulmonary neoplasm"", ""Spontaneous rib fracture""]",URTI,1.0,0.10530146538441132,False,,0.0,0.0,0,False,False,not_applicable,5,budget_exhausted,"[""E_41"", ""E_25"", ""E_201"", ""E_77"", ""E_129""]",budget_exhausted,True,Chronic rhinosinusitis,"[""Chronic rhinosinusitis"", ""Acute rhinosinusitis"", ""GERD"", ""Acute otitis media"", ""Acute laryngitis""]",0.2185884267091751,0.029089629650115967,0.5681368465767449,False,0,0,0.282755949348211,2,False,0.2185884267091751,5,False,budget_exhausted_forced_final,False,False,False,7,11,True,4817,216,5,True
ddxplus,test:116148,10,ddxplus_native_structured_root_driver,Acute rhinosinusitis,Bronchitis,"[""Bronchitis"", ""Pneumonia"", ""Acute COPD exacerbation / infection"", ""URTI"", ""Influenza"", ""Viral pharyngitis"", ""Anemia"", ""Anaphylaxis"", ""Pulmonary neoplasm"", ""GERD""]",Bronchitis,"[""Bronchitis"", ""Pulmonary neoplasm"", ""Pneumonia"", ""Acute COPD exacerbation / infection"", ""Possible NSTEMI / STEMI"", ""Influenza"", ""Spontaneous pneumothorax"", ""Pancreatic neoplasm"", ""Spontaneous rib fracture"", ""Acute laryngitis""]",URTI,1.0,0.08352528004380044,False,,0.0,0.0,0,False,False,not_applicable,10,budget_exhausted,"[""E_41"", ""E_25"", ""E_201"", ""E_77"", ""E_129"", ""E_120"", ""E_79"", ""E_45"", ""E_215"", ""E_123""]",budget_exhausted,True,Bronchitis,"[""Bronchitis"", ""Pulmonary neoplasm"", ""Pneumonia"", ""Acute COPD exacerbation / infection"", ""Possible NSTEMI / STEMI""]",0.5144731402397156,0.25112584233283997,0.40232542500042706,False,0,0,0.9526315167255435,3,False,0.5144731402397156,10,False,budget_exhausted_forced_final,False,False,False,11,11,False,10206,447,10,True
ddxplus,test:116148,15,ddxplus_native_structured_root_driver,Acute rhinosinusitis,Pulmonary neoplasm,"[""Pulmonary neoplasm"", ""Pneumonia"", ""URTI"", ""Bronchospasm / acute asthma exacerbation"", ""Bronchitis"", ""Anemia"", ""Viral pharyngitis"", ""Acute COPD exacerbation / infection"", ""Anaphylaxis"", ""Bronchiectasis""]",Pulmonary neoplasm,"[""Pulmonary neoplasm"", ""Pancreatic neoplasm"", ""Influenza"", ""Pneumonia"", ""Possible NSTEMI / STEMI"", ""URTI"", ""Unstable angina"", ""Chagas"", ""HIV (initial infection)"", ""Spontaneous pneumothorax""]",URTI,1.0,0.03722837709294213,False,,0.0,0.0,0,False,False,not_applicable,15,budget_exhausted,"[""E_41"", ""E_25"", ""E_201"", ""E_129"", ""E_123"", ""E_77"", ""E_120"", ""E_79"", ""E_45"", ""E_124"", ""E_215"", ""E_214"", ""E_118"", ""E_66"", ""E_103""]",budget_exhausted,True,Pulmonary neoplasm,"[""Pulmonary neoplasm"", ""Pancreatic neoplasm"", ""Influenza"", ""Pneumonia"", ""Possible NSTEMI / STEMI""]",0.12839582562446594,0.00936359167098999,0.7349894678642563,False,0,0,0.16692791387382466,2,False,0.12839582562446594,15,False,budget_exhausted_forced_final,False,False,False,11,11,False,16090,697,15,True
ddxplus,test:31708,5,ddxplus_native_structured_root_driver,GERD,Bronchitis,"[""Bronchitis"", ""URTI"", ""Viral pharyngitis"", ""Acute otitis media"", ""Influenza"", ""Pneumonia"", ""Acute laryngitis"", ""Anemia"", ""Chronic rhinosinusitis"", ""Bronchiectasis""]",Bronchitis,"[""Bronchitis"", ""Acute laryngitis"", ""Acute otitis media"", ""GERD"", ""Viral pharyngitis"", ""URTI"", ""Pancreatic neoplasm"", ""Spontaneous rib fracture"", ""Influenza"", ""Pneumonia""]",URTI,1.0,0.09903149514090459,False,,0.0,0.0,0,False,False,not_applicable,5,budget_exhausted,"[""E_53"", ""E_41"", ""E_77"", ""E_120"", ""E_94""]",budget_exhausted,True,Bronchitis,"[""Bronchitis"", ""Acute laryngitis"", ""Acute otitis media"", ""GERD"", ""Viral pharyngitis""]",0.22708015143871307,0.08798426389694214,0.672538742917975,False,0,0,0.8312563059655611,3,False,0.22708015143871307,5,False,budget_exhausted_forced_final,False,False,False,11,8,False,4767,221,5,True
ddxplus,test:31708,10,ddxplus_native_structured_root_driver,GERD,Bronchitis,"[""Bronchitis"", ""Viral pharyngitis"", ""URTI"", ""GERD"", ""Influenza"", ""Acute laryngitis"", ""Pneumonia"", ""Anemia"", ""Anaphylaxis"", ""Possible NSTEMI / STEMI""]",Bronchitis,"[""Bronchitis"", ""Possible NSTEMI / STEMI"", ""Viral pharyngitis"", ""GERD"", ""URTI"", ""Influenza"", ""Stable angina"", ""Pancreatic neoplasm"", ""Unstable angina"", ""Acute laryngitis""]",URTI,1.0,0.09582279050360887,False,,0.0,0.0,0,False,False,not_applicable,10,budget_exhausted,"[""E_53"", ""E_41"", ""E_77"", ""E_120"", ""E_129"", ""E_212"", ""E_216"", ""E_124"", ""E_45"", ""E_79""]",budget_exhausted,True,Bronchitis,"[""Bronchitis"", ""Possible NSTEMI / STEMI"", ""Viral pharyngitis"", ""GERD"", ""URTI""]",0.17198686301708221,0.07592549920082092,0.7041804688788261,False,0,0,0.6919849746571671,3,False,0.17198686301708221,10,False,budget_exhausted_forced_final,False,False,True,4,8,True,10157,439,10,True
ddxplus,test:31708,15,ddxplus_native_structured_root_driver,GERD,Possible NSTEMI / STEMI,"[""Possible NSTEMI / STEMI"", ""URTI"", ""Bronchitis"", ""Viral pharyngitis"", ""Influenza"", ""Anemia"", ""Pneumonia"", ""Unstable angina"", ""Acute laryngitis"", ""Allergic sinusitis""]",Possible NSTEMI / STEMI,"[""Possible NSTEMI / STEMI"", ""Unstable angina"", ""Stable angina"", ""Bronchitis"", ""URTI"", ""Pancreatic neoplasm"", ""Influenza"", ""GERD"", ""Anemia"", ""Viral pharyngitis""]",URTI,1.0,0.10651764793268104,False,,0.0,0.0,0,False,False,not_applicable,15,budget_exhausted,"[""E_53"", ""E_41"", ""E_124"", ""E_77"", ""E_129"", ""E_212"", ""E_220"", ""E_120"", ""E_49"", ""E_48"", ""E_181"", ""E_105"", ""E_79"", ""E_162"", ""E_108""]",budget_exhausted,True,Possible NSTEMI / STEMI,"[""Possible NSTEMI / STEMI"", ""Unstable angina"", ""Stable angina"", ""Bronchitis"", ""URTI""]",0.4474027454853058,0.30477000772953033,0.4886367520362218,False,0,0,0.2765909609198569,2,False,0.4474027454853058,15,False,budget_exhausted_forced_final,False,False,False,11,8,False,16093,682,15,True
ddxplus,test:88992,5,ddxplus_native_structured_root_driver,Pneumonia,Pneumonia,"[""Pneumonia"", ""URTI"", ""Bronchitis"", ""Acute pulmonary edema"", ""Bronchiectasis"", ""Chagas"", ""Viral pharyngitis"", ""Bronchospasm / acute asthma exacerbation"", ""Anemia"", ""Anaphylaxis""]",Pneumonia,"[""Pneumonia"", ""URTI"", ""Bronchitis"", ""Bronchiectasis"", ""Chagas"", ""Acute pulmonary edema"", ""Myocarditis"", ""HIV (initial infection)"", ""Influenza"", ""Acute COPD exacerbation / infection""]",URTI,1.0,0.13081081701295094,False,,0.0,0.0,0,False,False,not_applicable,3,ddxplus_native_mlp_stop,"[""E_106"", ""E_151"", ""E_77""]",ddxplus_native_mlp_stop,True,Pneumonia,"[""Pneumonia"", ""URTI"", ""Bronchitis"", ""Bronchiectasis"", ""Chagas""]",0.9998238682746887,0.9997415350808296,0.0004913703037850171,True,1,2,1.7027897002857804,4,False,0.9998238682746887,5,False,budget_exhausted_forced_final,True,True,True,1,2,True,5519,415,6,True
ddxplus,test:88992,10,ddxplus_native_structured_root_driver,Pneumonia,Pneumonia,"[""Pneumonia"", ""Bronchitis"", ""HIV (initial infection)"", ""Influenza"", ""URTI"", ""Acute pulmonary edema"", ""Chagas"", ""Anaphylaxis"", ""Viral pharyngitis"", ""Anemia""]",Pneumonia,"[""Pneumonia"", ""HIV (initial infection)"", ""Bronchitis"", ""Influenza"", ""URTI"", ""Chagas"", ""Bronchiectasis"", ""Scombroid food poisoning"", ""Myocarditis"", ""Acute pulmonary edema""]",URTI,1.0,0.018517696106335912,False,,0.0,0.0,0,False,False,not_applicable,4,ddxplus_native_mlp_stop,"[""E_106"", ""E_151"", ""E_129"", ""E_77""]",ddxplus_native_mlp_stop,True,Pneumonia,"[""Pneumonia"", ""HIV (initial infection)"", ""Bronchitis"", ""Influenza"", ""URTI""]",0.9999995231628418,0.9999993888402372,1.9309257258413333e-06,True,2,4,0.9284081523065986,5,False,0.9999995231628418,8,True,ddxplus_native_mlp_stop,True,True,True,1,2,True,9445,746,10,True
ddxplus,test:88992,15,ddxplus_native_structured_root_driver,Pneumonia,Pneumonia,"[""Pneumonia"", ""HIV (initial infection)"", ""URTI"", ""Bronchitis"", ""Influenza"", ""Acute pulmonary edema"", ""Anaphylaxis"", ""Anemia"", ""Viral pharyngitis"", ""Bronchospasm / acute asthma exacerbation""]",Pneumonia,"[""Pneumonia"", ""HIV (initial infection)"", ""Bronchitis"", ""Influenza"", ""URTI"", ""Chagas"", ""Bronchiectasis"", ""Scombroid food poisoning"", ""Myocarditis"", ""Acute pulmonary edema""]",Pneumonia,1.0,0.01947729445729096,False,,0.0,0.0,0,False,False,not_applicable,5,ddxplus_native_mlp_stop,"[""E_106"", ""E_151"", ""E_129"", ""E_77"", ""E_118""]",ddxplus_native_mlp_stop,True,Pneumonia,"[""Pneumonia"", ""HIV (initial infection)"", ""Bronchitis"", ""Influenza"", ""URTI""]",0.9999995231628418,0.9999993888402372,1.9309257258413333e-06,False,0,0,1.1169532085654965,3,False,0.9999995231628418,5,True,ddxplus_native_mlp_stop,True,True,True,1,2,True,5031,233,5,True
ddxplus,test:82573,5,ddxplus_native_structured_root_driver,Cluster headache,GERD,"[""GERD"", ""Cluster headache"", ""URTI"", ""Viral pharyngitis"", ""Anaphylaxis"", ""Pneumonia"", ""Anemia"", ""HIV (initial infection)"", ""Influenza"", ""Boerhaave""]",GERD,"[""GERD"", ""Boerhaave"", ""Stable angina"", ""Panic attack"", ""Unstable angina"", ""Cluster headache"", ""Spontaneous rib fracture"", ""Pericarditis"", ""Epiglottitis"", ""Pneumonia""]",URTI,1.0,0.009338156968692557,False,,0.0,0.0,0,False,False,not_applicable,5,budget_exhausted,"[""E_41"", ""E_151"", ""E_78"", ""E_25"", ""E_129""]",budget_exhausted,True,GERD,"[""GERD"", ""Boerhaave"", ""Stable angina"", ""Panic attack"", ""Unstable angina""]",0.2699286639690399,0.04098281264305115,0.5763942782707778,False,0,0,0.9605304639519193,3,False,0.2699286639690399,5,False,budget_exhausted_forced_final,False,True,True,2,2,False,4852,210,5,True
ddxplus,test:82573,10,ddxplus_native_structured_root_driver,Cluster headache,Anemia,"[""Anemia"", ""Pericarditis"", ""URTI"", ""Viral pharyngitis"", ""Anaphylaxis"", ""Atrial fibrillation"", ""Panic attack"", ""HIV (initial infection)"", ""Influenza"", ""Cluster headache""]",Anemia,"[""Anemia"", ""Sarcoidosis"", ""Bronchitis"", ""Spontaneous rib fracture"", ""Spontaneous pneumothorax"", ""Acute dystonic reactions"", ""Epiglottitis"", ""Pulmonary embolism"", ""Acute otitis media"", ""Pericarditis""]",URTI,1.0,0.04930197961616145,False,,0.0,0.0,0,False,False,not_applicable,10,budget_exhausted,"[""E_41"", ""E_151"", ""E_218"", ""E_201"", ""E_129"", ""E_25"", ""E_148"", ""E_3"", ""E_155"", ""E_120""]",budget_exhausted,True,Anemia,"[""Anemia"", ""Sarcoidosis"", ""Bronchitis"", ""Spontaneous rib fracture"", ""Spontaneous pneumothorax""]",0.2505183219909668,0.1002156138420105,0.6603076481228087,False,0,0,1.1154269773272223,3,False,0.2505183219909668,10,False,budget_exhausted_forced_final,False,False,False,10,2,False,10350,447,10,True
ddxplus,test:82573,15,ddxplus_native_structured_root_driver,Cluster headache,Spontaneous rib fracture,"[""Spontaneous rib fracture"", ""Bronchitis"", ""Pneumonia"", ""URTI"", ""Anemia"", ""Viral pharyngitis"", ""Anaphylaxis"", ""GERD"", ""Influenza"", ""Panic attack""]",Spontaneous rib fracture,"[""Spontaneous rib fracture"", ""Bronchitis"", ""Pneumonia"", ""Epiglottitis"", ""Pericarditis"", ""Acute otitis media"", ""Pulmonary embolism"", ""Anemia"", ""Croup"", ""Chagas""]",URTI,1.0,0.1324206072270635,True,,0.0,0.0,0,False,False,not_applicable,15,budget_exhausted,"[""E_41"", ""E_151"", ""E_78"", ""E_218"", ""E_25"", ""E_77"", ""E_129"", ""E_215"", ""E_211"", ""E_118"", ""E_94"", ""E_79"", ""E_201"", ""E_9"", ""E_157""]",budget_exhausted,True,Spontaneous rib fracture,"[""Spontaneous rib fracture"", ""Bronchitis"", ""Pneumonia"", ""Epiglottitis"", ""Pericarditis""]",0.16914990544319153,0.05733943730592728,0.7789853628859708,False,0,0,0.07083506700739606,2,False,0.16914990544319153,15,False,budget_exhausted_forced_final,False,False,False,11,2,False,16469,676,15,True
ddxplus,test:100261,5,ddxplus_native_structured_root_driver,Chagas,Anemia,"[""Anemia"", ""Pericarditis"", ""Bronchospasm / acute asthma exacerbation"", ""Bronchitis"", ""URTI"", ""Viral pharyngitis"", ""Possible NSTEMI / STEMI"", ""Atrial fibrillation"", ""Anaphylaxis"", ""Acute COPD exacerbation / infection""]",Anemia,"[""Anemia"", ""Pulmonary embolism"", ""Pericarditis"", ""Sarcoidosis"", ""Boerhaave"", ""PSVT"", ""Panic attack"", ""Stable angina"", ""Myocarditis"", ""Chagas""]",Bronchospasm / acute asthma exacerbation,1.0,0.0015641282295114634,False,,0.0,0.0,0,False,False,not_applicable,5,budget_exhausted,"[""E_214"", ""E_53"", ""E_105"", ""E_79"", ""E_24""]",budget_exhausted,True,Anemia,"[""Anemia"", ""Pulmonary embolism"", ""Pericarditis"", ""Sarcoidosis"", ""Boerhaave""]",0.19339501857757568,0.07941236346960068,0.7303860369924081,False,0,0,0.8931067051246662,3,False,0.19339501857757568,5,False,budget_exhausted_forced_final,False,False,False,11,11,False,4832,237,5,True
ddxplus,test:100261,10,ddxplus_native_structured_root_driver,Chagas,Acute otitis media,"[""Acute otitis media"", ""URTI"", ""Anemia"", ""Viral pharyngitis"", ""Bronchospasm / acute asthma exacerbation"", ""Pericarditis"", ""Anaphylaxis"", ""Bronchitis"", ""Atrial fibrillation"", ""Panic attack""]",Acute otitis media,"[""Acute otitis media"", ""Pancreatic neoplasm"", ""Chagas"", ""Sarcoidosis"", ""HIV (initial infection)"", ""Inguinal hernia"", ""URTI"", ""Acute laryngitis"", ""Cluster headache"", ""Possible NSTEMI / STEMI""]",Anemia,1.0,0.06623942443927788,False,,0.0,0.0,0,False,False,not_applicable,10,budget_exhausted,"[""E_214"", ""E_53"", ""E_105"", ""E_79"", ""E_24"", ""E_220"", ""E_208"", ""E_78"", ""E_82"", ""E_41""]",budget_exhausted,True,Acute otitis media,"[""Acute otitis media"", ""Pancreatic neoplasm"", ""Chagas"", ""Sarcoidosis"", ""HIV (initial infection)""]",0.1286977082490921,0.021473832428455353,0.8068936319158222,False,0,0,0.2837500231528902,2,False,0.1286977082490921,10,False,budget_exhausted_forced_final,False,False,False,11,11,False,10204,461,10,True
ddxplus,test:100261,15,ddxplus_native_structured_root_driver,Chagas,Anemia,"[""Anemia"", ""URTI"", ""Bronchitis"", ""Viral pharyngitis"", ""Anaphylaxis"", ""Pneumonia"", ""Pericarditis"", ""Possible NSTEMI / STEMI"", ""Unstable angina"", ""Bronchospasm / acute asthma exacerbation""]",Anemia,"[""Anemia"", ""Acute otitis media"", ""Sarcoidosis"", ""Acute dystonic reactions"", ""Myasthenia gravis"", ""Acute laryngitis"", ""Pulmonary embolism"", ""Guillain-Barr\u00e9 syndrome"", ""Bronchitis"", ""Chagas""]",URTI,1.0,0.03536904045089795,False,,0.0,0.0,0,False,False,not_applicable,15,budget_exhausted,"[""E_214"", ""E_53"", ""E_105"", ""E_79"", ""E_24"", ""E_220"", ""E_208"", ""E_78"", ""E_82"", ""E_41"", ""E_129"", ""E_181"", ""E_148"", ""E_70"", ""E_0""]",budget_exhausted,True,Anemia,"[""Anemia"", ""Acute otitis media"", ""Sarcoidosis"", ""Acute dystonic reactions"", ""Myasthenia gravis""]",0.09127245843410492,0.0030323341488838196,0.8476453039965106,False,0,0,1.1536501280912181,3,False,0.09127245843410492,15,False,budget_exhausted_forced_final,False,False,False,11,11,False,16277,694,15,True
ddxplus,test:101299,5,ddxplus_native_structured_root_driver,Pancreatic neoplasm,Pancreatic neoplasm,"[""Pancreatic neoplasm"", ""GERD"", ""Anemia"", ""URTI"", ""Bronchospasm / acute asthma exacerbation"", ""Possible NSTEMI / STEMI"", ""Atrial fibrillation"", ""Viral pharyngitis"", ""Allergic sinusitis"", ""Cluster headache""]",Pancreatic neoplasm,"[""Pancreatic neoplasm"", ""HIV (initial infection)"", ""GERD"", ""Influenza"", ""Pulmonary neoplasm"", ""Inguinal hernia"", ""Tuberculosis"", ""Scombroid food poisoning"", ""Pneumonia"", ""Possible NSTEMI / STEMI""]",Pancreatic neoplasm,1.0,0.027005295413855768,False,,0.0,0.0,0,False,False,not_applicable,3,ddxplus_native_mlp_stop,"[""E_223"", ""E_6"", ""E_70""]",ddxplus_native_mlp_stop,True,Pancreatic neoplasm,"[""Pancreatic neoplasm"", ""HIV (initial infection)"", ""GERD"", ""Influenza"", ""Pulmonary neoplasm""]",0.9999971389770508,0.999995971046701,1.1581166284503355e-05,False,0,0,1.2755430496513962,3,False,0.9999971389770508,3,True,ddxplus_native_mlp_stop,True,True,True,1,1,False,2768,135,3,True
ddxplus,test:101299,10,ddxplus_native_structured_root_driver,Pancreatic neoplasm,Pancreatic neoplasm,"[""Pancreatic neoplasm"", ""GERD"", ""Anemia"", ""URTI"", ""Possible NSTEMI / STEMI"", ""Bronchospasm / acute asthma exacerbation"", ""Atrial fibrillation"", ""Viral pharyngitis"", ""Allergic sinusitis"", ""Cluster headache""]",Pancreatic neoplasm,"[""Pancreatic neoplasm"", ""HIV (initial infection)"", ""GERD"", ""Influenza"", ""Pulmonary neoplasm"", ""Inguinal hernia"", ""Tuberculosis"", ""Scombroid food poisoning"", ""Pneumonia"", ""Possible NSTEMI / STEMI""]",Pancreatic neoplasm,1.0,0.0491827799061606,False,,0.0,0.0,0,False,False,not_applicable,4,ddxplus_native_mlp_stop,"[""E_223"", ""E_6"", ""E_70"", ""E_69""]",ddxplus_native_mlp_stop,True,Pancreatic neoplasm,"[""Pancreatic neoplasm"", ""HIV (initial infection)"", ""GERD"", ""Influenza"", ""Pulmonary neoplasm""]",0.9999971389770508,0.999995971046701,1.1581166284503355e-05,False,0,0,1.2916465260812708,3,False,0.9999971389770508,4,True,ddxplus_native_mlp_stop,True,True,True,1,1,False,3734,181,4,True
ddxplus,test:101299,15,ddxplus_native_structured_root_driver,Pancreatic neoplasm,Pancreatic neoplasm,"[""Pancreatic neoplasm"", ""GERD"", ""Anemia"", ""HIV (initial infection)"", ""Bronchospasm / acute asthma exacerbation"", ""Viral pharyngitis"", ""URTI"", ""Atrial fibrillation"", ""Possible NSTEMI / STEMI"", ""Pneumonia""]",Pancreatic neoplasm,"[""Pancreatic neoplasm"", ""GERD"", ""HIV (initial infection)"", ""Spontaneous rib fracture"", ""Allergic sinusitis"", ""Pneumonia"", ""Influenza"", ""Tuberculosis"", ""Scombroid food poisoning"", ""Inguinal hernia""]",Anemia,1.0,0.0032114254036132994,False,,0.0,0.0,0,False,False,not_applicable,5,ddxplus_native_mlp_stop,"[""E_223"", ""E_6"", ""E_70"", ""E_69"", ""E_89""]",ddxplus_native_mlp_stop,True,Pancreatic neoplasm,"[""Pancreatic neoplasm"", ""GERD"", ""HIV (initial infection)"", ""Spontaneous rib fracture"", ""Allergic sinusitis""]",0.9999454021453857,0.9999269433810696,0.00018158872299491749,True,2,4,2.8779861043498522,5,False,0.9999454021453857,9,True,ddxplus_native_mlp_stop,True,True,True,1,1,False,10110,796,11,True
ddxplus,test:25839,5,ddxplus_native_structured_root_driver,Viral pharyngitis,Viral pharyngitis,"[""Viral pharyngitis"", ""URTI"", ""Acute otitis media"", ""Bronchitis"", ""Pneumonia"", ""Anemia"", ""Acute laryngitis"", ""Pericarditis"", ""GERD"", ""Cluster headache""]",Viral pharyngitis,"[""Viral pharyngitis"", ""Pneumonia"", ""Pulmonary embolism"", ""URTI"", ""Tuberculosis"", ""Bronchiectasis"", ""Pulmonary neoplasm"", ""Bronchitis"", ""Acute otitis media"", ""Influenza""]",Viral pharyngitis,1.0,0.03647293757381098,False,,0.0,0.0,0,False,False,not_applicable,3,ddxplus_native_mlp_stop,"[""E_53"", ""E_41"", ""E_49""]",ddxplus_native_mlp_stop,True,Viral pharyngitis,"[""Viral pharyngitis"", ""Pneumonia"", ""Pulmonary embolism"", ""URTI"", ""Tuberculosis""]",0.9892339706420898,0.9844299238175154,0.018552905687254415,False,0,0,1.2379102397837802,3,False,0.9892339706420898,3,True,ddxplus_native_mlp_stop,True,True,True,1,1,False,2740,134,3,True
ddxplus,test:25839,10,ddxplus_native_structured_root_driver,Viral pharyngitis,Viral pharyngitis,"[""Viral pharyngitis"", ""URTI"", ""Pulmonary embolism"", ""Acute laryngitis"", ""Anemia"", ""Pericarditis"", ""Bronchospasm / acute asthma exacerbation"", ""Bronchitis"", ""Anaphylaxis"", ""Atrial fibrillation""]",Viral pharyngitis,"[""Viral pharyngitis"", ""URTI"", ""Pneumonia"", ""Pulmonary embolism"", ""Tuberculosis"", ""Bronchiectasis"", ""Acute otitis media"", ""Influenza"", ""Acute laryngitis"", ""Pulmonary neoplasm""]",Viral pharyngitis,1.0,0.027068487446773815,False,,0.0,0.0,0,False,False,not_applicable,4,ddxplus_native_mlp_stop,"[""E_53"", ""E_41"", ""E_49"", ""E_66""]",ddxplus_native_mlp_stop,True,Viral pharyngitis,"[""Viral pharyngitis"", ""URTI"", ""Pneumonia"", ""Pulmonary embolism"", ""Tuberculosis""]",0.9959596991539001,0.9936527414247394,0.007917803444988679,False,0,0,0.945240684661284,3,False,0.9959596991539001,4,True,ddxplus_native_mlp_stop,True,True,True,1,1,False,3702,187,4,True
ddxplus,test:25839,15,ddxplus_native_structured_root_driver,Viral pharyngitis,Viral pharyngitis,"[""Viral pharyngitis"", ""URTI"", ""Pulmonary embolism"", ""Anemia"", ""Acute laryngitis"", ""Pericarditis"", ""Bronchospasm / acute asthma exacerbation"", ""Bronchitis"", ""Anaphylaxis"", ""Atrial fibrillation""]",Viral pharyngitis,"[""Viral pharyngitis"", ""URTI"", ""Pneumonia"", ""Pulmonary embolism"", ""Tuberculosis"", ""Bronchiectasis"", ""Pulmonary neoplasm"", ""Influenza"", ""Acute otitis media"", ""Acute laryngitis""]",Viral pharyngitis,1.0,0.04740398178493177,False,,0.0,0.0,0,False,False,not_applicable,5,ddxplus_native_mlp_stop,"[""E_53"", ""E_41"", ""E_66"", ""E_227"", ""E_49""]",ddxplus_native_mlp_stop,True,Viral pharyngitis,"[""Viral pharyngitis"", ""URTI"", ""Pneumonia"", ""Pulmonary embolism"", ""Tuberculosis""]",0.9995699524879456,0.9994014512049034,0.0011131819223404813,False,0,0,0.9627726687987261,3,False,0.9995699524879456,5,True,ddxplus_native_mlp_stop,True,True,True,1,1,False,4661,227,5,True
ddxplus,test:105918,5,ddxplus_native_structured_root_driver,Atrial fibrillation,Atrial fibrillation,"[""Atrial fibrillation"", ""PSVT"", ""Pericarditis"", ""Anemia"", ""URTI"", ""Viral pharyngitis"", ""Acute otitis media"", ""Possible NSTEMI / STEMI"", ""Cluster headache"", ""Epiglottitis""]",Atrial fibrillation,"[""Atrial fibrillation"", ""PSVT"", ""Myocarditis"", ""Panic attack"", ""Scombroid food poisoning"", ""Pericarditis"", ""Anemia"", ""Guillain-Barr\u00e9 syndrome"", ""Myasthenia gravis"", ""Stable angina""]",Atrial fibrillation,1.0,0.11090074901480595,False,,0.0,0.0,0,False,False,not_applicable,3,ddxplus_native_mlp_stop,"[""E_53"", ""E_164"", ""E_104""]",ddxplus_native_mlp_stop,True,Atrial fibrillation,"[""Atrial fibrillation"", ""PSVT"", ""Myocarditis"", ""Panic attack"", ""Scombroid food poisoning""]",0.9999412298202515,0.9998941728263162,0.00017151185655999327,False,0,0,1.0608610784031696,3,False,0.9999412298202515,3,True,ddxplus_native_mlp_stop,True,True,True,1,3,True,2916,149,3,True
ddxplus,test:105918,10,ddxplus_native_structured_root_driver,Atrial fibrillation,Atrial fibrillation,"[""Atrial fibrillation"", ""PSVT"", ""Pericarditis"", ""Anemia"", ""URTI"", ""Viral pharyngitis"", ""Acute otitis media"", ""Possible NSTEMI / STEMI"", ""Cluster headache"", ""Epiglottitis""]",Atrial fibrillation,"[""Atrial fibrillation"", ""PSVT"", ""Myocarditis"", ""Panic attack"", ""Scombroid food poisoning"", ""Pericarditis"", ""Anemia"", ""Guillain-Barr\u00e9 syndrome"", ""Myasthenia gravis"", ""Stable angina""]",Atrial fibrillation,1.0,0.152961050274515,False,,0.0,0.0,0,False,False,not_applicable,4,ddxplus_native_mlp_stop,"[""E_53"", ""E_164"", ""E_104"", ""E_22""]",ddxplus_native_mlp_stop,True,Atrial fibrillation,"[""Atrial fibrillation"", ""PSVT"", ""Myocarditis"", ""Panic attack"", ""Scombroid food poisoning""]",0.9999412298202515,0.9998941728263162,0.00017151185655999327,False,0,0,1.102588327031226,3,False,0.9999412298202515,4,True,ddxplus_native_mlp_stop,True,True,True,1,3,True,3921,185,4,True
ddxplus,test:105918,15,ddxplus_native_structured_root_driver,Atrial fibrillation,Atrial fibrillation,"[""Atrial fibrillation"", ""PSVT"", ""Pericarditis"", ""Anemia"", ""URTI"", ""Viral pharyngitis"", ""Bronchitis"", ""Possible NSTEMI / STEMI"", ""Acute otitis media"", ""Localized edema""]",Atrial fibrillation,"[""Atrial fibrillation"", ""PSVT"", ""Myocarditis"", ""Panic attack"", ""Scombroid food poisoning"", ""Pericarditis"", ""Anemia"", ""Guillain-Barr\u00e9 syndrome"", ""Myasthenia gravis"", ""Stable angina""]",Atrial fibrillation,1.0,0.2515956374298287,False,,0.0,0.0,0,False,False,not_applicable,5,ddxplus_native_mlp_stop,"[""E_53"", ""E_164"", ""E_104"", ""E_22"", ""E_31""]",ddxplus_native_mlp_stop,True,Atrial fibrillation,"[""Atrial fibrillation"", ""PSVT"", ""Myocarditis"", ""Panic attack"", ""Scombroid food poisoning""]",0.9999412298202515,0.9998941728263162,0.00017151185655999327,False,0,0,1.1851311396924504,3,False,0.9999412298202515,5,True,ddxplus_native_mlp_stop,True,True,True,1,3,True,4943,222,5,True
ddxplus,test:64224,5,ddxplus_native_structured_root_driver,Viral pharyngitis,Viral pharyngitis,"[""Viral pharyngitis"", ""URTI"", ""Cluster headache"", ""Acute otitis media"", ""Influenza"", ""Bronchitis"", ""Allergic sinusitis"", ""Acute rhinosinusitis"", ""Acute laryngitis"", ""Anemia""]",Viral pharyngitis,"[""Viral pharyngitis"", ""URTI"", ""Cluster headache"", ""Chronic rhinosinusitis"", ""Acute otitis media"", ""Influenza"", ""Pneumonia"", ""Bronchitis"", ""Allergic sinusitis"", ""Acute rhinosinusitis""]",URTI,1.0,0.05305295478200611,False,,0.0,0.0,0,False,False,not_applicable,5,budget_exhausted,"[""E_41"", ""E_97"", ""E_227"", ""E_91"", ""E_53""]",budget_exhausted,True,Viral pharyngitis,"[""Viral pharyngitis"", ""URTI"", ""Cluster headache"", ""Chronic rhinosinusitis"", ""Acute otitis media""]",0.5031859874725342,0.3173828423023224,0.3940882095869715,False,0,0,0.7086727317897821,3,False,0.5031859874725342,5,False,budget_exhausted_forced_final,True,True,True,1,1,False,4675,226,5,True
ddxplus,test:64224,10,ddxplus_native_structured_root_driver,Viral pharyngitis,Viral pharyngitis,"[""Viral pharyngitis"", ""URTI"", ""Acute otitis media"", ""Cluster headache"", ""Influenza"", ""Bronchitis"", ""Chronic rhinosinusitis"", ""Anemia"", ""Acute laryngitis"", ""Bronchospasm / acute asthma exacerbation""]",Viral pharyngitis,"[""Viral pharyngitis"", ""Chronic rhinosinusitis"", ""Acute otitis media"", ""Cluster headache"", ""Pneumonia"", ""Influenza"", ""Acute rhinosinusitis"", ""URTI"", ""Bronchitis"", ""Panic attack""]",URTI,1.0,0.16855552598170087,False,,0.0,0.0,0,False,False,not_applicable,10,budget_exhausted,"[""E_41"", ""E_97"", ""E_227"", ""E_222"", ""E_49"", ""E_48"", ""E_77"", ""E_91"", ""E_53"", ""E_25""]",budget_exhausted,True,Viral pharyngitis,"[""Viral pharyngitis"", ""Chronic rhinosinusitis"", ""Acute otitis media"", ""Cluster headache"", ""Pneumonia""]",0.2274233102798462,0.0036171823740005493,0.5775267575518513,False,0,0,0.9510037378125853,3,False,0.2274233102798462,10,False,budget_exhausted_forced_final,True,True,True,1,1,False,9937,433,10,True
ddxplus,test:64224,15,ddxplus_native_structured_root_driver,Viral pharyngitis,Acute otitis media,"[""Acute otitis media"", ""Viral pharyngitis"", ""URTI"", ""Cluster headache"", ""Bronchospasm / acute asthma exacerbation"", ""Anemia"", ""Bronchitis"", ""Influenza"", ""Pneumonia"", ""Anaphylaxis""]",Acute otitis media,"[""Acute otitis media"", ""Viral pharyngitis"", ""Cluster headache"", ""URTI"", ""Pulmonary embolism"", ""Chronic rhinosinusitis"", ""Localized edema"", ""Acute rhinosinusitis"", ""Allergic sinusitis"", ""Pericarditis""]",URTI,1.0,0.11582792944148546,False,,0.0,0.0,0,False,False,not_applicable,15,budget_exhausted,"[""E_41"", ""E_97"", ""E_227"", ""E_222"", ""E_49"", ""E_91"", ""E_53"", ""E_201"", ""E_25"", ""E_48"", ""E_129"", ""E_79"", ""E_184"", ""E_66"", ""E_78""]",budget_exhausted,True,Acute otitis media,"[""Acute otitis media"", ""Viral pharyngitis"", ""Cluster headache"", ""URTI"", ""Pulmonary embolism""]",0.42088544368743896,0.09529784321784973,0.40212669283620534,False,0,0,0.4970802590416077,3,False,0.42088544368743896,15,False,budget_exhausted_forced_final,False,True,True,2,1,False,15718,667,15,True
ddxplus,test:77547,5,ddxplus_native_structured_root_driver,Acute dystonic reactions,Acute dystonic reactions,"[""Acute dystonic reactions"", ""Pancreatic neoplasm"", ""URTI"", ""Viral pharyngitis"", ""Anemia"", ""Anaphylaxis"", ""Acute otitis media"", ""Pericarditis"", ""Localized edema"", ""GERD""]",Acute dystonic reactions,"[""Acute dystonic reactions"", ""Pancreatic neoplasm"", ""Ebola"", ""Guillain-Barr\u00e9 syndrome"", ""Allergic sinusitis"", ""Tuberculosis"", ""Bronchiectasis"", ""Scombroid food poisoning"", ""Bronchospasm / acute asthma exacerbation"", ""HIV (initial infection)""]",Acute dystonic reactions,1.0,0.30540151203046073,False,,0.0,0.0,0,False,False,not_applicable,5,budget_exhausted,"[""E_15"", ""E_147"", ""E_193"", ""E_53"", ""E_65""]",budget_exhausted,True,Acute dystonic reactions,"[""Acute dystonic reactions"", ""Pancreatic neoplasm"", ""Ebola"", ""Guillain-Barr\u00e9 syndrome"", ""Allergic sinusitis""]",0.6091524958610535,0.48186540603637695,0.38657599287804173,False,0,0,1.5882033735513688,3,False,0.6091524958610535,5,False,budget_exhausted_forced_final,True,True,True,1,1,False,5189,248,5,True
ddxplus,test:77547,10,ddxplus_native_structured_root_driver,Acute dystonic reactions,Scombroid food poisoning,"[""Scombroid food poisoning"", ""Acute dystonic reactions"", ""Anaphylaxis"", ""Pneumonia"", ""URTI"", ""Anemia"", ""Viral pharyngitis"", ""Myasthenia gravis"", ""Cluster headache"", ""Localized edema""]",Scombroid food poisoning,"[""Scombroid food poisoning"", ""Pneumonia"", ""HIV (initial infection)"", ""Bronchospasm / acute asthma exacerbation"", ""Anaphylaxis"", ""Acute COPD exacerbation / infection"", ""Pancreatic neoplasm"", ""Chagas"", ""Influenza"", ""Ebola""]",Acute dystonic reactions,1.0,0.31021485576341346,False,,0.0,0.0,0,False,False,not_applicable,10,budget_exhausted,"[""E_15"", ""E_147"", ""E_193"", ""E_53"", ""E_65"", ""E_62"", ""E_223"", ""E_168"", ""E_84"", ""E_187""]",budget_exhausted,True,Scombroid food poisoning,"[""Scombroid food poisoning"", ""Pneumonia"", ""HIV (initial infection)"", ""Bronchospasm / acute asthma exacerbation"", ""Anaphylaxis""]",0.5143496990203857,0.3812095373868942,0.45349218789659435,False,0,0,0.9737211527100593,3,False,0.5143496990203857,10,False,budget_exhausted_forced_final,False,True,True,2,1,False,10908,496,10,True
ddxplus,test:77547,15,ddxplus_native_structured_root_driver,Acute dystonic reactions,URTI,"[""URTI"", ""Acute dystonic reactions"", ""Viral pharyngitis"", ""Anemia"", ""Anaphylaxis"", ""Scombroid food poisoning"", ""Acute pulmonary edema"", ""Bronchospasm / acute asthma exacerbation"", ""Allergic sinusitis"", ""Influenza""]",URTI,"[""URTI"", ""Acute pulmonary edema"", ""Unstable angina"", ""GERD"", ""Tuberculosis"", ""Chagas"", ""Pulmonary neoplasm"", ""Acute COPD exacerbation / infection"", ""Pancreatic neoplasm"", ""Bronchiectasis""]",Acute dystonic reactions,1.0,0.17675206200377303,False,,0.0,0.0,0,False,False,not_applicable,15,budget_exhausted,"[""E_15"", ""E_147"", ""E_193"", ""E_53"", ""E_65"", ""E_62"", ""E_223"", ""E_168"", ""E_84"", ""E_187"", ""E_92"", ""E_124"", ""E_129"", ""E_214"", ""E_181""]",budget_exhausted,True,URTI,"[""URTI"", ""Acute pulmonary edema"", ""Unstable angina"", ""GERD"", ""Tuberculosis""]",0.16219882667064667,0.009098038077354431,0.744024368700132,False,0,0,1.065367939731708,3,False,0.16219882667064667,15,False,budget_exhausted_forced_final,False,True,True,2,1,False,17119,719,15,True
ddxplus,test:12095,5,ddxplus_native_structured_root_driver,Influenza,HIV (initial infection),"[""HIV (initial infection)"", ""Influenza"", ""Pneumonia"", ""Viral pharyngitis"", ""URTI"", ""Anaphylaxis"", ""Bronchitis"", ""Anemia"", ""Acute otitis media"", ""Acute laryngitis""]",HIV (initial infection),"[""HIV (initial infection)"", ""Influenza"", ""Pneumonia"", ""Inguinal hernia"", ""SLE"", ""Anaphylaxis"", ""Scombroid food poisoning"", ""Chagas"", ""Pancreatic neoplasm"", ""Epiglottitis""]",URTI,1.0,0.046395186999993454,False,,0.0,0.0,0,False,False,not_applicable,3,ddxplus_native_mlp_stop,"[""E_41"", ""E_129"", ""E_201""]",ddxplus_native_mlp_stop,True,HIV (initial infection),"[""HIV (initial infection)"", ""Influenza"", ""Pneumonia"", ""Inguinal hernia"", ""SLE""]",0.8829114437103271,0.8209691382944584,0.1236776297801529,True,1,2,0.24625279693988045,4,False,0.8829114437103271,5,False,budget_exhausted_forced_final,False,True,True,2,10,True,5318,395,6,True
ddxplus,test:12095,10,ddxplus_native_structured_root_driver,Influenza,Influenza,"[""Influenza"", ""Pneumonia"", ""HIV (initial infection)"", ""URTI"", ""Bronchitis"", ""Viral pharyngitis"", ""Acute laryngitis"", ""Anaphylaxis"", ""Acute otitis media"", ""Anemia""]",Influenza,"[""Influenza"", ""Pneumonia"", ""HIV (initial infection)"", ""SLE"", ""Pancreatic neoplasm"", ""Acute laryngitis"", ""Inguinal hernia"", ""Bronchitis"", ""Acute rhinosinusitis"", ""Anaphylaxis""]",URTI,1.0,0.11157507960061974,False,,0.0,0.0,0,False,False,not_applicable,10,budget_exhausted,"[""E_41"", ""E_129"", ""E_201"", ""E_9"", ""E_77"", ""E_94"", ""E_189"", ""E_181"", ""E_79"", ""E_134""]",budget_exhausted,True,Influenza,"[""Influenza"", ""Pneumonia"", ""HIV (initial infection)"", ""SLE"", ""Pancreatic neoplasm""]",0.7919926643371582,0.6861161962151527,0.20301196613530517,False,0,0,0.9023810622073529,3,False,0.7919926643371582,10,False,budget_exhausted_forced_final,True,True,True,1,10,True,10228,459,10,True
ddxplus,test:12095,15,ddxplus_native_structured_root_driver,Influenza,Influenza,"[""Influenza"", ""HIV (initial infection)"", ""Pneumonia"", ""URTI"", ""Bronchitis"", ""Viral pharyngitis"", ""Anemia"", ""Acute laryngitis"", ""Anaphylaxis"", ""Acute otitis media""]",Influenza,"[""Influenza"", ""HIV (initial infection)"", ""Pneumonia"", ""SLE"", ""Anemia"", ""URTI"", ""Inguinal hernia"", ""Pancreatic neoplasm"", ""Bronchitis"", ""Scombroid food poisoning""]",URTI,1.0,0.12119805588875276,False,,0.0,0.0,0,False,False,not_applicable,7,ddxplus_native_mlp_stop,"[""E_41"", ""E_129"", ""E_201"", ""E_9"", ""E_77"", ""E_79"", ""E_88""]",ddxplus_native_mlp_stop,True,Influenza,"[""Influenza"", ""HIV (initial infection)"", ""Pneumonia"", ""SLE"", ""Anemia""]",0.9781489372253418,0.9597379341721535,0.029590112334672784,True,2,4,1.3995560606113786,5,False,0.9781489372253418,11,True,ddxplus_native_mlp_stop,True,True,True,1,10,True,13422,841,13,True
ddxplus,test:20706,5,ddxplus_native_structured_root_driver,HIV (initial infection),HIV (initial infection),"[""HIV (initial infection)"", ""Influenza"", ""Anemia"", ""Pneumonia"", ""Anaphylaxis"", ""Inguinal hernia"", ""Scombroid food poisoning"", ""URTI"", ""Sarcoidosis"", ""Viral pharyngitis""]",HIV (initial infection),"[""HIV (initial infection)"", ""Influenza"", ""SLE"", ""Anemia"", ""Pneumonia"", ""Inguinal hernia"", ""Scombroid food poisoning"", ""Sarcoidosis"", ""Anaphylaxis"", ""Pancreatic neoplasm""]",HIV (initial infection),1.0,0.07809479462011526,False,,0.0,0.0,0,False,False,not_applicable,3,ddxplus_native_mlp_stop,"[""E_129"", ""E_9"", ""E_189""]",ddxplus_native_mlp_stop,True,HIV (initial infection),"[""HIV (initial infection)"", ""Influenza"", ""SLE"", ""Anemia"", ""Pneumonia""]",0.9830198884010315,0.9663019366562366,0.022552417294103268,False,0,0,1.0066063013342144,3,False,0.9830198884010315,3,True,ddxplus_native_mlp_stop,True,True,True,1,2,True,2869,143,3,True
ddxplus,test:20706,10,ddxplus_native_structured_root_driver,HIV (initial infection),HIV (initial infection),"[""HIV (initial infection)"", ""Influenza"", ""Anemia"", ""Inguinal hernia"", ""Anaphylaxis"", ""Pneumonia"", ""Sarcoidosis"", ""Scombroid food poisoning"", ""URTI"", ""Viral pharyngitis""]",HIV (initial infection),"[""HIV (initial infection)"", ""Influenza"", ""Anemia"", ""SLE"", ""Inguinal hernia"", ""Pneumonia"", ""Scombroid food poisoning"", ""Sarcoidosis"", ""Anaphylaxis"", ""Pancreatic neoplasm""]",HIV (initial infection),1.0,0.09437820969464172,False,,0.0,0.0,0,False,False,not_applicable,4,ddxplus_native_mlp_stop,"[""E_129"", ""E_9"", ""E_189"", ""E_115""]",ddxplus_native_mlp_stop,True,HIV (initial infection),"[""HIV (initial infection)"", ""Influenza"", ""Anemia"", ""SLE"", ""Inguinal hernia""]",0.998238205909729,0.9964980171062052,0.0033604940741410825,False,0,0,1.0308825550426133,3,False,0.998238205909729,4,True,ddxplus_native_mlp_stop,True,True,True,1,2,True,3857,198,4,True
ddxplus,test:20706,15,ddxplus_native_structured_root_driver,HIV (initial infection),HIV (initial infection),"[""HIV (initial infection)"", ""Influenza"", ""Anemia"", ""Inguinal hernia"", ""Anaphylaxis"", ""Pneumonia"", ""Sarcoidosis"", ""URTI"", ""Viral pharyngitis"", ""Allergic sinusitis""]",HIV (initial infection),"[""HIV (initial infection)"", ""Influenza"", ""Anemia"", ""SLE"", ""Inguinal hernia"", ""Pneumonia"", ""Scombroid food poisoning"", ""Sarcoidosis"", ""Anaphylaxis"", ""Pancreatic neoplasm""]",HIV (initial infection),1.0,0.053102445074975635,False,,0.0,0.0,0,False,False,not_applicable,5,ddxplus_native_mlp_stop,"[""E_24"", ""E_129"", ""E_9"", ""E_189"", ""E_115""]",ddxplus_native_mlp_stop,True,HIV (initial infection),"[""HIV (initial infection)"", ""Influenza"", ""Anemia"", ""SLE"", ""Inguinal hernia""]",0.998238205909729,0.9964980171062052,0.0033604940741410825,False,0,0,1.0425535788874336,3,False,0.998238205909729,5,True,ddxplus_native_mlp_stop,True,True,True,1,2,True,4883,237,5,True
ddxplus,test:81042,5,ddxplus_native_structured_root_driver,Localized edema,Localized edema,"[""Localized edema"", ""Anaphylaxis"", ""Anemia"", ""URTI"", ""Viral pharyngitis"", ""Cluster headache"", ""Bronchospasm / acute asthma exacerbation"", ""Acute pulmonary edema"", ""Acute otitis media"", ""Allergic sinusitis""]",Localized edema,"[""Localized edema"", ""Acute pulmonary edema"", ""Pulmonary embolism"", ""Anaphylaxis"", ""Pneumonia"", ""Myocarditis"", ""Chagas"", ""Anemia"", ""Sarcoidosis"", ""Inguinal hernia""]",URTI,1.0,0.01968615049140221,False,,0.0,0.0,0,False,False,not_applicable,5,budget_exhausted,"[""E_41"", ""E_25"", ""E_201"", ""E_151"", ""E_106""]",budget_exhausted,True,Localized edema,"[""Localized edema"", ""Acute pulmonary edema"", ""Pulmonary embolism"", ""Anaphylaxis"", ""Pneumonia""]",0.61419677734375,0.31037136912345886,0.23581951292481845,False,0,0,1.0784701971146995,3,False,0.61419677734375,5,False,budget_exhausted_forced_final,True,True,True,1,7,True,4738,224,5,True
ddxplus,test:81042,10,ddxplus_native_structured_root_driver,Localized edema,Localized edema,"[""Localized edema"", ""Pulmonary embolism"", ""Acute pulmonary edema"", ""Anemia"", ""Anaphylaxis"", ""Atrial fibrillation"", ""Pericarditis"", ""Bronchospasm / acute asthma exacerbation"", ""URTI"", ""Bronchitis""]",Localized edema,"[""Localized edema"", ""Acute pulmonary edema"", ""Pulmonary embolism"", ""Anaphylaxis"", ""Pneumonia"", ""Inguinal hernia"", ""Myocarditis"", ""Acute otitis media"", ""Chagas"", ""Anemia""]",URTI,1.0,0.02497884454574928,False,,0.0,0.0,0,False,False,not_applicable,6,ddxplus_native_mlp_stop,"[""E_41"", ""E_25"", ""E_201"", ""E_151"", ""E_106"", ""E_66""]",ddxplus_native_mlp_stop,True,Localized edema,"[""Localized edema"", ""Acute pulmonary edema"", ""Pulmonary embolism"", ""Anaphylaxis"", ""Pneumonia""]",0.8978157043457031,0.8240777999162674,0.1052669310771648,True,2,4,1.7546476313039454,4,False,0.8978157043457031,10,False,budget_exhausted_forced_final,True,True,True,1,7,True,11654,848,12,True
ddxplus,test:81042,15,ddxplus_native_structured_root_driver,Localized edema,Localized edema,"[""Localized edema"", ""Pulmonary embolism"", ""Acute pulmonary edema"", ""Atrial fibrillation"", ""Anemia"", ""Anaphylaxis"", ""Pericarditis"", ""Bronchospasm / acute asthma exacerbation"", ""URTI"", ""Bronchitis""]",Localized edema,"[""Localized edema"", ""Acute pulmonary edema"", ""Pulmonary embolism"", ""Anaphylaxis"", ""Pneumonia"", ""Inguinal hernia"", ""Myocarditis"", ""Acute otitis media"", ""Chagas"", ""Anemia""]",URTI,1.0,0.02497884454574928,False,,0.0,0.0,0,False,False,not_applicable,6,ddxplus_native_mlp_stop,"[""E_41"", ""E_25"", ""E_201"", ""E_151"", ""E_106"", ""E_66""]",ddxplus_native_mlp_stop,True,Localized edema,"[""Localized edema"", ""Acute pulmonary edema"", ""Pulmonary embolism"", ""Anaphylaxis"", ""Pneumonia""]",0.8978157043457031,0.8240777999162674,0.1052669310771648,True,2,4,0.3671476313039448,4,False,0.8978157043457031,10,True,ddxplus_native_mlp_stop,True,True,True,1,7,True,11659,852,12,True
ddxplus,test:67442,5,ddxplus_native_structured_root_driver,Pneumonia,Pneumonia,"[""Pneumonia"", ""Influenza"", ""URTI"", ""Bronchitis"", ""HIV (initial infection)"", ""Viral pharyngitis"", ""Acute otitis media"", ""Anemia"", ""Anaphylaxis"", ""Inguinal hernia""]",Pneumonia,"[""Pneumonia"", ""Influenza"", ""Bronchitis"", ""URTI"", ""Pancreatic neoplasm"", ""HIV (initial infection)"", ""Bronchiectasis"", ""Acute otitis media"", ""Acute rhinosinusitis"", ""Spontaneous rib fracture""]",URTI,1.0,0.10257855355678269,False,,0.0,0.0,0,False,False,not_applicable,4,ddxplus_native_mlp_stop,"[""E_53"", ""E_41"", ""E_77"", ""E_129""]",ddxplus_native_mlp_stop,True,Pneumonia,"[""Pneumonia"", ""Influenza"", ""Bronchitis"", ""URTI"", ""Pancreatic neoplasm""]",0.9854055643081665,0.9772089449688792,0.023358397900589828,False,0,0,0.9317874507090427,3,False,0.9854055643081665,4,True,ddxplus_native_mlp_stop,True,True,True,1,11,True,3744,175,4,True
ddxplus,test:67442,10,ddxplus_native_structured_root_driver,Pneumonia,Pneumonia,"[""Pneumonia"", ""Bronchitis"", ""Influenza"", ""URTI"", ""Viral pharyngitis"", ""Anemia"", ""Anaphylaxis"", ""HIV (initial infection)"", ""Acute COPD exacerbation / infection"", ""Acute otitis media""]",Pneumonia,"[""Pneumonia"", ""Bronchitis"", ""Influenza"", ""URTI"", ""Bronchiectasis"", ""Acute COPD exacerbation / infection"", ""Pancreatic neoplasm"", ""HIV (initial infection)"", ""Tuberculosis"", ""Spontaneous rib fracture""]",URTI,1.0,0.10100875563799261,False,,0.0,0.0,0,False,False,not_applicable,5,ddxplus_native_mlp_stop,"[""E_53"", ""E_41"", ""E_120"", ""E_129"", ""E_77""]",ddxplus_native_mlp_stop,True,Pneumonia,"[""Pneumonia"", ""Bronchitis"", ""Influenza"", ""URTI"", ""Bronchiectasis""]",0.9932505488395691,0.9877943070605397,0.01152741699185172,True,2,4,0.41204781041527827,5,False,0.9932505488395691,9,True,ddxplus_native_mlp_stop,True,True,True,1,11,True,10841,815,11,True
ddxplus,test:67442,15,ddxplus_native_structured_root_driver,Pneumonia,Pneumonia,"[""Pneumonia"", ""Bronchitis"", ""Influenza"", ""URTI"", ""Viral pharyngitis"", ""Bronchiectasis"", ""HIV (initial infection)"", ""Anemia"", ""Anaphylaxis"", ""Pericarditis""]",Pneumonia,"[""Pneumonia"", ""Influenza"", ""Bronchitis"", ""URTI"", ""Pancreatic neoplasm"", ""HIV (initial infection)"", ""Bronchiectasis"", ""Acute otitis media"", ""Acute rhinosinusitis"", ""Spontaneous rib fracture""]",URTI,1.0,0.10399618400267785,False,,0.0,0.0,0,False,False,not_applicable,5,ddxplus_native_mlp_stop,"[""E_53"", ""E_41"", ""E_77"", ""E_129"", ""E_118""]",ddxplus_native_mlp_stop,True,Pneumonia,"[""Pneumonia"", ""Influenza"", ""Bronchitis"", ""URTI"", ""Pancreatic neoplasm""]",0.9854055643081665,0.9772089449688792,0.023358397900589828,True,2,4,0.621432717286031,5,False,0.9854055643081665,9,True,ddxplus_native_mlp_stop,True,True,True,1,11,True,10639,786,11,True
ddxplus,test:26095,5,ddxplus_native_structured_root_driver,GERD,GERD,"[""GERD"", ""Pancreatic neoplasm"", ""URTI"", ""Viral pharyngitis"", ""Anemia"", ""Anaphylaxis"", ""Pulmonary neoplasm"", ""Bronchospasm / acute asthma exacerbation"", ""Pericarditis"", ""Influenza""]",GERD,"[""GERD"", ""Pulmonary neoplasm"", ""Pancreatic neoplasm"", ""Unstable angina"", ""Possible NSTEMI / STEMI"", ""Boerhaave"", ""URTI"", ""Acute laryngitis"", ""Viral pharyngitis"", ""Acute COPD exacerbation / infection""]",GERD,1.0,0.16790495243230652,False,,0.0,0.0,0,False,False,not_applicable,5,budget_exhausted,"[""E_215"", ""E_223"", ""E_129"", ""E_105"", ""E_98""]",budget_exhausted,True,GERD,"[""GERD"", ""Pulmonary neoplasm"", ""Pancreatic neoplasm"", ""Unstable angina"", ""Possible NSTEMI / STEMI""]",0.47686800360679626,0.38537561893463135,0.5891989640812363,False,0,0,1.184595159673925,3,False,0.47686800360679626,5,False,budget_exhausted_forced_final,True,True,True,1,1,False,5039,223,5,True
ddxplus,test:26095,10,ddxplus_native_structured_root_driver,GERD,Acute dystonic reactions,"[""Acute dystonic reactions"", ""Bronchospasm / acute asthma exacerbation"", ""Scombroid food poisoning"", ""GERD"", ""URTI"", ""Anemia"", ""Viral pharyngitis"", ""Possible NSTEMI / STEMI"", ""Pericarditis"", ""Unstable angina""]",Acute dystonic reactions,"[""Acute dystonic reactions"", ""Guillain-Barr\u00e9 syndrome"", ""Larygospasm"", ""Acute COPD exacerbation / infection"", ""Bronchospasm / acute asthma exacerbation"", ""Scombroid food poisoning"", ""Bronchiectasis"", ""Panic attack"", ""Anaphylaxis"", ""Whooping cough""]",GERD,1.0,0.05922612550049822,False,,0.0,0.0,0,False,False,not_applicable,10,budget_exhausted,"[""E_215"", ""E_223"", ""E_162"", ""E_225"", ""E_105"", ""E_53"", ""E_15"", ""E_65"", ""E_187"", ""E_92""]",budget_exhausted,True,Acute dystonic reactions,"[""Acute dystonic reactions"", ""Guillain-Barr\u00e9 syndrome"", ""Larygospasm"", ""Acute COPD exacerbation / infection"", ""Bronchospasm / acute asthma exacerbation""]",0.4727427363395691,0.31094667315483093,0.4994691558919837,False,0,0,1.1120639062691866,3,False,0.4727427363395691,10,False,budget_exhausted_forced_final,False,False,True,4,1,False,10996,470,10,True
ddxplus,test:26095,15,ddxplus_native_structured_root_driver,GERD,GERD,"[""GERD"", ""Pericarditis"", ""URTI"", ""Pneumonia"", ""Anemia"", ""Viral pharyngitis"", ""Bronchospasm / acute asthma exacerbation"", ""Anaphylaxis"", ""Influenza"", ""Pancreatic neoplasm""]",GERD,"[""GERD"", ""Pericarditis"", ""Myocarditis"", ""Acute pulmonary edema"", ""URTI"", ""Pneumonia"", ""Chronic rhinosinusitis"", ""Spontaneous rib fracture"", ""Bronchiectasis"", ""Acute laryngitis""]",GERD,1.0,0.21553231999832123,False,,0.0,0.0,0,False,False,not_applicable,7,ddxplus_native_mlp_stop,"[""E_215"", ""E_223"", ""E_129"", ""E_105"", ""E_98"", ""E_217"", ""E_201""]",ddxplus_native_mlp_stop,True,GERD,"[""GERD"", ""Pericarditis"", ""Myocarditis"", ""Acute pulmonary edema"", ""URTI""]",0.9874498844146729,0.9766489015892148,0.01944788195995335,False,0,0,1.1270209135482336,3,False,0.9874498844146729,7,True,ddxplus_native_mlp_stop,True,True,True,1,1,False,7215,304,7,True
ddxplus,test:76123,5,ddxplus_native_structured_root_driver,Panic attack,Possible NSTEMI / STEMI,"[""Possible NSTEMI / STEMI"", ""Bronchitis"", ""Anemia"", ""Pericarditis"", ""Viral pharyngitis"", ""URTI"", ""Bronchospasm / acute asthma exacerbation"", ""Atrial fibrillation"", ""Pulmonary embolism"", ""Anaphylaxis""]",Possible NSTEMI / STEMI,"[""Possible NSTEMI / STEMI"", ""Bronchitis"", ""Anemia"", ""Stable angina"", ""Boerhaave"", ""Epiglottitis"", ""Unstable angina"", ""Pulmonary neoplasm"", ""PSVT"", ""Viral pharyngitis""]",Anemia,1.0,0.051083675349261726,False,,0.0,0.0,0,False,False,not_applicable,5,budget_exhausted,"[""E_53"", ""E_220"", ""E_105"", ""E_24"", ""E_208""]",budget_exhausted,True,Possible NSTEMI / STEMI,"[""Possible NSTEMI / STEMI"", ""Bronchitis"", ""Anemia"", ""Stable angina"", ""Boerhaave""]",0.10963167250156403,0.008447900414466858,0.8114577329327288,False,0,0,0.5974531275556869,3,False,0.10963167250156403,5,False,budget_exhausted_forced_final,False,False,False,11,11,False,4855,238,5,True
ddxplus,test:76123,10,ddxplus_native_structured_root_driver,Panic attack,Chagas,"[""Chagas"", ""Bronchitis"", ""Pericarditis"", ""Anemia"", ""Epiglottitis"", ""URTI"", ""Atrial fibrillation"", ""Possible NSTEMI / STEMI"", ""Bronchospasm / acute asthma exacerbation"", ""Unstable angina""]",Chagas,"[""Chagas"", ""Panic attack"", ""Myocarditis"", ""Bronchitis"", ""Sarcoidosis"", ""Boerhaave"", ""Pericarditis"", ""PSVT"", ""Epiglottitis"", ""Stable angina""]",Anemia,1.0,0.17732411987224583,True,,0.0,0.0,0,False,False,not_applicable,10,budget_exhausted,"[""E_53"", ""E_220"", ""E_105"", ""E_24"", ""E_208"", ""E_69"", ""E_71"", ""E_201"", ""E_194"", ""E_146""]",budget_exhausted,True,Chagas,"[""Chagas"", ""Panic attack"", ""Myocarditis"", ""Bronchitis"", ""Sarcoidosis""]",0.1423010230064392,0.03748839348554611,0.7237881781494127,False,0,0,0.2982718829333769,2,False,0.1423010230064392,10,False,budget_exhausted_forced_final,False,False,False,11,11,False,10237,464,10,True
ddxplus,test:76123,15,ddxplus_native_structured_root_driver,Panic attack,Panic attack,"[""Panic attack"", ""Pericarditis"", ""PSVT"", ""Anemia"", ""Possible NSTEMI / STEMI"", ""Atrial fibrillation"", ""URTI"", ""Acute pulmonary edema"", ""Pneumonia"", ""Anaphylaxis""]",Panic attack,"[""Panic attack"", ""Scombroid food poisoning"", ""Boerhaave"", ""Guillain-Barr\u00e9 syndrome"", ""PSVT"", ""Pericarditis"", ""Possible NSTEMI / STEMI"", ""Unstable angina"", ""Myocarditis"", ""Chagas""]",Anemia,1.0,0.13908858775709798,False,,0.0,0.0,0,False,False,not_applicable,14,ddxplus_native_mlp_stop,"[""E_53"", ""E_220"", ""E_105"", ""E_208"", ""E_69"", ""E_71"", ""E_201"", ""E_194"", ""E_24"", ""E_146"", ""E_175"", ""E_155"", ""E_76"", ""E_111""]",ddxplus_native_mlp_stop,True,Panic attack,"[""Panic attack"", ""Scombroid food poisoning"", ""Boerhaave"", ""Guillain-Barr\u00e9 syndrome"", ""PSVT""]",0.9999827146530151,0.9999772067963022,6.113419593969187e-05,False,0,0,1.2283191776802256,3,False,0.9999827146530151,14,True,ddxplus_native_mlp_stop,True,True,True,1,11,True,15029,659,14,True
ddxplus,test:75422,5,ddxplus_native_structured_root_driver,Panic attack,Acute otitis media,"[""Acute otitis media"", ""Pericarditis"", ""Anemia"", ""Cluster headache"", ""Bronchitis"", ""URTI"", ""Viral pharyngitis"", ""Bronchospasm / acute asthma exacerbation"", ""Anaphylaxis"", ""Epiglottitis""]",Acute otitis media,"[""Acute otitis media"", ""Pericarditis"", ""Anemia"", ""GERD"", ""Cluster headache"", ""Inguinal hernia"", ""Acute rhinosinusitis"", ""Myocarditis"", ""Bronchitis"", ""HIV (initial infection)""]",URTI,1.0,0.022448813821892344,False,,0.0,0.0,0,False,False,not_applicable,5,budget_exhausted,"[""E_41"", ""E_25"", ""E_201"", ""E_194"", ""E_66""]",budget_exhausted,True,Acute otitis media,"[""Acute otitis media"", ""Pericarditis"", ""Anemia"", ""GERD"", ""Cluster headache""]",0.5976381301879883,0.5287990048527718,0.47541196578921885,False,0,0,0.11683105987951081,2,False,0.5976381301879883,5,False,budget_exhausted_forced_final,False,False,False,11,11,False,4813,240,5,True
ddxplus,test:75422,10,ddxplus_native_structured_root_driver,Panic attack,Inguinal hernia,"[""Inguinal hernia"", ""Anemia"", ""Acute otitis media"", ""URTI"", ""Viral pharyngitis"", ""Bronchitis"", ""Bronchospasm / acute asthma exacerbation"", ""Pericarditis"", ""Anaphylaxis"", ""Possible NSTEMI / STEMI""]",Inguinal hernia,"[""Inguinal hernia"", ""Possible NSTEMI / STEMI"", ""Pancreatic neoplasm"", ""Anemia"", ""Acute otitis media"", ""Unstable angina"", ""Stable angina"", ""Panic attack"", ""SLE"", ""Influenza""]",URTI,1.0,0.04525861902612105,False,,0.0,0.0,0,False,False,not_applicable,10,budget_exhausted,"[""E_41"", ""E_25"", ""E_201"", ""E_194"", ""E_66"", ""E_91"", ""E_217"", ""E_181"", ""E_208"", ""E_223""]",budget_exhausted,True,Inguinal hernia,"[""Inguinal hernia"", ""Possible NSTEMI / STEMI"", ""Pancreatic neoplasm"", ""Anemia"", ""Acute otitis media""]",0.2978070378303528,0.17996302247047424,0.6918346926374752,False,0,0,0.2662249742310179,2,False,0.2978070378303528,10,False,budget_exhausted_forced_final,False,False,False,11,11,False,10239,467,10,True
ddxplus,test:75422,15,ddxplus_native_structured_root_driver,Panic attack,Panic attack,"[""Panic attack"", ""Anemia"", ""URTI"", ""Viral pharyngitis"", ""Anaphylaxis"", ""Pericarditis"", ""Pneumonia"", ""Bronchitis"", ""Bronchospasm / acute asthma exacerbation"", ""Influenza""]",Panic attack,"[""Panic attack"", ""Guillain-Barr\u00e9 syndrome"", ""Cluster headache"", ""Possible NSTEMI / STEMI"", ""Myasthenia gravis"", ""Anemia"", ""PSVT"", ""Boerhaave"", ""Unstable angina"", ""Chagas""]",URTI,1.0,0.07250787031493788,False,,0.0,0.0,0,False,False,not_applicable,15,budget_exhausted,"[""E_41"", ""E_25"", ""E_201"", ""E_194"", ""E_66"", ""E_91"", ""E_217"", ""E_181"", ""E_208"", ""E_223"", ""E_129"", ""E_69"", ""E_71"", ""E_220"", ""E_157""]",budget_exhausted,True,Panic attack,"[""Panic attack"", ""Guillain-Barr\u00e9 syndrome"", ""Cluster headache"", ""Possible NSTEMI / STEMI"", ""Myasthenia gravis""]",0.8379848599433899,0.6762996166944504,0.11463543883097811,False,0,0,1.1230577385692309,3,False,0.8379848599433899,15,False,budget_exhausted_forced_final,True,True,True,1,11,True,16273,698,15,True
ddxplus,test:105429,5,ddxplus_native_structured_root_driver,Chronic rhinosinusitis,Bronchitis,"[""Bronchitis"", ""URTI"", ""Anemia"", ""Viral pharyngitis"", ""Pneumonia"", ""Chronic rhinosinusitis"", ""Allergic sinusitis"", ""Acute otitis media"", ""Influenza"", ""Anaphylaxis""]",Bronchitis,"[""Bronchitis"", ""Panic attack"", ""PSVT"", ""Pericarditis"", ""Anemia"", ""Myocarditis"", ""Pneumonia"", ""URTI"", ""Epiglottitis"", ""Atrial fibrillation""]",URTI,1.0,0.022449837928024574,False,,0.0,0.0,0,False,False,not_applicable,5,budget_exhausted,"[""E_41"", ""E_124"", ""E_53"", ""E_103"", ""E_129""]",budget_exhausted,True,Bronchitis,"[""Bronchitis"", ""Panic attack"", ""PSVT"", ""Pericarditis"", ""Anemia""]",0.2964189946651459,0.06022655963897705,0.6240141560010926,False,0,0,0.3099966481328009,2,False,0.2964189946651459,5,False,budget_exhausted_forced_final,False,False,False,6,6,False,4764,230,5,True
ddxplus,test:105429,10,ddxplus_native_structured_root_driver,Chronic rhinosinusitis,Allergic sinusitis,"[""Allergic sinusitis"", ""URTI"", ""Chronic rhinosinusitis"", ""Viral pharyngitis"", ""Pneumonia"", ""Bronchitis"", ""Bronchospasm / acute asthma exacerbation"", ""Anaphylaxis"", ""Anemia"", ""GERD""]",Allergic sinusitis,"[""Allergic sinusitis"", ""GERD"", ""Chronic rhinosinusitis"", ""Acute otitis media"", ""Viral pharyngitis"", ""URTI"", ""Acute rhinosinusitis"", ""Pneumonia"", ""Tuberculosis"", ""Bronchiectasis""]",URTI,1.0,0.1296890251665066,False,,0.0,0.0,0,False,False,not_applicable,10,budget_exhausted,"[""E_41"", ""E_124"", ""E_53"", ""E_103"", ""E_129"", ""E_201"", ""E_214"", ""E_123"", ""E_97"", ""E_77""]",budget_exhausted,True,Allergic sinusitis,"[""Allergic sinusitis"", ""GERD"", ""Chronic rhinosinusitis"", ""Acute otitis media"", ""Viral pharyngitis""]",0.30231255292892456,0.13368172943592072,0.6075454224896168,False,0,0,0.8376237840087835,3,False,0.30231255292892456,10,False,budget_exhausted_forced_final,False,True,True,3,6,True,10006,452,10,True
ddxplus,test:105429,15,ddxplus_native_structured_root_driver,Chronic rhinosinusitis,Allergic sinusitis,"[""Allergic sinusitis"", ""Chronic rhinosinusitis"", ""URTI"", ""Viral pharyngitis"", ""Acute otitis media"", ""Acute rhinosinusitis"", ""Pneumonia"", ""Bronchitis"", ""Anaphylaxis"", ""Anemia""]",Allergic sinusitis,"[""Allergic sinusitis"", ""GERD"", ""Chronic rhinosinusitis"", ""Acute otitis media"", ""Viral pharyngitis"", ""URTI"", ""Acute rhinosinusitis"", ""Pneumonia"", ""Tuberculosis"", ""Bronchiectasis""]",URTI,1.0,0.12104848682970248,True,,0.0,0.0,0,False,False,not_applicable,15,budget_exhausted,"[""E_41"", ""E_124"", ""E_53"", ""E_103"", ""E_129"", ""E_201"", ""E_214"", ""E_97"", ""E_77"", ""E_55"", ""E_57"", ""E_54"", ""E_59"", ""E_56"", ""E_58""]",budget_exhausted,True,Allergic sinusitis,"[""Allergic sinusitis"", ""GERD"", ""Chronic rhinosinusitis"", ""Acute otitis media"", ""Viral pharyngitis""]",0.30231255292892456,0.13368172943592072,0.6075454224896168,False,0,0,0.24641802492957932,2,False,0.30231255292892456,15,False,budget_exhausted_forced_final,False,True,True,2,6,True,15858,673,15,True
ddxplus,test:90737,5,ddxplus_native_structured_root_driver,SLE,SLE,"[""SLE"", ""Anemia"", ""Pancreatic neoplasm"", ""Pneumonia"", ""URTI"", ""Anaphylaxis"", ""Viral pharyngitis"", ""HIV (initial infection)"", ""Influenza"", ""Pericarditis""]",SLE,"[""SLE"", ""Anemia"", ""Possible NSTEMI / STEMI"", ""Pulmonary neoplasm"", ""Stable angina"", ""Unstable angina"", ""Pancreatic neoplasm"", ""Spontaneous pneumothorax"", ""Pneumonia"", ""Ebola""]",Anemia,1.0,0.17639291214390063,False,,0.0,0.0,0,False,False,not_applicable,5,budget_exhausted,"[""E_3"", ""E_89"", ""E_129"", ""E_24"", ""E_208""]",budget_exhausted,True,SLE,"[""SLE"", ""Anemia"", ""Possible NSTEMI / STEMI"", ""Pulmonary neoplasm"", ""Stable angina""]",0.9894792437553406,0.979791322723031,0.01606965724096351,False,0,0,0.7303704568757166,3,False,0.9894792437553406,5,False,budget_exhausted_forced_final,True,True,True,1,1,False,4734,234,5,True
ddxplus,test:90737,10,ddxplus_native_structured_root_driver,SLE,SLE,"[""SLE"", ""Anemia"", ""Pericarditis"", ""URTI"", ""Pneumonia"", ""Pancreatic neoplasm"", ""Possible NSTEMI / STEMI"", ""Anaphylaxis"", ""Viral pharyngitis"", ""HIV (initial infection)""]",SLE,"[""SLE"", ""Anemia"", ""Possible NSTEMI / STEMI"", ""Pulmonary neoplasm"", ""Stable angina"", ""Unstable angina"", ""Pancreatic neoplasm"", ""Spontaneous pneumothorax"", ""Pneumonia"", ""Ebola""]",Anemia,1.0,0.17639291214390063,False,,0.0,0.0,0,False,False,not_applicable,5,ddxplus_native_mlp_stop,"[""E_3"", ""E_89"", ""E_129"", ""E_24"", ""E_208""]",ddxplus_native_mlp_stop,True,SLE,"[""SLE"", ""Anemia"", ""Possible NSTEMI / STEMI"", ""Pulmonary neoplasm"", ""Stable angina""]",0.9894792437553406,0.979791322723031,0.01606965724096351,True,2,4,1.0953704568757163,5,False,0.9894792437553406,9,True,ddxplus_native_mlp_stop,True,True,True,1,1,False,10788,816,11,True
ddxplus,test:90737,15,ddxplus_native_structured_root_driver,SLE,SLE,"[""SLE"", ""Anemia"", ""Pericarditis"", ""URTI"", ""Possible NSTEMI / STEMI"", ""Pneumonia"", ""Pancreatic neoplasm"", ""Anaphylaxis"", ""Viral pharyngitis"", ""HIV (initial infection)""]",SLE,"[""SLE"", ""Anemia"", ""Possible NSTEMI / STEMI"", ""Pulmonary neoplasm"", ""Stable angina"", ""Unstable angina"", ""Pancreatic neoplasm"", ""Spontaneous pneumothorax"", ""Pneumonia"", ""Ebola""]",Anemia,1.0,0.17639291214390063,False,,0.0,0.0,0,False,False,not_applicable,5,ddxplus_native_mlp_stop,"[""E_3"", ""E_89"", ""E_129"", ""E_24"", ""E_208""]",ddxplus_native_mlp_stop,True,SLE,"[""SLE"", ""Anemia"", ""Possible NSTEMI / STEMI"", ""Pulmonary neoplasm"", ""Stable angina""]",0.9894792437553406,0.979791322723031,0.01606965724096351,True,2,4,1.1553704568757164,5,False,0.9894792437553406,9,True,ddxplus_native_mlp_stop,True,True,True,1,1,False,10788,814,11,True
ddxplus,test:110464,5,ddxplus_native_structured_root_driver,Myasthenia gravis,Myasthenia gravis,"[""Myasthenia gravis"", ""Acute dystonic reactions"", ""Guillain-Barr\u00e9 syndrome"", ""Anemia"", ""Bronchospasm / acute asthma exacerbation"", ""URTI"", ""Viral pharyngitis"", ""Allergic sinusitis"", ""Cluster headache"", ""Atrial fibrillation""]",Myasthenia gravis,"[""Myasthenia gravis"", ""Guillain-Barr\u00e9 syndrome"", ""Acute dystonic reactions"", ""Epiglottitis"", ""Ebola"", ""Larygospasm"", ""Bronchitis"", ""Spontaneous pneumothorax"", ""Chagas"", ""Croup""]",Myasthenia gravis,1.0,0.3595011232446267,False,,0.0,0.0,0,False,False,not_applicable,3,ddxplus_native_mlp_stop,"[""E_63"", ""E_38"", ""E_28""]",ddxplus_native_mlp_stop,True,Myasthenia gravis,"[""Myasthenia gravis"", ""Guillain-Barr\u00e9 syndrome"", ""Acute dystonic reactions"", ""Epiglottitis"", ""Ebola""]",1.0,0.999999999931389,9.826711376224596e-10,False,0,0,1.530439492628301,3,False,1.0,3,True,ddxplus_native_mlp_stop,True,True,True,1,1,False,2968,147,3,True
ddxplus,test:110464,10,ddxplus_native_structured_root_driver,Myasthenia gravis,Myasthenia gravis,"[""Myasthenia gravis"", ""Acute dystonic reactions"", ""Anemia"", ""URTI"", ""Bronchospasm / acute asthma exacerbation"", ""Viral pharyngitis"", ""Allergic sinusitis"", ""Guillain-Barr\u00e9 syndrome"", ""Cluster headache"", ""Atrial fibrillation""]",Myasthenia gravis,"[""Myasthenia gravis"", ""Acute dystonic reactions"", ""Guillain-Barr\u00e9 syndrome"", ""Ebola"", ""Epiglottitis"", ""Bronchiectasis"", ""Larygospasm"", ""Chagas"", ""Bronchitis"", ""Whooping cough""]",Myasthenia gravis,1.0,0.39697163953694403,False,,0.0,0.0,0,False,False,not_applicable,4,ddxplus_native_mlp_stop,"[""E_63"", ""E_38"", ""E_28"", ""E_65""]",ddxplus_native_mlp_stop,True,Myasthenia gravis,"[""Myasthenia gravis"", ""Acute dystonic reactions"", ""Guillain-Barr\u00e9 syndrome"", ""Ebola"", ""Epiglottitis""]",0.9999998807907104,0.9999997996031524,4.932934321967104e-07,False,0,0,1.3630914824039915,3,False,0.9999998807907104,4,True,ddxplus_native_mlp_stop,True,True,True,1,1,False,4027,189,4,True
ddxplus,test:110464,15,ddxplus_native_structured_root_driver,Myasthenia gravis,Myasthenia gravis,"[""Myasthenia gravis"", ""Acute dystonic reactions"", ""URTI"", ""Anemia"", ""Viral pharyngitis"", ""Bronchospasm / acute asthma exacerbation"", ""Allergic sinusitis"", ""Guillain-Barr\u00e9 syndrome"", ""Cluster headache"", ""Pericarditis""]",Myasthenia gravis,"[""Myasthenia gravis"", ""Acute dystonic reactions"", ""Guillain-Barr\u00e9 syndrome"", ""Ebola"", ""Bronchiectasis"", ""Epiglottitis"", ""Chagas"", ""Scombroid food poisoning"", ""Whooping cough"", ""Larygospasm""]",Myasthenia gravis,1.0,0.3840628825046236,False,,0.0,0.0,0,False,False,not_applicable,5,ddxplus_native_mlp_stop,"[""E_63"", ""E_38"", ""E_28"", ""E_65"", ""E_90""]",ddxplus_native_mlp_stop,True,Myasthenia gravis,"[""Myasthenia gravis"", ""Acute dystonic reactions"", ""Guillain-Barr\u00e9 syndrome"", ""Ebola"", ""Bronchiectasis""]",0.999036431312561,0.9982613704050891,0.0021263116821201187,False,0,0,1.3444678918929547,3,False,0.999036431312561,5,True,ddxplus_native_mlp_stop,True,True,True,1,1,False,5124,238,5,True
ddxplus,test:63286,5,ddxplus_native_structured_root_driver,Pneumonia,URTI,"[""URTI"", ""Pneumonia"", ""Influenza"", ""Bronchitis"", ""Viral pharyngitis"", ""HIV (initial infection)"", ""Bronchiectasis"", ""Anemia"", ""Anaphylaxis"", ""Inguinal hernia""]",Pneumonia,"[""Pneumonia"", ""URTI"", ""Influenza"", ""Bronchitis"", ""HIV (initial infection)"", ""Bronchiectasis"", ""Tuberculosis"", ""Ebola"", ""Acute rhinosinusitis"", ""Scombroid food poisoning""]",URTI,1.0,0.22641110369856754,False,,0.0,0.0,0,False,False,not_applicable,3,ddxplus_native_mlp_stop,"[""E_129"", ""E_201"", ""E_77""]",ddxplus_native_mlp_stop,True,Pneumonia,"[""Pneumonia"", ""URTI"", ""Influenza"", ""Bronchitis"", ""HIV (initial infection)""]",0.9959964752197266,0.9933237007353455,0.007434930595762066,True,1,2,0.2057491542204546,3,True,0.9959964752197266,5,False,budget_exhausted_forced_final,False,True,True,2,2,False,5444,395,6,True
ddxplus,test:63286,10,ddxplus_native_structured_root_driver,Pneumonia,Pneumonia,"[""Pneumonia"", ""URTI"", ""Influenza"", ""Bronchitis"", ""Viral pharyngitis"", ""HIV (initial infection)"", ""Bronchiectasis"", ""Anemia"", ""Anaphylaxis"", ""Inguinal hernia""]",Pneumonia,"[""Pneumonia"", ""URTI"", ""Influenza"", ""Bronchitis"", ""HIV (initial infection)"", ""Bronchiectasis"", ""Tuberculosis"", ""Ebola"", ""Acute rhinosinusitis"", ""Scombroid food poisoning""]",URTI,1.0,0.20836599017298363,False,,0.0,0.0,0,False,False,not_applicable,4,ddxplus_native_mlp_stop,"[""E_129"", ""E_201"", ""E_77"", ""E_118""]",ddxplus_native_mlp_stop,True,Pneumonia,"[""Pneumonia"", ""URTI"", ""Influenza"", ""Bronchitis"", ""HIV (initial infection)""]",0.9959964752197266,0.9933237007353455,0.007434930595762066,True,2,4,0.39690597418851725,5,False,0.9959964752197266,8,True,ddxplus_native_mlp_stop,True,True,True,1,2,True,9335,753,10,True
ddxplus,test:63286,15,ddxplus_native_structured_root_driver,Pneumonia,Pneumonia,"[""Pneumonia"", ""URTI"", ""Influenza"", ""Bronchitis"", ""Bronchiectasis"", ""Bronchospasm / acute asthma exacerbation"", ""Anemia"", ""Anaphylaxis"", ""Pericarditis"", ""Acute COPD exacerbation / infection""]",Pneumonia,"[""Pneumonia"", ""URTI"", ""Influenza"", ""HIV (initial infection)"", ""Bronchitis"", ""Bronchiectasis"", ""Tuberculosis"", ""Ebola"", ""Acute rhinosinusitis"", ""Pancreatic neoplasm""]",URTI,1.0,0.08006532250797882,False,,0.0,0.0,0,False,False,not_applicable,5,ddxplus_native_mlp_stop,"[""E_129"", ""E_201"", ""E_77"", ""E_118"", ""E_66""]",ddxplus_native_mlp_stop,True,Pneumonia,"[""Pneumonia"", ""URTI"", ""Influenza"", ""HIV (initial infection)"", ""Bronchitis""]",0.969710111618042,0.9506110996007919,0.040349310664582416,True,2,4,0.18136413966591158,5,False,0.969710111618042,9,True,ddxplus_native_mlp_stop,True,True,True,1,2,True,10514,792,11,True
ddxplus,test:37864,5,ddxplus_native_structured_root_driver,URTI,URTI,"[""URTI"", ""Bronchitis"", ""Influenza"", ""Bronchospasm / acute asthma exacerbation"", ""HIV (initial infection)"", ""Viral pharyngitis"", ""Pneumonia"", ""Anaphylaxis"", ""Anemia"", ""Acute COPD exacerbation / infection""]",URTI,"[""URTI"", ""Bronchitis"", ""Ebola"", ""Influenza"", ""HIV (initial infection)"", ""Bronchospasm / acute asthma exacerbation"", ""Pneumonia"", ""Tuberculosis"", ""Allergic sinusitis"", ""Acute otitis media""]",URTI,1.0,0.1773298403857544,False,,0.0,0.0,0,False,False,not_applicable,5,budget_exhausted,"[""E_129"", ""E_41"", ""E_123"", ""E_48"", ""E_222""]",budget_exhausted,True,URTI,"[""URTI"", ""Bronchitis"", ""Ebola"", ""Influenza"", ""HIV (initial infection)""]",0.9882267117500305,0.9775716559961438,0.017667078430169066,False,0,0,1.21078009093615,3,False,0.9882267117500305,5,False,budget_exhausted_forced_final,True,True,True,1,1,False,4746,222,5,True
ddxplus,test:37864,10,ddxplus_native_structured_root_driver,URTI,URTI,"[""URTI"", ""Bronchitis"", ""Influenza"", ""Bronchospasm / acute asthma exacerbation"", ""HIV (initial infection)"", ""Viral pharyngitis"", ""Pneumonia"", ""Anaphylaxis"", ""Anemia"", ""Acute laryngitis""]",URTI,"[""URTI"", ""Bronchitis"", ""Ebola"", ""Influenza"", ""HIV (initial infection)"", ""Bronchospasm / acute asthma exacerbation"", ""Pneumonia"", ""Tuberculosis"", ""Allergic sinusitis"", ""Acute otitis media""]",URTI,1.0,0.16276228989596542,False,,0.0,0.0,0,False,False,not_applicable,6,ddxplus_native_mlp_stop,"[""E_129"", ""E_41"", ""E_49"", ""E_123"", ""E_48"", ""E_222""]",ddxplus_native_mlp_stop,True,URTI,"[""URTI"", ""Bronchitis"", ""Ebola"", ""Influenza"", ""HIV (initial infection)""]",0.9882267117500305,0.9775716559961438,0.017667078430169066,False,0,0,1.241343031289038,3,False,0.9882267117500305,6,True,ddxplus_native_mlp_stop,True,True,True,1,1,False,5742,262,6,True
ddxplus,test:37864,15,ddxplus_native_structured_root_driver,URTI,URTI,"[""URTI"", ""Bronchitis"", ""Influenza"", ""Bronchospasm / acute asthma exacerbation"", ""HIV (initial infection)"", ""Viral pharyngitis"", ""Pneumonia"", ""Anaphylaxis"", ""Anemia"", ""Acute COPD exacerbation / infection""]",URTI,"[""URTI"", ""Bronchitis"", ""Ebola"", ""Influenza"", ""HIV (initial infection)"", ""Bronchospasm / acute asthma exacerbation"", ""Pneumonia"", ""Tuberculosis"", ""Allergic sinusitis"", ""Acute otitis media""]",URTI,1.0,0.1773298403857544,False,,0.0,0.0,0,False,False,not_applicable,5,ddxplus_native_mlp_stop,"[""E_129"", ""E_41"", ""E_123"", ""E_48"", ""E_222""]",ddxplus_native_mlp_stop,True,URTI,"[""URTI"", ""Bronchitis"", ""Ebola"", ""Influenza"", ""HIV (initial infection)""]",0.9882267117500305,0.9775716559961438,0.017667078430169066,False,0,0,1.21078009093615,3,False,0.9882267117500305,5,True,ddxplus_native_mlp_stop,True,True,True,1,1,False,4746,229,5,True
ddxplus,test:93489,5,ddxplus_native_structured_root_driver,Guillain-Barré syndrome,Guillain-Barré syndrome,"[""Guillain-Barr\u00e9 syndrome"", ""Panic attack"", ""URTI"", ""Viral pharyngitis"", ""Pericarditis"", ""Anemia"", ""Acute otitis media"", ""GERD"", ""Myasthenia gravis"", ""Acute laryngitis""]",Guillain-Barré syndrome,"[""Guillain-Barr\u00e9 syndrome"", ""Myasthenia gravis"", ""Panic attack"", ""Bronchiectasis"", ""Acute dystonic reactions"", ""Myocarditis"", ""Scombroid food poisoning"", ""Chagas"", ""Ebola"", ""Cluster headache""]",Guillain-Barré syndrome,1.0,0.08289994686872049,False,,0.0,0.0,0,False,False,not_applicable,3,ddxplus_native_mlp_stop,"[""E_84"", ""E_53"", ""E_0""]",ddxplus_native_mlp_stop,True,Guillain-Barré syndrome,"[""Guillain-Barr\u00e9 syndrome"", ""Myasthenia gravis"", ""Panic attack"", ""Bronchiectasis"", ""Acute dystonic reactions""]",0.9999630451202393,0.9999300001472875,0.00010965455183768487,False,0,0,1.295135522431436,3,False,0.9999630451202393,3,True,ddxplus_native_mlp_stop,True,True,True,1,1,False,2975,145,3,True
ddxplus,test:93489,10,ddxplus_native_structured_root_driver,Guillain-Barré syndrome,Guillain-Barré syndrome,"[""Guillain-Barr\u00e9 syndrome"", ""Panic attack"", ""URTI"", ""Viral pharyngitis"", ""Anemia"", ""Pericarditis"", ""Myasthenia gravis"", ""Acute otitis media"", ""GERD"", ""Acute laryngitis""]",Guillain-Barré syndrome,"[""Guillain-Barr\u00e9 syndrome"", ""Myasthenia gravis"", ""Panic attack"", ""Bronchiectasis"", ""Acute dystonic reactions"", ""Myocarditis"", ""Scombroid food poisoning"", ""Chagas"", ""Ebola"", ""Cluster headache""]",Guillain-Barré syndrome,1.0,0.17573379297527703,False,,0.0,0.0,0,False,False,not_applicable,4,ddxplus_native_mlp_stop,"[""E_84"", ""E_0"", ""E_53"", ""E_83""]",ddxplus_native_mlp_stop,True,Guillain-Barré syndrome,"[""Guillain-Barr\u00e9 syndrome"", ""Myasthenia gravis"", ""Panic attack"", ""Bronchiectasis"", ""Acute dystonic reactions""]",1.0,0.9999999930632617,4.5586473808880734e-08,False,0,0,1.3591396107280929,3,False,1.0,4,True,ddxplus_native_mlp_stop,True,True,True,1,1,False,4018,192,4,True
ddxplus,test:93489,15,ddxplus_native_structured_root_driver,Guillain-Barré syndrome,Guillain-Barré syndrome,"[""Guillain-Barr\u00e9 syndrome"", ""Panic attack"", ""URTI"", ""Viral pharyngitis"", ""Anemia"", ""Pericarditis"", ""Myasthenia gravis"", ""Acute otitis media"", ""GERD"", ""Acute laryngitis""]",Guillain-Barré syndrome,"[""Guillain-Barr\u00e9 syndrome"", ""Myasthenia gravis"", ""Panic attack"", ""Acute dystonic reactions"", ""Bronchiectasis"", ""Ebola"", ""Scombroid food poisoning"", ""Myocarditis"", ""Chagas"", ""Cluster headache""]",Guillain-Barré syndrome,1.0,0.17751249270986635,False,,0.0,0.0,0,False,False,not_applicable,5,ddxplus_native_mlp_stop,"[""E_84"", ""E_0"", ""E_53"", ""E_83"", ""E_93""]",ddxplus_native_mlp_stop,True,Guillain-Barré syndrome,"[""Guillain-Barr\u00e9 syndrome"", ""Myasthenia gravis"", ""Panic attack"", ""Acute dystonic reactions"", ""Bronchiectasis""]",0.999969482421875,0.9999400565338874,9.048510780316765e-05,False,0,0,1.360799167195709,3,False,0.999969482421875,5,True,ddxplus_native_mlp_stop,True,True,True,1,1,False,5104,239,5,True
ddxplus,test:107023,5,ddxplus_native_structured_root_driver,Localized edema,Localized edema,"[""Localized edema"", ""Acute pulmonary edema"", ""Pulmonary embolism"", ""Anaphylaxis"", ""Anemia"", ""URTI"", ""Viral pharyngitis"", ""Pericarditis"", ""Bronchospasm / acute asthma exacerbation"", ""Bronchitis""]",Localized edema,"[""Localized edema"", ""Acute pulmonary edema"", ""Pulmonary embolism"", ""Anaphylaxis"", ""Pneumonia"", ""Inguinal hernia"", ""Acute otitis media"", ""GERD"", ""Myocarditis"", ""Anemia""]",URTI,1.0,0.002836108322721298,False,,0.0,0.0,0,False,False,not_applicable,4,ddxplus_native_mlp_stop,"[""E_41"", ""E_151"", ""E_106"", ""E_66""]",ddxplus_native_mlp_stop,True,Localized edema,"[""Localized edema"", ""Acute pulmonary edema"", ""Pulmonary embolism"", ""Anaphylaxis"", ""Pneumonia""]",0.8908771276473999,0.8006169199943542,0.10469543826675073,False,0,0,0.26274064502666294,2,False,0.8908771276473999,4,True,ddxplus_native_mlp_stop,True,True,True,1,4,True,3749,175,4,True
ddxplus,test:107023,10,ddxplus_native_structured_root_driver,Localized edema,Localized edema,"[""Localized edema"", ""Acute pulmonary edema"", ""Pulmonary embolism"", ""Anaphylaxis"", ""Anemia"", ""Pericarditis"", ""Bronchospasm / acute asthma exacerbation"", ""Atrial fibrillation"", ""URTI"", ""Viral pharyngitis""]",Localized edema,"[""Localized edema"", ""Acute pulmonary edema"", ""Pulmonary embolism"", ""Anaphylaxis"", ""Pneumonia"", ""Inguinal hernia"", ""Acute otitis media"", ""GERD"", ""Myocarditis"", ""Anemia""]",URTI,1.0,0.002836108322721298,False,,0.0,0.0,0,False,False,not_applicable,4,ddxplus_native_mlp_stop,"[""E_41"", ""E_151"", ""E_106"", ""E_66""]",ddxplus_native_mlp_stop,True,Localized edema,"[""Localized edema"", ""Acute pulmonary edema"", ""Pulmonary embolism"", ""Anaphylaxis"", ""Pneumonia""]",0.8908771276473999,0.8006169199943542,0.10469543826675073,True,2,4,1.4910739783599964,4,False,0.8908771276473999,8,True,ddxplus_native_mlp_stop,True,True,True,1,4,True,9043,759,10,True
ddxplus,test:107023,15,ddxplus_native_structured_root_driver,Localized edema,Localized edema,"[""Localized edema"", ""Pulmonary embolism"", ""Acute pulmonary edema"", ""Anemia"", ""Anaphylaxis"", ""Pericarditis"", ""Bronchospasm / acute asthma exacerbation"", ""URTI"", ""Viral pharyngitis"", ""Bronchitis""]",Localized edema,"[""Localized edema"", ""Acute pulmonary edema"", ""Pulmonary embolism"", ""Anaphylaxis"", ""Pneumonia"", ""Inguinal hernia"", ""Acute otitis media"", ""GERD"", ""Myocarditis"", ""Anemia""]",URTI,1.0,0.00848207751042851,False,,0.0,0.0,0,False,False,not_applicable,5,ddxplus_native_mlp_stop,"[""E_41"", ""E_151"", ""E_106"", ""E_66"", ""E_137""]",ddxplus_native_mlp_stop,True,Localized edema,"[""Localized edema"", ""Acute pulmonary edema"", ""Pulmonary embolism"", ""Anaphylaxis"", ""Pneumonia""]",0.8908771276473999,0.8006169199943542,0.10469543826675073,True,2,4,1.221066053754995,5,False,0.8908771276473999,9,True,ddxplus_native_mlp_stop,True,True,True,1,4,True,10315,813,11,True
ddxplus,test:30019,5,ddxplus_native_structured_root_driver,Viral pharyngitis,Viral pharyngitis,"[""Viral pharyngitis"", ""URTI"", ""Pulmonary neoplasm"", ""Acute laryngitis"", ""Bronchospasm / acute asthma exacerbation"", ""Anemia"", ""Allergic sinusitis"", ""GERD"", ""Acute COPD exacerbation / infection"", ""Atrial fibrillation""]",Viral pharyngitis,"[""Viral pharyngitis"", ""URTI"", ""Pneumonia"", ""Pulmonary neoplasm"", ""Bronchiectasis"", ""Tuberculosis"", ""Pulmonary embolism"", ""Influenza"", ""Acute laryngitis"", ""Bronchitis""]",Viral pharyngitis,1.0,0.03789089817381308,False,,0.0,0.0,0,False,False,not_applicable,3,ddxplus_native_mlp_stop,"[""E_79"", ""E_191"", ""E_41""]",ddxplus_native_mlp_stop,True,Viral pharyngitis,"[""Viral pharyngitis"", ""URTI"", ""Pneumonia"", ""Pulmonary neoplasm"", ""Bronchiectasis""]",0.9911808371543884,0.9882784916553646,0.016556362281444467,False,0,0,0.9522260115430865,3,False,0.9911808371543884,3,True,ddxplus_native_mlp_stop,True,True,True,1,1,False,2745,132,3,True
ddxplus,test:30019,10,ddxplus_native_structured_root_driver,Viral pharyngitis,Viral pharyngitis,"[""Viral pharyngitis"", ""URTI"", ""Bronchiectasis"", ""Pulmonary neoplasm"", ""Pneumonia"", ""Bronchospasm / acute asthma exacerbation"", ""Anemia"", ""GERD"", ""Allergic sinusitis"", ""Acute COPD exacerbation / infection""]",Viral pharyngitis,"[""Viral pharyngitis"", ""Pneumonia"", ""Bronchiectasis"", ""URTI"", ""Tuberculosis"", ""Pulmonary neoplasm"", ""Pulmonary embolism"", ""Influenza"", ""Acute laryngitis"", ""Bronchitis""]",Viral pharyngitis,1.0,0.06429975944266042,False,,0.0,0.0,0,False,False,not_applicable,4,ddxplus_native_mlp_stop,"[""E_79"", ""E_191"", ""E_41"", ""E_227""]",ddxplus_native_mlp_stop,True,Viral pharyngitis,"[""Viral pharyngitis"", ""Pneumonia"", ""Bronchiectasis"", ""URTI"", ""Tuberculosis""]",0.998701810836792,0.9983522669645026,0.0030754327921737948,False,0,0,1.2634854413470054,3,False,0.998701810836792,4,True,ddxplus_native_mlp_stop,True,True,True,1,1,False,3712,180,4,True
ddxplus,test:30019,15,ddxplus_native_structured_root_driver,Viral pharyngitis,Viral pharyngitis,"[""Viral pharyngitis"", ""URTI"", ""Bronchiectasis"", ""Pulmonary neoplasm"", ""Acute laryngitis"", ""Pneumonia"", ""Bronchospasm / acute asthma exacerbation"", ""Anemia"", ""GERD"", ""Allergic sinusitis""]",Viral pharyngitis,"[""Viral pharyngitis"", ""Pneumonia"", ""Bronchiectasis"", ""URTI"", ""Tuberculosis"", ""Pulmonary neoplasm"", ""Pulmonary embolism"", ""Influenza"", ""Acute laryngitis"", ""Bronchitis""]",Viral pharyngitis,1.0,0.055275274956162246,False,,0.0,0.0,0,False,False,not_applicable,5,ddxplus_native_mlp_stop,"[""E_79"", ""E_191"", ""E_41"", ""E_227"", ""E_49""]",ddxplus_native_mlp_stop,True,Viral pharyngitis,"[""Viral pharyngitis"", ""Pneumonia"", ""Bronchiectasis"", ""URTI"", ""Tuberculosis""]",0.998701810836792,0.9983522669645026,0.0030754327921737948,False,0,0,1.2562658537578066,3,False,0.998701810836792,5,True,ddxplus_native_mlp_stop,True,True,True,1,1,False,4683,228,5,True
ddxplus,test:130606,5,ddxplus_native_structured_root_driver,Scombroid food poisoning,Atrial fibrillation,"[""Atrial fibrillation"", ""PSVT"", ""Pericarditis"", ""Panic attack"", ""Anemia"", ""Acute dystonic reactions"", ""URTI"", ""Bronchospasm / acute asthma exacerbation"", ""Viral pharyngitis"", ""Bronchitis""]",Atrial fibrillation,"[""Atrial fibrillation"", ""PSVT"", ""Scombroid food poisoning"", ""Pericarditis"", ""Panic attack"", ""Myocarditis"", ""Anemia"", ""Guillain-Barr\u00e9 syndrome"", ""Bronchiectasis"", ""Acute dystonic reactions""]",Pericarditis,1.0,0.064118524696123,False,,0.0,0.0,0,False,False,not_applicable,5,budget_exhausted,"[""E_53"", ""E_124"", ""E_65"", ""E_15"", ""E_155""]",budget_exhausted,True,Atrial fibrillation,"[""Atrial fibrillation"", ""PSVT"", ""Scombroid food poisoning"", ""Pericarditis"", ""Panic attack""]",0.45612069964408875,0.18263456225395203,0.35909731981046056,False,0,0,0.738885283012495,3,False,0.45612069964408875,5,False,budget_exhausted_forced_final,False,False,False,11,11,False,5082,243,5,True
ddxplus,test:130606,10,ddxplus_native_structured_root_driver,Scombroid food poisoning,Scombroid food poisoning,"[""Scombroid food poisoning"", ""Panic attack"", ""Atrial fibrillation"", ""Bronchospasm / acute asthma exacerbation"", ""Anaphylaxis"", ""PSVT"", ""Pericarditis"", ""Anemia"", ""URTI"", ""Viral pharyngitis""]",Scombroid food poisoning,"[""Scombroid food poisoning"", ""Anaphylaxis"", ""Pneumonia"", ""Panic attack"", ""SLE"", ""Bronchitis"", ""Bronchospasm / acute asthma exacerbation"", ""PSVT"", ""HIV (initial infection)"", ""Chagas""]",Pericarditis,1.0,0.014147673884387979,False,,0.0,0.0,0,False,False,not_applicable,8,ddxplus_native_mlp_stop,"[""E_53"", ""E_124"", ""E_65"", ""E_15"", ""E_155"", ""E_164"", ""E_187"", ""E_92""]",ddxplus_native_mlp_stop,True,Scombroid food poisoning,"[""Scombroid food poisoning"", ""Anaphylaxis"", ""Pneumonia"", ""Panic attack"", ""SLE""]",0.9999181032180786,0.9998493283928838,0.00023450528011606574,True,1,2,2.1774737005954417,4,False,0.9999181032180786,10,False,budget_exhausted_forced_final,True,True,True,1,11,True,12022,718,11,True
ddxplus,test:130606,15,ddxplus_native_structured_root_driver,Scombroid food poisoning,Scombroid food poisoning,"[""Scombroid food poisoning"", ""HIV (initial infection)"", ""Anaphylaxis"", ""Pneumonia"", ""Anemia"", ""Bronchospasm / acute asthma exacerbation"", ""URTI"", ""Viral pharyngitis"", ""Pericarditis"", ""Sarcoidosis""]",Scombroid food poisoning,"[""Scombroid food poisoning"", ""HIV (initial infection)"", ""Anaphylaxis"", ""Panic attack"", ""Pancreatic neoplasm"", ""Pneumonia"", ""Chagas"", ""Influenza"", ""SLE"", ""Bronchitis""]",Scombroid food poisoning,1.0,0.03967457306541611,False,,0.0,0.0,0,False,False,not_applicable,10,ddxplus_native_mlp_stop,"[""E_124"", ""E_24"", ""E_208"", ""E_201"", ""E_129"", ""E_134"", ""E_206"", ""E_151"", ""E_187"", ""E_92""]",ddxplus_native_mlp_stop,True,Scombroid food poisoning,"[""Scombroid food poisoning"", ""HIV (initial infection)"", ""Anaphylaxis"", ""Panic attack"", ""Pancreatic neoplasm""]",0.9995688796043396,0.9992406982637476,0.001067750450282201,False,0,0,1.1267243793150574,3,False,0.9995688796043396,10,True,ddxplus_native_mlp_stop,True,True,True,1,11,True,10210,480,10,True
ddxplus,test:133658,5,ddxplus_native_structured_root_driver,Bronchitis,Bronchitis,"[""Bronchitis"", ""URTI"", ""Bronchiectasis"", ""Viral pharyngitis"", ""Acute COPD exacerbation / infection"", ""Pneumonia"", ""Anemia"", ""Influenza"", ""Anaphylaxis"", ""HIV (initial infection)""]",Bronchitis,"[""Bronchitis"", ""URTI"", ""Bronchiectasis"", ""Acute COPD exacerbation / infection"", ""Viral pharyngitis"", ""Pneumonia"", ""Acute otitis media"", ""Chronic rhinosinusitis"", ""Pulmonary neoplasm"", ""Acute rhinosinusitis""]",URTI,1.0,0.07542932147711667,False,,0.0,0.0,0,False,False,not_applicable,5,budget_exhausted,"[""E_77"", ""E_53"", ""E_123"", ""E_97"", ""E_129""]",budget_exhausted,True,Bronchitis,"[""Bronchitis"", ""URTI"", ""Bronchiectasis"", ""Acute COPD exacerbation / infection"", ""Viral pharyngitis""]",0.3646838366985321,0.07467526197433472,0.4686329261892303,False,0,0,0.6422958856627927,3,False,0.3646838366985321,5,False,budget_exhausted_forced_final,True,True,True,1,9,True,4733,221,5,True
ddxplus,test:133658,10,ddxplus_native_structured_root_driver,Bronchitis,Bronchitis,"[""Bronchitis"", ""Acute COPD exacerbation / infection"", ""Bronchiectasis"", ""Pneumonia"", ""Bronchospasm / acute asthma exacerbation"", ""URTI"", ""Influenza"", ""Viral pharyngitis"", ""Anaphylaxis"", ""Anemia""]",Bronchitis,"[""Bronchitis"", ""Acute COPD exacerbation / infection"", ""Bronchiectasis"", ""Pneumonia"", ""URTI"", ""Bronchospasm / acute asthma exacerbation"", ""Tuberculosis"", ""Pulmonary neoplasm"", ""Spontaneous rib fracture"", ""Influenza""]",URTI,1.0,0.10337420519133644,False,,0.0,0.0,0,False,False,not_applicable,7,ddxplus_native_mlp_stop,"[""E_53"", ""E_41"", ""E_120"", ""E_129"", ""E_123"", ""E_77"", ""E_214""]",ddxplus_native_mlp_stop,True,Bronchitis,"[""Bronchitis"", ""Acute COPD exacerbation / infection"", ""Bronchiectasis"", ""Pneumonia"", ""URTI""]",0.8968779444694519,0.7951136007905006,0.08760358385256821,True,2,3,0.1888305667257022,5,False,0.8968779444694519,10,False,budget_exhausted_forced_final,True,True,True,1,9,True,12106,854,12,True
ddxplus,test:133658,15,ddxplus_native_structured_root_driver,Bronchitis,Bronchitis,"[""Bronchitis"", ""Acute COPD exacerbation / infection"", ""Pneumonia"", ""Bronchospasm / acute asthma exacerbation"", ""URTI"", ""Bronchiectasis"", ""Viral pharyngitis"", ""Anaphylaxis"", ""Anemia"", ""Acute otitis media""]",Bronchitis,"[""Bronchitis"", ""Acute COPD exacerbation / infection"", ""Pneumonia"", ""URTI"", ""Bronchospasm / acute asthma exacerbation"", ""Bronchiectasis"", ""Anaphylaxis"", ""Spontaneous rib fracture"", ""Scombroid food poisoning"", ""Pulmonary neoplasm""]",URTI,1.0,0.10306461198841443,False,,0.0,0.0,0,False,False,not_applicable,5,ddxplus_native_mlp_stop,"[""E_53"", ""E_41"", ""E_77"", ""E_94"", ""E_214""]",ddxplus_native_mlp_stop,True,Bronchitis,"[""Bronchitis"", ""Acute COPD exacerbation / infection"", ""Pneumonia"", ""URTI"", ""Bronchospasm / acute asthma exacerbation""]",0.9389883279800415,0.8812335021793842,0.06346958719897322,True,2,4,0.5474361092264068,5,False,0.9389883279800415,9,True,ddxplus_native_mlp_stop,True,True,True,1,9,True,10318,810,11,True
ddxplus,test:31107,5,ddxplus_native_structured_root_driver,Viral pharyngitis,Viral pharyngitis,"[""Viral pharyngitis"", ""URTI"", ""Acute otitis media"", ""Acute laryngitis"", ""Bronchitis"", ""Cluster headache"", ""Anemia"", ""Pericarditis"", ""GERD"", ""Anaphylaxis""]",Viral pharyngitis,"[""Viral pharyngitis"", ""URTI"", ""Pulmonary embolism"", ""Pneumonia"", ""Pulmonary neoplasm"", ""Acute otitis media"", ""Acute laryngitis"", ""Influenza"", ""Chronic rhinosinusitis"", ""Cluster headache""]",URTI,1.0,0.017847647538496436,False,,0.0,0.0,0,False,False,not_applicable,3,ddxplus_native_mlp_stop,"[""E_41"", ""E_97"", ""E_227""]",ddxplus_native_mlp_stop,True,Viral pharyngitis,"[""Viral pharyngitis"", ""URTI"", ""Pulmonary embolism"", ""Pneumonia"", ""Pulmonary neoplasm""]",0.9765529036521912,0.9576650317758322,0.03412948478186175,True,1,2,0.27751539824746985,4,False,0.9765529036521912,5,False,budget_exhausted_forced_final,True,True,True,1,1,False,5031,421,6,True
ddxplus,test:31107,10,ddxplus_native_structured_root_driver,Viral pharyngitis,Viral pharyngitis,"[""Viral pharyngitis"", ""URTI"", ""Acute otitis media"", ""Acute laryngitis"", ""Pulmonary embolism"", ""Anemia"", ""Pericarditis"", ""GERD"", ""Bronchitis"", ""Cluster headache""]",Viral pharyngitis,"[""Viral pharyngitis"", ""Pulmonary embolism"", ""Pneumonia"", ""Pulmonary neoplasm"", ""Bronchiectasis"", ""Tuberculosis"", ""URTI"", ""Acute otitis media"", ""Acute laryngitis"", ""Influenza""]",Viral pharyngitis,1.0,0.015994426515610338,False,,0.0,0.0,0,False,False,not_applicable,4,ddxplus_native_mlp_stop,"[""E_41"", ""E_97"", ""E_227"", ""E_45""]",ddxplus_native_mlp_stop,True,Viral pharyngitis,"[""Viral pharyngitis"", ""Pulmonary embolism"", ""Pneumonia"", ""Pulmonary neoplasm"", ""Bronchiectasis""]",0.9979312419891357,0.9970363912871107,0.0045650591843715066,False,0,0,1.3477857616229714,3,False,0.9979312419891357,4,True,ddxplus_native_mlp_stop,True,True,True,1,1,False,3688,188,4,True
ddxplus,test:31107,15,ddxplus_native_structured_root_driver,Viral pharyngitis,Viral pharyngitis,"[""Viral pharyngitis"", ""Pulmonary embolism"", ""URTI"", ""Bronchiectasis"", ""Anemia"", ""Pericarditis"", ""Bronchospasm / acute asthma exacerbation"", ""Bronchitis"", ""Anaphylaxis"", ""Atrial fibrillation""]",Viral pharyngitis,"[""Viral pharyngitis"", ""Pulmonary embolism"", ""Pneumonia"", ""URTI"", ""Pulmonary neoplasm"", ""Tuberculosis"", ""Bronchiectasis"", ""Acute otitis media"", ""Acute laryngitis"", ""Influenza""]",Viral pharyngitis,1.0,0.006743210964474278,False,,0.0,0.0,0,False,False,not_applicable,5,ddxplus_native_mlp_stop,"[""E_41"", ""E_97"", ""E_227"", ""E_45"", ""E_66""]",ddxplus_native_mlp_stop,True,Viral pharyngitis,"[""Viral pharyngitis"", ""Pulmonary embolism"", ""Pneumonia"", ""URTI"", ""Pulmonary neoplasm""]",0.9995430707931519,0.9993891111953417,0.0012055334480542469,False,0,0,1.144206713156803,3,False,0.9995430707931519,5,True,ddxplus_native_mlp_stop,True,True,True,1,1,False,4679,236,5,True
ddxplus,test:16065,5,ddxplus_native_structured_root_driver,Pulmonary embolism,Pulmonary embolism,"[""Pulmonary embolism"", ""Pericarditis"", ""Pneumonia"", ""Anaphylaxis"", ""URTI"", ""Viral pharyngitis"", ""Influenza"", ""Anemia"", ""HIV (initial infection)"", ""Inguinal hernia""]",Pulmonary embolism,"[""Pulmonary embolism"", ""Pericarditis"", ""Spontaneous pneumothorax"", ""Spontaneous rib fracture"", ""Pneumonia"", ""Anaphylaxis"", ""Acute pulmonary edema"", ""Pulmonary neoplasm"", ""Bronchiectasis"", ""SLE""]",URTI,1.0,0.07695765958025558,False,,0.0,0.0,0,False,False,not_applicable,3,ddxplus_native_mlp_stop,"[""E_196"", ""E_129"", ""E_220""]",ddxplus_native_mlp_stop,True,Pulmonary embolism,"[""Pulmonary embolism"", ""Pericarditis"", ""Spontaneous pneumothorax"", ""Spontaneous rib fracture"", ""Pneumonia""]",0.999813973903656,0.9997292245607241,0.0005075253207290408,True,1,2,0.25520373400984564,4,False,0.999813973903656,5,False,budget_exhausted_forced_final,True,True,True,1,1,False,5399,431,6,True
ddxplus,test:16065,10,ddxplus_native_structured_root_driver,Pulmonary embolism,Pulmonary embolism,"[""Pulmonary embolism"", ""Anaphylaxis"", ""Spontaneous pneumothorax"", ""Pneumonia"", ""Pericarditis"", ""Localized edema"", ""URTI"", ""Viral pharyngitis"", ""Influenza"", ""Anemia""]",Pulmonary embolism,"[""Pulmonary embolism"", ""Anaphylaxis"", ""Spontaneous pneumothorax"", ""Pericarditis"", ""Pneumonia"", ""Spontaneous rib fracture"", ""Acute pulmonary edema"", ""Localized edema"", ""SLE"", ""Sarcoidosis""]",Anaphylaxis,1.0,0.018802299780213638,False,,0.0,0.0,0,False,False,not_applicable,4,ddxplus_native_mlp_stop,"[""E_196"", ""E_129"", ""E_220"", ""E_151""]",ddxplus_native_mlp_stop,True,Pulmonary embolism,"[""Pulmonary embolism"", ""Anaphylaxis"", ""Spontaneous pneumothorax"", ""Pericarditis"", ""Pneumonia""]",0.9999983310699463,0.999997274661041,6.109029420179353e-06,True,2,4,1.9774880684015335,5,False,0.9999983310699463,8,True,ddxplus_native_mlp_stop,True,True,True,1,1,False,9342,858,10,True
ddxplus,test:16065,15,ddxplus_native_structured_root_driver,Pulmonary embolism,Pulmonary embolism,"[""Pulmonary embolism"", ""Pericarditis"", ""Anaphylaxis"", ""Pneumonia"", ""Localized edema"", ""Anemia"", ""URTI"", ""Viral pharyngitis"", ""Acute pulmonary edema"", ""Influenza""]",Pulmonary embolism,"[""Pulmonary embolism"", ""Anaphylaxis"", ""Pericarditis"", ""Spontaneous pneumothorax"", ""Acute pulmonary edema"", ""Pneumonia"", ""Spontaneous rib fracture"", ""Localized edema"", ""Anemia"", ""Sarcoidosis""]",Anaphylaxis,1.0,0.01875047576696076,False,,0.0,0.0,0,False,False,not_applicable,5,ddxplus_native_mlp_stop,"[""E_196"", ""E_129"", ""E_220"", ""E_151"", ""E_34""]",ddxplus_native_mlp_stop,True,Pulmonary embolism,"[""Pulmonary embolism"", ""Anaphylaxis"", ""Pericarditis"", ""Spontaneous pneumothorax"", ""Acute pulmonary edema""]",0.9999992847442627,0.9999988349784985,2.70105617689922e-06,True,2,4,1.5483170587864898,5,False,0.9999992847442627,9,True,ddxplus_native_mlp_stop,True,True,True,1,1,False,10499,844,11,True
ddxplus,test:50247,5,ddxplus_native_structured_root_driver,Epiglottitis,Epiglottitis,"[""Epiglottitis"", ""Acute laryngitis"", ""URTI"", ""Viral pharyngitis"", ""Anaphylaxis"", ""Bronchitis"", ""Anemia"", ""Pericarditis"", ""Acute otitis media"", ""Bronchospasm / acute asthma exacerbation""]",Epiglottitis,"[""Epiglottitis"", ""Acute laryngitis"", ""Croup"", ""Larygospasm"", ""Myasthenia gravis"", ""HIV (initial infection)"", ""Anaphylaxis"", ""Bronchitis"", ""Viral pharyngitis"", ""URTI""]",Epiglottitis,1.0,0.054937709747764574,False,,0.0,0.0,0,False,False,not_applicable,3,ddxplus_native_mlp_stop,"[""E_194"", ""E_65"", ""E_53""]",ddxplus_native_mlp_stop,True,Epiglottitis,"[""Epiglottitis"", ""Acute laryngitis"", ""Croup"", ""Larygospasm"", ""Myasthenia gravis""]",0.9999403953552246,0.9998899298188917,0.00017341296586411575,False,0,0,0.9689293061725401,3,False,0.9999403953552246,3,True,ddxplus_native_mlp_stop,True,True,True,1,2,True,2810,143,3,True
ddxplus,test:50247,10,ddxplus_native_structured_root_driver,Epiglottitis,Epiglottitis,"[""Epiglottitis"", ""Acute laryngitis"", ""Bronchitis"", ""Anaphylaxis"", ""URTI"", ""Anemia"", ""Viral pharyngitis"", ""Pericarditis"", ""Croup"", ""Bronchospasm / acute asthma exacerbation""]",Epiglottitis,"[""Epiglottitis"", ""Croup"", ""Acute laryngitis"", ""Larygospasm"", ""Myasthenia gravis"", ""Bronchitis"", ""Anaphylaxis"", ""Chagas"", ""HIV (initial infection)"", ""Pneumonia""]",Epiglottitis,1.0,0.10591888896858459,False,,0.0,0.0,0,False,False,not_applicable,4,ddxplus_native_mlp_stop,"[""E_194"", ""E_65"", ""E_53"", ""E_190""]",ddxplus_native_mlp_stop,True,Epiglottitis,"[""Epiglottitis"", ""Croup"", ""Acute laryngitis"", ""Larygospasm"", ""Myasthenia gravis""]",0.9999986886978149,0.9999974157925635,4.823483896150991e-06,False,0,0,1.2268057993411725,3,False,0.9999986886978149,4,True,ddxplus_native_mlp_stop,True,True,True,1,2,True,3776,202,4,True
ddxplus,test:50247,15,ddxplus_native_structured_root_driver,Epiglottitis,Epiglottitis,"[""Epiglottitis"", ""Acute laryngitis"", ""Bronchitis"", ""Anaphylaxis"", ""URTI"", ""Viral pharyngitis"", ""Anemia"", ""Croup"", ""Pericarditis"", ""Influenza""]",Epiglottitis,"[""Epiglottitis"", ""Croup"", ""Acute laryngitis"", ""Larygospasm"", ""Myasthenia gravis"", ""Bronchitis"", ""Anaphylaxis"", ""Chagas"", ""HIV (initial infection)"", ""Pneumonia""]",Epiglottitis,1.0,0.17515155572459884,False,,0.0,0.0,0,False,False,not_applicable,5,ddxplus_native_mlp_stop,"[""E_194"", ""E_65"", ""E_53"", ""E_190"", ""E_55""]",ddxplus_native_mlp_stop,True,Epiglottitis,"[""Epiglottitis"", ""Croup"", ""Acute laryngitis"", ""Larygospasm"", ""Myasthenia gravis""]",0.9999986886978149,0.9999974157925635,4.823483896150991e-06,False,0,0,1.2567874522905806,3,False,0.9999986886978149,5,True,ddxplus_native_mlp_stop,True,True,True,1,2,True,4743,248,5,True
ddxplus,test:70907,5,ddxplus_native_structured_root_driver,Pericarditis,Pericarditis,"[""Pericarditis"", ""Pulmonary embolism"", ""Guillain-Barr\u00e9 syndrome"", ""URTI"", ""Viral pharyngitis"", ""Anemia"", ""Acute dystonic reactions"", ""Acute otitis media"", ""Allergic sinusitis"", ""Bronchospasm / acute asthma exacerbation""]",Pericarditis,"[""Pericarditis"", ""Spontaneous rib fracture"", ""Spontaneous pneumothorax"", ""Myocarditis"", ""Pulmonary embolism"", ""Pneumonia"", ""Guillain-Barr\u00e9 syndrome"", ""GERD"", ""Acute pulmonary edema"", ""Panic attack""]",Pericarditis,1.0,0.06435054019050668,False,,0.0,0.0,0,False,False,not_applicable,3,ddxplus_native_mlp_stop,"[""E_3"", ""E_196"", ""E_0""]",ddxplus_native_mlp_stop,True,Pericarditis,"[""Pericarditis"", ""Spontaneous rib fracture"", ""Spontaneous pneumothorax"", ""Myocarditis"", ""Pulmonary embolism""]",0.9642506241798401,0.9516253611072898,0.05422107532267817,False,0,0,1.4397692951823822,3,False,0.9642506241798401,3,True,ddxplus_native_mlp_stop,True,True,True,1,1,False,2787,141,3,True
ddxplus,test:70907,10,ddxplus_native_structured_root_driver,Pericarditis,Epiglottitis,"[""Epiglottitis"", ""Anemia"", ""Pericarditis"", ""Viral pharyngitis"", ""URTI"", ""GERD"", ""Atrial fibrillation"", ""Localized edema"", ""Acute pulmonary edema"", ""Pulmonary embolism""]",Epiglottitis,"[""Epiglottitis"", ""Anemia"", ""Acute otitis media"", ""Pericarditis"", ""Sarcoidosis"", ""Viral pharyngitis"", ""Chagas"", ""Cluster headache"", ""Pneumonia"", ""Acute laryngitis""]",Pericarditis,1.0,0.15088339671429485,True,,0.0,0.0,0,False,False,not_applicable,10,budget_exhausted,"[""E_3"", ""E_196"", ""E_0"", ""E_217"", ""E_216"", ""E_21"", ""E_53"", ""E_151"", ""E_155"", ""E_79""]",budget_exhausted,True,Epiglottitis,"[""Epiglottitis"", ""Anemia"", ""Acute otitis media"", ""Pericarditis"", ""Sarcoidosis""]",0.11267818510532379,0.002408251166343689,0.8043444201964653,False,0,0,0.045640192557946824,2,False,0.11267818510532379,10,False,budget_exhausted_forced_final,False,True,True,3,1,False,10135,482,10,True
ddxplus,test:70907,15,ddxplus_native_structured_root_driver,Pericarditis,Boerhaave,"[""Boerhaave"", ""GERD"", ""Anemia"", ""URTI"", ""Pericarditis"", ""Viral pharyngitis"", ""Anaphylaxis"", ""Atrial fibrillation"", ""Pneumonia"", ""Influenza""]",Boerhaave,"[""Boerhaave"", ""Tuberculosis"", ""Acute dystonic reactions"", ""GERD"", ""Anemia"", ""Whooping cough"", ""Pancreatic neoplasm"", ""Bronchiectasis"", ""Ebola"", ""Sarcoidosis""]",URTI,1.0,0.029025154517200003,False,,0.0,0.0,0,False,False,not_applicable,15,budget_exhausted,"[""E_3"", ""E_217"", ""E_196"", ""E_21"", ""E_216"", ""E_151"", ""E_155"", ""E_45"", ""E_105"", ""E_129"", ""E_212"", ""E_214"", ""E_79"", ""E_181"", ""E_84""]",budget_exhausted,True,Boerhaave,"[""Boerhaave"", ""Tuberculosis"", ""Acute dystonic reactions"", ""GERD"", ""Anemia""]",0.14855004847049713,0.007576301693916321,0.7628085402137419,False,0,0,0.2808780631495674,2,False,0.14855004847049713,15,False,budget_exhausted_forced_final,False,False,True,5,1,False,16176,721,15,True
ddxplus,test:4863,5,ddxplus_native_structured_root_driver,Pneumonia,Pneumonia,"[""Pneumonia"", ""Bronchitis"", ""URTI"", ""Influenza"", ""HIV (initial infection)"", ""Viral pharyngitis"", ""Anemia"", ""Anaphylaxis"", ""Cluster headache"", ""Bronchospasm / acute asthma exacerbation""]",Pneumonia,"[""Pneumonia"", ""Bronchitis"", ""Influenza"", ""URTI"", ""Bronchiectasis"", ""HIV (initial infection)"", ""Acute otitis media"", ""Acute rhinosinusitis"", ""Pancreatic neoplasm"", ""Tuberculosis""]",URTI,1.0,0.10530146538441132,False,,0.0,0.0,0,False,False,not_applicable,5,budget_exhausted,"[""E_41"", ""E_25"", ""E_201"", ""E_77"", ""E_129""]",budget_exhausted,True,Pneumonia,"[""Pneumonia"", ""Bronchitis"", ""Influenza"", ""URTI"", ""Bronchiectasis""]",0.9978221654891968,0.9963617256144062,0.004426670033205727,False,0,0,0.8978947192826592,3,False,0.9978221654891968,5,False,budget_exhausted_forced_final,True,True,True,1,11,True,4839,223,5,True
ddxplus,test:4863,10,ddxplus_native_structured_root_driver,Pneumonia,Pneumonia,"[""Pneumonia"", ""Influenza"", ""Bronchitis"", ""URTI"", ""Viral pharyngitis"", ""Bronchospasm / acute asthma exacerbation"", ""HIV (initial infection)"", ""Anemia"", ""Anaphylaxis"", ""Cluster headache""]",Pneumonia,"[""Pneumonia"", ""Bronchitis"", ""Influenza"", ""URTI"", ""Bronchiectasis"", ""HIV (initial infection)"", ""Acute otitis media"", ""Acute rhinosinusitis"", ""Pancreatic neoplasm"", ""Tuberculosis""]",URTI,1.0,0.10530146538441132,False,,0.0,0.0,0,False,False,not_applicable,5,ddxplus_native_mlp_stop,"[""E_41"", ""E_25"", ""E_201"", ""E_77"", ""E_129""]",ddxplus_native_mlp_stop,True,Pneumonia,"[""Pneumonia"", ""Bronchitis"", ""Influenza"", ""URTI"", ""Bronchiectasis""]",0.9978221654891968,0.9963617256144062,0.004426670033205727,True,2,4,1.4679077228295463,5,False,0.9978221654891968,9,True,ddxplus_native_mlp_stop,True,True,True,1,11,True,10923,807,11,True
ddxplus,test:4863,15,ddxplus_native_structured_root_driver,Pneumonia,Pneumonia,"[""Pneumonia"", ""Bronchitis"", ""Influenza"", ""URTI"", ""Viral pharyngitis"", ""Bronchospasm / acute asthma exacerbation"", ""HIV (initial infection)"", ""Anemia"", ""Anaphylaxis"", ""Cluster headache""]",Pneumonia,"[""Pneumonia"", ""Bronchitis"", ""Influenza"", ""URTI"", ""Bronchiectasis"", ""HIV (initial infection)"", ""Acute otitis media"", ""Acute rhinosinusitis"", ""Pancreatic neoplasm"", ""Tuberculosis""]",URTI,1.0,0.10530146538441132,False,,0.0,0.0,0,False,False,not_applicable,5,ddxplus_native_mlp_stop,"[""E_41"", ""E_25"", ""E_201"", ""E_77"", ""E_129""]",ddxplus_native_mlp_stop,True,Pneumonia,"[""Pneumonia"", ""Bronchitis"", ""Influenza"", ""URTI"", ""Bronchiectasis""]",0.9978221654891968,0.9963617256144062,0.004426670033205727,True,2,4,0.4112280526159928,5,False,0.9978221654891968,9,True,ddxplus_native_mlp_stop,True,True,True,1,11,True,10913,812,11,True
ddxplus,test:128336,5,ddxplus_native_structured_root_driver,Pulmonary embolism,Pulmonary embolism,"[""Pulmonary embolism"", ""Pneumonia"", ""Pericarditis"", ""URTI"", ""Bronchospasm / acute asthma exacerbation"", ""Acute pulmonary edema"", ""GERD"", ""Viral pharyngitis"", ""Anemia"", ""Atrial fibrillation""]",Pulmonary embolism,"[""Pulmonary embolism"", ""Pneumonia"", ""Spontaneous pneumothorax"", ""Spontaneous rib fracture"", ""Pericarditis"", ""Anaphylaxis"", ""Bronchiectasis"", ""Pulmonary neoplasm"", ""Bronchitis"", ""SLE""]",Pericarditis,1.0,0.14268716184549501,False,,0.0,0.0,0,False,False,not_applicable,3,ddxplus_native_mlp_stop,"[""E_3"", ""E_217"", ""E_196""]",ddxplus_native_mlp_stop,True,Pulmonary embolism,"[""Pulmonary embolism"", ""Pneumonia"", ""Spontaneous pneumothorax"", ""Spontaneous rib fracture"", ""Pericarditis""]",0.8899548649787903,0.8483841605484486,0.1270910798365125,True,1,2,2.0434316093999834,4,False,0.8899548649787903,5,False,budget_exhausted_forced_final,True,True,True,1,3,True,5090,399,6,True
ddxplus,test:128336,10,ddxplus_native_structured_root_driver,Pulmonary embolism,Pulmonary embolism,"[""Pulmonary embolism"", ""Pericarditis"", ""Localized edema"", ""Anaphylaxis"", ""URTI"", ""Acute pulmonary edema"", ""Viral pharyngitis"", ""Anemia"", ""Acute dystonic reactions"", ""Allergic sinusitis""]",Pulmonary embolism,"[""Pulmonary embolism"", ""Pneumonia"", ""Pericarditis"", ""Spontaneous pneumothorax"", ""Spontaneous rib fracture"", ""Anaphylaxis"", ""Acute pulmonary edema"", ""Localized edema"", ""SLE"", ""Bronchitis""]",Pulmonary embolism,1.0,0.029645405431006466,False,,0.0,0.0,0,False,False,not_applicable,4,ddxplus_native_mlp_stop,"[""E_3"", ""E_196"", ""E_151"", ""E_152""]",ddxplus_native_mlp_stop,True,Pulmonary embolism,"[""Pulmonary embolism"", ""Pneumonia"", ""Pericarditis"", ""Spontaneous pneumothorax"", ""Spontaneous rib fracture""]",0.9987894892692566,0.9983996188675519,0.0028559188754167584,False,0,0,1.1569687811058147,3,False,0.9987894892692566,4,True,ddxplus_native_mlp_stop,True,True,True,1,3,True,3729,183,4,True
ddxplus,test:128336,15,ddxplus_native_structured_root_driver,Pulmonary embolism,Pulmonary embolism,"[""Pulmonary embolism"", ""Pericarditis"", ""Localized edema"", ""Anaphylaxis"", ""Viral pharyngitis"", ""Acute pulmonary edema"", ""URTI"", ""Anemia"", ""Acute dystonic reactions"", ""Allergic sinusitis""]",Pulmonary embolism,"[""Pulmonary embolism"", ""Pericarditis"", ""Spontaneous pneumothorax"", ""Pneumonia"", ""Spontaneous rib fracture"", ""Anaphylaxis"", ""Acute pulmonary edema"", ""Localized edema"", ""SLE"", ""Viral pharyngitis""]",Pulmonary embolism,1.0,0.06924204675291445,False,,0.0,0.0,0,False,False,not_applicable,5,ddxplus_native_mlp_stop,"[""E_3"", ""E_196"", ""E_151"", ""E_152"", ""E_34""]",ddxplus_native_mlp_stop,True,Pulmonary embolism,"[""Pulmonary embolism"", ""Pericarditis"", ""Spontaneous pneumothorax"", ""Pneumonia"", ""Spontaneous rib fracture""]",0.9995726943016052,0.9993762743542902,0.0011135382438577609,False,0,0,1.0002567511168454,3,False,0.9995726943016052,5,True,ddxplus_native_mlp_stop,True,True,True,1,3,True,4715,221,5,True
ddxplus,test:55029,5,ddxplus_native_structured_root_driver,Cluster headache,Cluster headache,"[""Cluster headache"", ""Viral pharyngitis"", ""URTI"", ""Acute otitis media"", ""Bronchitis"", ""Influenza"", ""Allergic sinusitis"", ""Anemia"", ""Chronic rhinosinusitis"", ""Acute laryngitis""]",Cluster headache,"[""Cluster headache"", ""Chronic rhinosinusitis"", ""Acute otitis media"", ""Viral pharyngitis"", ""URTI"", ""Influenza"", ""Bronchitis"", ""Inguinal hernia"", ""Allergic sinusitis"", ""Anemia""]",URTI,1.0,0.019447785605496093,False,,0.0,0.0,0,False,False,not_applicable,5,budget_exhausted,"[""E_41"", ""E_53"", ""E_91"", ""E_201"", ""E_25""]",budget_exhausted,True,Cluster headache,"[""Cluster headache"", ""Chronic rhinosinusitis"", ""Acute otitis media"", ""Viral pharyngitis"", ""URTI""]",0.9854515194892883,0.9810696193017066,0.026073360147635373,False,0,0,0.991301567923669,3,False,0.9854515194892883,5,False,budget_exhausted_forced_final,True,True,True,1,6,True,4751,233,5,True
ddxplus,test:55029,10,ddxplus_native_structured_root_driver,Cluster headache,Cluster headache,"[""Cluster headache"", ""Acute otitis media"", ""Chronic rhinosinusitis"", ""URTI"", ""Viral pharyngitis"", ""Allergic sinusitis"", ""Acute rhinosinusitis"", ""Bronchitis"", ""Anemia"", ""Influenza""]",Cluster headache,"[""Cluster headache"", ""Chronic rhinosinusitis"", ""Acute otitis media"", ""Viral pharyngitis"", ""URTI"", ""Influenza"", ""Bronchitis"", ""Inguinal hernia"", ""Allergic sinusitis"", ""Anemia""]",URTI,1.0,0.019447785605496093,False,,0.0,0.0,0,False,False,not_applicable,5,ddxplus_native_mlp_stop,"[""E_41"", ""E_53"", ""E_91"", ""E_201"", ""E_25""]",ddxplus_native_mlp_stop,True,Cluster headache,"[""Cluster headache"", ""Chronic rhinosinusitis"", ""Acute otitis media"", ""Viral pharyngitis"", ""URTI""]",0.9854515194892883,0.9810696193017066,0.026073360147635373,True,2,4,0.7718854812380003,5,False,0.9854515194892883,9,True,ddxplus_native_mlp_stop,True,True,True,1,6,True,10384,801,11,True
ddxplus,test:55029,15,ddxplus_native_structured_root_driver,Cluster headache,Cluster headache,"[""Cluster headache"", ""Chronic rhinosinusitis"", ""Acute otitis media"", ""URTI"", ""Viral pharyngitis"", ""Allergic sinusitis"", ""Acute rhinosinusitis"", ""Bronchitis"", ""Anemia"", ""Influenza""]",Cluster headache,"[""Cluster headache"", ""Chronic rhinosinusitis"", ""Acute otitis media"", ""Viral pharyngitis"", ""URTI"", ""Influenza"", ""Bronchitis"", ""Inguinal hernia"", ""Allergic sinusitis"", ""Anemia""]",URTI,1.0,0.019447785605496093,False,,0.0,0.0,0,False,False,not_applicable,5,ddxplus_native_mlp_stop,"[""E_41"", ""E_53"", ""E_91"", ""E_201"", ""E_25""]",ddxplus_native_mlp_stop,True,Cluster headache,"[""Cluster headache"", ""Chronic rhinosinusitis"", ""Acute otitis media"", ""Viral pharyngitis"", ""URTI""]",0.9854515194892883,0.9810696193017066,0.026073360147635373,True,2,4,1.9532433394392723,5,False,0.9854515194892883,9,True,ddxplus_native_mlp_stop,True,True,True,1,6,True,10390,805,11,True
ddxplus,test:35030,5,ddxplus_native_structured_root_driver,Anemia,Anemia,"[""Anemia"", ""GERD"", ""URTI"", ""Viral pharyngitis"", ""Pericarditis"", ""PSVT"", ""Acute otitis media"", ""Atrial fibrillation"", ""Acute dystonic reactions"", ""Anaphylaxis""]",Anemia,"[""Anemia"", ""GERD"", ""Acute laryngitis"", ""Influenza"", ""URTI"", ""Chronic rhinosinusitis"", ""Pancreatic neoplasm"", ""Acute otitis media"", ""Stable angina"", ""HIV (initial infection)""]",Anemia,1.0,0.3123188419747136,False,,0.0,0.0,0,False,False,not_applicable,3,ddxplus_native_mlp_stop,"[""E_24"", ""E_146"", ""E_82""]",ddxplus_native_mlp_stop,True,Anemia,"[""Anemia"", ""GERD"", ""Acute laryngitis"", ""Influenza"", ""URTI""]",0.7981536388397217,0.5969305336475372,0.13070052060692458,True,1,2,1.8064575191166647,4,False,0.7981536388397217,5,False,budget_exhausted_forced_final,True,True,True,1,1,False,5359,423,6,True
ddxplus,test:35030,10,ddxplus_native_structured_root_driver,Anemia,Anemia,"[""Anemia"", ""GERD"", ""URTI"", ""Bronchospasm / acute asthma exacerbation"", ""Allergic sinusitis"", ""Viral pharyngitis"", ""Pericarditis"", ""Tuberculosis"", ""Acute dystonic reactions"", ""Acute otitis media""]",Anemia,"[""Anemia"", ""GERD"", ""PSVT"", ""Influenza"", ""HIV (initial infection)"", ""Panic attack"", ""Atrial fibrillation"", ""URTI"", ""Acute laryngitis"", ""Sarcoidosis""]",Anemia,1.0,0.3717757153334915,False,,0.0,0.0,0,False,False,not_applicable,4,ddxplus_native_mlp_stop,"[""E_208"", ""E_24"", ""E_146"", ""E_7""]",ddxplus_native_mlp_stop,True,Anemia,"[""Anemia"", ""GERD"", ""PSVT"", ""Influenza"", ""HIV (initial infection)""]",0.9995298385620117,0.9990615950955544,0.0010501883940895373,False,0,0,1.283362848248341,3,False,0.9995298385620117,4,True,ddxplus_native_mlp_stop,True,True,True,1,1,False,3795,179,4,True
ddxplus,test:35030,15,ddxplus_native_structured_root_driver,Anemia,Anemia,"[""Anemia"", ""GERD"", ""URTI"", ""Bronchospasm / acute asthma exacerbation"", ""Allergic sinusitis"", ""Viral pharyngitis"", ""Cluster headache"", ""Acute dystonic reactions"", ""Acute otitis media"", ""Tuberculosis""]",Anemia,"[""Anemia"", ""GERD"", ""PSVT"", ""Influenza"", ""HIV (initial infection)"", ""Panic attack"", ""Atrial fibrillation"", ""URTI"", ""Acute laryngitis"", ""Sarcoidosis""]",Anemia,1.0,0.3092283294481981,False,,0.0,0.0,0,False,False,not_applicable,5,ddxplus_native_mlp_stop,"[""E_24"", ""E_146"", ""E_208"", ""E_7"", ""E_26""]",ddxplus_native_mlp_stop,True,Anemia,"[""Anemia"", ""GERD"", ""PSVT"", ""Influenza"", ""HIV (initial infection)""]",0.9995298385620117,0.9990615950955544,0.0010501883940895373,False,0,0,1.3171385557733923,3,False,0.9995298385620117,5,True,ddxplus_native_mlp_stop,True,True,True,1,1,False,4827,229,5,True
ddxplus,test:80419,5,ddxplus_native_structured_root_driver,URTI,URTI,"[""URTI"", ""Bronchitis"", ""Influenza"", ""HIV (initial infection)"", ""Bronchospasm / acute asthma exacerbation"", ""Pneumonia"", ""Viral pharyngitis"", ""Acute COPD exacerbation / infection"", ""Anaphylaxis"", ""Anemia""]",URTI,"[""URTI"", ""Bronchitis"", ""Influenza"", ""HIV (initial infection)"", ""Ebola"", ""Pneumonia"", ""Bronchospasm / acute asthma exacerbation"", ""Pulmonary neoplasm"", ""Possible NSTEMI / STEMI"", ""Acute COPD exacerbation / infection""]",URTI,1.0,0.1773298403857544,False,,0.0,0.0,0,False,False,not_applicable,5,budget_exhausted,"[""E_129"", ""E_48"", ""E_41"", ""E_123"", ""E_222""]",budget_exhausted,True,URTI,"[""URTI"", ""Bronchitis"", ""Influenza"", ""HIV (initial infection)"", ""Ebola""]",0.9823790192604065,0.9675308205187321,0.025209408973708946,False,0,0,1.2087333985647817,3,False,0.9823790192604065,5,False,budget_exhausted_forced_final,True,True,True,1,1,False,4749,224,5,True
ddxplus,test:80419,10,ddxplus_native_structured_root_driver,URTI,URTI,"[""URTI"", ""Bronchitis"", ""Influenza"", ""HIV (initial infection)"", ""Bronchospasm / acute asthma exacerbation"", ""Pneumonia"", ""Viral pharyngitis"", ""Acute COPD exacerbation / infection"", ""Anaphylaxis"", ""Anemia""]",URTI,"[""URTI"", ""Bronchitis"", ""Influenza"", ""HIV (initial infection)"", ""Ebola"", ""Pneumonia"", ""Bronchospasm / acute asthma exacerbation"", ""Pulmonary neoplasm"", ""Possible NSTEMI / STEMI"", ""Acute COPD exacerbation / infection""]",URTI,1.0,0.1773298403857544,False,,0.0,0.0,0,False,False,not_applicable,5,ddxplus_native_mlp_stop,"[""E_129"", ""E_48"", ""E_41"", ""E_123"", ""E_222""]",ddxplus_native_mlp_stop,True,URTI,"[""URTI"", ""Bronchitis"", ""Influenza"", ""HIV (initial infection)"", ""Ebola""]",0.9823790192604065,0.9675308205187321,0.025209408973708946,False,0,0,1.2087333985647817,3,False,0.9823790192604065,5,True,ddxplus_native_mlp_stop,True,True,True,1,1,False,4749,209,5,True
ddxplus,test:80419,15,ddxplus_native_structured_root_driver,URTI,URTI,"[""URTI"", ""Bronchitis"", ""Influenza"", ""HIV (initial infection)"", ""Bronchospasm / acute asthma exacerbation"", ""Pneumonia"", ""Viral pharyngitis"", ""Acute COPD exacerbation / infection"", ""Anaphylaxis"", ""Anemia""]",URTI,"[""URTI"", ""Bronchitis"", ""Influenza"", ""HIV (initial infection)"", ""Ebola"", ""Pneumonia"", ""Bronchospasm / acute asthma exacerbation"", ""Pulmonary neoplasm"", ""Possible NSTEMI / STEMI"", ""Acute COPD exacerbation / infection""]",URTI,1.0,0.1773298403857544,False,,0.0,0.0,0,False,False,not_applicable,5,ddxplus_native_mlp_stop,"[""E_129"", ""E_48"", ""E_41"", ""E_123"", ""E_222""]",ddxplus_native_mlp_stop,True,URTI,"[""URTI"", ""Bronchitis"", ""Influenza"", ""HIV (initial infection)"", ""Ebola""]",0.9823790192604065,0.9675308205187321,0.025209408973708946,False,0,0,1.2087333985647817,3,False,0.9823790192604065,5,True,ddxplus_native_mlp_stop,True,True,True,1,1,False,4749,222,5,True
ddxplus,test:131462,5,ddxplus_native_structured_root_driver,Pericarditis,Panic attack,"[""Panic attack"", ""Pericarditis"", ""PSVT"", ""Myocarditis"", ""URTI"", ""Anemia"", ""Atrial fibrillation"", ""Viral pharyngitis"", ""GERD"", ""Acute otitis media""]",Panic attack,"[""Panic attack"", ""PSVT"", ""Pericarditis"", ""Myocarditis"", ""Anemia"", ""Cluster headache"", ""URTI"", ""Epiglottitis"", ""Atrial fibrillation"", ""Scombroid food poisoning""]",Pericarditis,1.0,0.22810145384726732,False,,0.0,0.0,0,False,False,not_applicable,5,budget_exhausted,"[""E_53"", ""E_3"", ""E_0"", ""E_220"", ""E_217""]",budget_exhausted,True,Panic attack,"[""Panic attack"", ""PSVT"", ""Pericarditis"", ""Myocarditis"", ""Anemia""]",0.4752604365348816,0.15628743171691895,0.4049236152540919,False,0,0,0.6094158380004335,3,False,0.4752604365348816,5,False,budget_exhausted_forced_final,False,True,True,2,2,False,4938,242,5,True
ddxplus,test:131462,10,ddxplus_native_structured_root_driver,Pericarditis,Viral pharyngitis,"[""Viral pharyngitis"", ""URTI"", ""Pericarditis"", ""Panic attack"", ""Anemia"", ""PSVT"", ""GERD"", ""Atrial fibrillation"", ""Chagas"", ""Cluster headache""]",Viral pharyngitis,"[""Viral pharyngitis"", ""Chagas"", ""HIV (initial infection)"", ""Acute otitis media"", ""URTI"", ""Myocarditis"", ""Pneumonia"", ""Acute laryngitis"", ""Epiglottitis"", ""Pancreatic neoplasm""]",Pericarditis,1.0,0.10707794221517164,False,,0.0,0.0,0,False,False,not_applicable,10,budget_exhausted,"[""E_53"", ""E_3"", ""E_0"", ""E_220"", ""E_217"", ""E_157"", ""E_62"", ""E_82"", ""E_97"", ""E_25""]",budget_exhausted,True,Viral pharyngitis,"[""Viral pharyngitis"", ""Chagas"", ""HIV (initial infection)"", ""Acute otitis media"", ""URTI""]",0.11793690919876099,0.024701006710529327,0.8195436325491352,False,0,0,0.8817347717011144,3,False,0.11793690919876099,10,False,budget_exhausted_forced_final,False,True,True,3,2,False,10373,466,10,True
ddxplus,test:131462,15,ddxplus_native_structured_root_driver,Pericarditis,Acute otitis media,"[""Acute otitis media"", ""URTI"", ""Viral pharyngitis"", ""Pericarditis"", ""Anemia"", ""GERD"", ""Anaphylaxis"", ""Panic attack"", ""HIV (initial infection)"", ""Guillain-Barr\u00e9 syndrome""]",Acute otitis media,"[""Acute otitis media"", ""Guillain-Barr\u00e9 syndrome"", ""Bronchitis"", ""Myocarditis"", ""Bronchiectasis"", ""Chagas"", ""Acute dystonic reactions"", ""Myasthenia gravis"", ""Viral pharyngitis"", ""URTI""]",Pericarditis,1.0,0.09828051703436602,False,,0.0,0.0,0,False,False,not_applicable,15,budget_exhausted,"[""E_53"", ""E_3"", ""E_0"", ""E_220"", ""E_217"", ""E_111"", ""E_41"", ""E_82"", ""E_129"", ""E_212"", ""E_201"", ""E_25"", ""E_9"", ""E_54"", ""E_55""]",budget_exhausted,True,Acute otitis media,"[""Acute otitis media"", ""Guillain-Barr\u00e9 syndrome"", ""Bronchitis"", ""Myocarditis"", ""Bronchiectasis""]",0.14999260008335114,0.03275901824235916,0.8041184266841923,False,0,0,0.36612182365666557,2,False,0.14999260008335114,15,False,budget_exhausted_forced_final,False,False,True,4,2,False,16558,682,15,True
ddxplus,test:82290,5,ddxplus_native_structured_root_driver,Viral pharyngitis,Acute laryngitis,"[""Acute laryngitis"", ""Acute rhinosinusitis"", ""Acute otitis media"", ""URTI"", ""Viral pharyngitis"", ""Bronchitis"", ""Influenza"", ""Pneumonia"", ""Anemia"", ""Allergic sinusitis""]",Acute laryngitis,"[""Acute laryngitis"", ""Acute rhinosinusitis"", ""Acute otitis media"", ""Influenza"", ""Pneumonia"", ""Bronchitis"", ""Viral pharyngitis"", ""URTI"", ""HIV (initial infection)"", ""Tuberculosis""]",URTI,1.0,0.09759751089453805,False,,0.0,0.0,0,False,False,not_applicable,5,budget_exhausted,"[""E_181"", ""E_201"", ""E_53"", ""E_41"", ""E_77""]",budget_exhausted,True,Acute laryngitis,"[""Acute laryngitis"", ""Acute rhinosinusitis"", ""Acute otitis media"", ""Influenza"", ""Pneumonia""]",0.29095983505249023,0.12019151449203491,0.5406598581992118,False,0,0,0.6963108719081641,3,False,0.29095983505249023,5,False,budget_exhausted_forced_final,False,False,True,5,1,False,4754,230,5,True
ddxplus,test:82290,10,ddxplus_native_structured_root_driver,Viral pharyngitis,Bronchitis,"[""Bronchitis"", ""Acute otitis media"", ""URTI"", ""Viral pharyngitis"", ""Pneumonia"", ""Acute laryngitis"", ""Influenza"", ""Anemia"", ""Anaphylaxis"", ""HIV (initial infection)""]",Bronchitis,"[""Bronchitis"", ""Acute otitis media"", ""Acute rhinosinusitis"", ""GERD"", ""Tuberculosis"", ""Spontaneous rib fracture"", ""URTI"", ""Pneumonia"", ""Acute laryngitis"", ""Chagas""]",URTI,1.0,0.08062560990014622,False,,0.0,0.0,0,False,False,not_applicable,10,budget_exhausted,"[""E_181"", ""E_201"", ""E_53"", ""E_41"", ""E_77"", ""E_212"", ""E_94"", ""E_120"", ""E_129"", ""E_45""]",budget_exhausted,True,Bronchitis,"[""Bronchitis"", ""Acute otitis media"", ""Acute rhinosinusitis"", ""GERD"", ""Tuberculosis""]",0.44026362895965576,0.3011762350797653,0.5143497780411902,False,0,0,0.7677250188522338,3,False,0.44026362895965576,10,False,budget_exhausted_forced_final,False,False,True,4,1,False,10110,463,10,True
ddxplus,test:82290,15,ddxplus_native_structured_root_driver,Viral pharyngitis,Acute rhinosinusitis,"[""Acute rhinosinusitis"", ""GERD"", ""Viral pharyngitis"", ""URTI"", ""Acute laryngitis"", ""Chronic rhinosinusitis"", ""Bronchitis"", ""Acute otitis media"", ""Pneumonia"", ""Influenza""]",GERD,"[""GERD"", ""Chronic rhinosinusitis"", ""Acute rhinosinusitis"", ""Pancreatic neoplasm"", ""Boerhaave"", ""Acute otitis media"", ""Acute laryngitis"", ""URTI"", ""Pericarditis"", ""Unstable angina""]",URTI,1.0,0.08374623151887384,False,,0.0,0.0,0,False,False,not_applicable,12,ddxplus_native_mlp_stop,"[""E_181"", ""E_201"", ""E_53"", ""E_41"", ""E_77"", ""E_212"", ""E_94"", ""E_120"", ""E_45"", ""E_129"", ""E_123"", ""E_219""]",ddxplus_native_mlp_stop,True,GERD,"[""GERD"", ""Chronic rhinosinusitis"", ""Acute rhinosinusitis"", ""Pancreatic neoplasm"", ""Boerhaave""]",0.9331550002098083,0.9169556740671396,0.10885313844027691,True,2,3,0.8254592419900593,3,True,0.9331550002098083,15,False,budget_exhausted_forced_final,False,True,True,3,1,False,19326,1054,17,True
ddxplus,test:82999,5,ddxplus_native_structured_root_driver,Pneumonia,Pneumonia,"[""Pneumonia"", ""Bronchitis"", ""URTI"", ""Acute COPD exacerbation / infection"", ""Bronchiectasis"", ""Bronchospasm / acute asthma exacerbation"", ""Viral pharyngitis"", ""Anemia"", ""Pericarditis"", ""Influenza""]",Pneumonia,"[""Pneumonia"", ""Bronchitis"", ""Influenza"", ""URTI"", ""Bronchiectasis"", ""SLE"", ""Possible NSTEMI / STEMI"", ""HIV (initial infection)"", ""Tuberculosis"", ""Panic attack""]",URTI,1.0,0.017327359309776025,False,,0.0,0.0,0,False,False,not_applicable,3,ddxplus_native_mlp_stop,"[""E_53"", ""E_66"", ""E_94""]",ddxplus_native_mlp_stop,True,Pneumonia,"[""Pneumonia"", ""Bronchitis"", ""Influenza"", ""URTI"", ""Bronchiectasis""]",0.9968054294586182,0.9937595843803138,0.00573042103071657,True,1,2,0.10835215573476198,4,False,0.9968054294586182,5,False,budget_exhausted_forced_final,True,True,True,1,4,True,5344,419,6,True
ddxplus,test:82999,10,ddxplus_native_structured_root_driver,Pneumonia,Pneumonia,"[""Pneumonia"", ""Influenza"", ""HIV (initial infection)"", ""Bronchitis"", ""Acute COPD exacerbation / infection"", ""URTI"", ""Viral pharyngitis"", ""Bronchiectasis"", ""Anaphylaxis"", ""Anemia""]",Pneumonia,"[""Pneumonia"", ""Influenza"", ""HIV (initial infection)"", ""Bronchitis"", ""URTI"", ""SLE"", ""Pancreatic neoplasm"", ""Anaphylaxis"", ""Scombroid food poisoning"", ""Inguinal hernia""]",URTI,1.0,0.11369111362530593,False,,0.0,0.0,0,False,False,not_applicable,4,ddxplus_native_mlp_stop,"[""E_53"", ""E_123"", ""E_48"", ""E_129""]",ddxplus_native_mlp_stop,True,Pneumonia,"[""Pneumonia"", ""Influenza"", ""HIV (initial infection)"", ""Bronchitis"", ""URTI""]",0.9838823080062866,0.975565118715167,0.026641569726876105,True,2,4,0.48060855742384456,5,False,0.9838823080062866,8,True,ddxplus_native_mlp_stop,True,True,True,1,4,True,9471,777,10,True
ddxplus,test:82999,15,ddxplus_native_structured_root_driver,Pneumonia,Pneumonia,"[""Pneumonia"", ""Bronchitis"", ""Influenza"", ""Bronchospasm / acute asthma exacerbation"", ""Bronchiectasis"", ""URTI"", ""Viral pharyngitis"", ""Anaphylaxis"", ""Anemia"", ""Pericarditis""]",Pneumonia,"[""Pneumonia"", ""Influenza"", ""Bronchitis"", ""SLE"", ""HIV (initial infection)"", ""URTI"", ""Scombroid food poisoning"", ""Anaphylaxis"", ""Bronchiectasis"", ""Pancreatic neoplasm""]",URTI,1.0,0.0169230411974417,False,,0.0,0.0,0,False,False,not_applicable,5,ddxplus_native_mlp_stop,"[""E_53"", ""E_66"", ""E_129"", ""E_118"", ""E_94""]",ddxplus_native_mlp_stop,True,Pneumonia,"[""Pneumonia"", ""Influenza"", ""Bronchitis"", ""SLE"", ""HIV (initial infection)""]",0.9999164342880249,0.9998362832993735,0.00022733867685259982,True,2,4,0.6081445168345669,5,False,0.9999164342880249,9,True,ddxplus_native_mlp_stop,True,True,True,1,4,True,10577,822,11,True
ddxplus,test:75364,5,ddxplus_native_structured_root_driver,Pulmonary neoplasm,Pulmonary neoplasm,"[""Pulmonary neoplasm"", ""Possible NSTEMI / STEMI"", ""Anemia"", ""Unstable angina"", ""URTI"", ""Viral pharyngitis"", ""Atrial fibrillation"", ""Pericarditis"", ""Bronchospasm / acute asthma exacerbation"", ""Bronchitis""]",Pulmonary neoplasm,"[""Pulmonary neoplasm"", ""Possible NSTEMI / STEMI"", ""Pancreatic neoplasm"", ""SLE"", ""Anemia"", ""Stable angina"", ""Unstable angina"", ""Influenza"", ""Pneumonia"", ""Acute COPD exacerbation / infection""]",Anemia,1.0,0.18038845585582453,True,,0.0,0.0,0,False,False,not_applicable,4,ddxplus_native_mlp_stop,"[""E_24"", ""E_105"", ""E_208"", ""E_191""]",ddxplus_native_mlp_stop,True,Pulmonary neoplasm,"[""Pulmonary neoplasm"", ""Possible NSTEMI / STEMI"", ""Pancreatic neoplasm"", ""SLE"", ""Anemia""]",0.9087324142456055,0.8331466019153595,0.09453737754884052,False,0,0,0.28531085814125334,2,False,0.9087324142456055,4,True,ddxplus_native_mlp_stop,True,True,True,1,6,True,3849,172,4,True
ddxplus,test:75364,10,ddxplus_native_structured_root_driver,Pulmonary neoplasm,Pulmonary neoplasm,"[""Pulmonary neoplasm"", ""Possible NSTEMI / STEMI"", ""Pancreatic neoplasm"", ""Anemia"", ""Bronchitis"", ""Pericarditis"", ""URTI"", ""Unstable angina"", ""Viral pharyngitis"", ""Bronchospasm / acute asthma exacerbation""]",Pulmonary neoplasm,"[""Pulmonary neoplasm"", ""Possible NSTEMI / STEMI"", ""Pancreatic neoplasm"", ""SLE"", ""Anemia"", ""Stable angina"", ""Unstable angina"", ""Influenza"", ""Pneumonia"", ""Acute COPD exacerbation / infection""]",Anemia,1.0,0.18038845585582453,True,,0.0,0.0,0,False,False,not_applicable,4,ddxplus_native_mlp_stop,"[""E_105"", ""E_24"", ""E_208"", ""E_191""]",ddxplus_native_mlp_stop,True,Pulmonary neoplasm,"[""Pulmonary neoplasm"", ""Possible NSTEMI / STEMI"", ""Pancreatic neoplasm"", ""SLE"", ""Anemia""]",0.9087324142456055,0.8331466019153595,0.09453737754884052,True,2,4,1.3753108581412534,4,False,0.9087324142456055,8,True,ddxplus_native_mlp_stop,True,True,True,1,6,True,9445,775,10,True
ddxplus,test:75364,15,ddxplus_native_structured_root_driver,Pulmonary neoplasm,Pulmonary neoplasm,"[""Pulmonary neoplasm"", ""Tuberculosis"", ""Pancreatic neoplasm"", ""Anemia"", ""Possible NSTEMI / STEMI"", ""Viral pharyngitis"", ""Pneumonia"", ""URTI"", ""Atrial fibrillation"", ""Bronchospasm / acute asthma exacerbation""]",Pulmonary neoplasm,"[""Pulmonary neoplasm"", ""Pancreatic neoplasm"", ""Tuberculosis"", ""Possible NSTEMI / STEMI"", ""Pneumonia"", ""Viral pharyngitis"", ""Bronchiectasis"", ""Pulmonary embolism"", ""SLE"", ""Influenza""]",Anemia,1.0,0.11343249679597078,False,,0.0,0.0,0,False,False,not_applicable,5,ddxplus_native_mlp_stop,"[""E_105"", ""E_208"", ""E_191"", ""E_45"", ""E_162""]",ddxplus_native_mlp_stop,True,Pulmonary neoplasm,"[""Pulmonary neoplasm"", ""Pancreatic neoplasm"", ""Tuberculosis"", ""Possible NSTEMI / STEMI"", ""Pneumonia""]",0.9999877214431763,0.9999765272550576,4.0389090348517976e-05,True,2,4,1.2108335817349225,5,False,0.9999877214431763,9,True,ddxplus_native_mlp_stop,True,True,True,1,6,True,10408,777,11,True
ddxplus,test:21549,5,ddxplus_native_structured_root_driver,Chronic rhinosinusitis,Chronic rhinosinusitis,"[""Chronic rhinosinusitis"", ""Acute rhinosinusitis"", ""URTI"", ""Allergic sinusitis"", ""Viral pharyngitis"", ""Acute otitis media"", ""Cluster headache"", ""GERD"", ""Anemia"", ""Bronchospasm / acute asthma exacerbation""]",Chronic rhinosinusitis,"[""Chronic rhinosinusitis"", ""Acute rhinosinusitis"", ""Pneumonia"", ""Allergic sinusitis"", ""Cluster headache"", ""Acute otitis media"", ""GERD"", ""URTI"", ""Viral pharyngitis"", ""Influenza""]",URTI,1.0,0.017669928888276676,False,,0.0,0.0,0,False,False,not_applicable,4,ddxplus_native_mlp_stop,"[""E_41"", ""E_124"", ""E_53"", ""E_103""]",ddxplus_native_mlp_stop,True,Chronic rhinosinusitis,"[""Chronic rhinosinusitis"", ""Acute rhinosinusitis"", ""Pneumonia"", ""Allergic sinusitis"", ""Cluster headache""]",0.9334975481033325,0.8670479208230972,0.06295378105233153,False,0,0,0.9813342571240262,3,False,0.9334975481033325,4,True,ddxplus_native_mlp_stop,True,True,True,1,4,True,3779,188,4,True
ddxplus,test:21549,10,ddxplus_native_structured_root_driver,Chronic rhinosinusitis,Chronic rhinosinusitis,"[""Chronic rhinosinusitis"", ""Acute rhinosinusitis"", ""Pneumonia"", ""Allergic sinusitis"", ""URTI"", ""Bronchospasm / acute asthma exacerbation"", ""Acute otitis media"", ""Viral pharyngitis"", ""GERD"", ""Bronchitis""]",Chronic rhinosinusitis,"[""Chronic rhinosinusitis"", ""Acute rhinosinusitis"", ""Pneumonia"", ""Allergic sinusitis"", ""Acute otitis media"", ""GERD"", ""Cluster headache"", ""URTI"", ""Viral pharyngitis"", ""Influenza""]",URTI,1.0,0.015112193054068856,False,,0.0,0.0,0,False,False,not_applicable,5,ddxplus_native_mlp_stop,"[""E_41"", ""E_226"", ""E_124"", ""E_53"", ""E_103""]",ddxplus_native_mlp_stop,True,Chronic rhinosinusitis,"[""Chronic rhinosinusitis"", ""Acute rhinosinusitis"", ""Pneumonia"", ""Allergic sinusitis"", ""Acute otitis media""]",0.930390477180481,0.8608186393976212,0.06500906462262605,True,2,4,0.38114948115079583,5,False,0.930390477180481,9,True,ddxplus_native_mlp_stop,True,True,True,1,4,True,10384,815,11,True
ddxplus,test:21549,15,ddxplus_native_structured_root_driver,Chronic rhinosinusitis,Chronic rhinosinusitis,"[""Chronic rhinosinusitis"", ""Acute rhinosinusitis"", ""Allergic sinusitis"", ""URTI"", ""Bronchospasm / acute asthma exacerbation"", ""Bronchitis"", ""Viral pharyngitis"", ""Acute otitis media"", ""GERD"", ""Anemia""]",Chronic rhinosinusitis,"[""Chronic rhinosinusitis"", ""Acute rhinosinusitis"", ""Allergic sinusitis"", ""Cluster headache"", ""Pneumonia"", ""GERD"", ""URTI"", ""Viral pharyngitis"", ""Acute otitis media"", ""Influenza""]",URTI,1.0,0.019813763769293558,False,,0.0,0.0,0,False,False,not_applicable,5,ddxplus_native_mlp_stop,"[""E_41"", ""E_124"", ""E_53"", ""E_103"", ""E_209""]",ddxplus_native_mlp_stop,True,Chronic rhinosinusitis,"[""Chronic rhinosinusitis"", ""Acute rhinosinusitis"", ""Allergic sinusitis"", ""Cluster headache"", ""Pneumonia""]",0.9677920937538147,0.9356706291437149,0.0367657183998859,True,2,4,1.0901335414967597,5,False,0.9677920937538147,9,True,ddxplus_native_mlp_stop,True,True,True,1,4,True,10448,872,11,True
ddxplus,test:132165,5,ddxplus_native_structured_root_driver,Pericarditis,Pericarditis,"[""Pericarditis"", ""Myocarditis"", ""GERD"", ""Atrial fibrillation"", ""Acute pulmonary edema"", ""PSVT"", ""Panic attack"", ""URTI"", ""Viral pharyngitis"", ""Anemia""]",Pericarditis,"[""Pericarditis"", ""Myocarditis"", ""GERD"", ""Acute pulmonary edema"", ""Atrial fibrillation"", ""Panic attack"", ""Spontaneous pneumothorax"", ""PSVT"", ""Pneumonia"", ""Pulmonary embolism""]",Pericarditis,1.0,0.2532701031601615,False,,0.0,0.0,0,False,False,not_applicable,4,ddxplus_native_mlp_stop,"[""E_3"", ""E_217"", ""E_0"", ""E_155""]",ddxplus_native_mlp_stop,True,Pericarditis,"[""Pericarditis"", ""Myocarditis"", ""GERD"", ""Acute pulmonary edema"", ""Atrial fibrillation""]",0.9794853329658508,0.9607186578214169,0.028004286790491606,False,0,0,1.2120739331826207,3,False,0.9794853329658508,4,True,ddxplus_native_mlp_stop,True,True,True,1,1,False,3849,190,4,True
ddxplus,test:132165,10,ddxplus_native_structured_root_driver,Pericarditis,Pericarditis,"[""Pericarditis"", ""Myocarditis"", ""GERD"", ""Atrial fibrillation"", ""Acute pulmonary edema"", ""PSVT"", ""Panic attack"", ""URTI"", ""Viral pharyngitis"", ""Anemia""]",Pericarditis,"[""Pericarditis"", ""Myocarditis"", ""GERD"", ""Acute pulmonary edema"", ""Atrial fibrillation"", ""Panic attack"", ""Spontaneous pneumothorax"", ""PSVT"", ""Pneumonia"", ""Pulmonary embolism""]",Pericarditis,1.0,0.2532701031601615,False,,0.0,0.0,0,False,False,not_applicable,4,ddxplus_native_mlp_stop,"[""E_3"", ""E_217"", ""E_0"", ""E_155""]",ddxplus_native_mlp_stop,True,Pericarditis,"[""Pericarditis"", ""Myocarditis"", ""GERD"", ""Acute pulmonary edema"", ""Atrial fibrillation""]",0.9794853329658508,0.9607186578214169,0.028004286790491606,False,0,0,1.2120739331826207,3,False,0.9794853329658508,4,True,ddxplus_native_mlp_stop,True,True,True,1,1,False,3849,197,4,True
ddxplus,test:132165,15,ddxplus_native_structured_root_driver,Pericarditis,Pericarditis,"[""Pericarditis"", ""Myocarditis"", ""GERD"", ""Atrial fibrillation"", ""Panic attack"", ""PSVT"", ""URTI"", ""Viral pharyngitis"", ""Acute pulmonary edema"", ""Anemia""]",Pericarditis,"[""Pericarditis"", ""Myocarditis"", ""GERD"", ""Panic attack"", ""Pneumonia"", ""PSVT"", ""Spontaneous rib fracture"", ""Spontaneous pneumothorax"", ""Pulmonary embolism"", ""Atrial fibrillation""]",Pericarditis,1.0,0.16598852943871734,False,,0.0,0.0,0,False,False,not_applicable,5,ddxplus_native_mlp_stop,"[""E_3"", ""E_217"", ""E_0"", ""E_155"", ""E_218""]",ddxplus_native_mlp_stop,True,Pericarditis,"[""Pericarditis"", ""Myocarditis"", ""GERD"", ""Panic attack"", ""Pneumonia""]",0.9964731335639954,0.9944970211945474,0.0073785633554986785,False,0,0,1.156263344924366,3,False,0.9964731335639954,5,True,ddxplus_native_mlp_stop,True,True,True,1,1,False,4909,239,5,True
ddxplus,test:6687,5,ddxplus_native_structured_root_driver,URTI,URTI,"[""URTI"", ""Viral pharyngitis"", ""Bronchitis"", ""Acute otitis media"", ""Chronic rhinosinusitis"", ""Influenza"", ""Acute laryngitis"", ""Allergic sinusitis"", ""Cluster headache"", ""Anemia""]",URTI,"[""URTI"", ""Influenza"", ""Bronchitis"", ""HIV (initial infection)"", ""Pneumonia"", ""Viral pharyngitis"", ""Acute otitis media"", ""Chronic rhinosinusitis"", ""Acute rhinosinusitis"", ""Acute laryngitis""]",URTI,1.0,0.07219681989000193,False,,0.0,0.0,0,False,False,not_applicable,4,ddxplus_native_mlp_stop,"[""E_181"", ""E_97"", ""E_48"", ""E_41""]",ddxplus_native_mlp_stop,True,URTI,"[""URTI"", ""Influenza"", ""Bronchitis"", ""HIV (initial infection)"", ""Pneumonia""]",0.96856689453125,0.9462972395122051,0.04217562954197354,False,0,0,1.3550892023312722,3,False,0.96856689453125,4,True,ddxplus_native_mlp_stop,True,True,True,1,1,False,3774,190,4,True
ddxplus,test:6687,10,ddxplus_native_structured_root_driver,URTI,URTI,"[""URTI"", ""Viral pharyngitis"", ""Bronchitis"", ""Acute otitis media"", ""Chronic rhinosinusitis"", ""Influenza"", ""Acute laryngitis"", ""Allergic sinusitis"", ""Cluster headache"", ""Anemia""]",URTI,"[""URTI"", ""Influenza"", ""Bronchitis"", ""HIV (initial infection)"", ""Pneumonia"", ""Viral pharyngitis"", ""Acute otitis media"", ""Chronic rhinosinusitis"", ""Acute rhinosinusitis"", ""Acute laryngitis""]",URTI,1.0,0.07219681989000193,False,,0.0,0.0,0,False,False,not_applicable,4,ddxplus_native_mlp_stop,"[""E_181"", ""E_97"", ""E_48"", ""E_41""]",ddxplus_native_mlp_stop,True,URTI,"[""URTI"", ""Influenza"", ""Bronchitis"", ""HIV (initial infection)"", ""Pneumonia""]",0.96856689453125,0.9462972395122051,0.04217562954197354,False,0,0,1.3550892023312722,3,False,0.96856689453125,4,True,ddxplus_native_mlp_stop,True,True,True,1,1,False,3774,184,4,True
ddxplus,test:6687,15,ddxplus_native_structured_root_driver,URTI,URTI,"[""URTI"", ""Viral pharyngitis"", ""Bronchitis"", ""Acute otitis media"", ""Acute laryngitis"", ""Chronic rhinosinusitis"", ""Influenza"", ""Allergic sinusitis"", ""Anemia"", ""Cluster headache""]",URTI,"[""URTI"", ""Influenza"", ""Bronchitis"", ""HIV (initial infection)"", ""Pneumonia"", ""Viral pharyngitis"", ""Acute otitis media"", ""Chronic rhinosinusitis"", ""Acute rhinosinusitis"", ""Acute laryngitis""]",URTI,1.0,0.05115021161976918,False,,0.0,0.0,0,False,False,not_applicable,5,ddxplus_native_mlp_stop,"[""E_181"", ""E_97"", ""E_48"", ""E_41"", ""E_49""]",ddxplus_native_mlp_stop,True,URTI,"[""URTI"", ""Influenza"", ""Bronchitis"", ""HIV (initial infection)"", ""Pneumonia""]",0.96856689453125,0.9462972395122051,0.04217562954197354,False,0,0,1.338251915715086,3,False,0.96856689453125,5,True,ddxplus_native_mlp_stop,True,True,True,1,1,False,4766,229,5,True
ddxplus,test:68777,5,ddxplus_native_structured_root_driver,Viral pharyngitis,Viral pharyngitis,"[""Viral pharyngitis"", ""URTI"", ""Acute otitis media"", ""Acute laryngitis"", ""Bronchitis"", ""Cluster headache"", ""Anemia"", ""Pericarditis"", ""GERD"", ""Anaphylaxis""]",Viral pharyngitis,"[""Viral pharyngitis"", ""URTI"", ""Pneumonia"", ""Pulmonary embolism"", ""Acute otitis media"", ""Influenza"", ""Acute laryngitis"", ""Chronic rhinosinusitis"", ""Tuberculosis"", ""Cluster headache""]",URTI,1.0,0.017847647538496436,False,,0.0,0.0,0,False,False,not_applicable,3,ddxplus_native_mlp_stop,"[""E_41"", ""E_97"", ""E_227""]",ddxplus_native_mlp_stop,True,Viral pharyngitis,"[""Viral pharyngitis"", ""URTI"", ""Pneumonia"", ""Pulmonary embolism"", ""Acute otitis media""]",0.9826450347900391,0.9692714894190431,0.026667307196202132,True,1,2,0.2596476441457165,4,False,0.9826450347900391,5,False,budget_exhausted_forced_final,True,True,True,1,1,False,5019,410,6,True
ddxplus,test:68777,10,ddxplus_native_structured_root_driver,Viral pharyngitis,Viral pharyngitis,"[""Viral pharyngitis"", ""URTI"", ""Acute otitis media"", ""Acute laryngitis"", ""Pneumonia"", ""Anemia"", ""Pericarditis"", ""GERD"", ""Bronchitis"", ""Cluster headache""]",Viral pharyngitis,"[""Viral pharyngitis"", ""Pneumonia"", ""Pulmonary embolism"", ""Tuberculosis"", ""Bronchiectasis"", ""URTI"", ""Pulmonary neoplasm"", ""Acute otitis media"", ""Influenza"", ""Acute laryngitis""]",Viral pharyngitis,1.0,0.015994426515610338,False,,0.0,0.0,0,False,False,not_applicable,4,ddxplus_native_mlp_stop,"[""E_41"", ""E_97"", ""E_227"", ""E_45""]",ddxplus_native_mlp_stop,True,Viral pharyngitis,"[""Viral pharyngitis"", ""Pneumonia"", ""Pulmonary embolism"", ""Tuberculosis"", ""Bronchiectasis""]",0.9979957342147827,0.997077873267699,0.004283445055833644,False,0,0,1.3204273815209957,3,False,0.9979957342147827,4,True,ddxplus_native_mlp_stop,True,True,True,1,1,False,3678,192,4,True
ddxplus,test:68777,15,ddxplus_native_structured_root_driver,Viral pharyngitis,Viral pharyngitis,"[""Viral pharyngitis"", ""URTI"", ""Pulmonary embolism"", ""Bronchiectasis"", ""Anemia"", ""Pericarditis"", ""Bronchospasm / acute asthma exacerbation"", ""Bronchitis"", ""Anaphylaxis"", ""Pneumonia""]",Viral pharyngitis,"[""Viral pharyngitis"", ""Pneumonia"", ""Pulmonary embolism"", ""Tuberculosis"", ""URTI"", ""Bronchiectasis"", ""Pulmonary neoplasm"", ""Acute otitis media"", ""Influenza"", ""Acute laryngitis""]",Viral pharyngitis,1.0,0.006743210964474278,False,,0.0,0.0,0,False,False,not_applicable,5,ddxplus_native_mlp_stop,"[""E_41"", ""E_97"", ""E_227"", ""E_45"", ""E_66""]",ddxplus_native_mlp_stop,True,Viral pharyngitis,"[""Viral pharyngitis"", ""Pneumonia"", ""Pulmonary embolism"", ""Tuberculosis"", ""URTI""]",0.9995829463005066,0.9993845645949477,0.0010767865150857461,False,0,0,1.2752485999767562,3,False,0.9995829463005066,5,True,ddxplus_native_mlp_stop,True,True,True,1,1,False,4658,228,5,True
ddxplus,test:2613,5,ddxplus_native_structured_root_driver,Viral pharyngitis,Viral pharyngitis,"[""Viral pharyngitis"", ""URTI"", ""Pulmonary embolism"", ""Bronchitis"", ""Anemia"", ""Pericarditis"", ""Bronchospasm / acute asthma exacerbation"", ""Anaphylaxis"", ""Atrial fibrillation"", ""Epiglottitis""]",Viral pharyngitis,"[""Viral pharyngitis"", ""URTI"", ""Pneumonia"", ""Pulmonary embolism"", ""Tuberculosis"", ""Acute otitis media"", ""Influenza"", ""Bronchiectasis"", ""Acute laryngitis"", ""Bronchitis""]",Viral pharyngitis,1.0,0.04072012140227099,False,,0.0,0.0,0,False,False,not_applicable,3,ddxplus_native_mlp_stop,"[""E_53"", ""E_41"", ""E_66""]",ddxplus_native_mlp_stop,True,Viral pharyngitis,"[""Viral pharyngitis"", ""URTI"", ""Pneumonia"", ""Pulmonary embolism"", ""Tuberculosis""]",0.9961351156234741,0.9938543101307005,0.007565102575497121,False,0,0,0.9562233875900323,3,False,0.9961351156234741,3,True,ddxplus_native_mlp_stop,True,True,True,1,1,False,2763,132,3,True
ddxplus,test:2613,10,ddxplus_native_structured_root_driver,Viral pharyngitis,Viral pharyngitis,"[""Viral pharyngitis"", ""URTI"", ""Pulmonary embolism"", ""Bronchiectasis"", ""Anemia"", ""Pericarditis"", ""Bronchospasm / acute asthma exacerbation"", ""Bronchitis"", ""Pneumonia"", ""Anaphylaxis""]",Viral pharyngitis,"[""Viral pharyngitis"", ""Pneumonia"", ""URTI"", ""Pulmonary embolism"", ""Tuberculosis"", ""Bronchiectasis"", ""Influenza"", ""Acute otitis media"", ""Pulmonary neoplasm"", ""Acute laryngitis""]",Viral pharyngitis,1.0,0.06273150178289877,False,,0.0,0.0,0,False,False,not_applicable,4,ddxplus_native_mlp_stop,"[""E_53"", ""E_41"", ""E_66"", ""E_227""]",ddxplus_native_mlp_stop,True,Viral pharyngitis,"[""Viral pharyngitis"", ""Pneumonia"", ""URTI"", ""Pulmonary embolism"", ""Tuberculosis""]",0.9995527863502502,0.9993848657904891,0.0011483542541923849,False,0,0,1.1666953433155731,3,False,0.9995527863502502,4,True,ddxplus_native_mlp_stop,True,True,True,1,1,False,3724,178,4,True
ddxplus,test:2613,15,ddxplus_native_structured_root_driver,Viral pharyngitis,Viral pharyngitis,"[""Viral pharyngitis"", ""URTI"", ""Pulmonary embolism"", ""Anemia"", ""Acute laryngitis"", ""Pericarditis"", ""Bronchospasm / acute asthma exacerbation"", ""Bronchitis"", ""Pneumonia"", ""Anaphylaxis""]",Viral pharyngitis,"[""Viral pharyngitis"", ""Pneumonia"", ""URTI"", ""Pulmonary embolism"", ""Tuberculosis"", ""Bronchiectasis"", ""Influenza"", ""Acute otitis media"", ""Pulmonary neoplasm"", ""Acute laryngitis""]",Viral pharyngitis,1.0,0.04740398178493177,False,,0.0,0.0,0,False,False,not_applicable,5,ddxplus_native_mlp_stop,"[""E_53"", ""E_41"", ""E_66"", ""E_227"", ""E_49""]",ddxplus_native_mlp_stop,True,Viral pharyngitis,"[""Viral pharyngitis"", ""Pneumonia"", ""URTI"", ""Pulmonary embolism"", ""Tuberculosis""]",0.9995527863502502,0.9993848657904891,0.0011483542541923849,False,0,0,1.1544333273171996,3,False,0.9995527863502502,5,True,ddxplus_native_mlp_stop,True,True,True,1,1,False,4703,229,5,True
ddxplus,test:123921,5,ddxplus_native_structured_root_driver,Anemia,Anemia,"[""Anemia"", ""Atrial fibrillation"", ""PSVT"", ""Pericarditis"", ""URTI"", ""Viral pharyngitis"", ""Panic attack"", ""Bronchospasm / acute asthma exacerbation"", ""Allergic sinusitis"", ""Anaphylaxis""]",Anemia,"[""Anemia"", ""Atrial fibrillation"", ""Acute dystonic reactions"", ""Tuberculosis"", ""PSVT"", ""Myasthenia gravis"", ""Sarcoidosis"", ""SLE"", ""Ebola"", ""HIV (initial infection)""]",Anemia,1.0,0.049054688860232565,False,,0.0,0.0,0,False,False,not_applicable,3,ddxplus_native_mlp_stop,"[""E_155"", ""E_24"", ""E_208""]",ddxplus_native_mlp_stop,True,Anemia,"[""Anemia"", ""Atrial fibrillation"", ""Acute dystonic reactions"", ""Tuberculosis"", ""PSVT""]",0.9975998997688293,0.9970932584255934,0.0057929986511118855,False,0,0,0.9634037160072759,3,False,0.9975998997688293,3,True,ddxplus_native_mlp_stop,True,True,True,1,1,False,2857,139,3,True
ddxplus,test:123921,10,ddxplus_native_structured_root_driver,Anemia,Anemia,"[""Anemia"", ""Atrial fibrillation"", ""PSVT"", ""Pericarditis"", ""URTI"", ""Bronchospasm / acute asthma exacerbation"", ""Viral pharyngitis"", ""Panic attack"", ""Allergic sinusitis"", ""Cluster headache""]",Anemia,"[""Anemia"", ""Atrial fibrillation"", ""Acute dystonic reactions"", ""Tuberculosis"", ""PSVT"", ""Myasthenia gravis"", ""Sarcoidosis"", ""SLE"", ""Ebola"", ""HIV (initial infection)""]",Anemia,1.0,0.1498287042357359,False,,0.0,0.0,0,False,False,not_applicable,4,ddxplus_native_mlp_stop,"[""E_155"", ""E_208"", ""E_24"", ""E_26""]",ddxplus_native_mlp_stop,True,Anemia,"[""Anemia"", ""Atrial fibrillation"", ""Acute dystonic reactions"", ""Tuberculosis"", ""PSVT""]",0.9975998997688293,0.9970932584255934,0.0057929986511118855,False,0,0,1.0440229283076787,3,False,0.9975998997688293,4,True,ddxplus_native_mlp_stop,True,True,True,1,1,False,3849,198,4,True
ddxplus,test:123921,15,ddxplus_native_structured_root_driver,Anemia,Anemia,"[""Anemia"", ""Atrial fibrillation"", ""PSVT"", ""URTI"", ""Pericarditis"", ""Bronchospasm / acute asthma exacerbation"", ""Viral pharyngitis"", ""Panic attack"", ""Allergic sinusitis"", ""Cluster headache""]",Anemia,"[""Anemia"", ""Atrial fibrillation"", ""Acute dystonic reactions"", ""Tuberculosis"", ""PSVT"", ""Myasthenia gravis"", ""Sarcoidosis"", ""SLE"", ""Ebola"", ""HIV (initial infection)""]",Anemia,1.0,0.19117174930674885,False,,0.0,0.0,0,False,False,not_applicable,5,ddxplus_native_mlp_stop,"[""E_155"", ""E_24"", ""E_208"", ""E_26"", ""E_7""]",ddxplus_native_mlp_stop,True,Anemia,"[""Anemia"", ""Atrial fibrillation"", ""Acute dystonic reactions"", ""Tuberculosis"", ""PSVT""]",0.9975998997688293,0.9970932584255934,0.0057929986511118855,False,0,0,1.077097364364489,3,False,0.9975998997688293,5,True,ddxplus_native_mlp_stop,True,True,True,1,1,False,4864,231,5,True
ddxplus,test:42352,5,ddxplus_native_structured_root_driver,Acute otitis media,Cluster headache,"[""Cluster headache"", ""Anemia"", ""URTI"", ""Viral pharyngitis"", ""Acute otitis media"", ""Pericarditis"", ""Anaphylaxis"", ""Influenza"", ""Boerhaave"", ""HIV (initial infection)""]",Cluster headache,"[""Cluster headache"", ""Boerhaave"", ""Anemia"", ""Panic attack"", ""Possible NSTEMI / STEMI"", ""Acute otitis media"", ""Pericarditis"", ""Chronic rhinosinusitis"", ""Sarcoidosis"", ""Acute rhinosinusitis""]",URTI,1.0,0.04622048851613936,False,,0.0,0.0,0,False,False,not_applicable,5,budget_exhausted,"[""E_41"", ""E_151"", ""E_218"", ""E_201"", ""E_129""]",budget_exhausted,True,Cluster headache,"[""Cluster headache"", ""Boerhaave"", ""Anemia"", ""Panic attack"", ""Possible NSTEMI / STEMI""]",0.3514811396598816,0.2278626188635826,0.6182024654267336,False,0,0,0.29808761658579674,2,False,0.3514811396598816,5,False,budget_exhausted_forced_final,False,False,True,5,4,False,4858,213,5,True
ddxplus,test:42352,10,ddxplus_native_structured_root_driver,Acute otitis media,Pericarditis,"[""Pericarditis"", ""Anemia"", ""URTI"", ""Viral pharyngitis"", ""Anaphylaxis"", ""Pneumonia"", ""Bronchitis"", ""Bronchospasm / acute asthma exacerbation"", ""Influenza"", ""Acute otitis media""]",Pericarditis,"[""Pericarditis"", ""Acute otitis media"", ""Acute laryngitis"", ""PSVT"", ""Sarcoidosis"", ""Inguinal hernia"", ""Cluster headache"", ""Anemia"", ""Myocarditis"", ""Boerhaave""]",URTI,1.0,0.04493413731396567,False,,0.0,0.0,0,False,False,not_applicable,10,budget_exhausted,"[""E_41"", ""E_151"", ""E_78"", ""E_79"", ""E_66"", ""E_129"", ""E_181"", ""E_201"", ""E_24"", ""E_208""]",budget_exhausted,True,Pericarditis,"[""Pericarditis"", ""Acute otitis media"", ""Acute laryngitis"", ""PSVT"", ""Sarcoidosis""]",0.20335465669631958,0.09246496111154556,0.7295247621783536,False,0,0,0.9337862821050806,3,False,0.20335465669631958,10,False,budget_exhausted_forced_final,False,False,False,10,4,False,10315,441,10,True
ddxplus,test:42352,15,ddxplus_native_structured_root_driver,Acute otitis media,Acute dystonic reactions,"[""Acute dystonic reactions"", ""URTI"", ""Anemia"", ""Viral pharyngitis"", ""Anaphylaxis"", ""Pericarditis"", ""Pneumonia"", ""Bronchitis"", ""Panic attack"", ""Bronchospasm / acute asthma exacerbation""]",Acute dystonic reactions,"[""Acute dystonic reactions"", ""Chagas"", ""Sarcoidosis"", ""Guillain-Barr\u00e9 syndrome"", ""Possible NSTEMI / STEMI"", ""Cluster headache"", ""Whooping cough"", ""Inguinal hernia"", ""Acute rhinosinusitis"", ""Boerhaave""]",URTI,1.0,0.04331413236849713,False,,0.0,0.0,0,False,False,not_applicable,15,budget_exhausted,"[""E_41"", ""E_151"", ""E_78"", ""E_79"", ""E_66"", ""E_129"", ""E_181"", ""E_201"", ""E_24"", ""E_208"", ""E_155"", ""E_212"", ""E_216"", ""E_223"", ""E_54""]",budget_exhausted,True,Acute dystonic reactions,"[""Acute dystonic reactions"", ""Chagas"", ""Sarcoidosis"", ""Guillain-Barr\u00e9 syndrome"", ""Possible NSTEMI / STEMI""]",0.16694039106369019,0.05193868279457092,0.7790575288814866,False,0,0,0.40842913687229143,2,False,0.16694039106369019,15,False,budget_exhausted_forced_final,False,False,False,11,4,False,16320,692,15,True
ddxplus,test:30828,5,ddxplus_native_structured_root_driver,Pancreatic neoplasm,Pancreatic neoplasm,"[""Pancreatic neoplasm"", ""Pulmonary neoplasm"", ""Anemia"", ""Possible NSTEMI / STEMI"", ""Unstable angina"", ""Bronchospasm / acute asthma exacerbation"", ""URTI"", ""Atrial fibrillation"", ""Viral pharyngitis"", ""Allergic sinusitis""]",Pancreatic neoplasm,"[""Pancreatic neoplasm"", ""Pulmonary neoplasm"", ""SLE"", ""Anemia"", ""Possible NSTEMI / STEMI"", ""Unstable angina"", ""Stable angina"", ""Influenza"", ""HIV (initial infection)"", ""Acute COPD exacerbation / infection""]",Anemia,1.0,0.2377366623644761,False,,0.0,0.0,0,False,False,not_applicable,5,budget_exhausted,"[""E_24"", ""E_105"", ""E_208"", ""E_191"", ""E_223""]",budget_exhausted,True,Pancreatic neoplasm,"[""Pancreatic neoplasm"", ""Pulmonary neoplasm"", ""SLE"", ""Anemia"", ""Possible NSTEMI / STEMI""]",0.927793025970459,0.902941208332777,0.1030745520253636,False,0,0,0.8997230701381085,3,False,0.927793025970459,5,False,budget_exhausted_forced_final,True,True,True,1,5,True,4845,226,5,True
ddxplus,test:30828,10,ddxplus_native_structured_root_driver,Pancreatic neoplasm,Pancreatic neoplasm,"[""Pancreatic neoplasm"", ""Pulmonary neoplasm"", ""SLE"", ""Anemia"", ""URTI"", ""Bronchospasm / acute asthma exacerbation"", ""Viral pharyngitis"", ""Possible NSTEMI / STEMI"", ""Unstable angina"", ""Atrial fibrillation""]",Pancreatic neoplasm,"[""Pancreatic neoplasm"", ""Pulmonary neoplasm"", ""SLE"", ""Anemia"", ""Possible NSTEMI / STEMI"", ""Unstable angina"", ""Stable angina"", ""Influenza"", ""HIV (initial infection)"", ""Acute COPD exacerbation / infection""]",Anemia,1.0,0.2377366623644761,False,,0.0,0.0,0,False,False,not_applicable,5,ddxplus_native_mlp_stop,"[""E_24"", ""E_105"", ""E_208"", ""E_191"", ""E_223""]",ddxplus_native_mlp_stop,True,Pancreatic neoplasm,"[""Pancreatic neoplasm"", ""Pulmonary neoplasm"", ""SLE"", ""Anemia"", ""Possible NSTEMI / STEMI""]",0.927793025970459,0.902941208332777,0.1030745520253636,True,2,4,0.25472307013810846,4,False,0.927793025970459,9,True,ddxplus_native_mlp_stop,True,True,True,1,5,True,10875,771,11,True
ddxplus,test:30828,15,ddxplus_native_structured_root_driver,Pancreatic neoplasm,Pancreatic neoplasm,"[""Pancreatic neoplasm"", ""Pulmonary neoplasm"", ""SLE"", ""Anemia"", ""URTI"", ""Viral pharyngitis"", ""Bronchospasm / acute asthma exacerbation"", ""Possible NSTEMI / STEMI"", ""Unstable angina"", ""Atrial fibrillation""]",Pancreatic neoplasm,"[""Pancreatic neoplasm"", ""Pulmonary neoplasm"", ""SLE"", ""Anemia"", ""Possible NSTEMI / STEMI"", ""Unstable angina"", ""Stable angina"", ""Influenza"", ""HIV (initial infection)"", ""Acute COPD exacerbation / infection""]",Anemia,1.0,0.2377366623644761,False,,0.0,0.0,0,False,False,not_applicable,5,ddxplus_native_mlp_stop,"[""E_24"", ""E_105"", ""E_208"", ""E_191"", ""E_223""]",ddxplus_native_mlp_stop,True,Pancreatic neoplasm,"[""Pancreatic neoplasm"", ""Pulmonary neoplasm"", ""SLE"", ""Anemia"", ""Possible NSTEMI / STEMI""]",0.927793025970459,0.902941208332777,0.1030745520253636,True,2,4,0.25472307013810846,4,False,0.927793025970459,9,True,ddxplus_native_mlp_stop,True,True,True,1,5,True,10875,790,11,True
ddxplus,test:53671,5,ddxplus_native_structured_root_driver,Unstable angina,Acute otitis media,"[""Acute otitis media"", ""Pericarditis"", ""Anemia"", ""Bronchitis"", ""URTI"", ""Viral pharyngitis"", ""Cluster headache"", ""Anaphylaxis"", ""Bronchospasm / acute asthma exacerbation"", ""Allergic sinusitis""]",Acute otitis media,"[""Acute otitis media"", ""Pericarditis"", ""Anemia"", ""Pneumonia"", ""Bronchitis"", ""Panic attack"", ""Myocarditis"", ""GERD"", ""Stable angina"", ""Cluster headache""]",URTI,1.0,0.021098896079579044,False,,0.0,0.0,0,False,False,not_applicable,5,budget_exhausted,"[""E_41"", ""E_151"", ""E_201"", ""E_25"", ""E_194""]",budget_exhausted,True,Acute otitis media,"[""Acute otitis media"", ""Pericarditis"", ""Anemia"", ""Pneumonia"", ""Bronchitis""]",0.26475784182548523,0.10071426630020142,0.6889242221103455,False,0,0,0.6744708291376571,3,False,0.26475784182548523,5,False,budget_exhausted_forced_final,False,False,False,11,11,False,4789,222,5,True
ddxplus,test:53671,10,ddxplus_native_structured_root_driver,Unstable angina,Unstable angina,"[""Unstable angina"", ""URTI"", ""Anemia"", ""Anaphylaxis"", ""Viral pharyngitis"", ""Bronchospasm / acute asthma exacerbation"", ""Pericarditis"", ""Pneumonia"", ""Atrial fibrillation"", ""HIV (initial infection)""]",Unstable angina,"[""Unstable angina"", ""Possible NSTEMI / STEMI"", ""Stable angina"", ""Panic attack"", ""Boerhaave"", ""URTI"", ""Pancreatic neoplasm"", ""Bronchitis"", ""Cluster headache"", ""Chagas""]",URTI,1.0,0.05510696387525549,False,,0.0,0.0,0,False,False,not_applicable,10,budget_exhausted,"[""E_41"", ""E_151"", ""E_201"", ""E_25"", ""E_194"", ""E_220"", ""E_208"", ""E_69"", ""E_129"", ""E_105""]",budget_exhausted,True,Unstable angina,"[""Unstable angina"", ""Possible NSTEMI / STEMI"", ""Stable angina"", ""Panic attack"", ""Boerhaave""]",0.3334765136241913,0.018521994352340698,0.467794930728568,False,0,0,0.27505011310180016,2,False,0.3334765136241913,10,False,budget_exhausted_forced_final,True,True,True,1,11,True,10278,465,10,True
ddxplus,test:53671,15,ddxplus_native_structured_root_driver,Unstable angina,Possible NSTEMI / STEMI,"[""Possible NSTEMI / STEMI"", ""Anemia"", ""Pericarditis"", ""URTI"", ""Bronchospasm / acute asthma exacerbation"", ""Viral pharyngitis"", ""Bronchitis"", ""Anaphylaxis"", ""Atrial fibrillation"", ""Acute pulmonary edema""]",Possible NSTEMI / STEMI,"[""Possible NSTEMI / STEMI"", ""Panic attack"", ""Pneumonia"", ""Boerhaave"", ""Anemia"", ""Sarcoidosis"", ""Pancreatic neoplasm"", ""Unstable angina"", ""Pericarditis"", ""SLE""]",Anemia,1.0,0.0022200294345467997,False,,0.0,0.0,0,False,False,not_applicable,15,budget_exhausted,"[""E_41"", ""E_151"", ""E_201"", ""E_25"", ""E_194"", ""E_3"", ""E_66"", ""E_208"", ""E_77"", ""E_0"", ""E_105"", ""E_108"", ""E_218"", ""E_2"", ""E_69""]",budget_exhausted,True,Possible NSTEMI / STEMI,"[""Possible NSTEMI / STEMI"", ""Panic attack"", ""Pneumonia"", ""Boerhaave"", ""Anemia""]",0.368991881608963,0.253550261259079,0.6148955720159176,False,0,0,0.9420337587658689,3,False,0.368991881608963,15,False,budget_exhausted_forced_final,False,False,False,11,11,False,16201,709,15,True
ddxplus,test:92749,5,ddxplus_native_structured_root_driver,Chronic rhinosinusitis,Chronic rhinosinusitis,"[""Chronic rhinosinusitis"", ""Acute rhinosinusitis"", ""Allergic sinusitis"", ""URTI"", ""Viral pharyngitis"", ""Acute otitis media"", ""Bronchitis"", ""Influenza"", ""Cluster headache"", ""Anemia""]",Chronic rhinosinusitis,"[""Chronic rhinosinusitis"", ""Acute rhinosinusitis"", ""Allergic sinusitis"", ""Viral pharyngitis"", ""URTI"", ""Cluster headache"", ""Pneumonia"", ""Acute otitis media"", ""GERD"", ""Influenza""]",URTI,1.0,0.04895310389382923,False,,0.0,0.0,0,False,False,not_applicable,3,ddxplus_native_mlp_stop,"[""E_209"", ""E_181"", ""E_103""]",ddxplus_native_mlp_stop,True,Chronic rhinosinusitis,"[""Chronic rhinosinusitis"", ""Acute rhinosinusitis"", ""Allergic sinusitis"", ""Viral pharyngitis"", ""URTI""]",0.976962685585022,0.9539283215999603,0.02817939883447048,True,1,2,0.32207599112043184,4,False,0.976962685585022,5,False,budget_exhausted_forced_final,True,True,True,1,1,False,5064,447,6,True
ddxplus,test:92749,10,ddxplus_native_structured_root_driver,Chronic rhinosinusitis,Chronic rhinosinusitis,"[""Chronic rhinosinusitis"", ""Acute rhinosinusitis"", ""Allergic sinusitis"", ""URTI"", ""Viral pharyngitis"", ""Acute otitis media"", ""Bronchitis"", ""Influenza"", ""Acute laryngitis"", ""Tuberculosis""]",Chronic rhinosinusitis,"[""Chronic rhinosinusitis"", ""Acute rhinosinusitis"", ""Allergic sinusitis"", ""Cluster headache"", ""Viral pharyngitis"", ""URTI"", ""Pneumonia"", ""Acute otitis media"", ""GERD"", ""Influenza""]",URTI,1.0,0.07309718142885824,False,,0.0,0.0,0,False,False,not_applicable,4,ddxplus_native_mlp_stop,"[""E_209"", ""E_181"", ""E_103"", ""E_91""]",ddxplus_native_mlp_stop,True,Chronic rhinosinusitis,"[""Chronic rhinosinusitis"", ""Acute rhinosinusitis"", ""Allergic sinusitis"", ""Cluster headache"", ""Viral pharyngitis""]",0.9855374693870544,0.9710781434550881,0.019439856709178676,True,2,4,0.4269823748697741,5,False,0.9855374693870544,8,True,ddxplus_native_mlp_stop,True,True,True,1,1,False,8783,799,10,True
ddxplus,test:92749,15,ddxplus_native_structured_root_driver,Chronic rhinosinusitis,Chronic rhinosinusitis,"[""Chronic rhinosinusitis"", ""Acute rhinosinusitis"", ""Allergic sinusitis"", ""URTI"", ""Viral pharyngitis"", ""Acute otitis media"", ""Bronchitis"", ""Pneumonia"", ""Influenza"", ""Acute laryngitis""]",Chronic rhinosinusitis,"[""Chronic rhinosinusitis"", ""Acute rhinosinusitis"", ""Allergic sinusitis"", ""Cluster headache"", ""Viral pharyngitis"", ""URTI"", ""Pneumonia"", ""Acute otitis media"", ""GERD"", ""Influenza""]",URTI,1.0,0.07531142987934114,False,,0.0,0.0,0,False,False,not_applicable,5,ddxplus_native_mlp_stop,"[""E_209"", ""E_181"", ""E_103"", ""E_91"", ""E_118""]",ddxplus_native_mlp_stop,True,Chronic rhinosinusitis,"[""Chronic rhinosinusitis"", ""Acute rhinosinusitis"", ""Allergic sinusitis"", ""Cluster headache"", ""Viral pharyngitis""]",0.9855374693870544,0.9710781434550881,0.019439856709178676,True,2,4,0.44146930360709113,5,False,0.9855374693870544,9,True,ddxplus_native_mlp_stop,True,True,True,1,1,False,10013,847,11,True
ddxplus,test:260,5,ddxplus_native_structured_root_driver,Possible NSTEMI / STEMI,Possible NSTEMI / STEMI,"[""Possible NSTEMI / STEMI"", ""Pericarditis"", ""Acute pulmonary edema"", ""Unstable angina"", ""Bronchospasm / acute asthma exacerbation"", ""Atrial fibrillation"", ""Anemia"", ""Bronchitis"", ""URTI"", ""Stable angina""]",Possible NSTEMI / STEMI,"[""Possible NSTEMI / STEMI"", ""Boerhaave"", ""Panic attack"", ""Pericarditis"", ""Acute pulmonary edema"", ""Sarcoidosis"", ""Pulmonary neoplasm"", ""Pneumonia"", ""Unstable angina"", ""Pulmonary embolism""]",Bronchospasm / acute asthma exacerbation,1.0,0.007439914773981204,False,,0.0,0.0,0,False,False,not_applicable,5,budget_exhausted,"[""E_214"", ""E_53"", ""E_105"", ""E_218"", ""E_69""]",budget_exhausted,True,Possible NSTEMI / STEMI,"[""Possible NSTEMI / STEMI"", ""Boerhaave"", ""Panic attack"", ""Pericarditis"", ""Acute pulmonary edema""]",0.22613143920898438,0.15364060550928116,0.7236654101909971,False,0,0,0.14759793554232958,2,False,0.22613143920898438,5,False,budget_exhausted_forced_final,True,True,True,1,4,True,4831,228,5,True
ddxplus,test:260,10,ddxplus_native_structured_root_driver,Possible NSTEMI / STEMI,Possible NSTEMI / STEMI,"[""Possible NSTEMI / STEMI"", ""Unstable angina"", ""Acute pulmonary edema"", ""Stable angina"", ""Anemia"", ""Atrial fibrillation"", ""Pericarditis"", ""Bronchospasm / acute asthma exacerbation"", ""URTI"", ""Bronchitis""]",Possible NSTEMI / STEMI,"[""Possible NSTEMI / STEMI"", ""Pulmonary neoplasm"", ""Unstable angina"", ""Pneumonia"", ""Panic attack"", ""Acute pulmonary edema"", ""Stable angina"", ""Influenza"", ""Anemia"", ""Pancreatic neoplasm""]",Possible NSTEMI / STEMI,1.0,0.06789308446616216,False,,0.0,0.0,0,False,False,not_applicable,9,ddxplus_native_mlp_stop,"[""E_214"", ""E_53"", ""E_105"", ""E_218"", ""E_69"", ""E_71"", ""E_108"", ""E_2"", ""E_191""]",ddxplus_native_mlp_stop,True,Possible NSTEMI / STEMI,"[""Possible NSTEMI / STEMI"", ""Pulmonary neoplasm"", ""Unstable angina"", ""Pneumonia"", ""Panic attack""]",0.9715791940689087,0.9481987785547972,0.03846828530671966,False,0,0,1.2116429607895212,3,False,0.9715791940689087,9,True,ddxplus_native_mlp_stop,True,True,True,1,4,True,9171,394,9,True
ddxplus,test:260,15,ddxplus_native_structured_root_driver,Possible NSTEMI / STEMI,Possible NSTEMI / STEMI,"[""Possible NSTEMI / STEMI"", ""Unstable angina"", ""Acute pulmonary edema"", ""Stable angina"", ""Anemia"", ""Atrial fibrillation"", ""Pericarditis"", ""Bronchospasm / acute asthma exacerbation"", ""URTI"", ""Bronchitis""]",Possible NSTEMI / STEMI,"[""Possible NSTEMI / STEMI"", ""Pulmonary neoplasm"", ""Unstable angina"", ""Pneumonia"", ""Panic attack"", ""Acute pulmonary edema"", ""Stable angina"", ""Influenza"", ""Anemia"", ""Pancreatic neoplasm""]",Possible NSTEMI / STEMI,1.0,0.06789308446616216,False,,0.0,0.0,0,False,False,not_applicable,9,ddxplus_native_mlp_stop,"[""E_214"", ""E_53"", ""E_105"", ""E_218"", ""E_69"", ""E_71"", ""E_108"", ""E_2"", ""E_191""]",ddxplus_native_mlp_stop,True,Possible NSTEMI / STEMI,"[""Possible NSTEMI / STEMI"", ""Pulmonary neoplasm"", ""Unstable angina"", ""Pneumonia"", ""Panic attack""]",0.9715791940689087,0.9481987785547972,0.03846828530671966,False,0,0,1.2116429607895212,3,False,0.9715791940689087,9,True,ddxplus_native_mlp_stop,True,True,True,1,4,True,9171,405,9,True
ddxplus,test:43279,5,ddxplus_native_structured_root_driver,Myasthenia gravis,Myasthenia gravis,"[""Myasthenia gravis"", ""Epiglottitis"", ""URTI"", ""Viral pharyngitis"", ""Anemia"", ""Pericarditis"", ""Acute otitis media"", ""Acute laryngitis"", ""Bronchitis"", ""Anaphylaxis""]",Myasthenia gravis,"[""Myasthenia gravis"", ""Epiglottitis"", ""Guillain-Barr\u00e9 syndrome"", ""Acute dystonic reactions"", ""Ebola"", ""Tuberculosis"", ""Croup"", ""Larygospasm"", ""Chagas"", ""Atrial fibrillation""]",Myasthenia gravis,1.0,0.15584324786292902,False,,0.0,0.0,0,False,False,not_applicable,3,ddxplus_native_mlp_stop,"[""E_53"", ""E_63"", ""E_52""]",ddxplus_native_mlp_stop,True,Myasthenia gravis,"[""Myasthenia gravis"", ""Epiglottitis"", ""Guillain-Barr\u00e9 syndrome"", ""Acute dystonic reactions"", ""Ebola""]",0.9992128610610962,0.9984829621389508,0.0017116069201296037,False,0,0,1.2213574948313655,3,False,0.9992128610610962,3,True,ddxplus_native_mlp_stop,True,True,True,1,2,True,2962,139,3,True
ddxplus,test:43279,10,ddxplus_native_structured_root_driver,Myasthenia gravis,Myasthenia gravis,"[""Myasthenia gravis"", ""Acute dystonic reactions"", ""URTI"", ""Viral pharyngitis"", ""Anemia"", ""Pericarditis"", ""Acute otitis media"", ""Anaphylaxis"", ""Bronchitis"", ""Acute laryngitis""]",Myasthenia gravis,"[""Myasthenia gravis"", ""Acute dystonic reactions"", ""Epiglottitis"", ""Guillain-Barr\u00e9 syndrome"", ""Ebola"", ""Atrial fibrillation"", ""Chagas"", ""Croup"", ""Tuberculosis"", ""Scombroid food poisoning""]",Myasthenia gravis,1.0,0.27266873524540425,False,,0.0,0.0,0,False,False,not_applicable,4,ddxplus_native_mlp_stop,"[""E_53"", ""E_63"", ""E_52"", ""E_172""]",ddxplus_native_mlp_stop,True,Myasthenia gravis,"[""Myasthenia gravis"", ""Acute dystonic reactions"", ""Epiglottitis"", ""Guillain-Barr\u00e9 syndrome"", ""Ebola""]",0.9990923404693604,0.9981870638439432,0.0018711274448762164,False,0,0,1.2496408107135402,3,False,0.9990923404693604,4,True,ddxplus_native_mlp_stop,True,True,True,1,2,True,3983,181,4,True
ddxplus,test:43279,15,ddxplus_native_structured_root_driver,Myasthenia gravis,Myasthenia gravis,"[""Myasthenia gravis"", ""Acute dystonic reactions"", ""Epiglottitis"", ""URTI"", ""Viral pharyngitis"", ""Anemia"", ""Acute otitis media"", ""Acute laryngitis"", ""Bronchitis"", ""Cluster headache""]",Myasthenia gravis,"[""Myasthenia gravis"", ""Acute dystonic reactions"", ""Epiglottitis"", ""Guillain-Barr\u00e9 syndrome"", ""Atrial fibrillation"", ""Scombroid food poisoning"", ""Bronchospasm / acute asthma exacerbation"", ""Larygospasm"", ""Croup"", ""Ebola""]",Myasthenia gravis,1.0,0.20578338723928535,False,,0.0,0.0,0,False,False,not_applicable,8,ddxplus_native_mlp_stop,"[""E_91"", ""E_53"", ""E_63"", ""E_52"", ""E_38"", ""E_28"", ""E_172"", ""E_15""]",ddxplus_native_mlp_stop,True,Myasthenia gravis,"[""Myasthenia gravis"", ""Acute dystonic reactions"", ""Epiglottitis"", ""Guillain-Barr\u00e9 syndrome"", ""Atrial fibrillation""]",0.9310660362243652,0.8633696809411049,0.06627921371135896,False,0,0,1.1541997839087228,3,False,0.9310660362243652,8,True,ddxplus_native_mlp_stop,True,True,True,1,2,True,8437,385,8,True
ddxplus,test:67788,5,ddxplus_native_structured_root_driver,GERD,Pericarditis,"[""Pericarditis"", ""Anemia"", ""Acute otitis media"", ""URTI"", ""Viral pharyngitis"", ""Cluster headache"", ""Bronchospasm / acute asthma exacerbation"", ""Anaphylaxis"", ""Allergic sinusitis"", ""Localized edema""]",Pericarditis,"[""Pericarditis"", ""Anemia"", ""Sarcoidosis"", ""Acute otitis media"", ""Panic attack"", ""Myocarditis"", ""Inguinal hernia"", ""PSVT"", ""HIV (initial infection)"", ""Pneumonia""]",URTI,1.0,0.01875690424794496,False,,0.0,0.0,0,False,False,not_applicable,5,budget_exhausted,"[""E_41"", ""E_25"", ""E_201"", ""E_151"", ""E_3""]",budget_exhausted,True,Pericarditis,"[""Pericarditis"", ""Anemia"", ""Sarcoidosis"", ""Acute otitis media"", ""Panic attack""]",0.14534875750541687,0.05304215848445892,0.8139071497397807,False,0,0,0.5590768816384444,3,False,0.14534875750541687,5,False,budget_exhausted_forced_final,False,False,False,11,11,False,4789,223,5,True
ddxplus,test:67788,10,ddxplus_native_structured_root_driver,GERD,Pulmonary neoplasm,"[""Pulmonary neoplasm"", ""Anemia"", ""Pericarditis"", ""Viral pharyngitis"", ""URTI"", ""Anaphylaxis"", ""GERD"", ""Acute pulmonary edema"", ""Bronchospasm / acute asthma exacerbation"", ""Pneumonia""]",Pulmonary neoplasm,"[""Pulmonary neoplasm"", ""Possible NSTEMI / STEMI"", ""Bronchitis"", ""Spontaneous pneumothorax"", ""Acute otitis media"", ""Pericarditis"", ""Anemia"", ""Stable angina"", ""Acute laryngitis"", ""Viral pharyngitis""]",URTI,1.0,0.016596157312203097,False,,0.0,0.0,0,False,False,not_applicable,10,budget_exhausted,"[""E_41"", ""E_25"", ""E_201"", ""E_151"", ""E_3"", ""E_217"", ""E_129"", ""E_105"", ""E_24"", ""E_208""]",budget_exhausted,True,Pulmonary neoplasm,"[""Pulmonary neoplasm"", ""Possible NSTEMI / STEMI"", ""Bronchitis"", ""Spontaneous pneumothorax"", ""Acute otitis media""]",0.15843947231769562,0.062010638415813446,0.7885789069418025,False,0,0,0.2544450268752415,2,False,0.15843947231769562,10,False,budget_exhausted_forced_final,False,False,False,7,11,True,10271,457,10,True
ddxplus,test:67788,15,ddxplus_native_structured_root_driver,GERD,Bronchitis,"[""Bronchitis"", ""URTI"", ""Pneumonia"", ""Viral pharyngitis"", ""Anemia"", ""Anaphylaxis"", ""Panic attack"", ""Pericarditis"", ""GERD"", ""HIV (initial infection)""]",Bronchitis,"[""Bronchitis"", ""Stable angina"", ""URTI"", ""Pneumonia"", ""Unstable angina"", ""Cluster headache"", ""Myocarditis"", ""Spontaneous pneumothorax"", ""Viral pharyngitis"", ""Epiglottitis""]",URTI,1.0,0.0470856859172083,False,,0.0,0.0,0,False,False,not_applicable,15,budget_exhausted,"[""E_41"", ""E_25"", ""E_201"", ""E_151"", ""E_3"", ""E_0"", ""E_208"", ""E_129"", ""E_105"", ""E_191"", ""E_212"", ""E_220"", ""E_157"", ""E_78"", ""E_211""]",budget_exhausted,True,Bronchitis,"[""Bronchitis"", ""Stable angina"", ""URTI"", ""Pneumonia"", ""Unstable angina""]",0.19486168026924133,0.04213932156562805,0.7224681775506195,False,0,0,0.03486825476090094,2,False,0.19486168026924133,15,False,budget_exhausted_forced_final,False,False,False,9,11,True,16298,674,15,True
ddxplus,test:50958,5,ddxplus_native_structured_root_driver,Acute otitis media,Acute otitis media,"[""Acute otitis media"", ""URTI"", ""Bronchitis"", ""Viral pharyngitis"", ""Acute rhinosinusitis"", ""Allergic sinusitis"", ""Pneumonia"", ""Acute COPD exacerbation / infection"", ""Anemia"", ""Bronchiectasis""]",Acute otitis media,"[""Acute otitis media"", ""Acute rhinosinusitis"", ""Bronchitis"", ""Viral pharyngitis"", ""URTI"", ""Allergic sinusitis"", ""Acute laryngitis"", ""Chronic rhinosinusitis"", ""Pneumonia"", ""Influenza""]",URTI,1.0,0.03299101538713045,False,,0.0,0.0,0,False,False,not_applicable,3,ddxplus_native_mlp_stop,"[""E_1"", ""E_79"", ""E_77""]",ddxplus_native_mlp_stop,True,Acute otitis media,"[""Acute otitis media"", ""Acute rhinosinusitis"", ""Bronchitis"", ""Viral pharyngitis"", ""URTI""]",0.9998607635498047,0.9998048130037205,0.0004108962317771536,True,1,2,2.016891788266061,4,False,0.9998607635498047,5,False,budget_exhausted_forced_final,True,True,True,1,1,False,5281,426,6,True
ddxplus,test:50958,10,ddxplus_native_structured_root_driver,Acute otitis media,Acute otitis media,"[""Acute otitis media"", ""Bronchitis"", ""Viral pharyngitis"", ""URTI"", ""Acute COPD exacerbation / infection"", ""Pneumonia"", ""Allergic sinusitis"", ""Acute laryngitis"", ""Bronchospasm / acute asthma exacerbation"", ""Anemia""]",Acute otitis media,"[""Acute otitis media"", ""Bronchitis"", ""Viral pharyngitis"", ""Allergic sinusitis"", ""Acute rhinosinusitis"", ""URTI"", ""Acute laryngitis"", ""Tuberculosis"", ""Pneumonia"", ""Croup""]",URTI,1.0,0.04108453686115421,False,,0.0,0.0,0,False,False,not_applicable,4,ddxplus_native_mlp_stop,"[""E_1"", ""E_79"", ""E_77"", ""E_120""]",ddxplus_native_mlp_stop,True,Acute otitis media,"[""Acute otitis media"", ""Bronchitis"", ""Viral pharyngitis"", ""Allergic sinusitis"", ""Acute rhinosinusitis""]",0.9998694658279419,0.9997993830766063,0.0003868761472120012,True,2,4,1.0639364928293573,5,False,0.9998694658279419,8,True,ddxplus_native_mlp_stop,True,True,True,1,1,False,8921,749,10,True
ddxplus,test:50958,15,ddxplus_native_structured_root_driver,Acute otitis media,Acute otitis media,"[""Acute otitis media"", ""Bronchitis"", ""URTI"", ""Viral pharyngitis"", ""Pneumonia"", ""Acute COPD exacerbation / infection"", ""Bronchospasm / acute asthma exacerbation"", ""Bronchiectasis"", ""Anemia"", ""Acute laryngitis""]",Acute otitis media,"[""Acute otitis media"", ""Bronchitis"", ""Viral pharyngitis"", ""Allergic sinusitis"", ""Acute rhinosinusitis"", ""URTI"", ""Acute laryngitis"", ""Tuberculosis"", ""Pneumonia"", ""Croup""]",URTI,1.0,0.056512746548278536,False,,0.0,0.0,0,False,False,not_applicable,5,ddxplus_native_mlp_stop,"[""E_1"", ""E_79"", ""E_77"", ""E_120"", ""E_123""]",ddxplus_native_mlp_stop,True,Acute otitis media,"[""Acute otitis media"", ""Bronchitis"", ""Viral pharyngitis"", ""Allergic sinusitis"", ""Acute rhinosinusitis""]",0.9998694658279419,0.9997993830766063,0.0003868761472120012,True,2,4,1.2489645674610386,5,False,0.9998694658279419,9,True,ddxplus_native_mlp_stop,True,True,True,1,1,False,10313,781,11,True
ddxplus,test:88372,5,ddxplus_native_structured_root_driver,URTI,URTI,"[""URTI"", ""Viral pharyngitis"", ""Bronchitis"", ""Acute otitis media"", ""Influenza"", ""Anemia"", ""Acute laryngitis"", ""GERD"", ""Pericarditis"", ""Cluster headache""]",URTI,"[""URTI"", ""Influenza"", ""HIV (initial infection)"", ""Bronchitis"", ""Pneumonia"", ""Viral pharyngitis"", ""Possible NSTEMI / STEMI"", ""Unstable angina"", ""Panic attack"", ""Acute otitis media""]",URTI,1.0,0.06745017510646745,False,,0.0,0.0,0,False,False,not_applicable,3,ddxplus_native_mlp_stop,"[""E_41"", ""E_97"", ""E_48""]",ddxplus_native_mlp_stop,True,URTI,"[""URTI"", ""Influenza"", ""HIV (initial infection)"", ""Bronchitis"", ""Pneumonia""]",0.9495417475700378,0.9270891584455967,0.06554633525201718,False,0,0,1.3446330850680204,3,False,0.9495417475700378,3,True,ddxplus_native_mlp_stop,True,True,True,1,3,True,2759,135,3,True
ddxplus,test:88372,10,ddxplus_native_structured_root_driver,URTI,URTI,"[""URTI"", ""Viral pharyngitis"", ""Influenza"", ""HIV (initial infection)"", ""Anaphylaxis"", ""Bronchitis"", ""Anemia"", ""Acute otitis media"", ""GERD"", ""Acute laryngitis""]",URTI,"[""URTI"", ""Bronchitis"", ""Influenza"", ""HIV (initial infection)"", ""Viral pharyngitis"", ""Possible NSTEMI / STEMI"", ""Pneumonia"", ""Unstable angina"", ""Panic attack"", ""Acute pulmonary edema""]",URTI,1.0,0.07030218796337195,False,,0.0,0.0,0,False,False,not_applicable,4,ddxplus_native_mlp_stop,"[""E_41"", ""E_97"", ""E_48"", ""E_129""]",ddxplus_native_mlp_stop,True,URTI,"[""URTI"", ""Bronchitis"", ""Influenza"", ""HIV (initial infection)"", ""Viral pharyngitis""]",0.9915470480918884,0.986513230483979,0.014826397145492925,False,0,0,1.3232832172028581,3,False,0.9915470480918884,4,True,ddxplus_native_mlp_stop,True,True,True,1,3,True,3741,182,4,True
ddxplus,test:88372,15,ddxplus_native_structured_root_driver,URTI,URTI,"[""URTI"", ""Influenza"", ""Viral pharyngitis"", ""HIV (initial infection)"", ""Bronchitis"", ""Bronchospasm / acute asthma exacerbation"", ""Anaphylaxis"", ""Anemia"", ""GERD"", ""Acute laryngitis""]",URTI,"[""URTI"", ""Bronchitis"", ""Influenza"", ""HIV (initial infection)"", ""Pulmonary neoplasm"", ""Ebola"", ""Viral pharyngitis"", ""Pneumonia"", ""Possible NSTEMI / STEMI"", ""Panic attack""]",URTI,1.0,0.16169103175121258,False,,0.0,0.0,0,False,False,not_applicable,5,ddxplus_native_mlp_stop,"[""E_41"", ""E_97"", ""E_48"", ""E_129"", ""E_222""]",ddxplus_native_mlp_stop,True,URTI,"[""URTI"", ""Bronchitis"", ""Influenza"", ""HIV (initial infection)"", ""Pulmonary neoplasm""]",0.9999219179153442,0.9998675582974101,0.00022423581998663137,False,0,0,1.4194561947028297,3,False,0.9999219179153442,5,True,ddxplus_native_mlp_stop,True,True,True,1,3,True,4752,225,5,True
ddxplus,test:75853,5,ddxplus_native_structured_root_driver,Panic attack,Acute otitis media,"[""Acute otitis media"", ""Pericarditis"", ""Anemia"", ""Bronchitis"", ""URTI"", ""Viral pharyngitis"", ""Cluster headache"", ""Anaphylaxis"", ""Bronchospasm / acute asthma exacerbation"", ""Allergic sinusitis""]",Acute otitis media,"[""Acute otitis media"", ""Pericarditis"", ""Anemia"", ""Pneumonia"", ""Bronchitis"", ""Panic attack"", ""Myocarditis"", ""GERD"", ""Stable angina"", ""Cluster headache""]",URTI,1.0,0.021098896079579044,False,,0.0,0.0,0,False,False,not_applicable,5,budget_exhausted,"[""E_41"", ""E_151"", ""E_201"", ""E_25"", ""E_194""]",budget_exhausted,True,Acute otitis media,"[""Acute otitis media"", ""Pericarditis"", ""Anemia"", ""Pneumonia"", ""Bronchitis""]",0.26475784182548523,0.10071426630020142,0.6889242221103455,False,0,0,0.6744708291376571,3,False,0.26475784182548523,5,False,budget_exhausted_forced_final,False,False,False,11,11,False,4789,220,5,True
ddxplus,test:75853,10,ddxplus_native_structured_root_driver,Panic attack,Acute laryngitis,"[""Acute laryngitis"", ""Anemia"", ""URTI"", ""Viral pharyngitis"", ""Anaphylaxis"", ""Pericarditis"", ""Bronchospasm / acute asthma exacerbation"", ""Bronchitis"", ""Pneumonia"", ""Acute pulmonary edema""]",Acute laryngitis,"[""Acute laryngitis"", ""Anemia"", ""Acute otitis media"", ""Possible NSTEMI / STEMI"", ""Unstable angina"", ""Stable angina"", ""Cluster headache"", ""Panic attack"", ""Boerhaave"", ""GERD""]",URTI,1.0,0.04053100610371496,False,,0.0,0.0,0,False,False,not_applicable,10,budget_exhausted,"[""E_41"", ""E_151"", ""E_201"", ""E_25"", ""E_194"", ""E_3"", ""E_66"", ""E_181"", ""E_217"", ""E_129""]",budget_exhausted,True,Acute laryngitis,"[""Acute laryngitis"", ""Anemia"", ""Acute otitis media"", ""Possible NSTEMI / STEMI"", ""Unstable angina""]",0.1399025022983551,0.0063726454973220825,0.6924868821011941,False,0,0,0.09108462330350275,2,False,0.1399025022983551,10,False,budget_exhausted_forced_final,False,False,False,11,11,False,10222,452,10,True
ddxplus,test:75853,15,ddxplus_native_structured_root_driver,Panic attack,Panic attack,"[""Panic attack"", ""Anemia"", ""URTI"", ""Pericarditis"", ""Viral pharyngitis"", ""Anaphylaxis"", ""Pneumonia"", ""Influenza"", ""Allergic sinusitis"", ""Bronchospasm / acute asthma exacerbation""]",Panic attack,"[""Panic attack"", ""Guillain-Barr\u00e9 syndrome"", ""Possible NSTEMI / STEMI"", ""Boerhaave"", ""Unstable angina"", ""Pericarditis"", ""PSVT"", ""Anemia"", ""Cluster headache"", ""Bronchiectasis""]",URTI,1.0,0.062270432540266096,False,,0.0,0.0,0,False,False,not_applicable,14,ddxplus_native_mlp_stop,"[""E_41"", ""E_151"", ""E_201"", ""E_25"", ""E_194"", ""E_220"", ""E_24"", ""E_208"", ""E_69"", ""E_129"", ""E_105"", ""E_181"", ""E_212"", ""E_157""]",ddxplus_native_mlp_stop,True,Panic attack,"[""Panic attack"", ""Guillain-Barr\u00e9 syndrome"", ""Possible NSTEMI / STEMI"", ""Boerhaave"", ""Unstable angina""]",0.9845559597015381,0.970203448086977,0.0220704829895313,False,0,0,1.2334224763033785,3,False,0.9845559597015381,14,True,ddxplus_native_mlp_stop,True,True,True,1,11,True,15057,632,14,True
ddxplus,test:111425,5,ddxplus_native_structured_root_driver,SLE,Anemia,"[""Anemia"", ""URTI"", ""Viral pharyngitis"", ""Cluster headache"", ""Acute otitis media"", ""Panic attack"", ""Acute laryngitis"", ""Bronchitis"", ""Pericarditis"", ""Bronchospasm / acute asthma exacerbation""]",Anemia,"[""Anemia"", ""Panic attack"", ""Sarcoidosis"", ""PSVT"", ""Localized edema"", ""Boerhaave"", ""Epiglottitis"", ""Cluster headache"", ""Inguinal hernia"", ""Anaphylaxis""]",URTI,1.0,0.06579619298816952,False,,0.0,0.0,0,False,False,not_applicable,5,budget_exhausted,"[""E_41"", ""E_25"", ""E_201"", ""E_220"", ""E_91""]",budget_exhausted,True,Anemia,"[""Anemia"", ""Panic attack"", ""Sarcoidosis"", ""PSVT"", ""Localized edema""]",0.2775842845439911,0.15605774521827698,0.6897535797056702,False,0,0,1.0052790639849658,3,False,0.2775842845439911,5,False,budget_exhausted_forced_final,False,False,False,11,11,False,4800,233,5,True
ddxplus,test:111425,10,ddxplus_native_structured_root_driver,SLE,Bronchitis,"[""Bronchitis"", ""Anemia"", ""Pericarditis"", ""URTI"", ""Viral pharyngitis"", ""Bronchospasm / acute asthma exacerbation"", ""GERD"", ""Anaphylaxis"", ""Atrial fibrillation"", ""Acute COPD exacerbation / infection""]",Bronchitis,"[""Bronchitis"", ""Anemia"", ""Epiglottitis"", ""Pneumonia"", ""Pulmonary embolism"", ""Pericarditis"", ""Sarcoidosis"", ""Panic attack"", ""SLE"", ""Chagas""]",URTI,1.0,0.046093547903969245,False,,0.0,0.0,0,False,False,not_applicable,10,budget_exhausted,"[""E_41"", ""E_25"", ""E_201"", ""E_194"", ""E_66"", ""E_3"", ""E_217"", ""E_208"", ""E_77"", ""E_70""]",budget_exhausted,True,Bronchitis,"[""Bronchitis"", ""Anemia"", ""Epiglottitis"", ""Pneumonia"", ""Pulmonary embolism""]",0.2447246015071869,0.10164527595043182,0.640161818220125,False,0,0,0.5667484456832546,3,False,0.2447246015071869,10,False,budget_exhausted_forced_final,False,False,False,11,11,False,10203,466,10,True
ddxplus,test:111425,15,ddxplus_native_structured_root_driver,SLE,Bronchitis,"[""Bronchitis"", ""Anemia"", ""URTI"", ""Pericarditis"", ""Pneumonia"", ""Viral pharyngitis"", ""Acute pulmonary edema"", ""Atrial fibrillation"", ""Bronchospasm / acute asthma exacerbation"", ""GERD""]",Bronchitis,"[""Bronchitis"", ""Epiglottitis"", ""Anaphylaxis"", ""Anemia"", ""Chagas"", ""SLE"", ""Boerhaave"", ""Sarcoidosis"", ""Possible NSTEMI / STEMI"", ""Panic attack""]",URTI,1.0,0.012397209906444107,False,,0.0,0.0,0,False,False,not_applicable,15,budget_exhausted,"[""E_41"", ""E_25"", ""E_201"", ""E_194"", ""E_66"", ""E_3"", ""E_217"", ""E_208"", ""E_77"", ""E_220"", ""E_70"", ""E_24"", ""E_146"", ""E_175"", ""E_155""]",budget_exhausted,True,Bronchitis,"[""Bronchitis"", ""Epiglottitis"", ""Anaphylaxis"", ""Anemia"", ""Chagas""]",0.23386751115322113,0.04403802752494812,0.61110238516503,False,0,0,0.7705736780648789,3,False,0.23386751115322113,15,False,budget_exhausted_forced_final,False,False,False,11,11,False,16198,709,15,True
ddxplus,test:46790,5,ddxplus_native_structured_root_driver,Tuberculosis,Tuberculosis,"[""Tuberculosis"", ""Viral pharyngitis"", ""URTI"", ""Bronchiectasis"", ""Allergic sinusitis"", ""Bronchospasm / acute asthma exacerbation"", ""Bronchitis"", ""Chronic rhinosinusitis"", ""Anemia"", ""GERD""]",Tuberculosis,"[""Tuberculosis"", ""Viral pharyngitis"", ""Acute otitis media"", ""Bronchiectasis"", ""Acute laryngitis"", ""Bronchospasm / acute asthma exacerbation"", ""Allergic sinusitis"", ""Pancreatic neoplasm"", ""Bronchitis"", ""URTI""]",URTI,1.0,0.15715995462239873,True,,0.0,0.0,0,False,False,not_applicable,5,budget_exhausted,"[""E_53"", ""E_77"", ""E_169"", ""E_124"", ""E_79""]",budget_exhausted,True,Tuberculosis,"[""Tuberculosis"", ""Viral pharyngitis"", ""Acute otitis media"", ""Bronchiectasis"", ""Acute laryngitis""]",0.7625874280929565,0.719404548406601,0.29729639513110273,False,0,0,0.16763356353045356,2,False,0.7625874280929565,5,False,budget_exhausted_forced_final,True,True,True,1,6,True,4770,247,5,True
ddxplus,test:46790,10,ddxplus_native_structured_root_driver,Tuberculosis,Tuberculosis,"[""Tuberculosis"", ""URTI"", ""Viral pharyngitis"", ""Allergic sinusitis"", ""Pneumonia"", ""Anemia"", ""Bronchitis"", ""Influenza"", ""Bronchospasm / acute asthma exacerbation"", ""Anaphylaxis""]",Tuberculosis,"[""Tuberculosis"", ""Acute laryngitis"", ""Acute otitis media"", ""GERD"", ""Pancreatic neoplasm"", ""Bronchiectasis"", ""Spontaneous rib fracture"", ""Viral pharyngitis"", ""URTI"", ""Allergic sinusitis""]",URTI,1.0,0.11425166500584383,False,,0.0,0.0,0,False,False,not_applicable,10,budget_exhausted,"[""E_53"", ""E_77"", ""E_169"", ""E_124"", ""E_79"", ""E_208"", ""E_45"", ""E_214"", ""E_129"", ""E_181""]",budget_exhausted,True,Tuberculosis,"[""Tuberculosis"", ""Acute laryngitis"", ""Acute otitis media"", ""GERD"", ""Pancreatic neoplasm""]",0.2657387852668762,0.08071550726890564,0.6101180360852784,False,0,0,0.31523079706562873,2,False,0.2657387852668762,10,False,budget_exhausted_forced_final,True,True,True,1,6,True,10084,466,10,True
ddxplus,test:46790,15,ddxplus_native_structured_root_driver,Tuberculosis,Tuberculosis,"[""Tuberculosis"", ""URTI"", ""Allergic sinusitis"", ""Bronchitis"", ""Viral pharyngitis"", ""Bronchospasm / acute asthma exacerbation"", ""Pneumonia"", ""Anemia"", ""Anaphylaxis"", ""Influenza""]",Tuberculosis,"[""Tuberculosis"", ""Bronchiectasis"", ""Acute COPD exacerbation / infection"", ""Acute otitis media"", ""Pancreatic neoplasm"", ""GERD"", ""Allergic sinusitis"", ""Pulmonary neoplasm"", ""Bronchospasm / acute asthma exacerbation"", ""Bronchitis""]",URTI,1.0,0.10931460773104451,False,,0.0,0.0,0,False,False,not_applicable,15,budget_exhausted,"[""E_77"", ""E_120"", ""E_124"", ""E_41"", ""E_45"", ""E_212"", ""E_129"", ""E_214"", ""E_181"", ""E_216"", ""E_79"", ""E_53"", ""E_208"", ""E_169"", ""E_69""]",budget_exhausted,True,Tuberculosis,"[""Tuberculosis"", ""Bronchiectasis"", ""Acute COPD exacerbation / infection"", ""Acute otitis media"", ""Pancreatic neoplasm""]",0.4780111014842987,0.3227383494377136,0.5184189477526877,False,0,0,0.5173038855195045,2,False,0.4780111014842987,15,False,budget_exhausted_forced_final,True,True,True,1,6,True,16108,692,15,True
ddxplus,test:77319,5,ddxplus_native_structured_root_driver,URTI,URTI,"[""URTI"", ""Influenza"", ""HIV (initial infection)"", ""Viral pharyngitis"", ""GERD"", ""Anaphylaxis"", ""Anemia"", ""Inguinal hernia"", ""Bronchospasm / acute asthma exacerbation"", ""Pericarditis""]",URTI,"[""URTI"", ""Influenza"", ""HIV (initial infection)"", ""Bronchitis"", ""Ebola"", ""Pneumonia"", ""Panic attack"", ""Chagas"", ""GERD"", ""Acute pulmonary edema""]",URTI,1.0,0.10049685662868157,False,,0.0,0.0,0,False,False,not_applicable,3,ddxplus_native_mlp_stop,"[""E_129"", ""E_48"", ""E_41""]",ddxplus_native_mlp_stop,True,URTI,"[""URTI"", ""Influenza"", ""HIV (initial infection)"", ""Bronchitis"", ""Ebola""]",0.9509708285331726,0.9260904286056757,0.06573586288243052,False,0,0,1.1672617261858274,3,False,0.9509708285331726,3,True,ddxplus_native_mlp_stop,True,True,True,1,1,False,2803,127,3,True
ddxplus,test:77319,10,ddxplus_native_structured_root_driver,URTI,URTI,"[""URTI"", ""Influenza"", ""HIV (initial infection)"", ""Bronchospasm / acute asthma exacerbation"", ""Viral pharyngitis"", ""Ebola"", ""Acute laryngitis"", ""Anaphylaxis"", ""Anemia"", ""Inguinal hernia""]",URTI,"[""URTI"", ""Ebola"", ""Influenza"", ""HIV (initial infection)"", ""Bronchitis"", ""Pneumonia"", ""Panic attack"", ""Bronchospasm / acute asthma exacerbation"", ""GERD"", ""Allergic sinusitis""]",URTI,1.0,0.23010007717694692,False,,0.0,0.0,0,False,False,not_applicable,4,ddxplus_native_mlp_stop,"[""E_129"", ""E_48"", ""E_222"", ""E_49""]",ddxplus_native_mlp_stop,True,URTI,"[""URTI"", ""Ebola"", ""Influenza"", ""HIV (initial infection)"", ""Bronchitis""]",0.9998908042907715,0.9998286169138737,0.00031294188522775504,False,0,0,1.397815916432597,3,False,0.9998908042907715,4,True,ddxplus_native_mlp_stop,True,True,True,1,1,False,3769,182,4,True
ddxplus,test:77319,15,ddxplus_native_structured_root_driver,URTI,URTI,"[""URTI"", ""Influenza"", ""Viral pharyngitis"", ""HIV (initial infection)"", ""Allergic sinusitis"", ""Bronchospasm / acute asthma exacerbation"", ""Pneumonia"", ""Acute otitis media"", ""Anaphylaxis"", ""Anemia""]",URTI,"[""URTI"", ""Influenza"", ""Bronchitis"", ""Ebola"", ""HIV (initial infection)"", ""Pneumonia"", ""Allergic sinusitis"", ""Acute otitis media"", ""Bronchospasm / acute asthma exacerbation"", ""Chronic rhinosinusitis""]",URTI,1.0,0.15742707729254313,False,,0.0,0.0,0,False,False,not_applicable,5,ddxplus_native_mlp_stop,"[""E_181"", ""E_129"", ""E_48"", ""E_41"", ""E_222""]",ddxplus_native_mlp_stop,True,URTI,"[""URTI"", ""Influenza"", ""Bronchitis"", ""Ebola"", ""HIV (initial infection)""]",0.9996587038040161,0.99937977900845,0.0008395760540952729,False,0,0,1.214781456264912,3,False,0.9996587038040161,5,True,ddxplus_native_mlp_stop,True,True,True,1,1,False,4769,227,5,True
ddxplus,test:125620,5,ddxplus_native_structured_root_driver,Myasthenia gravis,Myasthenia gravis,"[""Myasthenia gravis"", ""Acute dystonic reactions"", ""Guillain-Barr\u00e9 syndrome"", ""URTI"", ""Allergic sinusitis"", ""Viral pharyngitis"", ""Epiglottitis"", ""Anemia"", ""Bronchospasm / acute asthma exacerbation"", ""Anaphylaxis""]",Myasthenia gravis,"[""Myasthenia gravis"", ""Acute dystonic reactions"", ""Epiglottitis"", ""Guillain-Barr\u00e9 syndrome"", ""Ebola"", ""Larygospasm"", ""Spontaneous pneumothorax"", ""Bronchitis"", ""Chagas"", ""Croup""]",Myasthenia gravis,1.0,0.432591880263575,False,,0.0,0.0,0,False,False,not_applicable,3,ddxplus_native_mlp_stop,"[""E_63"", ""E_65"", ""E_172""]",ddxplus_native_mlp_stop,True,Myasthenia gravis,"[""Myasthenia gravis"", ""Acute dystonic reactions"", ""Epiglottitis"", ""Guillain-Barr\u00e9 syndrome"", ""Ebola""]",1.0,0.9999999859198363,6.637454758920671e-08,False,0,0,1.2710735042108599,3,False,1.0,3,True,ddxplus_native_mlp_stop,True,True,True,1,1,False,2980,144,3,True
ddxplus,test:125620,10,ddxplus_native_structured_root_driver,Myasthenia gravis,Myasthenia gravis,"[""Myasthenia gravis"", ""Acute dystonic reactions"", ""Guillain-Barr\u00e9 syndrome"", ""URTI"", ""Viral pharyngitis"", ""Epiglottitis"", ""Anemia"", ""Allergic sinusitis"", ""Bronchospasm / acute asthma exacerbation"", ""Anaphylaxis""]",Myasthenia gravis,"[""Myasthenia gravis"", ""Acute dystonic reactions"", ""Epiglottitis"", ""Guillain-Barr\u00e9 syndrome"", ""Ebola"", ""Spontaneous pneumothorax"", ""Larygospasm"", ""Bronchitis"", ""Chagas"", ""Atrial fibrillation""]",Myasthenia gravis,1.0,0.4257661190143971,False,,0.0,0.0,0,False,False,not_applicable,4,ddxplus_native_mlp_stop,"[""E_63"", ""E_65"", ""E_172"", ""E_38""]",ddxplus_native_mlp_stop,True,Myasthenia gravis,"[""Myasthenia gravis"", ""Acute dystonic reactions"", ""Epiglottitis"", ""Guillain-Barr\u00e9 syndrome"", ""Ebola""]",1.0,0.99999999999864,9.412889976279784e-12,False,0,0,1.2656128952115175,3,False,1.0,4,True,ddxplus_native_mlp_stop,True,True,True,1,1,False,4044,192,4,True
ddxplus,test:125620,15,ddxplus_native_structured_root_driver,Myasthenia gravis,Myasthenia gravis,"[""Myasthenia gravis"", ""Acute dystonic reactions"", ""Atrial fibrillation"", ""Anemia"", ""URTI"", ""Bronchospasm / acute asthma exacerbation"", ""Viral pharyngitis"", ""Allergic sinusitis"", ""Epiglottitis"", ""Cluster headache""]",Myasthenia gravis,"[""Myasthenia gravis"", ""Acute dystonic reactions"", ""Epiglottitis"", ""Guillain-Barr\u00e9 syndrome"", ""Ebola"", ""Spontaneous pneumothorax"", ""Larygospasm"", ""Bronchitis"", ""Chagas"", ""Atrial fibrillation""]",Myasthenia gravis,1.0,0.46682670760845435,False,,0.0,0.0,0,False,False,not_applicable,5,ddxplus_native_mlp_stop,"[""E_63"", ""E_65"", ""E_172"", ""E_38"", ""E_28""]",ddxplus_native_mlp_stop,True,Myasthenia gravis,"[""Myasthenia gravis"", ""Acute dystonic reactions"", ""Epiglottitis"", ""Guillain-Barr\u00e9 syndrome"", ""Ebola""]",1.0,0.99999999999864,9.412889976279784e-12,False,0,0,1.3105341124273127,3,False,1.0,5,True,ddxplus_native_mlp_stop,True,True,True,1,1,False,5142,238,5,True
ddxplus,test:100977,5,ddxplus_native_structured_root_driver,GERD,GERD,"[""GERD"", ""Pericarditis"", ""URTI"", ""Anemia"", ""Viral pharyngitis"", ""Panic attack"", ""Allergic sinusitis"", ""Bronchitis"", ""Bronchospasm / acute asthma exacerbation"", ""Acute dystonic reactions""]",GERD,"[""GERD"", ""Panic attack"", ""Pericarditis"", ""Myocarditis"", ""Boerhaave"", ""Acute pulmonary edema"", ""Anemia"", ""Chronic rhinosinusitis"", ""Atrial fibrillation"", ""Unstable angina""]",GERD,1.0,0.22877813237521305,False,,0.0,0.0,0,False,False,not_applicable,3,ddxplus_native_mlp_stop,"[""E_215"", ""E_98"", ""E_201""]",ddxplus_native_mlp_stop,True,GERD,"[""GERD"", ""Panic attack"", ""Pericarditis"", ""Myocarditis"", ""Boerhaave""]",1.0,0.9999999880837551,1.0056512045919975e-07,False,0,0,1.4689438144050717,3,False,1.0,3,True,ddxplus_native_mlp_stop,True,True,True,1,1,False,2923,129,3,True
ddxplus,test:100977,10,ddxplus_native_structured_root_driver,GERD,GERD,"[""GERD"", ""Pericarditis"", ""URTI"", ""Viral pharyngitis"", ""Chronic rhinosinusitis"", ""Allergic sinusitis"", ""Bronchitis"", ""Bronchospasm / acute asthma exacerbation"", ""Acute laryngitis"", ""Influenza""]",GERD,"[""GERD"", ""Pericarditis"", ""Panic attack"", ""Boerhaave"", ""Unstable angina"", ""Myocarditis"", ""Chronic rhinosinusitis"", ""Acute pulmonary edema"", ""Stable angina"", ""Pneumonia""]",GERD,1.0,0.19650558907380655,False,,0.0,0.0,0,False,False,not_applicable,4,ddxplus_native_mlp_stop,"[""E_215"", ""E_98"", ""E_201"", ""E_79""]",ddxplus_native_mlp_stop,True,GERD,"[""GERD"", ""Pericarditis"", ""Panic attack"", ""Boerhaave"", ""Unstable angina""]",1.0,0.9999999994808846,8.88927997911386e-09,False,0,0,1.2990881580113753,3,False,1.0,4,True,ddxplus_native_mlp_stop,True,True,True,1,1,False,3939,171,4,True
ddxplus,test:100977,15,ddxplus_native_structured_root_driver,GERD,GERD,"[""GERD"", ""URTI"", ""Viral pharyngitis"", ""Panic attack"", ""Acute laryngitis"", ""Possible NSTEMI / STEMI"", ""Atrial fibrillation"", ""Bronchitis"", ""Allergic sinusitis"", ""Bronchospasm / acute asthma exacerbation""]",GERD,"[""GERD"", ""Panic attack"", ""Pericarditis"", ""Myocarditis"", ""Chronic rhinosinusitis"", ""Boerhaave"", ""Unstable angina"", ""Acute pulmonary edema"", ""Acute laryngitis"", ""Acute rhinosinusitis""]",GERD,1.0,0.20046685738978143,False,,0.0,0.0,0,False,False,not_applicable,5,ddxplus_native_mlp_stop,"[""E_215"", ""E_98"", ""E_201"", ""E_79"", ""E_70""]",ddxplus_native_mlp_stop,True,GERD,"[""GERD"", ""Panic attack"", ""Pericarditis"", ""Myocarditis"", ""Chronic rhinosinusitis""]",1.0,0.999999972666572,2.0590247503904577e-07,False,0,0,1.6603734859118249,3,False,1.0,5,True,ddxplus_native_mlp_stop,True,True,True,1,1,False,4983,218,5,True
ddxplus,test:29668,5,ddxplus_native_structured_root_driver,Tuberculosis,Tuberculosis,"[""Tuberculosis"", ""Viral pharyngitis"", ""URTI"", ""Acute otitis media"", ""Bronchitis"", ""Acute laryngitis"", ""Acute rhinosinusitis"", ""Pneumonia"", ""Allergic sinusitis"", ""Influenza""]",Tuberculosis,"[""Tuberculosis"", ""Pneumonia"", ""Bronchiectasis"", ""Viral pharyngitis"", ""Pulmonary neoplasm"", ""Bronchitis"", ""Acute laryngitis"", ""Acute otitis media"", ""URTI"", ""Acute rhinosinusitis""]",Viral pharyngitis,1.0,0.013859474798929572,False,,0.0,0.0,0,False,False,not_applicable,5,budget_exhausted,"[""E_41"", ""E_181"", ""E_201"", ""E_45"", ""E_53""]",budget_exhausted,True,Tuberculosis,"[""Tuberculosis"", ""Pneumonia"", ""Bronchiectasis"", ""Viral pharyngitis"", ""Pulmonary neoplasm""]",0.9708989858627319,0.9583533350378275,0.044396456882541825,False,0,0,0.40231464505195613,2,False,0.9708989858627319,5,False,budget_exhausted_forced_final,True,True,True,1,6,True,4764,226,5,True
ddxplus,test:29668,10,ddxplus_native_structured_root_driver,Tuberculosis,Tuberculosis,"[""Tuberculosis"", ""Pneumonia"", ""Bronchitis"", ""Bronchiectasis"", ""Viral pharyngitis"", ""URTI"", ""Acute otitis media"", ""Acute laryngitis"", ""Influenza"", ""Anemia""]",Tuberculosis,"[""Tuberculosis"", ""Pneumonia"", ""Bronchiectasis"", ""Viral pharyngitis"", ""Pulmonary neoplasm"", ""Bronchitis"", ""Acute laryngitis"", ""Acute otitis media"", ""URTI"", ""Acute rhinosinusitis""]",Viral pharyngitis,1.0,0.013859474798929572,False,,0.0,0.0,0,False,False,not_applicable,5,ddxplus_native_mlp_stop,"[""E_41"", ""E_181"", ""E_201"", ""E_45"", ""E_53""]",ddxplus_native_mlp_stop,True,Tuberculosis,"[""Tuberculosis"", ""Pneumonia"", ""Bronchiectasis"", ""Viral pharyngitis"", ""Pulmonary neoplasm""]",0.9708989858627319,0.9583533350378275,0.044396456882541825,True,2,4,2.3431479783852893,4,False,0.9708989858627319,9,True,ddxplus_native_mlp_stop,True,True,True,1,6,True,10215,799,11,True
ddxplus,test:29668,15,ddxplus_native_structured_root_driver,Tuberculosis,Tuberculosis,"[""Tuberculosis"", ""Pneumonia"", ""Bronchiectasis"", ""Bronchitis"", ""Viral pharyngitis"", ""URTI"", ""Acute otitis media"", ""Acute laryngitis"", ""Influenza"", ""Acute rhinosinusitis""]",Tuberculosis,"[""Tuberculosis"", ""Pneumonia"", ""Bronchiectasis"", ""Viral pharyngitis"", ""Pulmonary neoplasm"", ""Bronchitis"", ""Acute laryngitis"", ""Acute otitis media"", ""URTI"", ""Acute rhinosinusitis""]",Viral pharyngitis,1.0,0.013859474798929572,False,,0.0,0.0,0,False,False,not_applicable,5,ddxplus_native_mlp_stop,"[""E_41"", ""E_181"", ""E_201"", ""E_53"", ""E_45""]",ddxplus_native_mlp_stop,True,Tuberculosis,"[""Tuberculosis"", ""Pneumonia"", ""Bronchiectasis"", ""Viral pharyngitis"", ""Pulmonary neoplasm""]",0.9708989858627319,0.9583533350378275,0.044396456882541825,True,2,4,0.4281479783852893,4,False,0.9708989858627319,9,True,ddxplus_native_mlp_stop,True,True,True,1,6,True,10189,795,11,True
ddxplus,test:5952,5,ddxplus_native_structured_root_driver,Cluster headache,Cluster headache,"[""Cluster headache"", ""Acute otitis media"", ""URTI"", ""Viral pharyngitis"", ""Anemia"", ""Anaphylaxis"", ""Localized edema"", ""Bronchospasm / acute asthma exacerbation"", ""Pericarditis"", ""Pulmonary embolism""]",Cluster headache,"[""Cluster headache"", ""Acute otitis media"", ""Chronic rhinosinusitis"", ""URTI"", ""Viral pharyngitis"", ""Anemia"", ""Inguinal hernia"", ""Influenza"", ""Stable angina"", ""Acute laryngitis""]",Viral pharyngitis,1.0,0.010547568246555561,False,,0.0,0.0,0,False,False,not_applicable,4,ddxplus_native_mlp_stop,"[""E_41"", ""E_151"", ""E_25"", ""E_184""]",ddxplus_native_mlp_stop,True,Cluster headache,"[""Cluster headache"", ""Acute otitis media"", ""Chronic rhinosinusitis"", ""URTI"", ""Viral pharyngitis""]",0.9377908110618591,0.9280524244531989,0.10394510795004686,False,0,0,1.0680141654663555,3,False,0.9377908110618591,4,True,ddxplus_native_mlp_stop,True,True,True,1,2,True,3783,175,4,True
ddxplus,test:5952,10,ddxplus_native_structured_root_driver,Cluster headache,Cluster headache,"[""Cluster headache"", ""Acute otitis media"", ""Chronic rhinosinusitis"", ""URTI"", ""Viral pharyngitis"", ""Anemia"", ""Bronchospasm / acute asthma exacerbation"", ""Acute rhinosinusitis"", ""Anaphylaxis"", ""Localized edema""]",Cluster headache,"[""Cluster headache"", ""Acute otitis media"", ""Chronic rhinosinusitis"", ""URTI"", ""Viral pharyngitis"", ""Anemia"", ""Inguinal hernia"", ""Influenza"", ""Stable angina"", ""Acute laryngitis""]",Viral pharyngitis,1.0,0.010547568246555561,False,,0.0,0.0,0,False,False,not_applicable,4,ddxplus_native_mlp_stop,"[""E_41"", ""E_151"", ""E_25"", ""E_184""]",ddxplus_native_mlp_stop,True,Cluster headache,"[""Cluster headache"", ""Acute otitis media"", ""Chronic rhinosinusitis"", ""URTI"", ""Viral pharyngitis""]",0.9377908110618591,0.9280524244531989,0.10394510795004686,True,2,4,1.9680141654663554,5,False,0.9377908110618591,8,True,ddxplus_native_mlp_stop,True,True,True,1,2,True,9127,742,10,True
ddxplus,test:5952,15,ddxplus_native_structured_root_driver,Cluster headache,Cluster headache,"[""Cluster headache"", ""Panic attack"", ""Stable angina"", ""Viral pharyngitis"", ""Acute otitis media"", ""URTI"", ""Pericarditis"", ""GERD"", ""Anemia"", ""Bronchospasm / acute asthma exacerbation""]",Cluster headache,"[""Cluster headache"", ""Stable angina"", ""Panic attack"", ""Chronic rhinosinusitis"", ""GERD"", ""Acute otitis media"", ""Inguinal hernia"", ""Boerhaave"", ""URTI"", ""Anemia""]",Viral pharyngitis,1.0,0.006189196651427364,False,,0.0,0.0,0,False,False,not_applicable,5,ddxplus_native_mlp_stop,"[""E_41"", ""E_151"", ""E_25"", ""E_184"", ""E_78""]",ddxplus_native_mlp_stop,True,Cluster headache,"[""Cluster headache"", ""Stable angina"", ""Panic attack"", ""Chronic rhinosinusitis"", ""GERD""]",0.9960008263587952,0.9954060885938816,0.009503751990687573,True,2,4,3.3143388298092216,5,False,0.9960008263587952,9,True,ddxplus_native_mlp_stop,True,True,True,1,2,True,10486,820,11,True
ddxplus,test:116274,5,ddxplus_native_structured_root_driver,URTI,Viral pharyngitis,"[""Viral pharyngitis"", ""URTI"", ""Acute otitis media"", ""Bronchitis"", ""Influenza"", ""Allergic sinusitis"", ""Acute rhinosinusitis"", ""HIV (initial infection)"", ""Bronchospasm / acute asthma exacerbation"", ""Acute laryngitis""]",Viral pharyngitis,"[""Viral pharyngitis"", ""URTI"", ""Pneumonia"", ""Acute otitis media"", ""Bronchitis"", ""Influenza"", ""Croup"", ""Acute rhinosinusitis"", ""Allergic sinusitis"", ""Tuberculosis""]",URTI,1.0,0.12377575769442206,False,,0.0,0.0,0,False,False,not_applicable,5,budget_exhausted,"[""E_41"", ""E_97"", ""E_227"", ""E_91"", ""E_50""]",budget_exhausted,True,Viral pharyngitis,"[""Viral pharyngitis"", ""URTI"", ""Pneumonia"", ""Acute otitis media"", ""Bronchitis""]",0.6666296124458313,0.44889602065086365,0.2607208552646033,False,0,0,0.709299758200503,3,False,0.6666296124458313,5,False,budget_exhausted_forced_final,False,True,True,2,2,False,4680,217,5,True
ddxplus,test:116274,10,ddxplus_native_structured_root_driver,URTI,URTI,"[""URTI"", ""Viral pharyngitis"", ""Pneumonia"", ""Acute otitis media"", ""Influenza"", ""Bronchitis"", ""Acute laryngitis"", ""HIV (initial infection)"", ""Allergic sinusitis"", ""Bronchospasm / acute asthma exacerbation""]",URTI,"[""URTI"", ""Viral pharyngitis"", ""Pneumonia"", ""Acute otitis media"", ""Influenza"", ""Bronchitis"", ""Croup"", ""Acute rhinosinusitis"", ""HIV (initial infection)"", ""Acute laryngitis""]",URTI,1.0,0.16295877933446734,False,,0.0,0.0,0,False,False,not_applicable,10,budget_exhausted,"[""E_41"", ""E_97"", ""E_227"", ""E_91"", ""E_50"", ""E_45"", ""E_222"", ""E_49"", ""E_48"", ""E_144""]",budget_exhausted,True,URTI,"[""URTI"", ""Viral pharyngitis"", ""Pneumonia"", ""Acute otitis media"", ""Influenza""]",0.740642249584198,0.5715739279985428,0.2248282734282471,False,0,0,0.9645918108220433,3,False,0.740642249584198,10,False,budget_exhausted_forced_final,True,True,True,1,2,True,9911,443,10,True
ddxplus,test:116274,15,ddxplus_native_structured_root_driver,URTI,URTI,"[""URTI"", ""Influenza"", ""Viral pharyngitis"", ""Pneumonia"", ""Acute otitis media"", ""Bronchitis"", ""Allergic sinusitis"", ""Bronchospasm / acute asthma exacerbation"", ""Anemia"", ""Acute laryngitis""]",URTI,"[""URTI"", ""Influenza"", ""Viral pharyngitis"", ""Croup"", ""Pneumonia"", ""HIV (initial infection)"", ""Acute otitis media"", ""Allergic sinusitis"", ""Bronchitis"", ""Acute rhinosinusitis""]",URTI,1.0,0.20172899171421588,False,,0.0,0.0,0,False,False,not_applicable,15,budget_exhausted,"[""E_41"", ""E_97"", ""E_227"", ""E_91"", ""E_50"", ""E_45"", ""E_222"", ""E_49"", ""E_48"", ""E_144"", ""E_77"", ""E_79"", ""E_201"", ""E_194"", ""E_114""]",budget_exhausted,True,URTI,"[""URTI"", ""Influenza"", ""Viral pharyngitis"", ""Croup"", ""Pneumonia""]",0.6712213754653931,0.505659744143486,0.29106959692888745,False,0,0,1.1382909169189341,3,False,0.6712213754653931,15,False,budget_exhausted_forced_final,True,True,True,1,2,True,15697,680,15,True
ddxplus,test:29843,5,ddxplus_native_structured_root_driver,Inguinal hernia,Inguinal hernia,"[""Inguinal hernia"", ""HIV (initial infection)"", ""Anaphylaxis"", ""Influenza"", ""Scombroid food poisoning"", ""URTI"", ""Pancreatic neoplasm"", ""Viral pharyngitis"", ""Anemia"", ""Pericarditis""]",Inguinal hernia,"[""Inguinal hernia"", ""Spontaneous rib fracture"", ""SLE"", ""Whooping cough"", ""HIV (initial infection)"", ""Pneumonia"", ""Scombroid food poisoning"", ""Pancreatic neoplasm"", ""Influenza"", ""Anaphylaxis""]",Inguinal hernia,1.0,0.033407160158065,False,,0.0,0.0,0,False,False,not_applicable,3,ddxplus_native_mlp_stop,"[""E_221"", ""E_129"", ""E_134""]",ddxplus_native_mlp_stop,True,Inguinal hernia,"[""Inguinal hernia"", ""Spontaneous rib fracture"", ""SLE"", ""Whooping cough"", ""HIV (initial infection)""]",1.0,0.999999972484698,4.0085767571964146e-07,False,0,0,1.3974653259847987,3,False,1.0,3,True,ddxplus_native_mlp_stop,True,True,True,1,1,False,2806,136,3,True
ddxplus,test:29843,10,ddxplus_native_structured_root_driver,Inguinal hernia,Inguinal hernia,"[""Inguinal hernia"", ""HIV (initial infection)"", ""Scombroid food poisoning"", ""Anaphylaxis"", ""Influenza"", ""Pancreatic neoplasm"", ""URTI"", ""Viral pharyngitis"", ""Anemia"", ""Spontaneous rib fracture""]",Inguinal hernia,"[""Inguinal hernia"", ""Spontaneous rib fracture"", ""SLE"", ""Whooping cough"", ""Scombroid food poisoning"", ""HIV (initial infection)"", ""Pancreatic neoplasm"", ""Pneumonia"", ""Influenza"", ""Anaphylaxis""]",Inguinal hernia,1.0,0.13089726804603552,False,,0.0,0.0,0,False,False,not_applicable,4,ddxplus_native_mlp_stop,"[""E_129"", ""E_221"", ""E_134"", ""E_30""]",ddxplus_native_mlp_stop,True,Inguinal hernia,"[""Inguinal hernia"", ""Spontaneous rib fracture"", ""SLE"", ""Whooping cough"", ""Scombroid food poisoning""]",1.0,0.9999999999980635,3.105730585599827e-11,False,0,0,1.4926253911887846,3,False,1.0,4,True,ddxplus_native_mlp_stop,True,True,True,1,1,False,3796,183,4,True
ddxplus,test:29843,15,ddxplus_native_structured_root_driver,Inguinal hernia,Inguinal hernia,"[""Inguinal hernia"", ""Scombroid food poisoning"", ""HIV (initial infection)"", ""Anaphylaxis"", ""Pancreatic neoplasm"", ""Influenza"", ""Pneumonia"", ""URTI"", ""Viral pharyngitis"", ""Anemia""]",Inguinal hernia,"[""Inguinal hernia"", ""Spontaneous rib fracture"", ""Whooping cough"", ""SLE"", ""Scombroid food poisoning"", ""Pancreatic neoplasm"", ""HIV (initial infection)"", ""Pneumonia"", ""Influenza"", ""Anaphylaxis""]",Inguinal hernia,1.0,0.18164747377465162,False,,0.0,0.0,0,False,False,not_applicable,5,ddxplus_native_mlp_stop,"[""E_221"", ""E_129"", ""E_134"", ""E_30"", ""E_150""]",ddxplus_native_mlp_stop,True,Inguinal hernia,"[""Inguinal hernia"", ""Spontaneous rib fracture"", ""Whooping cough"", ""SLE"", ""Scombroid food poisoning""]",1.0,0.9999999999999997,4.02705021168753e-15,False,0,0,1.5532912368567835,3,False,1.0,5,True,ddxplus_native_mlp_stop,True,True,True,1,1,False,4761,220,5,True
ddxplus,test:64475,5,ddxplus_native_structured_root_driver,HIV (initial infection),HIV (initial infection),"[""HIV (initial infection)"", ""Influenza"", ""URTI"", ""Tuberculosis"", ""Viral pharyngitis"", ""Pancreatic neoplasm"", ""Bronchitis"", ""Acute otitis media"", ""Anaphylaxis"", ""Acute laryngitis""]",HIV (initial infection),"[""HIV (initial infection)"", ""Influenza"", ""Chagas"", ""Pneumonia"", ""Pancreatic neoplasm"", ""Tuberculosis"", ""Sarcoidosis"", ""Inguinal hernia"", ""Scombroid food poisoning"", ""SLE""]",URTI,1.0,0.016412530780054113,False,,0.0,0.0,0,False,False,not_applicable,3,ddxplus_native_mlp_stop,"[""E_129"", ""E_91"", ""E_9""]",ddxplus_native_mlp_stop,True,HIV (initial infection),"[""HIV (initial infection)"", ""Influenza"", ""Chagas"", ""Pneumonia"", ""Pancreatic neoplasm""]",0.999996542930603,0.9999953429440893,1.334056360171245e-05,True,1,2,1.6532721176059288,4,False,0.999996542930603,5,False,budget_exhausted_forced_final,True,True,True,1,3,True,5297,430,6,True
ddxplus,test:64475,10,ddxplus_native_structured_root_driver,HIV (initial infection),HIV (initial infection),"[""HIV (initial infection)"", ""Influenza"", ""Tuberculosis"", ""Pancreatic neoplasm"", ""URTI"", ""Pneumonia"", ""Viral pharyngitis"", ""Acute otitis media"", ""Anaphylaxis"", ""Chagas""]",HIV (initial infection),"[""HIV (initial infection)"", ""Chagas"", ""Influenza"", ""Tuberculosis"", ""Pancreatic neoplasm"", ""Pneumonia"", ""Sarcoidosis"", ""Scombroid food poisoning"", ""Inguinal hernia"", ""SLE""]",HIV (initial infection),1.0,0.06634465375242571,False,,0.0,0.0,0,False,False,not_applicable,4,ddxplus_native_mlp_stop,"[""E_129"", ""E_91"", ""E_9"", ""E_189""]",ddxplus_native_mlp_stop,True,HIV (initial infection),"[""HIV (initial infection)"", ""Chagas"", ""Influenza"", ""Tuberculosis"", ""Pancreatic neoplasm""]",0.9999994039535522,0.9999989790997859,2.339369514837996e-06,False,0,0,1.2715376988324545,3,False,0.9999994039535522,4,True,ddxplus_native_mlp_stop,True,True,True,1,3,True,3806,192,4,True
ddxplus,test:64475,15,ddxplus_native_structured_root_driver,HIV (initial infection),HIV (initial infection),"[""HIV (initial infection)"", ""Influenza"", ""URTI"", ""Pneumonia"", ""Pancreatic neoplasm"", ""Viral pharyngitis"", ""Anaphylaxis"", ""Acute otitis media"", ""Acute laryngitis"", ""Chagas""]",HIV (initial infection),"[""HIV (initial infection)"", ""Chagas"", ""Influenza"", ""Pneumonia"", ""Tuberculosis"", ""Sarcoidosis"", ""Pancreatic neoplasm"", ""Inguinal hernia"", ""URTI"", ""Scombroid food poisoning""]",HIV (initial infection),1.0,0.06530559922736445,False,,0.0,0.0,0,False,False,not_applicable,5,ddxplus_native_mlp_stop,"[""E_129"", ""E_91"", ""E_9"", ""E_189"", ""E_134""]",ddxplus_native_mlp_stop,True,HIV (initial infection),"[""HIV (initial infection)"", ""Chagas"", ""Influenza"", ""Pneumonia"", ""Tuberculosis""]",0.9999998807907104,0.9999997421330704,8.045782771049808e-07,False,0,0,1.2479344836140203,3,False,0.9999998807907104,5,True,ddxplus_native_mlp_stop,True,True,True,1,3,True,4793,236,5,True
ddxplus,test:31616,5,ddxplus_native_structured_root_driver,Acute rhinosinusitis,Acute rhinosinusitis,"[""Acute rhinosinusitis"", ""Chronic rhinosinusitis"", ""Acute otitis media"", ""Viral pharyngitis"", ""Allergic sinusitis"", ""URTI"", ""Bronchitis"", ""Pneumonia"", ""Acute laryngitis"", ""Influenza""]",Acute rhinosinusitis,"[""Acute rhinosinusitis"", ""Chronic rhinosinusitis"", ""GERD"", ""Pneumonia"", ""Acute otitis media"", ""Bronchitis"", ""Allergic sinusitis"", ""Whooping cough"", ""Viral pharyngitis"", ""Acute laryngitis""]",URTI,1.0,0.07531142987934114,False,,0.0,0.0,0,False,False,not_applicable,5,budget_exhausted,"[""E_181"", ""E_91"", ""E_209"", ""E_182"", ""E_118""]",budget_exhausted,True,Acute rhinosinusitis,"[""Acute rhinosinusitis"", ""Chronic rhinosinusitis"", ""GERD"", ""Pneumonia"", ""Acute otitis media""]",0.5855192542076111,0.17104315757751465,0.1743420181039712,False,0,0,0.7717338829843758,3,False,0.5855192542076111,5,False,budget_exhausted_forced_final,True,True,True,1,2,True,4647,232,5,True
ddxplus,test:31616,10,ddxplus_native_structured_root_driver,Acute rhinosinusitis,Acute rhinosinusitis,"[""Acute rhinosinusitis"", ""Chronic rhinosinusitis"", ""Allergic sinusitis"", ""Acute otitis media"", ""URTI"", ""Viral pharyngitis"", ""Bronchitis"", ""Bronchospasm / acute asthma exacerbation"", ""Influenza"", ""Anemia""]",Acute rhinosinusitis,"[""Acute rhinosinusitis"", ""Chronic rhinosinusitis"", ""GERD"", ""Pneumonia"", ""Allergic sinusitis"", ""Acute otitis media"", ""Whooping cough"", ""Cluster headache"", ""Bronchitis"", ""Panic attack""]",URTI,1.0,0.008635614731603902,False,,0.0,0.0,0,False,False,not_applicable,10,budget_exhausted,"[""E_209"", ""E_91"", ""E_181"", ""E_182"", ""E_118"", ""E_116"", ""E_226"", ""E_125"", ""E_79"", ""E_121""]",budget_exhausted,True,Acute rhinosinusitis,"[""Acute rhinosinusitis"", ""Chronic rhinosinusitis"", ""GERD"", ""Pneumonia"", ""Allergic sinusitis""]",0.6649234890937805,0.3298614025115967,0.16390540920196864,False,0,0,0.7818068049299882,3,False,0.6649234890937805,10,False,budget_exhausted_forced_final,True,True,True,1,2,True,9920,468,10,True
ddxplus,test:31616,15,ddxplus_native_structured_root_driver,Acute rhinosinusitis,Chronic rhinosinusitis,"[""Chronic rhinosinusitis"", ""Acute rhinosinusitis"", ""Allergic sinusitis"", ""URTI"", ""Pneumonia"", ""Viral pharyngitis"", ""Acute otitis media"", ""Bronchospasm / acute asthma exacerbation"", ""Bronchitis"", ""Bronchiectasis""]",Chronic rhinosinusitis,"[""Chronic rhinosinusitis"", ""Acute rhinosinusitis"", ""GERD"", ""Pneumonia"", ""Allergic sinusitis"", ""Acute otitis media"", ""Whooping cough"", ""Panic attack"", ""URTI"", ""Viral pharyngitis""]",URTI,1.0,0.026516522567896494,False,,0.0,0.0,0,False,False,not_applicable,14,ddxplus_native_mlp_stop,"[""E_209"", ""E_91"", ""E_181"", ""E_182"", ""E_118"", ""E_116"", ""E_226"", ""E_125"", ""E_79"", ""E_121"", ""E_201"", ""E_124"", ""E_120"", ""E_77""]",ddxplus_native_mlp_stop,True,Chronic rhinosinusitis,"[""Chronic rhinosinusitis"", ""Acute rhinosinusitis"", ""GERD"", ""Pneumonia"", ""Allergic sinusitis""]",0.8224712610244751,0.6449427157640457,0.12015684199468205,False,0,0,0.8886797156430346,3,False,0.8224712610244751,14,True,ddxplus_native_mlp_stop,False,True,True,2,2,False,14446,656,14,True
ddxplus,test:114108,5,ddxplus_native_structured_root_driver,GERD,GERD,"[""GERD"", ""URTI"", ""Acute laryngitis"", ""Pericarditis"", ""Viral pharyngitis"", ""Chronic rhinosinusitis"", ""Allergic sinusitis"", ""Bronchitis"", ""Bronchospasm / acute asthma exacerbation"", ""Acute dystonic reactions""]",GERD,"[""GERD"", ""Chronic rhinosinusitis"", ""URTI"", ""Bronchiectasis"", ""Pneumonia"", ""Acute laryngitis"", ""Pericarditis"", ""Acute rhinosinusitis"", ""Tuberculosis"", ""Panic attack""]",GERD,1.0,0.23052016604693049,False,,0.0,0.0,0,False,False,not_applicable,3,ddxplus_native_mlp_stop,"[""E_215"", ""E_98"", ""E_201""]",ddxplus_native_mlp_stop,True,GERD,"[""GERD"", ""Chronic rhinosinusitis"", ""URTI"", ""Bronchiectasis"", ""Pneumonia""]",1.0,0.9999999988971395,7.745862234584992e-09,False,0,0,1.301082799504211,3,False,1.0,3,True,ddxplus_native_mlp_stop,True,True,True,1,1,False,2903,133,3,True
ddxplus,test:114108,10,ddxplus_native_structured_root_driver,GERD,GERD,"[""GERD"", ""Pericarditis"", ""URTI"", ""Viral pharyngitis"", ""Allergic sinusitis"", ""Bronchitis"", ""Bronchospasm / acute asthma exacerbation"", ""Anemia"", ""Acute dystonic reactions"", ""Myocarditis""]",GERD,"[""GERD"", ""Pericarditis"", ""Myocarditis"", ""Acute pulmonary edema"", ""Pneumonia"", ""Panic attack"", ""Chronic rhinosinusitis"", ""URTI"", ""Boerhaave"", ""Bronchiectasis""]",GERD,1.0,0.3121391238459498,False,,0.0,0.0,0,False,False,not_applicable,4,ddxplus_native_mlp_stop,"[""E_215"", ""E_98"", ""E_201"", ""E_217""]",ddxplus_native_mlp_stop,True,GERD,"[""GERD"", ""Pericarditis"", ""Myocarditis"", ""Acute pulmonary edema"", ""Pneumonia""]",1.0,0.9999999991614839,4.598720044074045e-09,False,0,0,1.206719146695466,3,False,1.0,4,True,ddxplus_native_mlp_stop,True,True,True,1,1,False,3882,170,4,True
ddxplus,test:114108,15,ddxplus_native_structured_root_driver,GERD,GERD,"[""GERD"", ""Pericarditis"", ""URTI"", ""Acute pulmonary edema"", ""Viral pharyngitis"", ""Allergic sinusitis"", ""Bronchospasm / acute asthma exacerbation"", ""Anemia"", ""Acute dystonic reactions"", ""Bronchitis""]",GERD,"[""GERD"", ""Pericarditis"", ""Myocarditis"", ""Acute pulmonary edema"", ""Pneumonia"", ""Panic attack"", ""Chronic rhinosinusitis"", ""URTI"", ""Boerhaave"", ""Bronchiectasis""]",GERD,1.0,0.2949042106590132,False,,0.0,0.0,0,False,False,not_applicable,5,ddxplus_native_mlp_stop,"[""E_215"", ""E_98"", ""E_201"", ""E_217"", ""E_3""]",ddxplus_native_mlp_stop,True,GERD,"[""GERD"", ""Pericarditis"", ""Myocarditis"", ""Acute pulmonary edema"", ""Pneumonia""]",1.0,0.9999999991614839,4.598720044074045e-09,False,0,0,1.1609233685272105,3,False,1.0,5,True,ddxplus_native_mlp_stop,True,True,True,1,1,False,4909,220,5,True
ddxplus,test:131977,5,ddxplus_native_structured_root_driver,GERD,GERD,"[""GERD"", ""Pericarditis"", ""Acute pulmonary edema"", ""URTI"", ""Viral pharyngitis"", ""Allergic sinusitis"", ""Anemia"", ""Acute dystonic reactions"", ""Myocarditis"", ""Bronchitis""]",GERD,"[""GERD"", ""Pericarditis"", ""Myocarditis"", ""Acute pulmonary edema"", ""Panic attack"", ""Boerhaave"", ""Pneumonia"", ""Chronic rhinosinusitis"", ""Atrial fibrillation"", ""URTI""]",GERD,1.0,0.34923572853132334,False,,0.0,0.0,0,False,False,not_applicable,3,ddxplus_native_mlp_stop,"[""E_215"", ""E_98"", ""E_217""]",ddxplus_native_mlp_stop,True,GERD,"[""GERD"", ""Pericarditis"", ""Myocarditis"", ""Acute pulmonary edema"", ""Panic attack""]",1.0,0.9999999699359243,1.3949176331729479e-07,False,0,0,1.2046617350764275,3,False,1.0,3,True,ddxplus_native_mlp_stop,True,True,True,1,1,False,2962,132,3,True
ddxplus,test:131977,10,ddxplus_native_structured_root_driver,GERD,GERD,"[""GERD"", ""Pericarditis"", ""URTI"", ""Viral pharyngitis"", ""Allergic sinusitis"", ""Bronchitis"", ""Bronchospasm / acute asthma exacerbation"", ""Anemia"", ""Acute dystonic reactions"", ""Myocarditis""]",GERD,"[""GERD"", ""Pericarditis"", ""Myocarditis"", ""Pneumonia"", ""Acute pulmonary edema"", ""Panic attack"", ""Chronic rhinosinusitis"", ""Boerhaave"", ""URTI"", ""Bronchiectasis""]",GERD,1.0,0.3121391238459498,False,,0.0,0.0,0,False,False,not_applicable,4,ddxplus_native_mlp_stop,"[""E_215"", ""E_98"", ""E_201"", ""E_217""]",ddxplus_native_mlp_stop,True,GERD,"[""GERD"", ""Pericarditis"", ""Myocarditis"", ""Pneumonia"", ""Acute pulmonary edema""]",1.0,0.999999999476208,2.9340818097699473e-09,False,0,0,1.206719146695466,3,False,1.0,4,True,ddxplus_native_mlp_stop,True,True,True,1,1,False,3943,171,4,True
ddxplus,test:131977,15,ddxplus_native_structured_root_driver,GERD,GERD,"[""GERD"", ""Pericarditis"", ""URTI"", ""Acute pulmonary edema"", ""Viral pharyngitis"", ""Allergic sinusitis"", ""Bronchospasm / acute asthma exacerbation"", ""Anemia"", ""Acute dystonic reactions"", ""Bronchitis""]",GERD,"[""GERD"", ""Pericarditis"", ""Myocarditis"", ""Pneumonia"", ""Acute pulmonary edema"", ""Panic attack"", ""Chronic rhinosinusitis"", ""Boerhaave"", ""URTI"", ""Bronchiectasis""]",GERD,1.0,0.2949042106590132,False,,0.0,0.0,0,False,False,not_applicable,5,ddxplus_native_mlp_stop,"[""E_215"", ""E_98"", ""E_217"", ""E_3"", ""E_201""]",ddxplus_native_mlp_stop,True,GERD,"[""GERD"", ""Pericarditis"", ""Myocarditis"", ""Pneumonia"", ""Acute pulmonary edema""]",1.0,0.999999999476208,2.9340818097699473e-09,False,0,0,1.1609233685272105,3,False,1.0,5,True,ddxplus_native_mlp_stop,True,True,True,1,1,False,4996,220,5,True
ddxplus,test:85049,5,ddxplus_native_structured_root_driver,Influenza,Influenza,"[""Influenza"", ""HIV (initial infection)"", ""URTI"", ""Anemia"", ""Bronchitis"", ""Viral pharyngitis"", ""Bronchiectasis"", ""Bronchospasm / acute asthma exacerbation"", ""Allergic sinusitis"", ""Acute COPD exacerbation / infection""]",Influenza,"[""Influenza"", ""HIV (initial infection)"", ""Pneumonia"", ""Anemia"", ""URTI"", ""SLE"", ""Inguinal hernia"", ""Bronchitis"", ""Possible NSTEMI / STEMI"", ""Pancreatic neoplasm""]",Anemia,1.0,0.01307110928385713,False,,0.0,0.0,0,False,False,not_applicable,3,ddxplus_native_mlp_stop,"[""E_77"", ""E_88"", ""E_227""]",ddxplus_native_mlp_stop,True,Influenza,"[""Influenza"", ""HIV (initial infection)"", ""Pneumonia"", ""Anemia"", ""URTI""]",0.9816246628761292,0.9679707484319806,0.02637754816560777,True,1,2,1.6636770391208535,4,False,0.9816246628761292,5,False,budget_exhausted_forced_final,True,True,True,1,2,True,5266,406,6,True
ddxplus,test:85049,10,ddxplus_native_structured_root_driver,Influenza,Influenza,"[""Influenza"", ""HIV (initial infection)"", ""Pneumonia"", ""URTI"", ""Viral pharyngitis"", ""Bronchitis"", ""Acute otitis media"", ""Anemia"", ""Allergic sinusitis"", ""Bronchiectasis""]",Influenza,"[""Influenza"", ""Pneumonia"", ""HIV (initial infection)"", ""URTI"", ""Anemia"", ""Bronchitis"", ""Acute otitis media"", ""Allergic sinusitis"", ""Chronic rhinosinusitis"", ""Viral pharyngitis""]",URTI,1.0,0.13994230302120825,False,,0.0,0.0,0,False,False,not_applicable,4,ddxplus_native_mlp_stop,"[""E_77"", ""E_88"", ""E_227"", ""E_181""]",ddxplus_native_mlp_stop,True,Influenza,"[""Influenza"", ""Pneumonia"", ""HIV (initial infection)"", ""URTI"", ""Anemia""]",0.9951608777046204,0.9904417442157865,0.00802717668170638,True,2,4,1.7711720118745562,5,False,0.9951608777046204,8,True,ddxplus_native_mlp_stop,True,True,True,1,2,True,9169,735,10,True
ddxplus,test:85049,15,ddxplus_native_structured_root_driver,Influenza,Influenza,"[""Influenza"", ""Pneumonia"", ""URTI"", ""Viral pharyngitis"", ""Bronchitis"", ""HIV (initial infection)"", ""Acute otitis media"", ""Anemia"", ""Allergic sinusitis"", ""Bronchiectasis""]",Influenza,"[""Influenza"", ""Pneumonia"", ""HIV (initial infection)"", ""URTI"", ""Anemia"", ""Bronchitis"", ""Acute otitis media"", ""Allergic sinusitis"", ""Chronic rhinosinusitis"", ""Viral pharyngitis""]",URTI,1.0,0.11283807634836884,False,,0.0,0.0,0,False,False,not_applicable,5,ddxplus_native_mlp_stop,"[""E_77"", ""E_88"", ""E_227"", ""E_181"", ""E_118""]",ddxplus_native_mlp_stop,True,Influenza,"[""Influenza"", ""Pneumonia"", ""HIV (initial infection)"", ""URTI"", ""Anemia""]",0.9951608777046204,0.9904417442157865,0.00802717668170638,True,2,4,2.7605789294469743,5,False,0.9951608777046204,9,True,ddxplus_native_mlp_stop,True,True,True,1,2,True,10391,781,11,True
ddxplus,test:84477,5,ddxplus_native_structured_root_driver,Pulmonary embolism,Pulmonary embolism,"[""Pulmonary embolism"", ""Pericarditis"", ""Anaphylaxis"", ""Anemia"", ""Bronchitis"", ""Bronchospasm / acute asthma exacerbation"", ""URTI"", ""Viral pharyngitis"", ""Acute dystonic reactions"", ""Epiglottitis""]",Pulmonary embolism,"[""Pulmonary embolism"", ""Pericarditis"", ""Pneumonia"", ""Spontaneous pneumothorax"", ""Spontaneous rib fracture"", ""Anaphylaxis"", ""Acute pulmonary edema"", ""SLE"", ""Bronchitis"", ""Anemia""]",Pericarditis,1.0,0.004823492652915484,False,,0.0,0.0,0,False,False,not_applicable,5,budget_exhausted,"[""E_214"", ""E_53"", ""E_220"", ""E_196"", ""E_151""]",budget_exhausted,True,Pulmonary embolism,"[""Pulmonary embolism"", ""Pericarditis"", ""Pneumonia"", ""Spontaneous pneumothorax"", ""Spontaneous rib fracture""]",0.997246265411377,0.996114638634026,0.005785283057854578,False,0,0,0.9201773987716497,3,False,0.997246265411377,5,False,budget_exhausted_forced_final,True,True,True,1,11,True,4832,232,5,True
ddxplus,test:84477,10,ddxplus_native_structured_root_driver,Pulmonary embolism,Pulmonary embolism,"[""Pulmonary embolism"", ""Pericarditis"", ""Bronchitis"", ""Pneumonia"", ""Anaphylaxis"", ""Anemia"", ""Bronchospasm / acute asthma exacerbation"", ""URTI"", ""Viral pharyngitis"", ""Acute dystonic reactions""]",Pulmonary embolism,"[""Pulmonary embolism"", ""Pericarditis"", ""Pneumonia"", ""Spontaneous pneumothorax"", ""Spontaneous rib fracture"", ""Anaphylaxis"", ""Acute pulmonary edema"", ""SLE"", ""Bronchitis"", ""Anemia""]",Pericarditis,1.0,0.004823492652915484,False,,0.0,0.0,0,False,False,not_applicable,5,ddxplus_native_mlp_stop,"[""E_214"", ""E_53"", ""E_220"", ""E_196"", ""E_151""]",ddxplus_native_mlp_stop,True,Pulmonary embolism,"[""Pulmonary embolism"", ""Pericarditis"", ""Pneumonia"", ""Spontaneous pneumothorax"", ""Spontaneous rib fracture""]",0.997246265411377,0.996114638634026,0.005785283057854578,True,2,4,1.2594631130573641,5,False,0.997246265411377,9,True,ddxplus_native_mlp_stop,True,True,True,1,11,True,10349,770,11,True
ddxplus,test:84477,15,ddxplus_native_structured_root_driver,Pulmonary embolism,Pulmonary embolism,"[""Pulmonary embolism"", ""Pericarditis"", ""Bronchitis"", ""Pneumonia"", ""Anaphylaxis"", ""Anemia"", ""Bronchospasm / acute asthma exacerbation"", ""URTI"", ""Viral pharyngitis"", ""Acute dystonic reactions""]",Pulmonary embolism,"[""Pulmonary embolism"", ""Pericarditis"", ""Pneumonia"", ""Spontaneous pneumothorax"", ""Spontaneous rib fracture"", ""Anaphylaxis"", ""Acute pulmonary edema"", ""SLE"", ""Bronchitis"", ""Anemia""]",Pericarditis,1.0,0.004823492652915484,False,,0.0,0.0,0,False,False,not_applicable,5,ddxplus_native_mlp_stop,"[""E_214"", ""E_53"", ""E_220"", ""E_196"", ""E_151""]",ddxplus_native_mlp_stop,True,Pulmonary embolism,"[""Pulmonary embolism"", ""Pericarditis"", ""Pneumonia"", ""Spontaneous pneumothorax"", ""Spontaneous rib fracture""]",0.997246265411377,0.996114638634026,0.005785283057854578,True,2,4,1.2594631130573641,5,False,0.997246265411377,9,True,ddxplus_native_mlp_stop,True,True,True,1,11,True,10345,767,11,True
ddxplus,test:74894,5,ddxplus_native_structured_root_driver,Sarcoidosis,Sarcoidosis,"[""Sarcoidosis"", ""Anemia"", ""URTI"", ""Acute dystonic reactions"", ""Viral pharyngitis"", ""Atrial fibrillation"", ""Chagas"", ""Allergic sinusitis"", ""GERD"", ""Guillain-Barr\u00e9 syndrome""]",Sarcoidosis,"[""Sarcoidosis"", ""Chagas"", ""HIV (initial infection)"", ""Anemia"", ""Inguinal hernia"", ""Acute dystonic reactions"", ""Epiglottitis"", ""SLE"", ""Myocarditis"", ""Boerhaave""]",Sarcoidosis,1.0,0.05283501011671188,False,,0.0,0.0,0,False,False,not_applicable,3,ddxplus_native_mlp_stop,"[""E_198"", ""E_70"", ""E_74""]",ddxplus_native_mlp_stop,True,Sarcoidosis,"[""Sarcoidosis"", ""Chagas"", ""HIV (initial infection)"", ""Anemia"", ""Inguinal hernia""]",0.9999997615814209,0.9999995684130596,1.276606381436975e-06,False,0,0,1.5111576014666195,3,False,0.9999997615814209,3,True,ddxplus_native_mlp_stop,True,True,True,1,1,False,2885,139,3,True
ddxplus,test:74894,10,ddxplus_native_structured_root_driver,Sarcoidosis,Sarcoidosis,"[""Sarcoidosis"", ""Anemia"", ""URTI"", ""Acute dystonic reactions"", ""Chagas"", ""Viral pharyngitis"", ""Atrial fibrillation"", ""Allergic sinusitis"", ""GERD"", ""Guillain-Barr\u00e9 syndrome""]",Sarcoidosis,"[""Sarcoidosis"", ""Chagas"", ""Anemia"", ""HIV (initial infection)"", ""Epiglottitis"", ""Acute dystonic reactions"", ""SLE"", ""Boerhaave"", ""Myasthenia gravis"", ""Myocarditis""]",Sarcoidosis,1.0,0.08835326926354858,False,,0.0,0.0,0,False,False,not_applicable,4,ddxplus_native_mlp_stop,"[""E_198"", ""E_70"", ""E_74"", ""E_163""]",ddxplus_native_mlp_stop,True,Sarcoidosis,"[""Sarcoidosis"", ""Chagas"", ""Anemia"", ""HIV (initial infection)"", ""Epiglottitis""]",0.9916672110557556,0.9892616043798625,0.016390533262514828,False,0,0,1.4298156780842795,3,False,0.9916672110557556,4,True,ddxplus_native_mlp_stop,True,True,True,1,1,False,3913,184,4,True
ddxplus,test:74894,15,ddxplus_native_structured_root_driver,Sarcoidosis,Epiglottitis,"[""Epiglottitis"", ""Anemia"", ""Pericarditis"", ""URTI"", ""Sarcoidosis"", ""Viral pharyngitis"", ""Anaphylaxis"", ""GERD"", ""HIV (initial infection)"", ""Bronchospasm / acute asthma exacerbation""]",Epiglottitis,"[""Epiglottitis"", ""Panic attack"", ""PSVT"", ""Anemia"", ""Pericarditis"", ""Boerhaave"", ""Pulmonary embolism"", ""Acute otitis media"", ""Acute laryngitis"", ""Possible NSTEMI / STEMI""]",URTI,1.0,0.08633904200361187,False,,0.0,0.0,0,False,False,not_applicable,15,budget_exhausted,"[""E_198"", ""E_70"", ""E_74"", ""E_163"", ""E_9"", ""E_172"", ""E_24"", ""E_208"", ""E_151"", ""E_41"", ""E_3"", ""E_217"", ""E_129"", ""E_201"", ""E_25""]",budget_exhausted,True,Epiglottitis,"[""Epiglottitis"", ""Panic attack"", ""PSVT"", ""Anemia"", ""Pericarditis""]",0.3159559369087219,0.08591537177562714,0.5780684313484137,False,0,0,0.2497060550215371,2,False,0.3159559369087219,15,False,budget_exhausted_forced_final,False,False,True,5,1,False,16416,696,15,True
ddxplus,test:108479,5,ddxplus_native_structured_root_driver,Scombroid food poisoning,Scombroid food poisoning,"[""Scombroid food poisoning"", ""URTI"", ""Pericarditis"", ""Viral pharyngitis"", ""Bronchitis"", ""Atrial fibrillation"", ""Anemia"", ""PSVT"", ""Acute otitis media"", ""Acute laryngitis""]",Scombroid food poisoning,"[""Scombroid food poisoning"", ""Anaphylaxis"", ""Pneumonia"", ""Panic attack"", ""HIV (initial infection)"", ""Bronchospasm / acute asthma exacerbation"", ""Pancreatic neoplasm"", ""SLE"", ""Bronchitis"", ""Influenza""]",URTI,1.0,0.0014085247961043157,False,,0.0,0.0,0,False,False,not_applicable,4,ddxplus_native_mlp_stop,"[""E_53"", ""E_164"", ""E_187"", ""E_92""]",ddxplus_native_mlp_stop,True,Scombroid food poisoning,"[""Scombroid food poisoning"", ""Anaphylaxis"", ""Pneumonia"", ""Panic attack"", ""HIV (initial infection)""]",0.9998987913131714,0.9998328268557088,0.00029620614078738585,False,0,0,1.4988377571227265,3,False,0.9998987913131714,4,True,ddxplus_native_mlp_stop,True,True,True,1,5,True,3973,197,4,True
ddxplus,test:108479,10,ddxplus_native_structured_root_driver,Scombroid food poisoning,Scombroid food poisoning,"[""Scombroid food poisoning"", ""Anaphylaxis"", ""Pneumonia"", ""Bronchitis"", ""Pericarditis"", ""Acute laryngitis"", ""Atrial fibrillation"", ""URTI"", ""Viral pharyngitis"", ""Bronchospasm / acute asthma exacerbation""]",Scombroid food poisoning,"[""Scombroid food poisoning"", ""Anaphylaxis"", ""Pneumonia"", ""Panic attack"", ""HIV (initial infection)"", ""Bronchospasm / acute asthma exacerbation"", ""Pancreatic neoplasm"", ""SLE"", ""Bronchitis"", ""Influenza""]",URTI,1.0,0.0014085247961043157,False,,0.0,0.0,0,False,False,not_applicable,4,ddxplus_native_mlp_stop,"[""E_53"", ""E_164"", ""E_187"", ""E_92""]",ddxplus_native_mlp_stop,True,Scombroid food poisoning,"[""Scombroid food poisoning"", ""Anaphylaxis"", ""Pneumonia"", ""Panic attack"", ""HIV (initial infection)""]",0.9998987913131714,0.9998328268557088,0.00029620614078738585,True,2,4,1.061873471408441,5,False,0.9998987913131714,8,True,ddxplus_native_mlp_stop,True,True,True,1,5,True,9383,815,10,True
ddxplus,test:108479,15,ddxplus_native_structured_root_driver,Scombroid food poisoning,Scombroid food poisoning,"[""Scombroid food poisoning"", ""Panic attack"", ""Pneumonia"", ""Anaphylaxis"", ""URTI"", ""Pericarditis"", ""PSVT"", ""Viral pharyngitis"", ""Bronchospasm / acute asthma exacerbation"", ""Atrial fibrillation""]",Scombroid food poisoning,"[""Scombroid food poisoning"", ""Panic attack"", ""Pneumonia"", ""Anaphylaxis"", ""HIV (initial infection)"", ""Bronchospasm / acute asthma exacerbation"", ""Pancreatic neoplasm"", ""SLE"", ""Bronchitis"", ""Influenza""]",URTI,1.0,0.01186084198349846,False,,0.0,0.0,0,False,False,not_applicable,5,ddxplus_native_mlp_stop,"[""E_53"", ""E_164"", ""E_187"", ""E_92"", ""E_151""]",ddxplus_native_mlp_stop,True,Scombroid food poisoning,"[""Scombroid food poisoning"", ""Panic attack"", ""Pneumonia"", ""Anaphylaxis"", ""HIV (initial infection)""]",0.9999594688415527,0.999947385633277,0.00013238754756422853,True,2,4,1.2062114262220307,5,False,0.9999594688415527,9,True,ddxplus_native_mlp_stop,True,True,True,1,5,True,10768,813,11,True
ddxplus,test:121730,5,ddxplus_native_structured_root_driver,Spontaneous rib fracture,Acute otitis media,"[""Acute otitis media"", ""Viral pharyngitis"", ""URTI"", ""Bronchitis"", ""GERD"", ""Pneumonia"", ""Anemia"", ""Anaphylaxis"", ""Bronchospasm / acute asthma exacerbation"", ""Bronchiectasis""]",Acute otitis media,"[""Acute otitis media"", ""Acute laryngitis"", ""Viral pharyngitis"", ""Bronchitis"", ""URTI"", ""Chronic rhinosinusitis"", ""Acute rhinosinusitis"", ""GERD"", ""Spontaneous rib fracture"", ""Pancreatic neoplasm""]",URTI,1.0,0.10487788622013716,False,,0.0,0.0,0,False,False,not_applicable,5,budget_exhausted,"[""E_53"", ""E_41"", ""E_124"", ""E_77"", ""E_129""]",budget_exhausted,True,Acute otitis media,"[""Acute otitis media"", ""Acute laryngitis"", ""Viral pharyngitis"", ""Bronchitis"", ""URTI""]",0.25567567348480225,0.026217743754386902,0.6120791378242011,False,0,0,0.14005546136245717,2,False,0.25567567348480225,5,False,budget_exhausted_forced_final,False,False,False,11,11,False,4740,216,5,True
ddxplus,test:121730,10,ddxplus_native_structured_root_driver,Spontaneous rib fracture,Spontaneous rib fracture,"[""Spontaneous rib fracture"", ""Bronchitis"", ""URTI"", ""Viral pharyngitis"", ""Pneumonia"", ""Acute otitis media"", ""GERD"", ""Bronchospasm / acute asthma exacerbation"", ""Anemia"", ""Acute laryngitis""]",Spontaneous rib fracture,"[""Spontaneous rib fracture"", ""Acute otitis media"", ""Bronchitis"", ""GERD"", ""Acute rhinosinusitis"", ""Chronic rhinosinusitis"", ""Viral pharyngitis"", ""Pericarditis"", ""Pneumonia"", ""Pancreatic neoplasm""]",URTI,1.0,0.12696006871769527,True,,0.0,0.0,0,False,False,not_applicable,7,ddxplus_native_mlp_stop,"[""E_53"", ""E_41"", ""E_124"", ""E_77"", ""E_129"", ""E_212"", ""E_216""]",ddxplus_native_mlp_stop,True,Spontaneous rib fracture,"[""Spontaneous rib fracture"", ""Acute otitis media"", ""Bronchitis"", ""GERD"", ""Acute rhinosinusitis""]",0.9970410466194153,0.9956977061228827,0.006730638263464045,True,2,3,1.9721080656408416,4,False,0.9970410466194153,10,False,budget_exhausted_forced_final,True,True,True,1,11,True,12853,789,12,True
ddxplus,test:121730,15,ddxplus_native_structured_root_driver,Spontaneous rib fracture,Spontaneous rib fracture,"[""Spontaneous rib fracture"", ""Bronchitis"", ""Pneumonia"", ""URTI"", ""Viral pharyngitis"", ""Acute laryngitis"", ""GERD"", ""Anemia"", ""Anaphylaxis"", ""Influenza""]",Spontaneous rib fracture,"[""Spontaneous rib fracture"", ""GERD"", ""Pneumonia"", ""Bronchitis"", ""Acute otitis media"", ""Acute rhinosinusitis"", ""Chronic rhinosinusitis"", ""Bronchiectasis"", ""Pericarditis"", ""Pulmonary embolism""]",URTI,1.0,0.11886174813735073,False,,0.0,0.0,0,False,False,not_applicable,7,ddxplus_native_mlp_stop,"[""E_53"", ""E_41"", ""E_77"", ""E_120"", ""E_129"", ""E_212"", ""E_216""]",ddxplus_native_mlp_stop,True,Spontaneous rib fracture,"[""Spontaneous rib fracture"", ""GERD"", ""Pneumonia"", ""Bronchitis"", ""Acute otitis media""]",0.9995566010475159,0.9994414277680335,0.0012461324441421142,True,2,4,2.0201333285389222,4,False,0.9995566010475159,11,True,ddxplus_native_mlp_stop,True,True,True,1,11,True,13653,862,13,True
ddxplus,test:19594,5,ddxplus_native_structured_root_driver,Pancreatic neoplasm,Pancreatic neoplasm,"[""Pancreatic neoplasm"", ""Anemia"", ""Possible NSTEMI / STEMI"", ""Unstable angina"", ""Bronchospasm / acute asthma exacerbation"", ""URTI"", ""SLE"", ""Atrial fibrillation"", ""Viral pharyngitis"", ""Allergic sinusitis""]",Pancreatic neoplasm,"[""Pancreatic neoplasm"", ""SLE"", ""Pulmonary neoplasm"", ""Possible NSTEMI / STEMI"", ""Unstable angina"", ""Anemia"", ""Stable angina"", ""Influenza"", ""Inguinal hernia"", ""HIV (initial infection)""]",Anemia,1.0,0.2336075738905593,False,,0.0,0.0,0,False,False,not_applicable,4,ddxplus_native_mlp_stop,"[""E_24"", ""E_105"", ""E_208"", ""E_223""]",ddxplus_native_mlp_stop,True,Pancreatic neoplasm,"[""Pancreatic neoplasm"", ""SLE"", ""Pulmonary neoplasm"", ""Possible NSTEMI / STEMI"", ""Unstable angina""]",0.9467166066169739,0.9316800599917769,0.07905124716561206,False,0,0,1.0111836785878308,3,False,0.9467166066169739,4,True,ddxplus_native_mlp_stop,True,True,True,1,5,True,3838,180,4,True
ddxplus,test:19594,10,ddxplus_native_structured_root_driver,Pancreatic neoplasm,Pancreatic neoplasm,"[""Pancreatic neoplasm"", ""Possible NSTEMI / STEMI"", ""SLE"", ""Anemia"", ""Pulmonary neoplasm"", ""Bronchospasm / acute asthma exacerbation"", ""Unstable angina"", ""URTI"", ""Viral pharyngitis"", ""Atrial fibrillation""]",Pancreatic neoplasm,"[""Pancreatic neoplasm"", ""SLE"", ""Pulmonary neoplasm"", ""Possible NSTEMI / STEMI"", ""Unstable angina"", ""Anemia"", ""Stable angina"", ""Influenza"", ""Inguinal hernia"", ""HIV (initial infection)""]",Anemia,1.0,0.2336075738905593,False,,0.0,0.0,0,False,False,not_applicable,4,ddxplus_native_mlp_stop,"[""E_24"", ""E_105"", ""E_208"", ""E_223""]",ddxplus_native_mlp_stop,True,Pancreatic neoplasm,"[""Pancreatic neoplasm"", ""SLE"", ""Pulmonary neoplasm"", ""Possible NSTEMI / STEMI"", ""Unstable angina""]",0.9467166066169739,0.9316800599917769,0.07905124716561206,True,2,4,3.059297239278936,5,False,0.9467166066169739,8,True,ddxplus_native_mlp_stop,True,True,True,1,5,True,9492,772,10,True
ddxplus,test:19594,15,ddxplus_native_structured_root_driver,Pancreatic neoplasm,Pancreatic neoplasm,"[""Pancreatic neoplasm"", ""Possible NSTEMI / STEMI"", ""Pulmonary neoplasm"", ""URTI"", ""Bronchospasm / acute asthma exacerbation"", ""Anemia"", ""Influenza"", ""Viral pharyngitis"", ""Allergic sinusitis"", ""Unstable angina""]",Pancreatic neoplasm,"[""Pancreatic neoplasm"", ""Pulmonary neoplasm"", ""Influenza"", ""SLE"", ""Possible NSTEMI / STEMI"", ""HIV (initial infection)"", ""Unstable angina"", ""Inguinal hernia"", ""Pneumonia"", ""GERD""]",Anemia,1.0,0.24792513453726717,False,,0.0,0.0,0,False,False,not_applicable,5,ddxplus_native_mlp_stop,"[""E_24"", ""E_105"", ""E_208"", ""E_223"", ""E_188""]",ddxplus_native_mlp_stop,True,Pancreatic neoplasm,"[""Pancreatic neoplasm"", ""Pulmonary neoplasm"", ""Influenza"", ""SLE"", ""Possible NSTEMI / STEMI""]",0.9999924898147583,0.9999872318139751,2.6870703442171488e-05,True,2,4,3.232424212725999,5,False,0.9999924898147583,9,True,ddxplus_native_mlp_stop,True,True,True,1,5,True,10820,816,11,True
ddxplus,test:77917,5,ddxplus_native_structured_root_driver,Ebola,Ebola,"[""Ebola"", ""URTI"", ""HIV (initial infection)"", ""Viral pharyngitis"", ""Bronchitis"", ""Anemia"", ""Bronchospasm / acute asthma exacerbation"", ""Acute otitis media"", ""Allergic sinusitis"", ""Acute laryngitis""]",Ebola,"[""Ebola"", ""HIV (initial infection)"", ""URTI"", ""Myasthenia gravis"", ""Acute dystonic reactions"", ""Chagas"", ""Bronchitis"", ""Tuberculosis"", ""Influenza"", ""Guillain-Barr\u00e9 syndrome""]",URTI,1.0,0.021967709716927408,False,,0.0,0.0,0,False,False,not_applicable,3,ddxplus_native_mlp_stop,"[""E_178"", ""E_73"", ""E_41""]",ddxplus_native_mlp_stop,True,Ebola,"[""Ebola"", ""HIV (initial infection)"", ""URTI"", ""Myasthenia gravis"", ""Acute dystonic reactions""]",0.998216450214386,0.9972560834721662,0.003927427452809851,True,1,2,1.9822041736884846,4,False,0.998216450214386,5,False,budget_exhausted_forced_final,True,True,True,1,1,False,5368,412,6,True
ddxplus,test:77917,10,ddxplus_native_structured_root_driver,Ebola,Ebola,"[""Ebola"", ""Anemia"", ""URTI"", ""Bronchitis"", ""Viral pharyngitis"", ""Bronchospasm / acute asthma exacerbation"", ""Acute dystonic reactions"", ""Myasthenia gravis"", ""Acute otitis media"", ""Pericarditis""]",Ebola,"[""Ebola"", ""Myasthenia gravis"", ""Acute dystonic reactions"", ""HIV (initial infection)"", ""Guillain-Barr\u00e9 syndrome"", ""URTI"", ""Scombroid food poisoning"", ""Chagas"", ""Tuberculosis"", ""Bronchiectasis""]",URTI,1.0,0.019598685028172858,False,,0.0,0.0,0,False,False,not_applicable,4,ddxplus_native_mlp_stop,"[""E_178"", ""E_53"", ""E_41"", ""E_73""]",ddxplus_native_mlp_stop,True,Ebola,"[""Ebola"", ""Myasthenia gravis"", ""Acute dystonic reactions"", ""HIV (initial infection)"", ""Guillain-Barr\u00e9 syndrome""]",0.9996942281723022,0.9995180172845721,0.0008138341576718152,True,2,4,2.179102191850416,4,False,0.9996942281723022,8,True,ddxplus_native_mlp_stop,True,True,True,1,1,False,9137,772,10,True
ddxplus,test:77917,15,ddxplus_native_structured_root_driver,Ebola,Ebola,"[""Ebola"", ""Anemia"", ""URTI"", ""Acute dystonic reactions"", ""Viral pharyngitis"", ""Bronchitis"", ""Bronchospasm / acute asthma exacerbation"", ""Anaphylaxis"", ""Myasthenia gravis"", ""Guillain-Barr\u00e9 syndrome""]",Ebola,"[""Ebola"", ""Acute dystonic reactions"", ""Myasthenia gravis"", ""Guillain-Barr\u00e9 syndrome"", ""HIV (initial infection)"", ""Scombroid food poisoning"", ""URTI"", ""Chagas"", ""Panic attack"", ""Anaphylaxis""]",URTI,1.0,0.03601437372204941,False,,0.0,0.0,0,False,False,not_applicable,5,ddxplus_native_mlp_stop,"[""E_73"", ""E_178"", ""E_41"", ""E_53"", ""E_201""]",ddxplus_native_mlp_stop,True,Ebola,"[""Ebola"", ""Acute dystonic reactions"", ""Myasthenia gravis"", ""Guillain-Barr\u00e9 syndrome"", ""HIV (initial infection)""]",0.9987373948097229,0.9980937166255899,0.002830796413679317,True,2,4,2.2029631875879314,4,False,0.9987373948097229,9,True,ddxplus_native_mlp_stop,True,True,True,1,1,False,10452,817,11,True
ddxplus,test:32845,5,ddxplus_native_structured_root_driver,SLE,Possible NSTEMI / STEMI,"[""Possible NSTEMI / STEMI"", ""Bronchitis"", ""Anemia"", ""Pericarditis"", ""Viral pharyngitis"", ""URTI"", ""Bronchospasm / acute asthma exacerbation"", ""Atrial fibrillation"", ""Pulmonary embolism"", ""Anaphylaxis""]",Possible NSTEMI / STEMI,"[""Possible NSTEMI / STEMI"", ""Bronchitis"", ""Anemia"", ""Stable angina"", ""Boerhaave"", ""Epiglottitis"", ""Unstable angina"", ""Pulmonary neoplasm"", ""PSVT"", ""Viral pharyngitis""]",Anemia,1.0,0.051083675349261726,False,,0.0,0.0,0,False,False,not_applicable,5,budget_exhausted,"[""E_53"", ""E_220"", ""E_105"", ""E_24"", ""E_208""]",budget_exhausted,True,Possible NSTEMI / STEMI,"[""Possible NSTEMI / STEMI"", ""Bronchitis"", ""Anemia"", ""Stable angina"", ""Boerhaave""]",0.10963167250156403,0.008447900414466858,0.8114577329327288,False,0,0,0.5974531275556869,3,False,0.10963167250156403,5,False,budget_exhausted_forced_final,False,False,False,11,11,False,4855,240,5,True
ddxplus,test:32845,10,ddxplus_native_structured_root_driver,SLE,Epiglottitis,"[""Epiglottitis"", ""Anemia"", ""Possible NSTEMI / STEMI"", ""Unstable angina"", ""URTI"", ""Bronchospasm / acute asthma exacerbation"", ""Atrial fibrillation"", ""Viral pharyngitis"", ""Pericarditis"", ""Bronchitis""]",Epiglottitis,"[""Epiglottitis"", ""Stable angina"", ""Anemia"", ""Boerhaave"", ""Possible NSTEMI / STEMI"", ""Sarcoidosis"", ""PSVT"", ""Panic attack"", ""Pulmonary neoplasm"", ""Unstable angina""]",Anemia,1.0,0.04866550425244953,False,,0.0,0.0,0,False,False,not_applicable,10,budget_exhausted,"[""E_214"", ""E_53"", ""E_69"", ""E_105"", ""E_24"", ""E_220"", ""E_208"", ""E_41"", ""E_71"", ""E_104""]",budget_exhausted,True,Epiglottitis,"[""Epiglottitis"", ""Stable angina"", ""Anemia"", ""Boerhaave"", ""Possible NSTEMI / STEMI""]",0.13011054694652557,0.05441728234291077,0.8456211029576038,False,0,0,0.012205358097950425,2,False,0.13011054694652557,10,False,budget_exhausted_forced_final,False,False,False,11,11,False,10289,455,10,True
ddxplus,test:32845,15,ddxplus_native_structured_root_driver,SLE,Acute dystonic reactions,"[""Acute dystonic reactions"", ""Bronchitis"", ""Anemia"", ""Possible NSTEMI / STEMI"", ""URTI"", ""Pericarditis"", ""Acute pulmonary edema"", ""Pneumonia"", ""Anaphylaxis"", ""Viral pharyngitis""]",Acute dystonic reactions,"[""Acute dystonic reactions"", ""Bronchitis"", ""Boerhaave"", ""Anemia"", ""SLE"", ""Possible NSTEMI / STEMI"", ""Myasthenia gravis"", ""Sarcoidosis"", ""Pancreatic neoplasm"", ""Stable angina""]",Anemia,1.0,0.08979329906489464,False,,0.0,0.0,0,False,False,not_applicable,15,budget_exhausted,"[""E_53"", ""E_220"", ""E_105"", ""E_24"", ""E_208"", ""E_69"", ""E_71"", ""E_201"", ""E_194"", ""E_146"", ""E_175"", ""E_155"", ""E_55"", ""E_54"", ""E_57""]",budget_exhausted,True,Acute dystonic reactions,"[""Acute dystonic reactions"", ""Bronchitis"", ""Boerhaave"", ""Anemia"", ""SLE""]",0.25700750946998596,0.08892357349395752,0.6932990864887562,False,0,0,0.03612707636219592,2,False,0.25700750946998596,15,False,budget_exhausted_forced_final,False,False,False,11,11,False,16363,691,15,True
ddxplus,test:13189,5,ddxplus_native_structured_root_driver,Allergic sinusitis,Allergic sinusitis,"[""Allergic sinusitis"", ""Chronic rhinosinusitis"", ""URTI"", ""Bronchospasm / acute asthma exacerbation"", ""GERD"", ""Viral pharyngitis"", ""Anemia"", ""Anaphylaxis"", ""Acute otitis media"", ""Pericarditis""]",Allergic sinusitis,"[""Allergic sinusitis"", ""Chronic rhinosinusitis"", ""URTI"", ""Pneumonia"", ""Bronchiectasis"", ""Bronchospasm / acute asthma exacerbation"", ""Influenza"", ""Whooping cough"", ""Acute rhinosinusitis"", ""GERD""]",Allergic sinusitis,1.0,0.13182458854699752,False,,0.0,0.0,0,False,False,not_applicable,3,ddxplus_native_mlp_stop,"[""E_53"", ""E_169"", ""E_124""]",ddxplus_native_mlp_stop,True,Allergic sinusitis,"[""Allergic sinusitis"", ""Chronic rhinosinusitis"", ""URTI"", ""Pneumonia"", ""Bronchiectasis""]",1.0,0.9999999999848552,1.7689263952001963e-10,False,0,0,1.1614340004632897,3,False,1.0,3,True,ddxplus_native_mlp_stop,True,True,True,1,1,False,2792,130,3,True
ddxplus,test:13189,10,ddxplus_native_structured_root_driver,Allergic sinusitis,Allergic sinusitis,"[""Allergic sinusitis"", ""URTI"", ""Chronic rhinosinusitis"", ""Bronchospasm / acute asthma exacerbation"", ""Influenza"", ""GERD"", ""Viral pharyngitis"", ""Anemia"", ""Anaphylaxis"", ""Acute otitis media""]",Allergic sinusitis,"[""Allergic sinusitis"", ""URTI"", ""Chronic rhinosinusitis"", ""Pneumonia"", ""Bronchiectasis"", ""Bronchospasm / acute asthma exacerbation"", ""Influenza"", ""Whooping cough"", ""Acute rhinosinusitis"", ""GERD""]",Allergic sinusitis,1.0,0.2604878165388559,False,,0.0,0.0,0,False,False,not_applicable,4,ddxplus_native_mlp_stop,"[""E_53"", ""E_169"", ""E_124"", ""E_86""]",ddxplus_native_mlp_stop,True,Allergic sinusitis,"[""Allergic sinusitis"", ""URTI"", ""Chronic rhinosinusitis"", ""Pneumonia"", ""Bronchiectasis""]",1.0,0.999999999990133,1.7543681660745602e-10,False,0,0,1.1333902532310844,3,False,1.0,4,True,ddxplus_native_mlp_stop,True,True,True,1,1,False,3744,174,4,True
ddxplus,test:13189,15,ddxplus_native_structured_root_driver,Allergic sinusitis,Allergic sinusitis,"[""Allergic sinusitis"", ""Chronic rhinosinusitis"", ""URTI"", ""Bronchospasm / acute asthma exacerbation"", ""Acute rhinosinusitis"", ""Influenza"", ""GERD"", ""Anemia"", ""Viral pharyngitis"", ""Anaphylaxis""]",Allergic sinusitis,"[""Allergic sinusitis"", ""Chronic rhinosinusitis"", ""URTI"", ""Pneumonia"", ""Bronchiectasis"", ""Bronchospasm / acute asthma exacerbation"", ""Influenza"", ""Whooping cough"", ""Acute rhinosinusitis"", ""GERD""]",Allergic sinusitis,1.0,0.2691949904071963,False,,0.0,0.0,0,False,False,not_applicable,5,ddxplus_native_mlp_stop,"[""E_53"", ""E_169"", ""E_226"", ""E_86"", ""E_124""]",ddxplus_native_mlp_stop,True,Allergic sinusitis,"[""Allergic sinusitis"", ""Chronic rhinosinusitis"", ""URTI"", ""Pneumonia"", ""Bronchiectasis""]",1.0,0.9999999999864557,2.349304164729901e-10,False,0,0,1.2062483253142842,3,False,1.0,5,True,ddxplus_native_mlp_stop,True,True,True,1,1,False,4743,223,5,True
ddxplus,test:9155,5,ddxplus_native_structured_root_driver,URTI,Acute laryngitis,"[""Acute laryngitis"", ""Acute rhinosinusitis"", ""Acute otitis media"", ""URTI"", ""Viral pharyngitis"", ""Influenza"", ""Bronchitis"", ""Pneumonia"", ""Anemia"", ""Allergic sinusitis""]",Acute laryngitis,"[""Acute laryngitis"", ""Acute rhinosinusitis"", ""Acute otitis media"", ""Influenza"", ""Pneumonia"", ""Viral pharyngitis"", ""Bronchitis"", ""URTI"", ""HIV (initial infection)"", ""Tuberculosis""]",URTI,1.0,0.09759751089453805,False,,0.0,0.0,0,False,False,not_applicable,5,budget_exhausted,"[""E_41"", ""E_181"", ""E_201"", ""E_53"", ""E_77""]",budget_exhausted,True,Acute laryngitis,"[""Acute laryngitis"", ""Acute rhinosinusitis"", ""Acute otitis media"", ""Influenza"", ""Pneumonia""]",0.28963491320610046,0.11769068241119385,0.5331340108162564,False,0,0,0.6958471492619276,3,False,0.28963491320610046,5,False,budget_exhausted_forced_final,False,False,True,4,2,False,4801,223,5,True
ddxplus,test:9155,10,ddxplus_native_structured_root_driver,URTI,Bronchitis,"[""Bronchitis"", ""Pneumonia"", ""URTI"", ""Acute otitis media"", ""Acute laryngitis"", ""Viral pharyngitis"", ""Influenza"", ""Anemia"", ""Epiglottitis"", ""Bronchiectasis""]",Bronchitis,"[""Bronchitis"", ""Pneumonia"", ""Acute otitis media"", ""Acute rhinosinusitis"", ""URTI"", ""Acute laryngitis"", ""GERD"", ""Spontaneous rib fracture"", ""Influenza"", ""Tuberculosis""]",URTI,1.0,0.08025001347488914,False,,0.0,0.0,0,False,False,not_applicable,10,budget_exhausted,"[""E_41"", ""E_181"", ""E_201"", ""E_53"", ""E_77"", ""E_212"", ""E_94"", ""E_120"", ""E_45"", ""E_123""]",budget_exhausted,True,Bronchitis,"[""Bronchitis"", ""Pneumonia"", ""Acute otitis media"", ""Acute rhinosinusitis"", ""URTI""]",0.2662436068058014,0.09864309430122375,0.6271036325035169,False,0,0,0.7827034591503343,3,False,0.2662436068058014,10,False,budget_exhausted_forced_final,False,True,True,3,2,False,10165,440,10,True
ddxplus,test:9155,15,ddxplus_native_structured_root_driver,URTI,URTI,"[""URTI"", ""Influenza"", ""Bronchitis"", ""Pneumonia"", ""Viral pharyngitis"", ""Acute laryngitis"", ""Anaphylaxis"", ""Anemia"", ""Bronchospasm / acute asthma exacerbation"", ""Epiglottitis""]",URTI,"[""URTI"", ""Influenza"", ""Bronchitis"", ""HIV (initial infection)"", ""Pneumonia"", ""Acute otitis media"", ""Ebola"", ""Tuberculosis"", ""GERD"", ""Acute laryngitis""]",URTI,1.0,0.11955852625500873,False,,0.0,0.0,0,False,False,not_applicable,15,budget_exhausted,"[""E_41"", ""E_181"", ""E_201"", ""E_53"", ""E_77"", ""E_212"", ""E_66"", ""E_182"", ""E_9"", ""E_129"", ""E_45"", ""E_123"", ""E_214"", ""E_97"", ""E_48""]",budget_exhausted,True,URTI,"[""URTI"", ""Influenza"", ""Bronchitis"", ""HIV (initial infection)"", ""Pneumonia""]",0.7772312760353088,0.6103714257478714,0.181392323432435,False,0,0,1.0771937267835532,3,False,0.7772312760353088,15,False,budget_exhausted_forced_final,True,True,True,1,2,True,16006,676,15,True
ddxplus,test:12831,5,ddxplus_native_structured_root_driver,Pericarditis,Pericarditis,"[""Pericarditis"", ""Anemia"", ""Acute otitis media"", ""URTI"", ""Viral pharyngitis"", ""Cluster headache"", ""Bronchospasm / acute asthma exacerbation"", ""Anaphylaxis"", ""Allergic sinusitis"", ""Localized edema""]",Pericarditis,"[""Pericarditis"", ""Anemia"", ""Sarcoidosis"", ""Acute otitis media"", ""Panic attack"", ""Myocarditis"", ""Inguinal hernia"", ""PSVT"", ""HIV (initial infection)"", ""Pneumonia""]",URTI,1.0,0.01968615049140221,False,,0.0,0.0,0,False,False,not_applicable,5,budget_exhausted,"[""E_41"", ""E_25"", ""E_201"", ""E_151"", ""E_3""]",budget_exhausted,True,Pericarditis,"[""Pericarditis"", ""Anemia"", ""Sarcoidosis"", ""Acute otitis media"", ""Panic attack""]",0.14534875750541687,0.05304215848445892,0.8139071497397807,False,0,0,0.5579862385886458,3,False,0.14534875750541687,5,False,budget_exhausted_forced_final,True,True,True,1,7,True,4789,217,5,True
ddxplus,test:12831,10,ddxplus_native_structured_root_driver,Pericarditis,Pericarditis,"[""Pericarditis"", ""Myocarditis"", ""Spontaneous pneumothorax"", ""Acute pulmonary edema"", ""GERD"", ""Viral pharyngitis"", ""URTI"", ""Bronchospasm / acute asthma exacerbation"", ""Pulmonary embolism"", ""Pneumonia""]",Pericarditis,"[""Pericarditis"", ""Myocarditis"", ""Spontaneous pneumothorax"", ""Pneumonia"", ""GERD"", ""Spontaneous rib fracture"", ""Pulmonary embolism"", ""Acute pulmonary edema"", ""Panic attack"", ""Acute otitis media""]",URTI,1.0,0.04967787169917859,False,,0.0,0.0,0,False,False,not_applicable,7,ddxplus_native_mlp_stop,"[""E_41"", ""E_25"", ""E_201"", ""E_151"", ""E_3"", ""E_217"", ""E_220""]",ddxplus_native_mlp_stop,True,Pericarditis,"[""Pericarditis"", ""Myocarditis"", ""Spontaneous pneumothorax"", ""Pneumonia"", ""GERD""]",0.9931825995445251,0.988966035656631,0.012643459058432983,True,2,3,1.404689560815895,5,False,0.9931825995445251,10,False,budget_exhausted_forced_final,True,True,True,1,7,True,12166,866,12,True
ddxplus,test:12831,15,ddxplus_native_structured_root_driver,Pericarditis,Pericarditis,"[""Pericarditis"", ""Myocarditis"", ""Spontaneous pneumothorax"", ""Acute pulmonary edema"", ""GERD"", ""Viral pharyngitis"", ""URTI"", ""Bronchospasm / acute asthma exacerbation"", ""Pulmonary embolism"", ""Pneumonia""]",Pericarditis,"[""Pericarditis"", ""Myocarditis"", ""Spontaneous pneumothorax"", ""Pneumonia"", ""GERD"", ""Spontaneous rib fracture"", ""Pulmonary embolism"", ""Acute pulmonary edema"", ""Panic attack"", ""Acute otitis media""]",URTI,1.0,0.04967787169917859,False,,0.0,0.0,0,False,False,not_applicable,7,ddxplus_native_mlp_stop,"[""E_41"", ""E_25"", ""E_201"", ""E_151"", ""E_3"", ""E_217"", ""E_220""]",ddxplus_native_mlp_stop,True,Pericarditis,"[""Pericarditis"", ""Myocarditis"", ""Spontaneous pneumothorax"", ""Pneumonia"", ""GERD""]",0.9931825995445251,0.988966035656631,0.012643459058432983,True,2,4,1.4902451163714505,5,False,0.9931825995445251,11,True,ddxplus_native_mlp_stop,True,True,True,1,7,True,13509,912,13,True
ddxplus,test:84973,5,ddxplus_native_structured_root_driver,Acute laryngitis,Chagas,"[""Chagas"", ""URTI"", ""Pneumonia"", ""Viral pharyngitis"", ""Acute laryngitis"", ""Influenza"", ""Acute otitis media"", ""Acute pulmonary edema"", ""Bronchitis"", ""Allergic sinusitis""]",Chagas,"[""Chagas"", ""Acute pulmonary edema"", ""Panic attack"", ""Pneumonia"", ""Guillain-Barr\u00e9 syndrome"", ""Myocarditis"", ""Acute dystonic reactions"", ""Pulmonary embolism"", ""Boerhaave"", ""Acute rhinosinusitis""]",URTI,1.0,0.03001149823279592,False,,0.0,0.0,0,False,False,not_applicable,5,budget_exhausted,"[""E_41"", ""E_201"", ""E_129"", ""E_212"", ""E_181""]",budget_exhausted,True,Chagas,"[""Chagas"", ""Acute pulmonary edema"", ""Panic attack"", ""Pneumonia"", ""Guillain-Barr\u00e9 syndrome""]",0.38063904643058777,0.231007382273674,0.6187735447223177,False,0,0,0.4832236662507057,2,False,0.38063904643058777,5,False,budget_exhausted_forced_final,False,False,True,5,5,False,4852,227,5,True
ddxplus,test:84973,10,ddxplus_native_structured_root_driver,Acute laryngitis,Bronchitis,"[""Bronchitis"", ""Viral pharyngitis"", ""URTI"", ""Acute otitis media"", ""Anemia"", ""Pneumonia"", ""Influenza"", ""Acute laryngitis"", ""HIV (initial infection)"", ""Anaphylaxis""]",Bronchitis,"[""Bronchitis"", ""Viral pharyngitis"", ""Possible NSTEMI / STEMI"", ""Boerhaave"", ""Acute otitis media"", ""Anemia"", ""Epiglottitis"", ""Sarcoidosis"", ""Stable angina"", ""Pericarditis""]",URTI,1.0,0.10278974941089503,False,,0.0,0.0,0,False,False,not_applicable,10,budget_exhausted,"[""E_41"", ""E_201"", ""E_129"", ""E_212"", ""E_181"", ""E_106"", ""E_175"", ""E_53"", ""E_208"", ""E_216""]",budget_exhausted,True,Bronchitis,"[""Bronchitis"", ""Viral pharyngitis"", ""Possible NSTEMI / STEMI"", ""Boerhaave"", ""Acute otitis media""]",0.07754246890544891,0.009651713073253632,0.8596792594253189,False,0,0,0.41876747805275616,3,False,0.07754246890544891,10,False,budget_exhausted_forced_final,False,False,False,8,5,False,10372,460,10,True
ddxplus,test:84973,15,ddxplus_native_structured_root_driver,Acute laryngitis,Acute otitis media,"[""Acute otitis media"", ""Viral pharyngitis"", ""Anemia"", ""URTI"", ""Pneumonia"", ""Influenza"", ""Acute laryngitis"", ""HIV (initial infection)"", ""Anaphylaxis"", ""Bronchitis""]",Acute otitis media,"[""Acute otitis media"", ""Viral pharyngitis"", ""Panic attack"", ""Anemia"", ""Stable angina"", ""Cluster headache"", ""PSVT"", ""Acute rhinosinusitis"", ""Chronic rhinosinusitis"", ""Epiglottitis""]",URTI,1.0,0.12512737426950926,False,,0.0,0.0,0,False,False,not_applicable,15,budget_exhausted,"[""E_41"", ""E_201"", ""E_129"", ""E_212"", ""E_181"", ""E_106"", ""E_175"", ""E_53"", ""E_208"", ""E_220"", ""E_148"", ""E_25"", ""E_49"", ""E_97"", ""E_48""]",budget_exhausted,True,Acute otitis media,"[""Acute otitis media"", ""Viral pharyngitis"", ""Panic attack"", ""Anemia"", ""Stable angina""]",0.12112662941217422,0.013429485261440277,0.82729884282446,False,0,0,0.41945343791676093,3,False,0.12112662941217422,15,False,budget_exhausted_forced_final,False,False,False,7,5,False,16409,677,15,True
ddxplus,test:76206,5,ddxplus_native_structured_root_driver,Acute otitis media,Acute otitis media,"[""Acute otitis media"", ""Viral pharyngitis"", ""URTI"", ""Bronchitis"", ""Allergic sinusitis"", ""Pneumonia"", ""Influenza"", ""HIV (initial infection)"", ""Anaphylaxis"", ""Acute laryngitis""]",Acute otitis media,"[""Acute otitis media"", ""Viral pharyngitis"", ""Acute rhinosinusitis"", ""Croup"", ""Bronchitis"", ""URTI"", ""Allergic sinusitis"", ""Pneumonia"", ""Cluster headache"", ""Tuberculosis""]",URTI,1.0,0.06212307326421662,False,,0.0,0.0,0,False,False,not_applicable,5,budget_exhausted,"[""E_181"", ""E_97"", ""E_41"", ""E_129"", ""E_79""]",budget_exhausted,True,Acute otitis media,"[""Acute otitis media"", ""Viral pharyngitis"", ""Acute rhinosinusitis"", ""Croup"", ""Bronchitis""]",0.7362037301063538,0.6810810007154942,0.2938229011898918,False,0,0,0.6378720068478028,3,False,0.7362037301063538,5,False,budget_exhausted_forced_final,True,True,True,1,6,True,4768,226,5,True
ddxplus,test:76206,10,ddxplus_native_structured_root_driver,Acute otitis media,Acute otitis media,"[""Acute otitis media"", ""Bronchitis"", ""URTI"", ""Acute rhinosinusitis"", ""Viral pharyngitis"", ""Pneumonia"", ""Influenza"", ""Allergic sinusitis"", ""HIV (initial infection)"", ""Anaphylaxis""]",Acute otitis media,"[""Acute otitis media"", ""Bronchitis"", ""Acute rhinosinusitis"", ""Viral pharyngitis"", ""URTI"", ""Croup"", ""Pneumonia"", ""Allergic sinusitis"", ""Bronchiolitis"", ""Chagas""]",URTI,1.0,0.0662198935988021,False,,0.0,0.0,0,False,False,not_applicable,6,ddxplus_native_mlp_stop,"[""E_181"", ""E_97"", ""E_41"", ""E_129"", ""E_79"", ""E_114""]",ddxplus_native_mlp_stop,True,Acute otitis media,"[""Acute otitis media"", ""Bronchitis"", ""Acute rhinosinusitis"", ""Viral pharyngitis"", ""URTI""]",0.9997517466545105,0.9996389642328722,0.0006677215760897692,True,2,4,2.5893952877581983,5,False,0.9997517466545105,10,False,budget_exhausted_forced_final,True,True,True,1,6,True,11884,834,12,True
ddxplus,test:76206,15,ddxplus_native_structured_root_driver,Acute otitis media,Acute otitis media,"[""Acute otitis media"", ""Viral pharyngitis"", ""URTI"", ""Acute rhinosinusitis"", ""Bronchitis"", ""Influenza"", ""Allergic sinusitis"", ""Pneumonia"", ""HIV (initial infection)"", ""Anaphylaxis""]",Acute otitis media,"[""Acute otitis media"", ""Viral pharyngitis"", ""Acute rhinosinusitis"", ""Bronchitis"", ""URTI"", ""Croup"", ""Allergic sinusitis"", ""Tuberculosis"", ""Pneumonia"", ""Cluster headache""]",URTI,1.0,0.06807947366737288,False,,0.0,0.0,0,False,False,not_applicable,6,ddxplus_native_mlp_stop,"[""E_181"", ""E_97"", ""E_41"", ""E_129"", ""E_79"", ""E_1""]",ddxplus_native_mlp_stop,True,Acute otitis media,"[""Acute otitis media"", ""Viral pharyngitis"", ""Acute rhinosinusitis"", ""Bronchitis"", ""URTI""]",0.9406538605690002,0.9268502676859498,0.08890589520585611,True,2,4,2.592233337617331,5,False,0.9406538605690002,10,True,ddxplus_native_mlp_stop,True,True,True,1,6,True,12065,847,12,True
ddxplus,test:68000,5,ddxplus_native_structured_root_driver,Acute otitis media,Pericarditis,"[""Pericarditis"", ""Anemia"", ""Acute otitis media"", ""Bronchitis"", ""URTI"", ""Viral pharyngitis"", ""Pneumonia"", ""Cluster headache"", ""Anaphylaxis"", ""Bronchospasm / acute asthma exacerbation""]",Pericarditis,"[""Pericarditis"", ""Pneumonia"", ""Acute otitis media"", ""Anemia"", ""Bronchitis"", ""Acute laryngitis"", ""PSVT"", ""Pulmonary neoplasm"", ""Spontaneous rib fracture"", ""Sarcoidosis""]",URTI,1.0,0.10191893559499399,False,,0.0,0.0,0,False,False,not_applicable,5,budget_exhausted,"[""E_41"", ""E_25"", ""E_77"", ""E_151"", ""E_120""]",budget_exhausted,True,Pericarditis,"[""Pericarditis"", ""Pneumonia"", ""Acute otitis media"", ""Anemia"", ""Bronchitis""]",0.15760403871536255,0.07470981776714325,0.8183707207069069,False,0,0,0.2938824770678873,2,False,0.15760403871536255,5,False,budget_exhausted_forced_final,False,True,True,3,3,False,4789,234,5,True
ddxplus,test:68000,10,ddxplus_native_structured_root_driver,Acute otitis media,Acute otitis media,"[""Acute otitis media"", ""Viral pharyngitis"", ""Bronchitis"", ""URTI"", ""Pneumonia"", ""Anemia"", ""Bronchospasm / acute asthma exacerbation"", ""Anaphylaxis"", ""Acute COPD exacerbation / infection"", ""Acute laryngitis""]",Acute otitis media,"[""Acute otitis media"", ""GERD"", ""Spontaneous rib fracture"", ""Tuberculosis"", ""Pneumonia"", ""Viral pharyngitis"", ""Chronic rhinosinusitis"", ""Allergic sinusitis"", ""Bronchitis"", ""Acute rhinosinusitis""]",URTI,1.0,0.10782303290667095,False,,0.0,0.0,0,False,False,not_applicable,10,budget_exhausted,"[""E_41"", ""E_25"", ""E_77"", ""E_151"", ""E_120"", ""E_201"", ""E_94"", ""E_66"", ""E_212"", ""E_79""]",budget_exhausted,True,Acute otitis media,"[""Acute otitis media"", ""GERD"", ""Spontaneous rib fracture"", ""Tuberculosis"", ""Pneumonia""]",0.3770960867404938,0.24763451516628265,0.5687067619046593,False,0,0,0.3765753900178428,2,False,0.3770960867404938,10,False,budget_exhausted_forced_final,True,True,True,1,3,True,10220,452,10,True
ddxplus,test:68000,15,ddxplus_native_structured_root_driver,Acute otitis media,Acute otitis media,"[""Acute otitis media"", ""Bronchitis"", ""URTI"", ""Viral pharyngitis"", ""Acute laryngitis"", ""Anemia"", ""Anaphylaxis"", ""Influenza"", ""Pneumonia"", ""Cluster headache""]",Acute otitis media,"[""Acute otitis media"", ""GERD"", ""Bronchitis"", ""Tuberculosis"", ""Bronchospasm / acute asthma exacerbation"", ""Acute laryngitis"", ""Acute rhinosinusitis"", ""Spontaneous rib fracture"", ""Chronic rhinosinusitis"", ""URTI""]",URTI,1.0,0.06284500424748019,False,,0.0,0.0,0,False,False,not_applicable,15,budget_exhausted,"[""E_41"", ""E_25"", ""E_77"", ""E_151"", ""E_120"", ""E_201"", ""E_129"", ""E_79"", ""E_55"", ""E_54"", ""E_57"", ""E_59"", ""E_56"", ""E_58"", ""E_45""]",budget_exhausted,True,Acute otitis media,"[""Acute otitis media"", ""GERD"", ""Bronchitis"", ""Tuberculosis"", ""Bronchospasm / acute asthma exacerbation""]",0.2650822401046753,0.11125265061855316,0.5752087465685527,False,0,0,0.8201404230806237,3,False,0.2650822401046753,15,False,budget_exhausted_forced_final,True,True,True,1,3,True,15831,660,15,True
ddxplus,test:43968,5,ddxplus_native_structured_root_driver,PSVT,Possible NSTEMI / STEMI,"[""Possible NSTEMI / STEMI"", ""Bronchitis"", ""Anemia"", ""Pericarditis"", ""URTI"", ""Bronchospasm / acute asthma exacerbation"", ""Atrial fibrillation"", ""Pulmonary embolism"", ""Viral pharyngitis"", ""Anaphylaxis""]",Possible NSTEMI / STEMI,"[""Possible NSTEMI / STEMI"", ""Bronchitis"", ""Anemia"", ""Stable angina"", ""Pulmonary neoplasm"", ""Boerhaave"", ""Unstable angina"", ""Sarcoidosis"", ""PSVT"", ""Panic attack""]",Anemia,1.0,0.051083675349261726,False,,0.0,0.0,0,False,False,not_applicable,5,budget_exhausted,"[""E_53"", ""E_105"", ""E_24"", ""E_220"", ""E_208""]",budget_exhausted,True,Possible NSTEMI / STEMI,"[""Possible NSTEMI / STEMI"", ""Bronchitis"", ""Anemia"", ""Stable angina"", ""Pulmonary neoplasm""]",0.12202795594930649,0.004696741700172424,0.7852100781986721,False,0,0,0.6017918267623965,3,False,0.12202795594930649,5,False,budget_exhausted_forced_final,False,False,False,11,11,False,4893,243,5,True
ddxplus,test:43968,10,ddxplus_native_structured_root_driver,PSVT,Bronchitis,"[""Bronchitis"", ""Anemia"", ""Pericarditis"", ""Atrial fibrillation"", ""Pneumonia"", ""Anaphylaxis"", ""URTI"", ""Viral pharyngitis"", ""Bronchospasm / acute asthma exacerbation"", ""Bronchiectasis""]",Bronchitis,"[""Bronchitis"", ""Acute pulmonary edema"", ""Myocarditis"", ""Spontaneous pneumothorax"", ""Sarcoidosis"", ""Pulmonary embolism"", ""Stable angina"", ""Anemia"", ""Possible NSTEMI / STEMI"", ""Pericarditis""]",Anemia,1.0,0.13003307543747455,False,,0.0,0.0,0,False,False,not_applicable,10,budget_exhausted,"[""E_53"", ""E_105"", ""E_24"", ""E_208"", ""E_45"", ""E_201"", ""E_3"", ""E_129"", ""E_211"", ""E_123""]",budget_exhausted,True,Bronchitis,"[""Bronchitis"", ""Acute pulmonary edema"", ""Myocarditis"", ""Spontaneous pneumothorax"", ""Sarcoidosis""]",0.2958705723285675,0.20428989082574844,0.6665476787995838,False,0,0,1.0057782399650188,3,False,0.2958705723285675,10,False,budget_exhausted_forced_final,False,False,False,11,11,False,10242,461,10,True
ddxplus,test:43968,15,ddxplus_native_structured_root_driver,PSVT,Bronchitis,"[""Bronchitis"", ""Anemia"", ""URTI"", ""Pneumonia"", ""Atrial fibrillation"", ""Anaphylaxis"", ""Pericarditis"", ""Viral pharyngitis"", ""Acute COPD exacerbation / infection"", ""Bronchiectasis""]",Bronchitis,"[""Bronchitis"", ""Bronchospasm / acute asthma exacerbation"", ""Anemia"", ""Guillain-Barr\u00e9 syndrome"", ""Myasthenia gravis"", ""Epiglottitis"", ""Bronchiolitis"", ""Croup"", ""Spontaneous pneumothorax"", ""Acute dystonic reactions""]",Anemia,1.0,0.055292358459757995,False,,0.0,0.0,0,False,False,not_applicable,15,budget_exhausted,"[""E_53"", ""E_105"", ""E_24"", ""E_208"", ""E_45"", ""E_201"", ""E_3"", ""E_129"", ""E_211"", ""E_123"", ""E_77"", ""E_151"", ""E_79"", ""E_155"", ""E_9""]",budget_exhausted,True,Bronchitis,"[""Bronchitis"", ""Bronchospasm / acute asthma exacerbation"", ""Anemia"", ""Guillain-Barr\u00e9 syndrome"", ""Myasthenia gravis""]",0.3240337669849396,0.17884765565395355,0.6877010758739551,False,0,0,0.8299102066905351,3,False,0.3240337669849396,15,False,budget_exhausted_forced_final,False,False,False,11,11,False,16274,700,15,True
ddxplus,test:48513,5,ddxplus_native_structured_root_driver,Influenza,Influenza,"[""Influenza"", ""Pneumonia"", ""Bronchitis"", ""URTI"", ""Anemia"", ""HIV (initial infection)"", ""Viral pharyngitis"", ""Acute COPD exacerbation / infection"", ""Bronchiectasis"", ""Bronchospasm / acute asthma exacerbation""]",Influenza,"[""Influenza"", ""Pneumonia"", ""HIV (initial infection)"", ""URTI"", ""Anemia"", ""SLE"", ""Viral pharyngitis"", ""Inguinal hernia"", ""Possible NSTEMI / STEMI"", ""Bronchitis""]",Anemia,1.0,0.01307110928385713,False,,0.0,0.0,0,False,False,not_applicable,3,ddxplus_native_mlp_stop,"[""E_77"", ""E_88"", ""E_227""]",ddxplus_native_mlp_stop,True,Influenza,"[""Influenza"", ""Pneumonia"", ""HIV (initial infection)"", ""URTI"", ""Anemia""]",0.9960834980010986,0.9931861725635827,0.0071880105529026446,True,1,2,1.0237185411574916,4,False,0.9960834980010986,5,False,budget_exhausted_forced_final,True,True,True,1,2,True,5351,410,6,True
ddxplus,test:48513,10,ddxplus_native_structured_root_driver,Influenza,Influenza,"[""Influenza"", ""HIV (initial infection)"", ""Pneumonia"", ""Bronchitis"", ""URTI"", ""Viral pharyngitis"", ""Anemia"", ""Bronchospasm / acute asthma exacerbation"", ""Bronchiectasis"", ""Allergic sinusitis""]",Influenza,"[""Influenza"", ""HIV (initial infection)"", ""Pneumonia"", ""URTI"", ""Possible NSTEMI / STEMI"", ""Anemia"", ""Panic attack"", ""Unstable angina"", ""Bronchitis"", ""Pancreatic neoplasm""]",URTI,1.0,0.07834273476659792,False,,0.0,0.0,0,False,False,not_applicable,4,ddxplus_native_mlp_stop,"[""E_77"", ""E_88"", ""E_227"", ""E_50""]",ddxplus_native_mlp_stop,True,Influenza,"[""Influenza"", ""HIV (initial infection)"", ""Pneumonia"", ""URTI"", ""Possible NSTEMI / STEMI""]",0.9967355132102966,0.9937021778896451,0.005881414247909965,True,2,4,1.4913793233891148,5,False,0.9967355132102966,8,True,ddxplus_native_mlp_stop,True,True,True,1,2,True,9023,739,10,True
ddxplus,test:48513,15,ddxplus_native_structured_root_driver,Influenza,Influenza,"[""Influenza"", ""Pneumonia"", ""HIV (initial infection)"", ""Bronchitis"", ""URTI"", ""Anemia"", ""Viral pharyngitis"", ""Bronchiectasis"", ""Tuberculosis"", ""Bronchospasm / acute asthma exacerbation""]",Influenza,"[""Influenza"", ""Pneumonia"", ""HIV (initial infection)"", ""URTI"", ""Possible NSTEMI / STEMI"", ""Anemia"", ""Bronchitis"", ""Panic attack"", ""Pancreatic neoplasm"", ""Viral pharyngitis""]",URTI,1.0,0.07788411250371396,False,,0.0,0.0,0,False,False,not_applicable,5,ddxplus_native_mlp_stop,"[""E_77"", ""E_88"", ""E_227"", ""E_50"", ""E_201""]",ddxplus_native_mlp_stop,True,Influenza,"[""Influenza"", ""Pneumonia"", ""HIV (initial infection)"", ""URTI"", ""Possible NSTEMI / STEMI""]",0.9996009469032288,0.9992882054648362,0.0009730075740498489,True,2,4,0.7269908907439042,5,False,0.9996009469032288,9,True,ddxplus_native_mlp_stop,True,True,True,1,2,True,10318,777,11,True
ddxplus,test:101855,5,ddxplus_native_structured_root_driver,Bronchiectasis,Bronchiectasis,"[""Bronchiectasis"", ""Bronchospasm / acute asthma exacerbation"", ""Anemia"", ""Bronchitis"", ""Pericarditis"", ""URTI"", ""Viral pharyngitis"", ""Anaphylaxis"", ""Acute COPD exacerbation / infection"", ""Epiglottitis""]",Bronchiectasis,"[""Bronchiectasis"", ""Bronchospasm / acute asthma exacerbation"", ""Pneumonia"", ""Tuberculosis"", ""Panic attack"", ""Acute dystonic reactions"", ""Guillain-Barr\u00e9 syndrome"", ""Myasthenia gravis"", ""Allergic sinusitis"", ""Pulmonary embolism""]",Bronchospasm / acute asthma exacerbation,1.0,0.14683289337727523,False,,0.0,0.0,0,False,False,not_applicable,5,budget_exhausted,"[""E_124"", ""E_214"", ""E_53"", ""E_18"", ""E_227""]",budget_exhausted,True,Bronchiectasis,"[""Bronchiectasis"", ""Bronchospasm / acute asthma exacerbation"", ""Pneumonia"", ""Tuberculosis"", ""Panic attack""]",0.9305943250656128,0.9029886685311794,0.09050563092945732,False,0,0,0.7304140478753647,3,False,0.9305943250656128,5,False,budget_exhausted_forced_final,True,True,True,1,4,True,4822,238,5,True
ddxplus,test:101855,10,ddxplus_native_structured_root_driver,Bronchiectasis,Bronchiectasis,"[""Bronchiectasis"", ""Bronchospasm / acute asthma exacerbation"", ""Pneumonia"", ""Allergic sinusitis"", ""Bronchitis"", ""URTI"", ""Acute COPD exacerbation / infection"", ""Anemia"", ""Viral pharyngitis"", ""Anaphylaxis""]",Bronchiectasis,"[""Bronchiectasis"", ""Bronchospasm / acute asthma exacerbation"", ""Pneumonia"", ""Allergic sinusitis"", ""GERD"", ""Tuberculosis"", ""Chronic rhinosinusitis"", ""Acute rhinosinusitis"", ""Panic attack"", ""Whooping cough""]",Bronchitis,1.0,0.0626113376845635,False,,0.0,0.0,0,False,False,not_applicable,10,budget_exhausted,"[""E_53"", ""E_124"", ""E_214"", ""E_18"", ""E_77"", ""E_46"", ""E_181"", ""E_118"", ""E_123"", ""E_201""]",budget_exhausted,True,Bronchiectasis,"[""Bronchiectasis"", ""Bronchospasm / acute asthma exacerbation"", ""Pneumonia"", ""Allergic sinusitis"", ""GERD""]",0.5261521935462952,0.2577570080757141,0.325923659242763,False,0,0,0.7254302448932144,3,False,0.5261521935462952,10,False,budget_exhausted_forced_final,True,True,True,1,4,True,10221,476,10,True
ddxplus,test:101855,15,ddxplus_native_structured_root_driver,Bronchiectasis,Bronchiectasis,"[""Bronchiectasis"", ""Bronchospasm / acute asthma exacerbation"", ""Bronchitis"", ""Pneumonia"", ""Acute COPD exacerbation / infection"", ""URTI"", ""Anemia"", ""Viral pharyngitis"", ""Pericarditis"", ""Anaphylaxis""]",Bronchiectasis,"[""Bronchiectasis"", ""Bronchospasm / acute asthma exacerbation"", ""Pneumonia"", ""Tuberculosis"", ""Panic attack"", ""Acute dystonic reactions"", ""Guillain-Barr\u00e9 syndrome"", ""Myasthenia gravis"", ""Allergic sinusitis"", ""Pulmonary embolism""]",Bronchospasm / acute asthma exacerbation,1.0,0.14683289337727523,False,,0.0,0.0,0,False,False,not_applicable,5,ddxplus_native_mlp_stop,"[""E_124"", ""E_214"", ""E_53"", ""E_18"", ""E_227""]",ddxplus_native_mlp_stop,True,Bronchiectasis,"[""Bronchiectasis"", ""Bronchospasm / acute asthma exacerbation"", ""Pneumonia"", ""Tuberculosis"", ""Panic attack""]",0.9305943250656128,0.9029886685311794,0.09050563092945732,True,2,4,0.8887473812086979,5,False,0.9305943250656128,9,True,ddxplus_native_mlp_stop,True,True,True,1,4,True,10606,792,11,True
ddxplus,test:31233,5,ddxplus_native_structured_root_driver,URTI,Viral pharyngitis,"[""Viral pharyngitis"", ""URTI"", ""Acute otitis media"", ""Influenza"", ""Bronchitis"", ""Acute rhinosinusitis"", ""Acute laryngitis"", ""Allergic sinusitis"", ""Bronchospasm / acute asthma exacerbation"", ""Chronic rhinosinusitis""]",Viral pharyngitis,"[""Viral pharyngitis"", ""URTI"", ""Acute otitis media"", ""Pneumonia"", ""Influenza"", ""Bronchitis"", ""Acute rhinosinusitis"", ""Croup"", ""Tuberculosis"", ""Acute laryngitis""]",URTI,1.0,0.13841209294537815,False,,0.0,0.0,0,False,False,not_applicable,5,budget_exhausted,"[""E_41"", ""E_97"", ""E_227"", ""E_222"", ""E_91""]",budget_exhausted,True,Viral pharyngitis,"[""Viral pharyngitis"", ""URTI"", ""Acute otitis media"", ""Pneumonia"", ""Influenza""]",0.592751145362854,0.32791468501091003,0.29805833449377456,False,0,0,0.6717332265206961,3,False,0.592751145362854,5,False,budget_exhausted_forced_final,False,True,True,2,2,False,4644,227,5,True
ddxplus,test:31233,10,ddxplus_native_structured_root_driver,URTI,Viral pharyngitis,"[""Viral pharyngitis"", ""URTI"", ""Acute otitis media"", ""Influenza"", ""Bronchitis"", ""Allergic sinusitis"", ""Acute laryngitis"", ""Bronchospasm / acute asthma exacerbation"", ""HIV (initial infection)"", ""Pneumonia""]",Viral pharyngitis,"[""Viral pharyngitis"", ""URTI"", ""Acute otitis media"", ""Influenza"", ""Bronchitis"", ""Acute rhinosinusitis"", ""Chronic rhinosinusitis"", ""Allergic sinusitis"", ""Cluster headache"", ""Acute laryngitis""]",URTI,1.0,0.16295877933446734,False,,0.0,0.0,0,False,False,not_applicable,10,budget_exhausted,"[""E_41"", ""E_97"", ""E_227"", ""E_222"", ""E_49"", ""E_91"", ""E_144"", ""E_45"", ""E_48"", ""E_50""]",budget_exhausted,True,Viral pharyngitis,"[""Viral pharyngitis"", ""URTI"", ""Acute otitis media"", ""Influenza"", ""Bronchitis""]",0.5577728748321533,0.19718867540359497,0.26678635205239326,False,0,0,0.6398534827236797,3,False,0.5577728748321533,10,False,budget_exhausted_forced_final,False,True,True,2,2,False,9815,465,10,True
ddxplus,test:31233,15,ddxplus_native_structured_root_driver,URTI,URTI,"[""URTI"", ""Viral pharyngitis"", ""Bronchitis"", ""Influenza"", ""Acute otitis media"", ""Acute laryngitis"", ""Pneumonia"", ""HIV (initial infection)"", ""Anemia"", ""Bronchospasm / acute asthma exacerbation""]",URTI,"[""URTI"", ""Viral pharyngitis"", ""Bronchitis"", ""Influenza"", ""Acute otitis media"", ""Cluster headache"", ""Chronic rhinosinusitis"", ""Acute rhinosinusitis"", ""Acute laryngitis"", ""Allergic sinusitis""]",URTI,1.0,0.193944364198819,False,,0.0,0.0,0,False,False,not_applicable,15,budget_exhausted,"[""E_41"", ""E_97"", ""E_227"", ""E_222"", ""E_49"", ""E_91"", ""E_144"", ""E_45"", ""E_48"", ""E_50"", ""E_77"", ""E_201"", ""E_79"", ""E_123"", ""E_129""]",budget_exhausted,True,URTI,"[""URTI"", ""Viral pharyngitis"", ""Bronchitis"", ""Influenza"", ""Acute otitis media""]",0.7637975215911865,0.5356941223144531,0.1509004137447889,False,0,0,0.9974846239159703,3,False,0.7637975215911865,15,False,budget_exhausted_forced_final,True,True,True,1,2,True,15564,670,15,True
ddxplus,test:22785,5,ddxplus_native_structured_root_driver,Pancreatic neoplasm,Inguinal hernia,"[""Inguinal hernia"", ""Scombroid food poisoning"", ""HIV (initial infection)"", ""Anaphylaxis"", ""Influenza"", ""URTI"", ""Viral pharyngitis"", ""Bronchitis"", ""Acute otitis media"", ""Anemia""]",Inguinal hernia,"[""Inguinal hernia"", ""SLE"", ""Pancreatic neoplasm"", ""HIV (initial infection)"", ""Pneumonia"", ""Scombroid food poisoning"", ""Influenza"", ""Anaphylaxis"", ""Bronchitis"", ""Spontaneous rib fracture""]",Scombroid food poisoning,1.0,0.046220117411488126,False,,0.0,0.0,0,False,False,not_applicable,5,budget_exhausted,"[""E_134"", ""E_91"", ""E_187"", ""E_92"", ""E_151""]",budget_exhausted,True,Inguinal hernia,"[""Inguinal hernia"", ""SLE"", ""Pancreatic neoplasm"", ""HIV (initial infection)"", ""Pneumonia""]",0.4058021008968353,0.27272242307662964,0.47319616954574883,False,0,0,0.30036406864722554,2,False,0.4058021008968353,5,False,budget_exhausted_forced_final,False,False,False,11,3,False,4979,230,5,True
ddxplus,test:22785,10,ddxplus_native_structured_root_driver,Pancreatic neoplasm,Pancreatic neoplasm,"[""Pancreatic neoplasm"", ""Pneumonia"", ""Influenza"", ""Viral pharyngitis"", ""URTI"", ""Anemia"", ""HIV (initial infection)"", ""Scombroid food poisoning"", ""Anaphylaxis"", ""Bronchitis""]",Pancreatic neoplasm,"[""Pancreatic neoplasm"", ""Pneumonia"", ""Chronic rhinosinusitis"", ""Influenza"", ""Viral pharyngitis"", ""Bronchospasm / acute asthma exacerbation"", ""GERD"", ""Acute rhinosinusitis"", ""Pulmonary neoplasm"", ""Tuberculosis""]",URTI,1.0,0.02090539600136765,False,,0.0,0.0,0,False,False,not_applicable,10,budget_exhausted,"[""E_134"", ""E_91"", ""E_187"", ""E_92"", ""E_151"", ""E_203"", ""E_201"", ""E_77"", ""E_88"", ""E_223""]",budget_exhausted,True,Pancreatic neoplasm,"[""Pancreatic neoplasm"", ""Pneumonia"", ""Chronic rhinosinusitis"", ""Influenza"", ""Viral pharyngitis""]",0.8573518991470337,0.8258214332163334,0.1964927210561006,False,0,0,0.8282746778338295,3,False,0.8573518991470337,10,False,budget_exhausted_forced_final,True,True,True,1,3,True,10469,459,10,True
ddxplus,test:22785,15,ddxplus_native_structured_root_driver,Pancreatic neoplasm,Pancreatic neoplasm,"[""Pancreatic neoplasm"", ""Influenza"", ""Pneumonia"", ""Bronchitis"", ""URTI"", ""Viral pharyngitis"", ""HIV (initial infection)"", ""Anemia"", ""Scombroid food poisoning"", ""Anaphylaxis""]",Pancreatic neoplasm,"[""Pancreatic neoplasm"", ""Influenza"", ""Pneumonia"", ""Pulmonary neoplasm"", ""Tuberculosis"", ""GERD"", ""HIV (initial infection)"", ""Chronic rhinosinusitis"", ""Viral pharyngitis"", ""Acute COPD exacerbation / infection""]",URTI,1.0,0.006268360917371818,False,,0.0,0.0,0,False,False,not_applicable,11,ddxplus_native_mlp_stop,"[""E_134"", ""E_91"", ""E_187"", ""E_92"", ""E_151"", ""E_203"", ""E_201"", ""E_77"", ""E_88"", ""E_223"", ""E_188""]",ddxplus_native_mlp_stop,True,Pancreatic neoplasm,"[""Pancreatic neoplasm"", ""Influenza"", ""Pneumonia"", ""Pulmonary neoplasm"", ""Tuberculosis""]",0.9999721050262451,0.9999598726981276,9.367942311768231e-05,True,2,4,2.6363284278994943,5,False,0.9999721050262451,15,False,budget_exhausted_forced_final,True,True,True,1,3,True,19442,1054,17,True
ddxplus,test:1094,5,ddxplus_native_structured_root_driver,Anaphylaxis,Anaphylaxis,"[""Anaphylaxis"", ""Localized edema"", ""HIV (initial infection)"", ""Influenza"", ""URTI"", ""Viral pharyngitis"", ""Anemia"", ""Epiglottitis"", ""Bronchitis"", ""Pericarditis""]",Anaphylaxis,"[""Anaphylaxis"", ""SLE"", ""Localized edema"", ""Inguinal hernia"", ""Pulmonary embolism"", ""Scombroid food poisoning"", ""HIV (initial infection)"", ""Pneumonia"", ""Pancreatic neoplasm"", ""Influenza""]",Anaphylaxis,1.0,0.12127800751762208,False,,0.0,0.0,0,False,False,not_applicable,4,ddxplus_native_mlp_stop,"[""E_53"", ""E_65"", ""E_129"", ""E_151""]",ddxplus_native_mlp_stop,True,Anaphylaxis,"[""Anaphylaxis"", ""SLE"", ""Localized edema"", ""Inguinal hernia"", ""Pulmonary embolism""]",0.999300479888916,0.9990618748415727,0.0018175196024743149,False,0,0,1.3484239410574694,3,False,0.999300479888916,4,True,ddxplus_native_mlp_stop,True,True,True,1,3,True,3836,190,4,True
ddxplus,test:1094,10,ddxplus_native_structured_root_driver,Anaphylaxis,Anaphylaxis,"[""Anaphylaxis"", ""Scombroid food poisoning"", ""Pulmonary embolism"", ""Bronchospasm / acute asthma exacerbation"", ""Anemia"", ""URTI"", ""Viral pharyngitis"", ""Bronchitis"", ""Pericarditis"", ""Guillain-Barr\u00e9 syndrome""]",Anaphylaxis,"[""Anaphylaxis"", ""Scombroid food poisoning"", ""SLE"", ""Pulmonary embolism"", ""Pneumonia"", ""Larygospasm"", ""Epiglottitis"", ""Localized edema"", ""Acute pulmonary edema"", ""HIV (initial infection)""]",Anaphylaxis,1.0,0.18192595452893512,False,,0.0,0.0,0,False,False,not_applicable,4,ddxplus_native_mlp_stop,"[""E_66"", ""E_151"", ""E_129"", ""E_42""]",ddxplus_native_mlp_stop,True,Anaphylaxis,"[""Anaphylaxis"", ""Scombroid food poisoning"", ""SLE"", ""Pulmonary embolism"", ""Pneumonia""]",1.0,0.9999999622786113,1.99027872082203e-07,False,0,0,1.1775263699771474,3,False,1.0,4,True,ddxplus_native_mlp_stop,True,True,True,1,3,True,3819,186,4,True
ddxplus,test:1094,15,ddxplus_native_structured_root_driver,Anaphylaxis,Anaphylaxis,"[""Anaphylaxis"", ""HIV (initial infection)"", ""URTI"", ""Influenza"", ""Anemia"", ""Viral pharyngitis"", ""Bronchitis"", ""Epiglottitis"", ""Inguinal hernia"", ""Acute otitis media""]",Anaphylaxis,"[""Anaphylaxis"", ""Inguinal hernia"", ""SLE"", ""Pancreatic neoplasm"", ""Localized edema"", ""HIV (initial infection)"", ""Scombroid food poisoning"", ""Pulmonary embolism"", ""Influenza"", ""Pneumonia""]",Anaphylaxis,1.0,0.038372233282431334,False,,0.0,0.0,0,False,False,not_applicable,5,ddxplus_native_mlp_stop,"[""E_53"", ""E_190"", ""E_151"", ""E_129"", ""E_152""]",ddxplus_native_mlp_stop,True,Anaphylaxis,"[""Anaphylaxis"", ""Inguinal hernia"", ""SLE"", ""Pancreatic neoplasm"", ""Localized edema""]",0.9942672848701477,0.9926699508214369,0.011671234960976535,False,0,0,1.48168500592397,3,False,0.9942672848701477,5,True,ddxplus_native_mlp_stop,True,True,True,1,3,True,4807,227,5,True
ddxplus,test:53597,5,ddxplus_native_structured_root_driver,URTI,URTI,"[""URTI"", ""Viral pharyngitis"", ""Bronchitis"", ""Bronchospasm / acute asthma exacerbation"", ""Ebola"", ""Allergic sinusitis"", ""GERD"", ""Anemia"", ""Pulmonary neoplasm"", ""Acute laryngitis""]",URTI,"[""URTI"", ""Ebola"", ""Bronchitis"", ""Influenza"", ""HIV (initial infection)"", ""Pneumonia"", ""Viral pharyngitis"", ""Bronchospasm / acute asthma exacerbation"", ""Tuberculosis"", ""Allergic sinusitis""]",URTI,1.0,0.19359526187548115,False,,0.0,0.0,0,False,False,not_applicable,3,ddxplus_native_mlp_stop,"[""E_48"", ""E_41"", ""E_222""]",ddxplus_native_mlp_stop,True,URTI,"[""URTI"", ""Ebola"", ""Bronchitis"", ""Influenza"", ""HIV (initial infection)""]",0.999910831451416,0.9998489718273049,0.00025660895496943217,False,0,0,1.4905592862226664,3,False,0.999910831451416,3,True,ddxplus_native_mlp_stop,True,True,True,1,1,False,2787,130,3,True
ddxplus,test:53597,10,ddxplus_native_structured_root_driver,URTI,URTI,"[""URTI"", ""Viral pharyngitis"", ""Bronchitis"", ""Bronchospasm / acute asthma exacerbation"", ""Influenza"", ""Ebola"", ""Allergic sinusitis"", ""Acute otitis media"", ""Chronic rhinosinusitis"", ""GERD""]",URTI,"[""URTI"", ""Ebola"", ""Bronchitis"", ""HIV (initial infection)"", ""Influenza"", ""Pneumonia"", ""Viral pharyngitis"", ""Bronchospasm / acute asthma exacerbation"", ""Bronchiectasis"", ""Tuberculosis""]",URTI,1.0,0.1506927415226612,False,,0.0,0.0,0,False,False,not_applicable,4,ddxplus_native_mlp_stop,"[""E_48"", ""E_41"", ""E_222"", ""E_181""]",ddxplus_native_mlp_stop,True,URTI,"[""URTI"", ""Ebola"", ""Bronchitis"", ""HIV (initial infection)"", ""Influenza""]",0.9991952776908875,0.998491172795184,0.0017839376754604506,False,0,0,1.4559868261242255,3,False,0.9991952776908875,4,True,ddxplus_native_mlp_stop,True,True,True,1,1,False,3744,176,4,True
ddxplus,test:53597,15,ddxplus_native_structured_root_driver,URTI,URTI,"[""URTI"", ""Viral pharyngitis"", ""Bronchitis"", ""Influenza"", ""Bronchospasm / acute asthma exacerbation"", ""Ebola"", ""Allergic sinusitis"", ""GERD"", ""Acute otitis media"", ""Anemia""]",URTI,"[""URTI"", ""Ebola"", ""Bronchitis"", ""Influenza"", ""HIV (initial infection)"", ""Viral pharyngitis"", ""Pneumonia"", ""Bronchospasm / acute asthma exacerbation"", ""Acute laryngitis"", ""GERD""]",URTI,1.0,0.14703472657566108,False,,0.0,0.0,0,False,False,not_applicable,5,ddxplus_native_mlp_stop,"[""E_48"", ""E_41"", ""E_222"", ""E_181"", ""E_178""]",ddxplus_native_mlp_stop,True,URTI,"[""URTI"", ""Ebola"", ""Bronchitis"", ""Influenza"", ""HIV (initial infection)""]",0.9996575117111206,0.999503128361539,0.0008956716859489132,False,0,0,1.4258412436927546,3,False,0.9996575117111206,5,True,ddxplus_native_mlp_stop,True,True,True,1,1,False,4726,223,5,True
icraft_md,icraft_md:128,5,profile_adapter_branching_resolver,Steven Johnsons Syndrome,Steven Johnsons Syndrome,"[""Steven Johnsons Syndrome"", ""Drug-induced hypersensitivity syndrome"", ""Morbilliform eruption"", ""Acute Generalized Exanthematous Pustulosis""]",Steven Johnsons Syndrome,"[""Steven Johnsons Syndrome"", ""Drug-induced hypersensitivity syndrome"", ""Morbilliform eruption"", ""Acute Generalized Exanthematous Pustulosis""]",,0.0,0.0,False,,0.0,0.0,0,False,False,not_applicable,4,continue,[],not_applicable,False,,[],0.0,0.0,1.0,False,0,0,0.8724999999999998,2,False,0.85,5,False,budget_exhausted_forced_final,True,True,True,1,1,False,8127,981,10,True
icraft_md,icraft_md:128,10,profile_adapter_branching_resolver,Steven Johnsons Syndrome,Steven Johnsons Syndrome,"[""Steven Johnsons Syndrome"", ""Drug-induced hypersensitivity syndrome"", ""Morbilliform eruption"", ""Acute Generalized Exanthematous Pustulosis""]",Steven Johnsons Syndrome,"[""Steven Johnsons Syndrome"", ""Drug-induced hypersensitivity syndrome"", ""Morbilliform eruption"", ""Acute Generalized Exanthematous Pustulosis""]",,0.0,0.0,False,,0.0,0.0,0,False,False,not_applicable,5,universal_confidence_stop,[],not_applicable,False,,[],0.0,0.0,1.0,False,0,0,0.8724999999999998,2,False,0.85,5,True,universal_confidence_stop,True,True,True,1,1,False,8287,985,10,True
icraft_md,icraft_md:128,15,profile_adapter_branching_resolver,Steven Johnsons Syndrome,Steven Johnsons Syndrome,"[""Steven Johnsons Syndrome"", ""Drug-induced hypersensitivity syndrome"", ""Morbilliform eruption"", ""Acute Generalized Exanthematous Pustulosis""]",Steven Johnsons Syndrome,"[""Steven Johnsons Syndrome"", ""Drug-induced hypersensitivity syndrome"", ""Morbilliform eruption"", ""Acute Generalized Exanthematous Pustulosis""]",,0.0,0.0,False,,0.0,0.0,0,False,False,not_applicable,6,universal_confidence_stop,[],not_applicable,False,,[],0.0,0.0,1.0,False,0,0,0.8724999999999998,2,False,0.85,6,True,universal_confidence_stop,True,True,True,1,1,False,10150,1152,12,True
icraft_md,icraft_md:84,5,profile_adapter_branching_resolver,Localized granuloma annulare,Localized granuloma annulare,"[""Localized granuloma annulare"", ""Sarcoidosis"", ""Tinea corporis"", ""Lupus""]",Localized granuloma annulare,"[""Localized granuloma annulare"", ""Sarcoidosis"", ""Tinea corporis"", ""Lupus""]",,0.0,0.0,False,,0.0,0.0,0,False,False,not_applicable,3,universal_confidence_stop,[],not_applicable,False,,[],0.0,0.0,1.0,False,0,0,0.8724999999999998,2,False,0.85,3,True,universal_confidence_stop,True,True,True,1,1,False,3757,565,6,True
icraft_md,icraft_md:84,10,profile_adapter_branching_resolver,Localized granuloma annulare,Localized granuloma annulare,"[""Localized granuloma annulare"", ""Sarcoidosis"", ""Tinea corporis"", ""Lupus""]",Localized granuloma annulare,"[""Localized granuloma annulare"", ""Sarcoidosis"", ""Tinea corporis"", ""Lupus""]",,0.0,0.0,False,,0.0,0.0,0,False,False,not_applicable,4,universal_confidence_stop,[],not_applicable,False,,[],0.0,0.0,1.0,False,0,0,0.8724999999999998,2,False,0.85,4,True,universal_confidence_stop,True,True,True,1,1,False,5458,730,8,True
icraft_md,icraft_md:84,15,profile_adapter_branching_resolver,Localized granuloma annulare,Localized granuloma annulare,"[""Localized granuloma annulare"", ""Sarcoidosis"", ""Lupus"", ""Tinea corporis""]",Localized granuloma annulare,"[""Localized granuloma annulare"", ""Sarcoidosis"", ""Lupus"", ""Tinea corporis""]",,0.0,0.0,False,,0.0,0.0,0,False,False,not_applicable,5,universal_confidence_stop,[],not_applicable,False,,[],0.0,0.0,1.0,False,0,0,0.8724999999999998,2,False,0.85,5,True,universal_confidence_stop,True,True,True,1,1,False,7112,972,10,True
icraft_md,icraft_md:138,5,profile_adapter_branching_resolver,Poison ivy allergic contact dermatitis,Poison ivy allergic contact dermatitis,"[""Poison ivy allergic contact dermatitis"", ""Irritant contact dermatitis"", ""Nummular eczema"", ""Scabies""]",Poison ivy allergic contact dermatitis,"[""Poison ivy allergic contact dermatitis"", ""Irritant contact dermatitis"", ""Nummular eczema"", ""Scabies""]",,0.0,0.0,False,,0.0,0.0,0,False,False,not_applicable,3,universal_confidence_stop,[],not_applicable,False,,[],0.0,0.0,1.0,False,0,0,0.8724999999999998,2,False,0.85,3,True,universal_confidence_stop,True,True,True,1,1,False,5534,546,6,True
icraft_md,icraft_md:138,10,profile_adapter_branching_resolver,Poison ivy allergic contact dermatitis,Poison ivy allergic contact dermatitis,"[""Poison ivy allergic contact dermatitis"", ""Irritant contact dermatitis"", ""Nummular eczema"", ""Scabies""]",Poison ivy allergic contact dermatitis,"[""Poison ivy allergic contact dermatitis"", ""Irritant contact dermatitis"", ""Nummular eczema"", ""Scabies""]",,0.0,0.0,False,,0.0,0.0,0,False,False,not_applicable,4,universal_confidence_stop,[],not_applicable,False,,[],0.0,0.0,1.0,False,0,0,0.8724999999999998,2,False,0.85,4,True,universal_confidence_stop,True,True,True,1,1,False,7921,716,8,True
icraft_md,icraft_md:138,15,profile_adapter_branching_resolver,Poison ivy allergic contact dermatitis,Poison ivy allergic contact dermatitis,"[""Poison ivy allergic contact dermatitis"", ""Irritant contact dermatitis"", ""Nummular eczema"", ""Scabies""]",Poison ivy allergic contact dermatitis,"[""Poison ivy allergic contact dermatitis"", ""Irritant contact dermatitis"", ""Nummular eczema"", ""Scabies""]",,0.0,0.0,False,,0.0,0.0,0,False,False,not_applicable,5,universal_confidence_stop,[],not_applicable,False,,[],0.0,0.0,1.0,False,0,0,0.8724999999999998,2,False,0.85,5,True,universal_confidence_stop,True,True,True,1,1,False,10193,921,10,True
icraft_md,icraft_md:9,5,profile_adapter_branching_resolver,Pemphigus vegetans,Pemphigus vegetans,"[""Pemphigus vegetans"", ""Proderma gangraneosum"", ""Bowen\u2019s disease"", ""Squamous cell carcinoma""]",Pemphigus vegetans,"[""Pemphigus vegetans"", ""Proderma gangraneosum"", ""Bowen\u2019s disease"", ""Squamous cell carcinoma""]",,0.0,0.0,False,,0.0,0.0,0,False,False,not_applicable,3,universal_confidence_stop,[],not_applicable,False,,[],0.0,0.0,1.0,False,0,0,0.8724999999999998,2,False,0.85,3,True,universal_confidence_stop,True,True,True,1,1,False,4048,627,6,True
icraft_md,icraft_md:9,10,profile_adapter_branching_resolver,Pemphigus vegetans,Pemphigus vegetans,"[""Pemphigus vegetans"", ""Proderma gangraneosum"", ""Bowen\u2019s disease"", ""Squamous cell carcinoma""]",Pemphigus vegetans,"[""Pemphigus vegetans"", ""Proderma gangraneosum"", ""Bowen\u2019s disease"", ""Squamous cell carcinoma""]",,0.0,0.0,False,,0.0,0.0,0,False,False,not_applicable,4,universal_confidence_stop,[],not_applicable,False,,[],0.0,0.0,1.0,False,0,0,0.8724999999999998,2,False,0.85,4,True,universal_confidence_stop,True,True,True,1,1,False,5580,835,8,True
icraft_md,icraft_md:9,15,profile_adapter_branching_resolver,Pemphigus vegetans,Pemphigus vegetans,"[""Pemphigus vegetans"", ""Proderma gangraneosum"", ""Bowen\u2019s disease"", ""Squamous cell carcinoma""]",Pemphigus vegetans,"[""Pemphigus vegetans"", ""Proderma gangraneosum"", ""Bowen\u2019s disease"", ""Squamous cell carcinoma""]",,0.0,0.0,False,,0.0,0.0,0,False,False,not_applicable,5,universal_confidence_stop,[],not_applicable,False,,[],0.0,0.0,1.0,False,0,0,0.8724999999999998,2,False,0.85,5,True,universal_confidence_stop,True,True,True,1,1,False,8022,1030,10,True
icraft_md,icraft_md:63,5,profile_adapter_branching_resolver,Hydroxychloroquine-induced hyperpigmentation,Hydroxychloroquine-induced hyperpigmentation,"[""Hydroxychloroquine-induced hyperpigmentation"", ""Drug-induced pigmentation"", ""Postinflammatory hyperpigmentation"", ""Fixed drug eruption""]",Hydroxychloroquine-induced hyperpigmentation,"[""Hydroxychloroquine-induced hyperpigmentation"", ""Drug-induced pigmentation"", ""Postinflammatory hyperpigmentation"", ""Fixed drug eruption""]",,0.0,0.0,False,,0.0,0.0,0,False,False,not_applicable,3,universal_confidence_stop,[],not_applicable,False,,[],0.0,0.0,1.0,False,0,0,0.8724999999999998,2,False,0.85,3,True,universal_confidence_stop,True,True,True,1,1,False,4481,553,6,True
icraft_md,icraft_md:63,10,profile_adapter_branching_resolver,Hydroxychloroquine-induced hyperpigmentation,Hydroxychloroquine-induced hyperpigmentation,"[""Hydroxychloroquine-induced hyperpigmentation"", ""Drug-induced pigmentation"", ""Postinflammatory hyperpigmentation"", ""Fixed drug eruption""]",Hydroxychloroquine-induced hyperpigmentation,"[""Hydroxychloroquine-induced hyperpigmentation"", ""Drug-induced pigmentation"", ""Postinflammatory hyperpigmentation"", ""Fixed drug eruption""]",,0.0,0.0,False,,0.0,0.0,0,False,False,not_applicable,4,universal_confidence_stop,[],not_applicable,False,,[],0.0,0.0,1.0,False,0,0,0.8724999999999998,2,False,0.85,4,True,universal_confidence_stop,True,True,True,1,1,False,6148,757,8,True
icraft_md,icraft_md:63,15,profile_adapter_branching_resolver,Hydroxychloroquine-induced hyperpigmentation,Hydroxychloroquine-induced hyperpigmentation,"[""Hydroxychloroquine-induced hyperpigmentation"", ""Drug-induced pigmentation"", ""Postinflammatory hyperpigmentation"", ""Fixed drug eruption""]",Hydroxychloroquine-induced hyperpigmentation,"[""Hydroxychloroquine-induced hyperpigmentation"", ""Drug-induced pigmentation"", ""Postinflammatory hyperpigmentation"", ""Fixed drug eruption""]",,0.0,0.0,False,,0.0,0.0,0,False,False,not_applicable,5,universal_confidence_stop,[],not_applicable,False,,[],0.0,0.0,1.0,False,0,0,0.8724999999999998,2,False,0.85,5,True,universal_confidence_stop,True,True,True,1,1,False,8162,947,10,True
icraft_md,icraft_md:16,5,profile_adapter_branching_resolver,Tinea,Tinea,"[""Tinea"", ""Dyshidrotic eczema"", ""Palmar plantar pustulosis"", ""Keratolysis exfoliativa""]",Tinea,"[""Tinea"", ""Dyshidrotic eczema"", ""Palmar plantar pustulosis"", ""Keratolysis exfoliativa""]",,0.0,0.0,False,,0.0,0.0,0,False,False,not_applicable,3,universal_confidence_stop,[],not_applicable,False,,[],0.0,0.0,1.0,False,0,0,0.8724999999999998,2,False,0.85,3,True,universal_confidence_stop,True,True,True,1,1,False,3700,612,6,True
icraft_md,icraft_md:16,10,profile_adapter_branching_resolver,Tinea,Tinea,"[""Tinea"", ""Dyshidrotic eczema"", ""Palmar plantar pustulosis"", ""Keratolysis exfoliativa""]",Tinea,"[""Tinea"", ""Dyshidrotic eczema"", ""Palmar plantar pustulosis"", ""Keratolysis exfoliativa""]",,0.0,0.0,False,,0.0,0.0,0,False,False,not_applicable,4,universal_confidence_stop,[],not_applicable,False,,[],0.0,0.0,1.0,False,0,0,0.8724999999999998,2,False,0.85,4,True,universal_confidence_stop,True,True,True,1,1,False,5456,802,8,True
icraft_md,icraft_md:16,15,profile_adapter_branching_resolver,Tinea,Tinea,"[""Tinea"", ""Dyshidrotic eczema"", ""Palmar plantar pustulosis"", ""Keratolysis exfoliativa""]",Tinea,"[""Tinea"", ""Dyshidrotic eczema"", ""Palmar plantar pustulosis"", ""Keratolysis exfoliativa""]",,0.0,0.0,False,,0.0,0.0,0,False,False,not_applicable,5,universal_confidence_stop,[],not_applicable,False,,[],0.0,0.0,1.0,False,0,0,0.8724999999999998,2,False,0.85,5,True,universal_confidence_stop,True,True,True,1,1,False,7066,998,10,True
icraft_md,icraft_md:76,5,profile_adapter_branching_resolver,Secondary syphilis,Secondary syphilis,"[""Secondary syphilis"", ""Pityriasis lichenoides et varioliformis acuta (PLEVA)"", ""Pemphigus vulgaris"", ""Bullous pemphigoid""]",Secondary syphilis,"[""Secondary syphilis"", ""Pityriasis lichenoides et varioliformis acuta (PLEVA)"", ""Pemphigus vulgaris"", ""Bullous pemphigoid""]",,0.0,0.0,False,,0.0,0.0,0,False,False,not_applicable,3,universal_confidence_stop,[],not_applicable,False,,[],0.0,0.0,1.0,False,0,0,0.8724999999999998,2,False,0.85,3,True,universal_confidence_stop,True,True,True,1,1,False,5600,672,6,True
icraft_md,icraft_md:76,10,profile_adapter_branching_resolver,Secondary syphilis,Secondary syphilis,"[""Secondary syphilis"", ""Pityriasis lichenoides et varioliformis acuta (PLEVA)"", ""Bullous pemphigoid"", ""Pemphigus vulgaris""]",Secondary syphilis,"[""Secondary syphilis"", ""Pityriasis lichenoides et varioliformis acuta (PLEVA)"", ""Bullous pemphigoid"", ""Pemphigus vulgaris""]",,0.0,0.0,False,,0.0,0.0,0,False,False,not_applicable,4,universal_confidence_stop,[],not_applicable,False,,[],0.0,0.0,1.0,False,0,0,0.8724999999999998,2,False,0.85,4,True,universal_confidence_stop,True,True,True,1,1,False,7958,844,8,True
icraft_md,icraft_md:76,15,profile_adapter_branching_resolver,Secondary syphilis,Secondary syphilis,"[""Secondary syphilis"", ""Pityriasis lichenoides et varioliformis acuta (PLEVA)"", ""Bullous pemphigoid"", ""Pemphigus vulgaris""]",Secondary syphilis,"[""Secondary syphilis"", ""Pityriasis lichenoides et varioliformis acuta (PLEVA)"", ""Bullous pemphigoid"", ""Pemphigus vulgaris""]",,0.0,0.0,False,,0.0,0.0,0,False,False,not_applicable,5,universal_confidence_stop,[],not_applicable,False,,[],0.0,0.0,1.0,False,0,0,0.8724999999999998,2,False,0.85,5,True,universal_confidence_stop,True,True,True,1,1,False,9807,1078,10,True
icraft_md,icraft_md:101,5,profile_adapter_branching_resolver,Telogen effluvium,Telogen effluvium,"[""Telogen effluvium"", ""Androgenetic alopecia"", ""Alopecia areata"", ""Syphilitic alopecia""]",Telogen effluvium,"[""Telogen effluvium"", ""Androgenetic alopecia"", ""Alopecia areata"", ""Syphilitic alopecia""]",,0.0,0.0,False,,0.0,0.0,0,False,False,not_applicable,3,universal_confidence_stop,[],not_applicable,False,,[],0.0,0.0,1.0,False,0,0,0.8724999999999998,2,False,0.85,3,True,universal_confidence_stop,True,True,True,1,1,False,5081,534,6,True
icraft_md,icraft_md:101,10,profile_adapter_branching_resolver,Telogen effluvium,Telogen effluvium,"[""Telogen effluvium"", ""Androgenetic alopecia"", ""Alopecia areata"", ""Syphilitic alopecia""]",Telogen effluvium,"[""Telogen effluvium"", ""Androgenetic alopecia"", ""Alopecia areata"", ""Syphilitic alopecia""]",,0.0,0.0,False,,0.0,0.0,0,False,False,not_applicable,4,universal_confidence_stop,[],not_applicable,False,,[],0.0,0.0,1.0,False,0,0,0.8724999999999998,2,False,0.85,4,True,universal_confidence_stop,True,True,True,1,1,False,7372,739,8,True
icraft_md,icraft_md:101,15,profile_adapter_branching_resolver,Telogen effluvium,Telogen effluvium,"[""Telogen effluvium"", ""Androgenetic alopecia"", ""Alopecia areata"", ""Syphilitic alopecia""]",Telogen effluvium,"[""Telogen effluvium"", ""Androgenetic alopecia"", ""Alopecia areata"", ""Syphilitic alopecia""]",,0.0,0.0,False,,0.0,0.0,0,False,False,not_applicable,5,universal_confidence_stop,[],not_applicable,False,,[],0.0,0.0,1.0,False,0,0,0.8724999999999998,2,False,0.85,5,True,universal_confidence_stop,True,True,True,1,1,False,9678,928,10,True
icraft_md,icraft_md:49,5,profile_adapter_branching_resolver,Neurofibromatosis type 1,Neurofibromatosis type 1,"[""Neurofibromatosis type 1"", ""McCune-Albright Syndrome"", ""Noonan Syndrome"", ""DNA Repair Syndromes""]",Neurofibromatosis type 1,"[""Neurofibromatosis type 1"", ""McCune-Albright Syndrome"", ""Noonan Syndrome"", ""DNA Repair Syndromes""]",,0.0,0.0,False,,0.0,0.0,0,False,False,not_applicable,3,universal_confidence_stop,[],not_applicable,False,,[],0.0,0.0,1.0,False,0,0,0.8724999999999998,2,False,0.85,3,True,universal_confidence_stop,True,True,True,1,1,False,4298,619,6,True
icraft_md,icraft_md:49,10,profile_adapter_branching_resolver,Neurofibromatosis type 1,Neurofibromatosis type 1,"[""Neurofibromatosis type 1"", ""Noonan Syndrome"", ""McCune-Albright Syndrome"", ""DNA Repair Syndromes""]",Neurofibromatosis type 1,"[""Neurofibromatosis type 1"", ""Noonan Syndrome"", ""McCune-Albright Syndrome"", ""DNA Repair Syndromes""]",,0.0,0.0,False,,0.0,0.0,0,False,False,not_applicable,4,universal_confidence_stop,[],not_applicable,False,,[],0.0,0.0,1.0,False,0,0,0.8724999999999998,2,False,0.85,4,True,universal_confidence_stop,True,True,True,1,1,False,6148,880,8,True
icraft_md,icraft_md:49,15,profile_adapter_branching_resolver,Neurofibromatosis type 1,Neurofibromatosis type 1,"[""Neurofibromatosis type 1"", ""Noonan Syndrome"", ""McCune-Albright Syndrome"", ""DNA Repair Syndromes""]",Neurofibromatosis type 1,"[""Neurofibromatosis type 1"", ""Noonan Syndrome"", ""McCune-Albright Syndrome"", ""DNA Repair Syndromes""]",,0.0,0.0,False,,0.0,0.0,0,False,False,not_applicable,5,universal_confidence_stop,[],not_applicable,False,,[],0.0,0.0,1.0,False,0,0,0.8724999999999998,2,False,0.85,5,True,universal_confidence_stop,True,True,True,1,1,False,8126,1089,10,True
icraft_md,icraft_md:110,5,profile_adapter_branching_resolver,Psoriasis vulgaris,Psoriasis vulgaris,"[""Psoriasis vulgaris"", ""Lichen planus"", ""Seborrheic dermatitis"", ""Atopic dermatitis""]",Psoriasis vulgaris,"[""Psoriasis vulgaris"", ""Lichen planus"", ""Seborrheic dermatitis"", ""Atopic dermatitis""]",,0.0,0.0,False,,0.0,0.0,0,False,False,not_applicable,3,universal_confidence_stop,[],not_applicable,False,,[],0.0,0.0,1.0,False,0,0,0.8899999999999999,2,False,0.9,3,True,universal_confidence_stop,True,True,True,1,1,False,5695,553,6,True
icraft_md,icraft_md:110,10,profile_adapter_branching_resolver,Psoriasis vulgaris,Psoriasis vulgaris,"[""Psoriasis vulgaris"", ""Lichen planus"", ""Atopic dermatitis"", ""Seborrheic dermatitis""]",Psoriasis vulgaris,"[""Psoriasis vulgaris"", ""Lichen planus"", ""Atopic dermatitis"", ""Seborrheic dermatitis""]",,0.0,0.0,False,,0.0,0.0,0,False,False,not_applicable,4,universal_confidence_stop,[],not_applicable,False,,[],0.0,0.0,1.0,False,0,0,0.8899999999999999,2,False,0.9,4,True,universal_confidence_stop,True,True,True,1,1,False,6780,713,8,True
icraft_md,icraft_md:110,15,profile_adapter_branching_resolver,Psoriasis vulgaris,Psoriasis vulgaris,"[""Psoriasis vulgaris"", ""Lichen planus"", ""Seborrheic dermatitis"", ""Atopic dermatitis""]",Psoriasis vulgaris,"[""Psoriasis vulgaris"", ""Lichen planus"", ""Seborrheic dermatitis"", ""Atopic dermatitis""]",,0.0,0.0,False,,0.0,0.0,0,False,False,not_applicable,5,universal_confidence_stop,[],not_applicable,False,,[],0.0,0.0,1.0,False,0,0,0.8899999999999999,2,False,0.9,5,True,universal_confidence_stop,True,True,True,1,1,False,9339,886,10,True
icraft_md,icraft_md:1,5,profile_adapter_branching_resolver,Acute contact dermatitis,Acrodermatitis continua of Hallopeau,"[""Acrodermatitis continua of Hallopeau"", ""Paronychia"", ""Acute contact dermatitis"", ""Herpetic whitlow""]",Acrodermatitis continua of Hallopeau,"[""Acrodermatitis continua of Hallopeau"", ""Paronychia"", ""Acute contact dermatitis"", ""Herpetic whitlow""]",,0.0,0.0,False,,0.0,0.0,0,False,False,not_applicable,3,universal_confidence_stop,[],not_applicable,False,,[],0.0,0.0,1.0,False,0,0,0.8724999999999998,2,False,0.85,3,True,universal_confidence_stop,False,True,True,3,3,False,3776,598,6,True
icraft_md,icraft_md:1,10,profile_adapter_branching_resolver,Acute contact dermatitis,Acrodermatitis continua of Hallopeau,"[""Acrodermatitis continua of Hallopeau"", ""Paronychia"", ""Acute contact dermatitis"", ""Herpetic whitlow""]",Acrodermatitis continua of Hallopeau,"[""Acrodermatitis continua of Hallopeau"", ""Paronychia"", ""Acute contact dermatitis"", ""Herpetic whitlow""]",,0.0,0.0,False,,0.0,0.0,0,False,False,not_applicable,4,universal_confidence_stop,[],not_applicable,False,,[],0.0,0.0,1.0,False,0,0,0.8724999999999998,2,False,0.85,4,True,universal_confidence_stop,False,True,True,3,3,False,5538,827,8,True
icraft_md,icraft_md:1,15,profile_adapter_branching_resolver,Acute contact dermatitis,Acrodermatitis continua of Hallopeau,"[""Acrodermatitis continua of Hallopeau"", ""Paronychia"", ""Herpetic whitlow"", ""Acute contact dermatitis""]",Acrodermatitis continua of Hallopeau,"[""Acrodermatitis continua of Hallopeau"", ""Paronychia"", ""Herpetic whitlow"", ""Acute contact dermatitis""]",,0.0,0.0,False,,0.0,0.0,0,False,False,not_applicable,5,universal_confidence_stop,[],not_applicable,False,,[],0.0,0.0,1.0,False,0,0,0.8899999999999999,2,False,0.9,5,True,universal_confidence_stop,False,False,True,4,4,False,7312,993,10,True
icraft_md,icraft_md:132,5,profile_adapter_branching_resolver,Seborrheic dermatitis,Seborrheic dermatitis,"[""Seborrheic dermatitis"", ""Psoriasis"", ""Rosacea"", ""Acne vulgaris""]",Seborrheic dermatitis,"[""Seborrheic dermatitis"", ""Psoriasis"", ""Rosacea"", ""Acne vulgaris""]",,0.0,0.0,False,,0.0,0.0,0,False,False,not_applicable,3,universal_confidence_stop,[],not_applicable,False,,[],0.0,0.0,1.0,False,0,0,0.8899999999999999,2,False,0.9,3,True,universal_confidence_stop,True,True,True,1,1,False,4675,609,6,True
icraft_md,icraft_md:132,10,profile_adapter_branching_resolver,Seborrheic dermatitis,Seborrheic dermatitis,"[""Seborrheic dermatitis"", ""Psoriasis"", ""Rosacea"", ""Acne vulgaris""]",Seborrheic dermatitis,"[""Seborrheic dermatitis"", ""Psoriasis"", ""Rosacea"", ""Acne vulgaris""]",,0.0,0.0,False,,0.0,0.0,0,False,False,not_applicable,4,universal_confidence_stop,[],not_applicable,False,,[],0.0,0.0,1.0,False,0,0,0.8724999999999998,2,False,0.85,4,True,universal_confidence_stop,True,True,True,1,1,False,5510,716,8,True
icraft_md,icraft_md:132,15,profile_adapter_branching_resolver,Seborrheic dermatitis,Seborrheic dermatitis,"[""Seborrheic dermatitis"", ""Psoriasis"", ""Rosacea"", ""Acne vulgaris""]",Seborrheic dermatitis,"[""Seborrheic dermatitis"", ""Psoriasis"", ""Rosacea"", ""Acne vulgaris""]",,0.0,0.0,False,,0.0,0.0,0,False,False,not_applicable,5,universal_confidence_stop,[],not_applicable,False,,[],0.0,0.0,1.0,False,0,0,0.8724999999999998,2,False,0.85,5,True,universal_confidence_stop,True,True,True,1,1,False,8193,941,10,True
icraft_md,icraft_md:102,5,profile_adapter_branching_resolver,Erythema nodosum,Erythema nodosum,"[""Erythema nodosum"", ""Erythema induratum"", ""Lupus profundus"", ""Subcutaneous panniculitis-like T-cell lymphoma""]",Erythema nodosum,"[""Erythema nodosum"", ""Erythema induratum"", ""Lupus profundus"", ""Subcutaneous panniculitis-like T-cell lymphoma""]",,0.0,0.0,False,,0.0,0.0,0,False,False,not_applicable,3,universal_confidence_stop,[],not_applicable,False,,[],0.0,0.0,1.0,False,0,0,0.8724999999999998,2,False,0.85,3,True,universal_confidence_stop,True,True,True,1,1,False,3648,646,6,True
icraft_md,icraft_md:102,10,profile_adapter_branching_resolver,Erythema nodosum,Erythema nodosum,"[""Erythema nodosum"", ""Erythema induratum"", ""Lupus profundus"", ""Subcutaneous panniculitis-like T-cell lymphoma""]",Erythema nodosum,"[""Erythema nodosum"", ""Erythema induratum"", ""Lupus profundus"", ""Subcutaneous panniculitis-like T-cell lymphoma""]",,0.0,0.0,False,,0.0,0.0,0,False,False,not_applicable,4,universal_confidence_stop,[],not_applicable,False,,[],0.0,0.0,1.0,False,0,0,0.8724999999999998,2,False,0.85,4,True,universal_confidence_stop,True,True,True,1,1,False,5266,857,8,True
icraft_md,icraft_md:102,15,profile_adapter_branching_resolver,Erythema nodosum,Erythema nodosum,"[""Erythema nodosum"", ""Erythema induratum"", ""Lupus profundus"", ""Subcutaneous panniculitis-like T-cell lymphoma""]",Erythema nodosum,"[""Erythema nodosum"", ""Erythema induratum"", ""Lupus profundus"", ""Subcutaneous panniculitis-like T-cell lymphoma""]",,0.0,0.0,False,,0.0,0.0,0,False,False,not_applicable,5,universal_confidence_stop,[],not_applicable,False,,[],0.0,0.0,1.0,False,0,0,0.8724999999999998,2,False,0.85,5,True,universal_confidence_stop,True,True,True,1,1,False,6781,1074,10,True
icraft_md,icraft_md:127,5,profile_adapter_branching_resolver,Acute Generalized Exanthematous Pustulosis,Acute Generalized Exanthematous Pustulosis,"[""Acute Generalized Exanthematous Pustulosis"", ""Morbilliform eruption"", ""Drug-induced hypersensitivity syndrome"", ""Steven Johnsons Syndrome""]",Acute Generalized Exanthematous Pustulosis,"[""Acute Generalized Exanthematous Pustulosis"", ""Morbilliform eruption"", ""Drug-induced hypersensitivity syndrome"", ""Steven Johnsons Syndrome""]",,0.0,0.0,False,,0.0,0.0,0,False,False,not_applicable,3,universal_confidence_stop,[],not_applicable,False,,[],0.0,0.0,1.0,False,0,0,0.8724999999999998,2,False,0.85,3,True,universal_confidence_stop,True,True,True,1,1,False,4673,618,6,True
icraft_md,icraft_md:127,10,profile_adapter_branching_resolver,Acute Generalized Exanthematous Pustulosis,Acute Generalized Exanthematous Pustulosis,"[""Acute Generalized Exanthematous Pustulosis"", ""Morbilliform eruption"", ""Drug-induced hypersensitivity syndrome"", ""Steven Johnsons Syndrome""]",Acute Generalized Exanthematous Pustulosis,"[""Acute Generalized Exanthematous Pustulosis"", ""Morbilliform eruption"", ""Drug-induced hypersensitivity syndrome"", ""Steven Johnsons Syndrome""]",,0.0,0.0,False,,0.0,0.0,0,False,False,not_applicable,4,universal_confidence_stop,[],not_applicable,False,,[],0.0,0.0,1.0,False,0,0,0.8724999999999998,2,False,0.85,4,True,universal_confidence_stop,True,True,True,1,1,False,6733,860,8,True
icraft_md,icraft_md:127,15,profile_adapter_branching_resolver,Acute Generalized Exanthematous Pustulosis,Acute Generalized Exanthematous Pustulosis,"[""Acute Generalized Exanthematous Pustulosis"", ""Morbilliform eruption"", ""Drug-induced hypersensitivity syndrome"", ""Steven Johnsons Syndrome""]",Acute Generalized Exanthematous Pustulosis,"[""Acute Generalized Exanthematous Pustulosis"", ""Morbilliform eruption"", ""Drug-induced hypersensitivity syndrome"", ""Steven Johnsons Syndrome""]",,0.0,0.0,False,,0.0,0.0,0,False,False,not_applicable,5,universal_confidence_stop,[],not_applicable,False,,[],0.0,0.0,1.0,False,0,0,0.8724999999999998,2,False,0.85,5,True,universal_confidence_stop,True,True,True,1,1,False,8157,1043,10,True
icraft_md,icraft_md:125,5,profile_adapter_branching_resolver,Vitiligo,Vitiligo,"[""Vitiligo"", ""Tinea versicolor"", ""Psoriasis"", ""Atopic Dermatitis""]",Vitiligo,"[""Vitiligo"", ""Tinea versicolor"", ""Psoriasis"", ""Atopic Dermatitis""]",,0.0,0.0,False,,0.0,0.0,0,False,False,not_applicable,3,universal_confidence_stop,[],not_applicable,False,,[],0.0,0.0,1.0,False,0,0,0.8724999999999998,2,False,0.85,3,True,universal_confidence_stop,True,True,True,1,1,False,5132,513,6,True
icraft_md,icraft_md:125,10,profile_adapter_branching_resolver,Vitiligo,Vitiligo,"[""Vitiligo"", ""Tinea versicolor"", ""Psoriasis"", ""Atopic Dermatitis""]",Vitiligo,"[""Vitiligo"", ""Tinea versicolor"", ""Psoriasis"", ""Atopic Dermatitis""]",,0.0,0.0,False,,0.0,0.0,0,False,False,not_applicable,4,universal_confidence_stop,[],not_applicable,False,,[],0.0,0.0,1.0,False,0,0,0.8724999999999998,2,False,0.85,4,True,universal_confidence_stop,True,True,True,1,1,False,6943,672,8,True
icraft_md,icraft_md:125,15,profile_adapter_branching_resolver,Vitiligo,Vitiligo,"[""Vitiligo"", ""Tinea versicolor"", ""Psoriasis"", ""Atopic Dermatitis""]",Vitiligo,"[""Vitiligo"", ""Tinea versicolor"", ""Psoriasis"", ""Atopic Dermatitis""]",,0.0,0.0,False,,0.0,0.0,0,False,False,not_applicable,5,universal_confidence_stop,[],not_applicable,False,,[],0.0,0.0,1.0,False,0,0,0.8724999999999998,2,False,0.85,5,True,universal_confidence_stop,True,True,True,1,1,False,9331,856,10,True
icraft_md,icraft_md:100,5,profile_adapter_branching_resolver,Androgenetic alopecia,Androgenetic alopecia,"[""Androgenetic alopecia"", ""Telogen effluvium"", ""Alopecia areata"", ""Central centrifugal cicatricial alopecia""]",Androgenetic alopecia,"[""Androgenetic alopecia"", ""Telogen effluvium"", ""Alopecia areata"", ""Central centrifugal cicatricial alopecia""]",,0.0,0.0,False,,0.0,0.0,0,False,False,not_applicable,3,universal_confidence_stop,[],not_applicable,False,,[],0.0,0.0,1.0,False,0,0,0.8724999999999998,2,False,0.85,3,True,universal_confidence_stop,True,True,True,1,1,False,5094,555,6,True
icraft_md,icraft_md:100,10,profile_adapter_branching_resolver,Androgenetic alopecia,Androgenetic alopecia,"[""Androgenetic alopecia"", ""Telogen effluvium"", ""Alopecia areata"", ""Central centrifugal cicatricial alopecia""]",Androgenetic alopecia,"[""Androgenetic alopecia"", ""Telogen effluvium"", ""Alopecia areata"", ""Central centrifugal cicatricial alopecia""]",,0.0,0.0,False,,0.0,0.0,0,False,False,not_applicable,4,universal_confidence_stop,[],not_applicable,False,,[],0.0,0.0,1.0,False,0,0,0.8724999999999998,2,False,0.85,4,True,universal_confidence_stop,True,True,True,1,1,False,7190,755,8,True
icraft_md,icraft_md:100,15,profile_adapter_branching_resolver,Androgenetic alopecia,Androgenetic alopecia,"[""Androgenetic alopecia"", ""Telogen effluvium"", ""Alopecia areata"", ""Central centrifugal cicatricial alopecia""]",Androgenetic alopecia,"[""Androgenetic alopecia"", ""Telogen effluvium"", ""Alopecia areata"", ""Central centrifugal cicatricial alopecia""]",,0.0,0.0,False,,0.0,0.0,0,False,False,not_applicable,5,universal_confidence_stop,[],not_applicable,False,,[],0.0,0.0,1.0,False,0,0,0.8899999999999999,2,False,0.9,5,True,universal_confidence_stop,True,True,True,1,1,False,9309,966,10,True
icraft_md,icraft_md:115,5,profile_adapter_branching_resolver,Discoid lupus,Discoid lupus,"[""Discoid lupus"", ""Actinic keratosis"", ""Psoriasis vulgaris"", ""Sarcoidosis""]",Discoid lupus,"[""Discoid lupus"", ""Actinic keratosis"", ""Psoriasis vulgaris"", ""Sarcoidosis""]",,0.0,0.0,False,,0.0,0.0,0,False,False,not_applicable,3,universal_confidence_stop,[],not_applicable,False,,[],0.0,0.0,1.0,False,0,0,0.8724999999999998,2,False,0.85,3,True,universal_confidence_stop,True,True,True,1,1,False,4234,576,6,True
icraft_md,icraft_md:115,10,profile_adapter_branching_resolver,Discoid lupus,Discoid lupus,"[""Discoid lupus"", ""Actinic keratosis"", ""Psoriasis vulgaris"", ""Sarcoidosis""]",Discoid lupus,"[""Discoid lupus"", ""Actinic keratosis"", ""Psoriasis vulgaris"", ""Sarcoidosis""]",,0.0,0.0,False,,0.0,0.0,0,False,False,not_applicable,4,universal_confidence_stop,[],not_applicable,False,,[],0.0,0.0,1.0,False,0,0,0.8724999999999998,2,False,0.85,4,True,universal_confidence_stop,True,True,True,1,1,False,5970,735,8,True
icraft_md,icraft_md:115,15,profile_adapter_branching_resolver,Discoid lupus,Discoid lupus,"[""Discoid lupus"", ""Actinic keratosis"", ""Psoriasis vulgaris"", ""Sarcoidosis""]",Discoid lupus,"[""Discoid lupus"", ""Actinic keratosis"", ""Psoriasis vulgaris"", ""Sarcoidosis""]",,0.0,0.0,False,,0.0,0.0,0,False,False,not_applicable,5,universal_confidence_stop,[],not_applicable,False,,[],0.0,0.0,1.0,False,0,0,0.8724999999999998,2,False,0.85,5,True,universal_confidence_stop,True,True,True,1,1,False,8052,986,10,True
icraft_md,icraft_md:31,5,profile_adapter_branching_resolver,Darier disease,Hailey-Hailey disease,"[""Hailey-Hailey disease"", ""Darier disease"", ""Grover disease"", ""Epidermodysplasia verruciformis""]",Hailey-Hailey disease,"[""Hailey-Hailey disease"", ""Darier disease"", ""Grover disease"", ""Epidermodysplasia verruciformis""]",,0.0,0.0,False,,0.0,0.0,0,False,False,not_applicable,3,universal_confidence_stop,[],not_applicable,False,,[],0.0,0.0,1.0,False,0,0,0.8724999999999998,2,False,0.85,3,True,universal_confidence_stop,False,True,True,2,2,False,5428,620,6,True
icraft_md,icraft_md:31,10,profile_adapter_branching_resolver,Darier disease,Hailey-Hailey disease,"[""Hailey-Hailey disease"", ""Darier disease"", ""Grover disease"", ""Epidermodysplasia verruciformis""]",Hailey-Hailey disease,"[""Hailey-Hailey disease"", ""Darier disease"", ""Grover disease"", ""Epidermodysplasia verruciformis""]",,0.0,0.0,False,,0.0,0.0,0,False,False,not_applicable,4,universal_confidence_stop,[],not_applicable,False,,[],0.0,0.0,1.0,False,0,0,0.8724999999999998,2,False,0.85,4,True,universal_confidence_stop,False,True,True,2,2,False,7361,792,8,True
icraft_md,icraft_md:31,15,profile_adapter_branching_resolver,Darier disease,Hailey-Hailey disease,"[""Hailey-Hailey disease"", ""Darier disease"", ""Grover disease"", ""Epidermodysplasia verruciformis""]",Hailey-Hailey disease,"[""Hailey-Hailey disease"", ""Darier disease"", ""Grover disease"", ""Epidermodysplasia verruciformis""]",,0.0,0.0,False,,0.0,0.0,0,False,False,not_applicable,5,universal_confidence_stop,[],not_applicable,False,,[],0.0,0.0,1.0,False,0,0,0.8724999999999998,2,False,0.85,5,True,universal_confidence_stop,False,True,True,2,2,False,9420,977,10,True
icraft_md,icraft_md:18,5,profile_adapter_branching_resolver,Anetoderma associated with SLE,Anetoderma associated with SLE,"[""Anetoderma associated with SLE"", ""Cutis laxa"", ""Post-inflammatory elastolysis"", ""Mid-dermal elastolysis""]",Anetoderma associated with SLE,"[""Anetoderma associated with SLE"", ""Cutis laxa"", ""Post-inflammatory elastolysis"", ""Mid-dermal elastolysis""]",,0.0,0.0,False,,0.0,0.0,0,False,False,not_applicable,3,universal_confidence_stop,[],not_applicable,False,,[],0.0,0.0,1.0,False,0,0,0.8724999999999998,2,False,0.85,3,True,universal_confidence_stop,True,True,True,1,1,False,5077,637,6,True
icraft_md,icraft_md:18,10,profile_adapter_branching_resolver,Anetoderma associated with SLE,Anetoderma associated with SLE,"[""Anetoderma associated with SLE"", ""Mid-dermal elastolysis"", ""Post-inflammatory elastolysis"", ""Cutis laxa""]",Anetoderma associated with SLE,"[""Anetoderma associated with SLE"", ""Mid-dermal elastolysis"", ""Post-inflammatory elastolysis"", ""Cutis laxa""]",,0.0,0.0,False,,0.0,0.0,0,False,False,not_applicable,4,universal_confidence_stop,[],not_applicable,False,,[],0.0,0.0,1.0,False,0,0,0.8724999999999998,2,False,0.85,4,True,universal_confidence_stop,True,True,True,1,1,False,7100,852,8,True
icraft_md,icraft_md:18,15,profile_adapter_branching_resolver,Anetoderma associated with SLE,Anetoderma associated with SLE,"[""Anetoderma associated with SLE"", ""Post-inflammatory elastolysis"", ""Mid-dermal elastolysis"", ""Cutis laxa""]",Anetoderma associated with SLE,"[""Anetoderma associated with SLE"", ""Post-inflammatory elastolysis"", ""Mid-dermal elastolysis"", ""Cutis laxa""]",,0.0,0.0,False,,0.0,0.0,0,False,False,not_applicable,5,universal_confidence_stop,[],not_applicable,False,,[],0.0,0.0,1.0,False,0,0,0.8724999999999998,2,False,0.85,5,True,universal_confidence_stop,True,True,True,1,1,False,9207,1094,10,True
icraft_md,icraft_md:65,5,profile_adapter_branching_resolver,Laugier-Hunziker syndrome,Laugier-Hunziker syndrome,"[""Laugier-Hunziker syndrome"", ""Peutz-Jeghers syndrome"", ""Bandler syndrome"", ""McCune-Albright syndrome""]",Laugier-Hunziker syndrome,"[""Laugier-Hunziker syndrome"", ""Peutz-Jeghers syndrome"", ""Bandler syndrome"", ""McCune-Albright syndrome""]",,0.0,0.0,False,,0.0,0.0,0,False,False,not_applicable,3,universal_confidence_stop,[],not_applicable,False,,[],0.0,0.0,1.0,False,0,0,0.8899999999999999,2,False,0.9,3,True,universal_confidence_stop,True,True,True,1,1,False,4160,645,6,True
icraft_md,icraft_md:65,10,profile_adapter_branching_resolver,Laugier-Hunziker syndrome,Laugier-Hunziker syndrome,"[""Laugier-Hunziker syndrome"", ""Peutz-Jeghers syndrome"", ""Bandler syndrome"", ""McCune-Albright syndrome""]",Laugier-Hunziker syndrome,"[""Laugier-Hunziker syndrome"", ""Peutz-Jeghers syndrome"", ""Bandler syndrome"", ""McCune-Albright syndrome""]",,0.0,0.0,False,,0.0,0.0,0,False,False,not_applicable,4,universal_confidence_stop,[],not_applicable,False,,[],0.0,0.0,1.0,False,0,0,0.8899999999999999,2,False,0.9,4,True,universal_confidence_stop,True,True,True,1,1,False,5566,830,8,True
icraft_md,icraft_md:65,15,profile_adapter_branching_resolver,Laugier-Hunziker syndrome,Laugier-Hunziker syndrome,"[""Laugier-Hunziker syndrome"", ""Peutz-Jeghers syndrome"", ""McCune-Albright syndrome"", ""Bandler syndrome""]",Laugier-Hunziker syndrome,"[""Laugier-Hunziker syndrome"", ""Peutz-Jeghers syndrome"", ""McCune-Albright syndrome"", ""Bandler syndrome""]",,0.0,0.0,False,,0.0,0.0,0,False,False,not_applicable,5,universal_confidence_stop,[],not_applicable,False,,[],0.0,0.0,1.0,False,0,0,0.8899999999999999,2,False,0.9,5,True,universal_confidence_stop,True,True,True,1,1,False,7359,1055,10,True
icraft_md,icraft_md:21,5,profile_adapter_branching_resolver,Scabies,Scabies,"[""Scabies"", ""Eczema"", ""Allergic contact dermatitis"", ""Localized pruritus""]",Scabies,"[""Scabies"", ""Eczema"", ""Allergic contact dermatitis"", ""Localized pruritus""]",,0.0,0.0,False,,0.0,0.0,0,False,False,not_applicable,3,universal_confidence_stop,[],not_applicable,False,,[],0.0,0.0,1.0,False,0,0,0.8899999999999999,2,False,0.9,3,True,universal_confidence_stop,True,True,True,1,1,False,3874,515,6,True
icraft_md,icraft_md:21,10,profile_adapter_branching_resolver,Scabies,Scabies,"[""Scabies"", ""Eczema"", ""Allergic contact dermatitis"", ""Localized pruritus""]",Scabies,"[""Scabies"", ""Eczema"", ""Allergic contact dermatitis"", ""Localized pruritus""]",,0.0,0.0,False,,0.0,0.0,0,False,False,not_applicable,4,universal_confidence_stop,[],not_applicable,False,,[],0.0,0.0,1.0,False,0,0,0.8899999999999999,2,False,0.9,4,True,universal_confidence_stop,True,True,True,1,1,False,5454,703,8,True
icraft_md,icraft_md:21,15,profile_adapter_branching_resolver,Scabies,Scabies,"[""Scabies"", ""Eczema"", ""Allergic contact dermatitis"", ""Localized pruritus""]",Scabies,"[""Scabies"", ""Eczema"", ""Allergic contact dermatitis"", ""Localized pruritus""]",,0.0,0.0,False,,0.0,0.0,0,False,False,not_applicable,5,universal_confidence_stop,[],not_applicable,False,,[],0.0,0.0,1.0,False,0,0,0.8724999999999998,2,False,0.85,5,True,universal_confidence_stop,True,True,True,1,1,False,6350,830,10,True
icraft_md,icraft_md:88,5,profile_adapter_branching_resolver,IgA-mediated small vessel vasculitis,IgA-mediated small vessel vasculitis,"[""IgA-mediated small vessel vasculitis"", ""Maculopapular drug eruption"", ""Pigmented purpuric dermatoses"", ""Scurvy""]",IgA-mediated small vessel vasculitis,"[""IgA-mediated small vessel vasculitis"", ""Maculopapular drug eruption"", ""Pigmented purpuric dermatoses"", ""Scurvy""]",,0.0,0.0,False,,0.0,0.0,0,False,False,not_applicable,3,universal_confidence_stop,[],not_applicable,False,,[],0.0,0.0,1.0,False,0,0,0.9075,2,False,0.95,3,True,universal_confidence_stop,True,True,True,1,1,False,4890,604,6,True
icraft_md,icraft_md:88,10,profile_adapter_branching_resolver,IgA-mediated small vessel vasculitis,IgA-mediated small vessel vasculitis,"[""IgA-mediated small vessel vasculitis"", ""Maculopapular drug eruption"", ""Pigmented purpuric dermatoses"", ""Scurvy""]",IgA-mediated small vessel vasculitis,"[""IgA-mediated small vessel vasculitis"", ""Maculopapular drug eruption"", ""Pigmented purpuric dermatoses"", ""Scurvy""]",,0.0,0.0,False,,0.0,0.0,0,False,False,not_applicable,4,universal_confidence_stop,[],not_applicable,False,,[],0.0,0.0,1.0,False,0,0,0.9075,2,False,0.95,4,True,universal_confidence_stop,True,True,True,1,1,False,6841,813,8,True
icraft_md,icraft_md:88,15,profile_adapter_branching_resolver,IgA-mediated small vessel vasculitis,IgA-mediated small vessel vasculitis,"[""IgA-mediated small vessel vasculitis"", ""Maculopapular drug eruption"", ""Pigmented purpuric dermatoses"", ""Scurvy""]",IgA-mediated small vessel vasculitis,"[""IgA-mediated small vessel vasculitis"", ""Maculopapular drug eruption"", ""Pigmented purpuric dermatoses"", ""Scurvy""]",,0.0,0.0,False,,0.0,0.0,0,False,False,not_applicable,5,universal_confidence_stop,[],not_applicable,False,,[],0.0,0.0,1.0,False,0,0,0.8899999999999999,2,False,0.9,5,True,universal_confidence_stop,True,True,True,1,1,False,8829,983,10,True
icraft_md,icraft_md:129,5,profile_adapter_branching_resolver,Pemphigus vulgaris,Pemphigus foliaceous,"[""Pemphigus foliaceous"", ""Pemphigus vulgaris"", ""Bullous pemphigoid"", ""Bullous arthropod assault""]",Pemphigus foliaceous,"[""Pemphigus foliaceous"", ""Pemphigus vulgaris"", ""Bullous pemphigoid"", ""Bullous arthropod assault""]",,0.0,0.0,False,,0.0,0.0,0,False,False,not_applicable,4,universal_confidence_stop,[],not_applicable,False,,[],0.0,0.0,1.0,False,0,0,0.8724999999999998,2,False,0.85,4,True,universal_confidence_stop,False,True,True,2,2,False,5492,833,8,True
icraft_md,icraft_md:129,10,profile_adapter_branching_resolver,Pemphigus vulgaris,Pemphigus foliaceous,"[""Pemphigus foliaceous"", ""Pemphigus vulgaris"", ""Bullous pemphigoid"", ""Bullous arthropod assault""]",Pemphigus foliaceous,"[""Pemphigus foliaceous"", ""Pemphigus vulgaris"", ""Bullous pemphigoid"", ""Bullous arthropod assault""]",,0.0,0.0,False,,0.0,0.0,0,False,False,not_applicable,4,universal_confidence_stop,[],not_applicable,False,,[],0.0,0.0,1.0,False,0,0,0.8724999999999998,2,False,0.85,4,True,universal_confidence_stop,False,True,True,2,2,False,5525,810,8,True
icraft_md,icraft_md:129,15,profile_adapter_branching_resolver,Pemphigus vulgaris,Pemphigus foliaceous,"[""Pemphigus foliaceous"", ""Pemphigus vulgaris"", ""Bullous pemphigoid"", ""Bullous arthropod assault""]",Pemphigus foliaceous,"[""Pemphigus foliaceous"", ""Pemphigus vulgaris"", ""Bullous pemphigoid"", ""Bullous arthropod assault""]",,0.0,0.0,False,,0.0,0.0,0,False,False,not_applicable,5,universal_confidence_stop,[],not_applicable,False,,[],0.0,0.0,1.0,False,0,0,0.8724999999999998,2,False,0.85,5,True,universal_confidence_stop,False,True,True,2,2,False,7380,1033,10,True
icraft_md,icraft_md:36,5,profile_adapter_branching_resolver,Lichen sclerosus et atrophicus,Lichen sclerosus et atrophicus,"[""Lichen sclerosus et atrophicus"", ""Vitiligo"", ""Lichen nitidus"", ""Tinea versicolor""]",Lichen sclerosus et atrophicus,"[""Lichen sclerosus et atrophicus"", ""Vitiligo"", ""Lichen nitidus"", ""Tinea versicolor""]",,0.0,0.0,False,,0.0,0.0,0,False,False,not_applicable,3,universal_confidence_stop,[],not_applicable,False,,[],0.0,0.0,1.0,False,0,0,0.8724999999999998,2,False,0.85,3,True,universal_confidence_stop,True,True,True,1,1,False,6198,617,6,True
icraft_md,icraft_md:36,10,profile_adapter_branching_resolver,Lichen sclerosus et atrophicus,Lichen sclerosus et atrophicus,"[""Lichen sclerosus et atrophicus"", ""Vitiligo"", ""Lichen nitidus"", ""Tinea versicolor""]",Lichen sclerosus et atrophicus,"[""Lichen sclerosus et atrophicus"", ""Vitiligo"", ""Lichen nitidus"", ""Tinea versicolor""]",,0.0,0.0,False,,0.0,0.0,0,False,False,not_applicable,4,universal_confidence_stop,[],not_applicable,False,,[],0.0,0.0,1.0,False,0,0,0.8724999999999998,2,False,0.85,4,True,universal_confidence_stop,True,True,True,1,1,False,8595,824,8,True
icraft_md,icraft_md:36,15,profile_adapter_branching_resolver,Lichen sclerosus et atrophicus,Lichen sclerosus et atrophicus,"[""Lichen sclerosus et atrophicus"", ""Vitiligo"", ""Lichen nitidus"", ""Tinea versicolor""]",Lichen sclerosus et atrophicus,"[""Lichen sclerosus et atrophicus"", ""Vitiligo"", ""Lichen nitidus"", ""Tinea versicolor""]",,0.0,0.0,False,,0.0,0.0,0,False,False,not_applicable,5,universal_confidence_stop,[],not_applicable,False,,[],0.0,0.0,1.0,False,0,0,0.8724999999999998,2,False,0.85,5,True,universal_confidence_stop,True,True,True,1,1,False,11264,1042,10,True
icraft_md,icraft_md:92,5,profile_adapter_branching_resolver,Becker nevus,Becker nevus,"[""Becker nevus"", ""Congenital melanocytic nevi"", ""Caf\u00e9 au lait macules"", ""Congenital smooth muscle hamartomas""]",Becker nevus,"[""Becker nevus"", ""Congenital melanocytic nevi"", ""Caf\u00e9 au lait macules"", ""Congenital smooth muscle hamartomas""]",,0.0,0.0,False,,0.0,0.0,0,False,False,not_applicable,3,universal_confidence_stop,[],not_applicable,False,,[],0.0,0.0,1.0,False,0,0,0.8899999999999999,2,False,0.9,3,True,universal_confidence_stop,True,True,True,1,1,False,3990,580,6,True
icraft_md,icraft_md:92,10,profile_adapter_branching_resolver,Becker nevus,Becker nevus,"[""Becker nevus"", ""Congenital melanocytic nevi"", ""Caf\u00e9 au lait macules"", ""Congenital smooth muscle hamartomas""]",Becker nevus,"[""Becker nevus"", ""Congenital melanocytic nevi"", ""Caf\u00e9 au lait macules"", ""Congenital smooth muscle hamartomas""]",,0.0,0.0,False,,0.0,0.0,0,False,False,not_applicable,4,universal_confidence_stop,[],not_applicable,False,,[],0.0,0.0,1.0,False,0,0,0.8899999999999999,2,False,0.9,4,True,universal_confidence_stop,True,True,True,1,1,False,5458,768,8,True
icraft_md,icraft_md:92,15,profile_adapter_branching_resolver,Becker nevus,Becker nevus,"[""Becker nevus"", ""Congenital melanocytic nevi"", ""Congenital smooth muscle hamartomas"", ""Caf\u00e9 au lait macules""]",Becker nevus,"[""Becker nevus"", ""Congenital melanocytic nevi"", ""Congenital smooth muscle hamartomas"", ""Caf\u00e9 au lait macules""]",,0.0,0.0,False,,0.0,0.0,0,False,False,not_applicable,5,universal_confidence_stop,[],not_applicable,False,,[],0.0,0.0,1.0,False,0,0,0.8899999999999999,2,False,0.9,5,True,universal_confidence_stop,True,True,True,1,1,False,7144,954,10,True
icraft_md,icraft_md:52,5,profile_adapter_branching_resolver,Solitary mastocytoma,Solitary mastocytoma,"[""Solitary mastocytoma"", ""Bullous arthropod bites"", ""Epidermolysis bullosa"", ""Pseudomonas nail infection""]",Solitary mastocytoma,"[""Solitary mastocytoma"", ""Bullous arthropod bites"", ""Epidermolysis bullosa"", ""Pseudomonas nail infection""]",,0.0,0.0,False,,0.0,0.0,0,False,False,not_applicable,3,universal_confidence_stop,[],not_applicable,False,,[],0.0,0.0,1.0,False,0,0,0.8899999999999999,2,False,0.9,3,True,universal_confidence_stop,True,True,True,1,1,False,5579,625,6,True
icraft_md,icraft_md:52,10,profile_adapter_branching_resolver,Solitary mastocytoma,Solitary mastocytoma,"[""Solitary mastocytoma"", ""Bullous arthropod bites"", ""Epidermolysis bullosa"", ""Pseudomonas nail infection""]",Solitary mastocytoma,"[""Solitary mastocytoma"", ""Bullous arthropod bites"", ""Epidermolysis bullosa"", ""Pseudomonas nail infection""]",,0.0,0.0,False,,0.0,0.0,0,False,False,not_applicable,4,universal_confidence_stop,[],not_applicable,False,,[],0.0,0.0,1.0,False,0,0,0.8899999999999999,2,False,0.9,4,True,universal_confidence_stop,True,True,True,1,1,False,7792,809,8,True
icraft_md,icraft_md:52,15,profile_adapter_branching_resolver,Solitary mastocytoma,Solitary mastocytoma,"[""Solitary mastocytoma"", ""Bullous arthropod bites"", ""Epidermolysis bullosa"", ""Pseudomonas nail infection""]",Solitary mastocytoma,"[""Solitary mastocytoma"", ""Bullous arthropod bites"", ""Epidermolysis bullosa"", ""Pseudomonas nail infection""]",,0.0,0.0,False,,0.0,0.0,0,False,False,not_applicable,5,universal_confidence_stop,[],not_applicable,False,,[],0.0,0.0,1.0,False,0,0,0.8899999999999999,2,False,0.9,5,True,universal_confidence_stop,True,True,True,1,1,False,10124,991,10,True
icraft_md,icraft_md:39,5,profile_adapter_branching_resolver,Median rhomboid glossitis,Median rhomboid glossitis,"[""Median rhomboid glossitis"", ""Geographic tongue"", ""Lichen planus"", ""Secondary syphilis""]",Median rhomboid glossitis,"[""Median rhomboid glossitis"", ""Geographic tongue"", ""Lichen planus"", ""Secondary syphilis""]",,0.0,0.0,False,,0.0,0.0,0,False,False,not_applicable,3,universal_confidence_stop,[],not_applicable,False,,[],0.0,0.0,1.0,False,0,0,0.8724999999999998,2,False,0.85,3,True,universal_confidence_stop,True,True,True,1,1,False,5676,649,6,True
icraft_md,icraft_md:39,10,profile_adapter_branching_resolver,Median rhomboid glossitis,Median rhomboid glossitis,"[""Median rhomboid glossitis"", ""Geographic tongue"", ""Lichen planus"", ""Secondary syphilis""]",Median rhomboid glossitis,"[""Median rhomboid glossitis"", ""Geographic tongue"", ""Lichen planus"", ""Secondary syphilis""]",,0.0,0.0,False,,0.0,0.0,0,False,False,not_applicable,4,universal_confidence_stop,[],not_applicable,False,,[],0.0,0.0,1.0,False,0,0,0.8724999999999998,2,False,0.85,4,True,universal_confidence_stop,True,True,True,1,1,False,7882,824,8,True
icraft_md,icraft_md:39,15,profile_adapter_branching_resolver,Median rhomboid glossitis,Median rhomboid glossitis,"[""Median rhomboid glossitis"", ""Geographic tongue"", ""Lichen planus"", ""Secondary syphilis""]",Median rhomboid glossitis,"[""Median rhomboid glossitis"", ""Geographic tongue"", ""Lichen planus"", ""Secondary syphilis""]",,0.0,0.0,False,,0.0,0.0,0,False,False,not_applicable,5,universal_confidence_stop,[],not_applicable,False,,[],0.0,0.0,1.0,False,0,0,0.8724999999999998,2,False,0.85,5,True,universal_confidence_stop,True,True,True,1,1,False,11471,1091,10,True
icraft_md,icraft_md:30,5,profile_adapter_branching_resolver,Macular amyloidosis,Macular amyloidosis,"[""Macular amyloidosis"", ""Lichen amyloidosis"", ""Prurigo nodularis"", ""Paresthetica""]",Macular amyloidosis,"[""Macular amyloidosis"", ""Lichen amyloidosis"", ""Prurigo nodularis"", ""Paresthetica""]",,0.0,0.0,False,,0.0,0.0,0,False,False,not_applicable,3,universal_confidence_stop,[],not_applicable,False,,[],0.0,0.0,1.0,False,0,0,0.8724999999999998,2,False,0.85,3,True,universal_confidence_stop,True,True,True,1,1,False,4742,667,6,True
icraft_md,icraft_md:30,10,profile_adapter_branching_resolver,Macular amyloidosis,Macular amyloidosis,"[""Macular amyloidosis"", ""Lichen amyloidosis"", ""Prurigo nodularis"", ""Paresthetica""]",Macular amyloidosis,"[""Macular amyloidosis"", ""Lichen amyloidosis"", ""Prurigo nodularis"", ""Paresthetica""]",,0.0,0.0,False,,0.0,0.0,0,False,False,not_applicable,4,universal_confidence_stop,[],not_applicable,False,,[],0.0,0.0,1.0,False,0,0,0.8724999999999998,2,False,0.85,4,True,universal_confidence_stop,True,True,True,1,1,False,6711,876,8,True
icraft_md,icraft_md:30,15,profile_adapter_branching_resolver,Macular amyloidosis,Macular amyloidosis,"[""Macular amyloidosis"", ""Lichen amyloidosis"", ""Prurigo nodularis"", ""Paresthetica""]",Macular amyloidosis,"[""Macular amyloidosis"", ""Lichen amyloidosis"", ""Prurigo nodularis"", ""Paresthetica""]",,0.0,0.0,False,,0.0,0.0,0,False,False,not_applicable,5,universal_confidence_stop,[],not_applicable,False,,[],0.0,0.0,1.0,False,0,0,0.8724999999999998,2,False,0.85,5,True,universal_confidence_stop,True,True,True,1,1,False,9338,1121,10,True
icraft_md,icraft_md:122,5,profile_adapter_branching_resolver,Dermatofibrosarcoma protuberans,Dermatofibrosarcoma protuberans,"[""Dermatofibrosarcoma protuberans"", ""Keloid"", ""Dermatofibroma"", ""Squamous cell carcinoma""]",Dermatofibrosarcoma protuberans,"[""Dermatofibrosarcoma protuberans"", ""Keloid"", ""Dermatofibroma"", ""Squamous cell carcinoma""]",,0.0,0.0,False,,0.0,0.0,0,False,False,not_applicable,3,universal_confidence_stop,[],not_applicable,False,,[],0.0,0.0,1.0,False,0,0,0.8724999999999998,2,False,0.85,3,True,universal_confidence_stop,True,True,True,1,1,False,6347,681,6,True
icraft_md,icraft_md:122,10,profile_adapter_branching_resolver,Dermatofibrosarcoma protuberans,Dermatofibrosarcoma protuberans,"[""Dermatofibrosarcoma protuberans"", ""Keloid"", ""Dermatofibroma"", ""Squamous cell carcinoma""]",Dermatofibrosarcoma protuberans,"[""Dermatofibrosarcoma protuberans"", ""Keloid"", ""Dermatofibroma"", ""Squamous cell carcinoma""]",,0.0,0.0,False,,0.0,0.0,0,False,False,not_applicable,4,universal_confidence_stop,[],not_applicable,False,,[],0.0,0.0,1.0,False,0,0,0.8724999999999998,2,False,0.85,4,True,universal_confidence_stop,True,True,True,1,1,False,8951,916,8,True
icraft_md,icraft_md:122,15,profile_adapter_branching_resolver,Dermatofibrosarcoma protuberans,Dermatofibrosarcoma protuberans,"[""Dermatofibrosarcoma protuberans"", ""Keloid"", ""Dermatofibroma"", ""Squamous cell carcinoma""]",Dermatofibrosarcoma protuberans,"[""Dermatofibrosarcoma protuberans"", ""Keloid"", ""Dermatofibroma"", ""Squamous cell carcinoma""]",,0.0,0.0,False,,0.0,0.0,0,False,False,not_applicable,5,universal_confidence_stop,[],not_applicable,False,,[],0.0,0.0,1.0,False,0,0,0.8724999999999998,2,False,0.85,5,True,universal_confidence_stop,True,True,True,1,1,False,11668,1067,10,True
icraft_md,icraft_md:50,5,profile_adapter_branching_resolver,Nevus comedonicus,Nevus comedonicus,"[""Nevus comedonicus"", ""Familial dyskeratotic comedones"", ""Segmental acne"", ""Trichofolliculoma""]",Nevus comedonicus,"[""Nevus comedonicus"", ""Familial dyskeratotic comedones"", ""Segmental acne"", ""Trichofolliculoma""]",,0.0,0.0,False,,0.0,0.0,0,False,False,not_applicable,3,universal_confidence_stop,[],not_applicable,False,,[],0.0,0.0,1.0,False,0,0,0.8899999999999999,2,False,0.9,3,True,universal_confidence_stop,True,True,True,1,1,False,3708,595,6,True
icraft_md,icraft_md:50,10,profile_adapter_branching_resolver,Nevus comedonicus,Nevus comedonicus,"[""Nevus comedonicus"", ""Familial dyskeratotic comedones"", ""Segmental acne"", ""Trichofolliculoma""]",Nevus comedonicus,"[""Nevus comedonicus"", ""Familial dyskeratotic comedones"", ""Segmental acne"", ""Trichofolliculoma""]",,0.0,0.0,False,,0.0,0.0,0,False,False,not_applicable,4,universal_confidence_stop,[],not_applicable,False,,[],0.0,0.0,1.0,False,0,0,0.8899999999999999,2,False,0.9,4,True,universal_confidence_stop,True,True,True,1,1,False,5359,845,8,True
icraft_md,icraft_md:50,15,profile_adapter_branching_resolver,Nevus comedonicus,Nevus comedonicus,"[""Nevus comedonicus"", ""Segmental acne"", ""Familial dyskeratotic comedones"", ""Trichofolliculoma""]",Nevus comedonicus,"[""Nevus comedonicus"", ""Segmental acne"", ""Familial dyskeratotic comedones"", ""Trichofolliculoma""]",,0.0,0.0,False,,0.0,0.0,0,False,False,not_applicable,5,universal_confidence_stop,[],not_applicable,False,,[],0.0,0.0,1.0,False,0,0,0.8899999999999999,2,False,0.9,5,True,universal_confidence_stop,True,True,True,1,1,False,7076,984,10,True
icraft_md,icraft_md:32,5,profile_adapter_branching_resolver,Hailey-Hailey disease,Hailey-Hailey disease,"[""Hailey-Hailey disease"", ""Darier disease"", ""Intertrigo"", ""Pemphigus vegetans""]",Hailey-Hailey disease,"[""Hailey-Hailey disease"", ""Darier disease"", ""Intertrigo"", ""Pemphigus vegetans""]",,0.0,0.0,False,,0.0,0.0,0,False,False,not_applicable,3,universal_confidence_stop,[],not_applicable,False,,[],0.0,0.0,1.0,False,0,0,0.8724999999999998,2,False,0.85,3,True,universal_confidence_stop,True,True,True,1,1,False,5171,621,6,True
icraft_md,icraft_md:32,10,profile_adapter_branching_resolver,Hailey-Hailey disease,Hailey-Hailey disease,"[""Hailey-Hailey disease"", ""Darier disease"", ""Pemphigus vegetans"", ""Intertrigo""]",Hailey-Hailey disease,"[""Hailey-Hailey disease"", ""Darier disease"", ""Pemphigus vegetans"", ""Intertrigo""]",,0.0,0.0,False,,0.0,0.0,0,False,False,not_applicable,4,universal_confidence_stop,[],not_applicable,False,,[],0.0,0.0,1.0,False,0,0,0.8724999999999998,2,False,0.85,4,True,universal_confidence_stop,True,True,True,1,1,False,7478,834,8,True
icraft_md,icraft_md:32,15,profile_adapter_branching_resolver,Hailey-Hailey disease,Hailey-Hailey disease,"[""Hailey-Hailey disease"", ""Darier disease"", ""Intertrigo"", ""Pemphigus vegetans""]",Hailey-Hailey disease,"[""Hailey-Hailey disease"", ""Darier disease"", ""Intertrigo"", ""Pemphigus vegetans""]",,0.0,0.0,False,,0.0,0.0,0,False,False,not_applicable,5,universal_confidence_stop,[],not_applicable,False,,[],0.0,0.0,1.0,False,0,0,0.8724999999999998,2,False,0.85,5,True,universal_confidence_stop,True,True,True,1,1,False,9413,992,10,True
icraft_md,icraft_md:120,5,profile_adapter_branching_resolver,Neurofibromatosis Type I,Neurofibromatosis Type I,"[""Neurofibromatosis Type I"", ""Fragile X Syndrome"", ""Ehlers Danlos Syndrome"", ""Neurofibromatosis Type II""]",Neurofibromatosis Type I,"[""Neurofibromatosis Type I"", ""Fragile X Syndrome"", ""Ehlers Danlos Syndrome"", ""Neurofibromatosis Type II""]",,0.0,0.0,False,,0.0,0.0,0,False,False,not_applicable,3,universal_confidence_stop,[],not_applicable,False,,[],0.0,0.0,1.0,False,0,0,0.8724999999999998,2,False,0.85,3,True,universal_confidence_stop,True,True,True,1,1,False,4971,637,6,True
icraft_md,icraft_md:120,10,profile_adapter_branching_resolver,Neurofibromatosis Type I,Neurofibromatosis Type I,"[""Neurofibromatosis Type I"", ""Ehlers Danlos Syndrome"", ""Neurofibromatosis Type II"", ""Fragile X Syndrome""]",Neurofibromatosis Type I,"[""Neurofibromatosis Type I"", ""Ehlers Danlos Syndrome"", ""Neurofibromatosis Type II"", ""Fragile X Syndrome""]",,0.0,0.0,False,,0.0,0.0,0,False,False,not_applicable,5,universal_confidence_stop,[],not_applicable,False,,[],0.0,0.0,1.0,False,0,0,0.8724999999999998,2,False,0.85,5,True,universal_confidence_stop,True,True,True,1,1,False,9280,1060,10,True
icraft_md,icraft_md:120,15,profile_adapter_branching_resolver,Neurofibromatosis Type I,Neurofibromatosis Type I,"[""Neurofibromatosis Type I"", ""Fragile X Syndrome"", ""Ehlers Danlos Syndrome"", ""Neurofibromatosis Type II""]",Neurofibromatosis Type I,"[""Neurofibromatosis Type I"", ""Fragile X Syndrome"", ""Ehlers Danlos Syndrome"", ""Neurofibromatosis Type II""]",,0.0,0.0,False,,0.0,0.0,0,False,False,not_applicable,5,universal_confidence_stop,[],not_applicable,False,,[],0.0,0.0,1.0,False,0,0,0.8724999999999998,2,False,0.85,5,True,universal_confidence_stop,True,True,True,1,1,False,8424,1020,10,True
icraft_md,icraft_md:74,5,profile_adapter_branching_resolver,Systemic sclerosis,Systemic sclerosis,"[""Systemic sclerosis"", ""Morphea"", ""Scleredema"", ""Stiff-skin syndrome""]",Systemic sclerosis,"[""Systemic sclerosis"", ""Morphea"", ""Scleredema"", ""Stiff-skin syndrome""]",,0.0,0.0,False,,0.0,0.0,0,False,False,not_applicable,3,universal_confidence_stop,[],not_applicable,False,,[],0.0,0.0,1.0,False,0,0,0.8724999999999998,2,False,0.85,3,True,universal_confidence_stop,True,True,True,1,1,False,5581,576,6,True
icraft_md,icraft_md:74,10,profile_adapter_branching_resolver,Systemic sclerosis,Systemic sclerosis,"[""Systemic sclerosis"", ""Morphea"", ""Scleredema"", ""Stiff-skin syndrome""]",Systemic sclerosis,"[""Systemic sclerosis"", ""Morphea"", ""Scleredema"", ""Stiff-skin syndrome""]",,0.0,0.0,False,,0.0,0.0,0,False,False,not_applicable,4,universal_confidence_stop,[],not_applicable,False,,[],0.0,0.0,1.0,False,0,0,0.8724999999999998,2,False,0.85,4,True,universal_confidence_stop,True,True,True,1,1,False,8031,761,8,True
icraft_md,icraft_md:74,15,profile_adapter_branching_resolver,Systemic sclerosis,Systemic sclerosis,"[""Systemic sclerosis"", ""Morphea"", ""Scleredema"", ""Stiff-skin syndrome""]",Systemic sclerosis,"[""Systemic sclerosis"", ""Morphea"", ""Scleredema"", ""Stiff-skin syndrome""]",,0.0,0.0,False,,0.0,0.0,0,False,False,not_applicable,5,universal_confidence_stop,[],not_applicable,False,,[],0.0,0.0,1.0,False,0,0,0.8724999999999998,2,False,0.85,5,True,universal_confidence_stop,True,True,True,1,1,False,10757,931,10,True
icraft_md,icraft_md:98,5,profile_adapter_branching_resolver,Confluent and reticulated papillomatosis,Confluent and reticulated papillomatosis,"[""Confluent and reticulated papillomatosis"", ""Dowling-Degos disease"", ""Prurigo pigmentosa"", ""Amyloidosis cutis dyschromica""]",Confluent and reticulated papillomatosis,"[""Confluent and reticulated papillomatosis"", ""Dowling-Degos disease"", ""Prurigo pigmentosa"", ""Amyloidosis cutis dyschromica""]",,0.0,0.0,False,,0.0,0.0,0,False,False,not_applicable,3,universal_confidence_stop,[],not_applicable,False,,[],0.0,0.0,1.0,False,0,0,0.8724999999999998,2,False,0.85,3,True,universal_confidence_stop,True,True,True,1,1,False,3864,664,6,True
icraft_md,icraft_md:98,10,profile_adapter_branching_resolver,Confluent and reticulated papillomatosis,Confluent and reticulated papillomatosis,"[""Confluent and reticulated papillomatosis"", ""Dowling-Degos disease"", ""Prurigo pigmentosa"", ""Amyloidosis cutis dyschromica""]",Confluent and reticulated papillomatosis,"[""Confluent and reticulated papillomatosis"", ""Dowling-Degos disease"", ""Prurigo pigmentosa"", ""Amyloidosis cutis dyschromica""]",,0.0,0.0,False,,0.0,0.0,0,False,False,not_applicable,4,universal_confidence_stop,[],not_applicable,False,,[],0.0,0.0,1.0,False,0,0,0.8724999999999998,2,False,0.85,4,True,universal_confidence_stop,True,True,True,1,1,False,5276,889,8,True
icraft_md,icraft_md:98,15,profile_adapter_branching_resolver,Confluent and reticulated papillomatosis,Confluent and reticulated papillomatosis,"[""Confluent and reticulated papillomatosis"", ""Dowling-Degos disease"", ""Prurigo pigmentosa"", ""Amyloidosis cutis dyschromica""]",Confluent and reticulated papillomatosis,"[""Confluent and reticulated papillomatosis"", ""Dowling-Degos disease"", ""Prurigo pigmentosa"", ""Amyloidosis cutis dyschromica""]",,0.0,0.0,False,,0.0,0.0,0,False,False,not_applicable,5,universal_confidence_stop,[],not_applicable,False,,[],0.0,0.0,1.0,False,0,0,0.8724999999999998,2,False,0.85,5,True,universal_confidence_stop,True,True,True,1,1,False,6683,1089,10,True
icraft_md,icraft_md:56,5,profile_adapter_branching_resolver,Acrodermatitis enteropathica,Acrodermatitis enteropathica,"[""Acrodermatitis enteropathica"", ""Acrodermatitis enteropathica-like eruption (AELE)"", ""AELE unrelated to zinc deficiency"", ""Atopic dermatitis""]",Acrodermatitis enteropathica,"[""Acrodermatitis enteropathica"", ""Acrodermatitis enteropathica-like eruption (AELE)"", ""AELE unrelated to zinc deficiency"", ""Atopic dermatitis""]",,0.0,0.0,False,,0.0,0.0,0,False,False,not_applicable,3,universal_confidence_stop,[],not_applicable,False,,[],0.0,0.0,1.0,False,0,0,0.8724999999999998,2,False,0.85,3,True,universal_confidence_stop,True,True,True,1,1,False,4438,610,6,True
icraft_md,icraft_md:56,10,profile_adapter_branching_resolver,Acrodermatitis enteropathica,Acrodermatitis enteropathica,"[""Acrodermatitis enteropathica"", ""Acrodermatitis enteropathica-like eruption (AELE)"", ""AELE unrelated to zinc deficiency"", ""Atopic dermatitis""]",Acrodermatitis enteropathica,"[""Acrodermatitis enteropathica"", ""Acrodermatitis enteropathica-like eruption (AELE)"", ""AELE unrelated to zinc deficiency"", ""Atopic dermatitis""]",,0.0,0.0,False,,0.0,0.0,0,False,False,not_applicable,4,universal_confidence_stop,[],not_applicable,False,,[],0.0,0.0,1.0,False,0,0,0.8724999999999998,2,False,0.85,4,True,universal_confidence_stop,True,True,True,1,1,False,6457,809,8,True
icraft_md,icraft_md:56,15,profile_adapter_branching_resolver,Acrodermatitis enteropathica,Acrodermatitis enteropathica,"[""Acrodermatitis enteropathica"", ""Acrodermatitis enteropathica-like eruption (AELE)"", ""AELE unrelated to zinc deficiency"", ""Atopic dermatitis""]",Acrodermatitis enteropathica,"[""Acrodermatitis enteropathica"", ""Acrodermatitis enteropathica-like eruption (AELE)"", ""AELE unrelated to zinc deficiency"", ""Atopic dermatitis""]",,0.0,0.0,False,,0.0,0.0,0,False,False,not_applicable,5,universal_confidence_stop,[],not_applicable,False,,[],0.0,0.0,1.0,False,0,0,0.8724999999999998,2,False,0.85,5,True,universal_confidence_stop,True,True,True,1,1,False,8231,1042,10,True
icraft_md,icraft_md:51,5,profile_adapter_branching_resolver,Pyogenic granuloma,Pyogenic granuloma,"[""Pyogenic granuloma"", ""Amelanotic melanoma"", ""Bacillary angiomatosis"", ""Kaposi sarcoma""]",Pyogenic granuloma,"[""Pyogenic granuloma"", ""Amelanotic melanoma"", ""Bacillary angiomatosis"", ""Kaposi sarcoma""]",,0.0,0.0,False,,0.0,0.0,0,False,False,not_applicable,3,universal_confidence_stop,[],not_applicable,False,,[],0.0,0.0,1.0,False,0,0,0.8724999999999998,2,False,0.85,3,True,universal_confidence_stop,True,True,True,1,1,False,3763,597,6,True
icraft_md,icraft_md:51,10,profile_adapter_branching_resolver,Pyogenic granuloma,Pyogenic granuloma,"[""Pyogenic granuloma"", ""Bacillary angiomatosis"", ""Amelanotic melanoma"", ""Kaposi sarcoma""]",Pyogenic granuloma,"[""Pyogenic granuloma"", ""Bacillary angiomatosis"", ""Amelanotic melanoma"", ""Kaposi sarcoma""]",,0.0,0.0,False,,0.0,0.0,0,False,False,not_applicable,4,universal_confidence_stop,[],not_applicable,False,,[],0.0,0.0,1.0,False,0,0,0.8724999999999998,2,False,0.85,4,True,universal_confidence_stop,True,True,True,1,1,False,5282,742,8,True
icraft_md,icraft_md:51,15,profile_adapter_branching_resolver,Pyogenic granuloma,Pyogenic granuloma,"[""Pyogenic granuloma"", ""Bacillary angiomatosis"", ""Amelanotic melanoma"", ""Kaposi sarcoma""]",Pyogenic granuloma,"[""Pyogenic granuloma"", ""Bacillary angiomatosis"", ""Amelanotic melanoma"", ""Kaposi sarcoma""]",,0.0,0.0,False,,0.0,0.0,0,False,False,not_applicable,5,universal_confidence_stop,[],not_applicable,False,,[],0.0,0.0,1.0,False,0,0,0.8724999999999998,2,False,0.85,5,True,universal_confidence_stop,True,True,True,1,1,False,7059,969,10,True
icraft_md,icraft_md:121,5,profile_adapter_branching_resolver,Conradi-Hünermann-Happle syndrome,Nicolau-Balus syndrome,"[""Nicolau-Balus syndrome"", ""Conradi-H\u00fcnermann-Happle syndrome"", ""Rombo syndrome"", ""Bazex-Dupre-Christol syndrome""]",Nicolau-Balus syndrome,"[""Nicolau-Balus syndrome"", ""Conradi-H\u00fcnermann-Happle syndrome"", ""Rombo syndrome"", ""Bazex-Dupre-Christol syndrome""]",,0.0,0.0,False,,0.0,0.0,0,False,False,not_applicable,4,universal_confidence_stop,[],not_applicable,False,,[],0.0,0.0,1.0,False,0,0,0.8724999999999998,2,False,0.85,4,True,universal_confidence_stop,False,True,True,2,2,False,5817,823,8,True
icraft_md,icraft_md:121,10,profile_adapter_branching_resolver,Conradi-Hünermann-Happle syndrome,Conradi-Hünermann-Happle syndrome,"[""Conradi-H\u00fcnermann-Happle syndrome"", ""Rombo syndrome"", ""Bazex-Dupre-Christol syndrome"", ""Nicolau-Balus syndrome""]",Conradi-Hünermann-Happle syndrome,"[""Conradi-H\u00fcnermann-Happle syndrome"", ""Rombo syndrome"", ""Bazex-Dupre-Christol syndrome"", ""Nicolau-Balus syndrome""]",,0.0,0.0,False,,0.0,0.0,0,False,False,not_applicable,4,universal_confidence_stop,[],not_applicable,False,,[],0.0,0.0,1.0,False,0,0,0.8724999999999998,2,False,0.85,4,True,universal_confidence_stop,True,True,True,1,1,False,5577,809,8,True
icraft_md,icraft_md:121,15,profile_adapter_branching_resolver,Conradi-Hünermann-Happle syndrome,Conradi-Hünermann-Happle syndrome,"[""Conradi-H\u00fcnermann-Happle syndrome"", ""Rombo syndrome"", ""Nicolau-Balus syndrome"", ""Bazex-Dupre-Christol syndrome""]",Conradi-Hünermann-Happle syndrome,"[""Conradi-H\u00fcnermann-Happle syndrome"", ""Rombo syndrome"", ""Nicolau-Balus syndrome"", ""Bazex-Dupre-Christol syndrome""]",,0.0,0.0,False,,0.0,0.0,0,False,False,not_applicable,7,universal_confidence_stop,[],not_applicable,False,,[],0.0,0.0,1.0,False,0,0,0.8724999999999998,2,False,0.85,7,True,universal_confidence_stop,True,True,True,1,1,False,10329,1399,14,True
icraft_md,icraft_md:114,5,profile_adapter_branching_resolver,Tuberous sclerosis complex,Tuberous sclerosis complex,"[""Tuberous sclerosis complex"", ""Neurofibromatosis type 1"", ""Birt-Hogg-Dube syndrome"", ""Multiple endocrine neoplasia type 1""]",Tuberous sclerosis complex,"[""Tuberous sclerosis complex"", ""Neurofibromatosis type 1"", ""Birt-Hogg-Dube syndrome"", ""Multiple endocrine neoplasia type 1""]",,0.0,0.0,False,,0.0,0.0,0,False,False,not_applicable,3,universal_confidence_stop,[],not_applicable,False,,[],0.0,0.0,1.0,False,0,0,0.8899999999999999,2,False,0.9,3,True,universal_confidence_stop,True,True,True,1,1,False,5081,645,6,True
icraft_md,icraft_md:114,10,profile_adapter_branching_resolver,Tuberous sclerosis complex,Tuberous sclerosis complex,"[""Tuberous sclerosis complex"", ""Neurofibromatosis type 1"", ""Birt-Hogg-Dube syndrome"", ""Multiple endocrine neoplasia type 1""]",Tuberous sclerosis complex,"[""Tuberous sclerosis complex"", ""Neurofibromatosis type 1"", ""Birt-Hogg-Dube syndrome"", ""Multiple endocrine neoplasia type 1""]",,0.0,0.0,False,,0.0,0.0,0,False,False,not_applicable,5,universal_confidence_stop,[],not_applicable,False,,[],0.0,0.0,1.0,False,0,0,0.8899999999999999,2,False,0.9,5,True,universal_confidence_stop,True,True,True,1,1,False,8763,1005,10,True
icraft_md,icraft_md:114,15,profile_adapter_branching_resolver,Tuberous sclerosis complex,Tuberous sclerosis complex,"[""Tuberous sclerosis complex"", ""Neurofibromatosis type 1"", ""Birt-Hogg-Dube syndrome"", ""Multiple endocrine neoplasia type 1""]",Tuberous sclerosis complex,"[""Tuberous sclerosis complex"", ""Neurofibromatosis type 1"", ""Birt-Hogg-Dube syndrome"", ""Multiple endocrine neoplasia type 1""]",,0.0,0.0,False,,0.0,0.0,0,False,False,not_applicable,5,universal_confidence_stop,[],not_applicable,False,,[],0.0,0.0,1.0,False,0,0,0.8899999999999999,2,False,0.9,5,True,universal_confidence_stop,True,True,True,1,1,False,9110,1079,10,True
icraft_md,icraft_md:2,5,profile_adapter_branching_resolver,Pityriasis lichenoides et varioliformis acuta,Pityriasis lichenoides et varioliformis acuta,"[""Pityriasis lichenoides et varioliformis acuta"", ""Gianotti-Crosti syndrome"", ""Langerhans cell histiocytosis"", ""Varicella""]",Pityriasis lichenoides et varioliformis acuta,"[""Pityriasis lichenoides et varioliformis acuta"", ""Gianotti-Crosti syndrome"", ""Langerhans cell histiocytosis"", ""Varicella""]",,0.0,0.0,False,,0.0,0.0,0,False,False,not_applicable,3,universal_confidence_stop,[],not_applicable,False,,[],0.0,0.0,1.0,False,0,0,0.8724999999999998,2,False,0.85,3,True,universal_confidence_stop,True,True,True,1,1,False,3892,652,6,True
icraft_md,icraft_md:2,10,profile_adapter_branching_resolver,Pityriasis lichenoides et varioliformis acuta,Pityriasis lichenoides et varioliformis acuta,"[""Pityriasis lichenoides et varioliformis acuta"", ""Gianotti-Crosti syndrome"", ""Langerhans cell histiocytosis"", ""Varicella""]",Pityriasis lichenoides et varioliformis acuta,"[""Pityriasis lichenoides et varioliformis acuta"", ""Gianotti-Crosti syndrome"", ""Langerhans cell histiocytosis"", ""Varicella""]",,0.0,0.0,False,,0.0,0.0,0,False,False,not_applicable,4,universal_confidence_stop,[],not_applicable,False,,[],0.0,0.0,1.0,False,0,0,0.8724999999999998,2,False,0.85,4,True,universal_confidence_stop,True,True,True,1,1,False,5625,871,8,True
icraft_md,icraft_md:2,15,profile_adapter_branching_resolver,Pityriasis lichenoides et varioliformis acuta,Pityriasis lichenoides et varioliformis acuta,"[""Pityriasis lichenoides et varioliformis acuta"", ""Gianotti-Crosti syndrome"", ""Langerhans cell histiocytosis"", ""Varicella""]",Pityriasis lichenoides et varioliformis acuta,"[""Pityriasis lichenoides et varioliformis acuta"", ""Gianotti-Crosti syndrome"", ""Langerhans cell histiocytosis"", ""Varicella""]",,0.0,0.0,False,,0.0,0.0,0,False,False,not_applicable,5,universal_confidence_stop,[],not_applicable,False,,[],0.0,0.0,1.0,False,0,0,0.8724999999999998,2,False,0.85,5,True,universal_confidence_stop,True,True,True,1,1,False,7409,1138,10,True
icraft_md,icraft_md:136,5,profile_adapter_branching_resolver,Dermatomyositis,Dermatomyositis,"[""Dermatomyositis"", ""Allergic contact dermatitis"", ""Lupus erythematosus"", ""Rheumatoid arthritis""]",Dermatomyositis,"[""Dermatomyositis"", ""Allergic contact dermatitis"", ""Lupus erythematosus"", ""Rheumatoid arthritis""]",,0.0,0.0,False,,0.0,0.0,0,False,False,not_applicable,3,universal_confidence_stop,[],not_applicable,False,,[],0.0,0.0,1.0,False,0,0,0.8899999999999999,2,False,0.9,3,True,universal_confidence_stop,True,True,True,1,1,False,3964,553,6,True
icraft_md,icraft_md:136,10,profile_adapter_branching_resolver,Dermatomyositis,Dermatomyositis,"[""Dermatomyositis"", ""Lupus erythematosus"", ""Allergic contact dermatitis"", ""Rheumatoid arthritis""]",Dermatomyositis,"[""Dermatomyositis"", ""Lupus erythematosus"", ""Allergic contact dermatitis"", ""Rheumatoid arthritis""]",,0.0,0.0,False,,0.0,0.0,0,False,False,not_applicable,4,universal_confidence_stop,[],not_applicable,False,,[],0.0,0.0,1.0,False,0,0,0.8899999999999999,2,False,0.9,4,True,universal_confidence_stop,True,True,True,1,1,False,5423,709,8,True
icraft_md,icraft_md:136,15,profile_adapter_branching_resolver,Dermatomyositis,Dermatomyositis,"[""Dermatomyositis"", ""Allergic contact dermatitis"", ""Lupus erythematosus"", ""Rheumatoid arthritis""]",Dermatomyositis,"[""Dermatomyositis"", ""Allergic contact dermatitis"", ""Lupus erythematosus"", ""Rheumatoid arthritis""]",,0.0,0.0,False,,0.0,0.0,0,False,False,not_applicable,5,universal_confidence_stop,[],not_applicable,False,,[],0.0,0.0,1.0,False,0,0,0.8724999999999998,2,False,0.85,5,True,universal_confidence_stop,True,True,True,1,1,False,6767,898,10,True
icraft_md,icraft_md:123,5,profile_adapter_branching_resolver,Fixed Drug Eruption,Fixed Drug Eruption,"[""Fixed Drug Eruption"", ""Steven Johnson Syndrome"", ""Morbilliform Drug Eruption"", ""Erythema migrans""]",Fixed Drug Eruption,"[""Fixed Drug Eruption"", ""Steven Johnson Syndrome"", ""Morbilliform Drug Eruption"", ""Erythema migrans""]",,0.0,0.0,False,,0.0,0.0,0,False,False,not_applicable,3,universal_confidence_stop,[],not_applicable,False,,[],0.0,0.0,1.0,False,0,0,0.8724999999999998,2,False,0.85,3,True,universal_confidence_stop,True,True,True,1,1,False,5878,580,6,True
icraft_md,icraft_md:123,10,profile_adapter_branching_resolver,Fixed Drug Eruption,Fixed Drug Eruption,"[""Fixed Drug Eruption"", ""Steven Johnson Syndrome"", ""Morbilliform Drug Eruption"", ""Erythema migrans""]",Fixed Drug Eruption,"[""Fixed Drug Eruption"", ""Steven Johnson Syndrome"", ""Morbilliform Drug Eruption"", ""Erythema migrans""]",,0.0,0.0,False,,0.0,0.0,0,False,False,not_applicable,4,universal_confidence_stop,[],not_applicable,False,,[],0.0,0.0,1.0,False,0,0,0.8724999999999998,2,False,0.85,4,True,universal_confidence_stop,True,True,True,1,1,False,8293,735,8,True
icraft_md,icraft_md:123,15,profile_adapter_branching_resolver,Fixed Drug Eruption,Fixed Drug Eruption,"[""Fixed Drug Eruption"", ""Steven Johnson Syndrome"", ""Morbilliform Drug Eruption"", ""Erythema migrans""]",Fixed Drug Eruption,"[""Fixed Drug Eruption"", ""Steven Johnson Syndrome"", ""Morbilliform Drug Eruption"", ""Erythema migrans""]",,0.0,0.0,False,,0.0,0.0,0,False,False,not_applicable,5,universal_confidence_stop,[],not_applicable,False,,[],0.0,0.0,1.0,False,0,0,0.8724999999999998,2,False,0.85,5,True,universal_confidence_stop,True,True,True,1,1,False,10815,968,10,True
icraft_md,icraft_md:66,5,profile_adapter_branching_resolver,Pellagra,Pellagra,"[""Pellagra"", ""Phototoxic skin reaction"", ""Photoallergic skin reaction"", ""Polymorphous light eruption""]",Pellagra,"[""Pellagra"", ""Phototoxic skin reaction"", ""Photoallergic skin reaction"", ""Polymorphous light eruption""]",,0.0,0.0,False,,0.0,0.0,0,False,False,not_applicable,3,universal_confidence_stop,[],not_applicable,False,,[],0.0,0.0,1.0,False,0,0,0.8899999999999999,2,False,0.9,3,True,universal_confidence_stop,True,True,True,1,1,False,3390,540,6,True
icraft_md,icraft_md:66,10,profile_adapter_branching_resolver,Pellagra,Pellagra,"[""Pellagra"", ""Phototoxic skin reaction"", ""Photoallergic skin reaction"", ""Polymorphous light eruption""]",Pellagra,"[""Pellagra"", ""Phototoxic skin reaction"", ""Photoallergic skin reaction"", ""Polymorphous light eruption""]",,0.0,0.0,False,,0.0,0.0,0,False,False,not_applicable,4,universal_confidence_stop,[],not_applicable,False,,[],0.0,0.0,1.0,False,0,0,0.9075,2,False,0.95,4,True,universal_confidence_stop,True,True,True,1,1,False,4906,753,8,True
icraft_md,icraft_md:66,15,profile_adapter_branching_resolver,Pellagra,Pellagra,"[""Pellagra"", ""Phototoxic skin reaction"", ""Photoallergic skin reaction"", ""Polymorphous light eruption""]",Pellagra,"[""Pellagra"", ""Phototoxic skin reaction"", ""Photoallergic skin reaction"", ""Polymorphous light eruption""]",,0.0,0.0,False,,0.0,0.0,0,False,False,not_applicable,5,universal_confidence_stop,[],not_applicable,False,,[],0.0,0.0,1.0,False,0,0,0.9075,2,False,0.95,5,True,universal_confidence_stop,True,True,True,1,1,False,6658,911,10,True
icraft_md,icraft_md:14,5,profile_adapter_branching_resolver,EBS-Dowling Meara,Severe recessive dystrophic EB,"[""Severe recessive dystrophic EB"", ""EBS-Dowling Meara"", ""Junctional EB"", ""Sweet syndrome""]",Severe recessive dystrophic EB,"[""Severe recessive dystrophic EB"", ""EBS-Dowling Meara"", ""Junctional EB"", ""Sweet syndrome""]",,0.0,0.0,False,,0.0,0.0,0,False,False,not_applicable,4,universal_confidence_stop,[],not_applicable,False,,[],0.0,0.0,1.0,False,0,0,0.8724999999999998,2,False,0.85,4,True,universal_confidence_stop,False,True,True,2,2,False,6395,836,8,True
icraft_md,icraft_md:14,10,profile_adapter_branching_resolver,EBS-Dowling Meara,EBS-Dowling Meara,"[""EBS-Dowling Meara"", ""Junctional EB"", ""Severe recessive dystrophic EB"", ""Sweet syndrome""]",EBS-Dowling Meara,"[""EBS-Dowling Meara"", ""Junctional EB"", ""Severe recessive dystrophic EB"", ""Sweet syndrome""]",,0.0,0.0,False,,0.0,0.0,0,False,False,not_applicable,4,universal_confidence_stop,[],not_applicable,False,,[],0.0,0.0,1.0,False,0,0,0.8724999999999998,2,False,0.85,4,True,universal_confidence_stop,True,True,True,1,1,False,6417,858,8,True
icraft_md,icraft_md:14,15,profile_adapter_branching_resolver,EBS-Dowling Meara,Severe recessive dystrophic EB,"[""Severe recessive dystrophic EB"", ""Junctional EB"", ""EBS-Dowling Meara"", ""Sweet syndrome""]",Severe recessive dystrophic EB,"[""Severe recessive dystrophic EB"", ""Junctional EB"", ""EBS-Dowling Meara"", ""Sweet syndrome""]",,0.0,0.0,False,,0.0,0.0,0,False,False,not_applicable,5,universal_confidence_stop,[],not_applicable,False,,[],0.0,0.0,1.0,False,0,0,0.8724999999999998,2,False,0.85,5,True,universal_confidence_stop,False,True,True,3,3,False,8619,1054,10,True
icraft_md,icraft_md:117,5,profile_adapter_branching_resolver,Systemic lupus erythematosus,Systemic lupus erythematosus,"[""Systemic lupus erythematosus"", ""Rosacea"", ""Dermatomyositis"", ""Seborrheic dermatitis""]",Systemic lupus erythematosus,"[""Systemic lupus erythematosus"", ""Rosacea"", ""Dermatomyositis"", ""Seborrheic dermatitis""]",,0.0,0.0,False,,0.0,0.0,0,False,False,not_applicable,3,universal_confidence_stop,[],not_applicable,False,,[],0.0,0.0,1.0,False,0,0,0.8724999999999998,2,False,0.85,3,True,universal_confidence_stop,True,True,True,1,1,False,5846,566,6,True
icraft_md,icraft_md:117,10,profile_adapter_branching_resolver,Systemic lupus erythematosus,Systemic lupus erythematosus,"[""Systemic lupus erythematosus"", ""Dermatomyositis"", ""Rosacea"", ""Seborrheic dermatitis""]",Systemic lupus erythematosus,"[""Systemic lupus erythematosus"", ""Dermatomyositis"", ""Rosacea"", ""Seborrheic dermatitis""]",,0.0,0.0,False,,0.0,0.0,0,False,False,not_applicable,4,universal_confidence_stop,[],not_applicable,False,,[],0.0,0.0,1.0,False,0,0,0.8899999999999999,2,False,0.9,4,True,universal_confidence_stop,True,True,True,1,1,False,8159,759,8,True
icraft_md,icraft_md:117,15,profile_adapter_branching_resolver,Systemic lupus erythematosus,Systemic lupus erythematosus,"[""Systemic lupus erythematosus"", ""Dermatomyositis"", ""Rosacea"", ""Seborrheic dermatitis""]",Systemic lupus erythematosus,"[""Systemic lupus erythematosus"", ""Dermatomyositis"", ""Rosacea"", ""Seborrheic dermatitis""]",,0.0,0.0,False,,0.0,0.0,0,False,False,not_applicable,5,universal_confidence_stop,[],not_applicable,False,,[],0.0,0.0,1.0,False,0,0,0.8899999999999999,2,False,0.9,5,True,universal_confidence_stop,True,True,True,1,1,False,10434,961,10,True
icraft_md,icraft_md:60,5,profile_adapter_branching_resolver,Shoe dermatitis,Shoe dermatitis,"[""Shoe dermatitis"", ""Dyshidrosis"", ""Mycosis fungoides"", ""S\u00e9zary syndrome""]",Shoe dermatitis,"[""Shoe dermatitis"", ""Dyshidrosis"", ""Mycosis fungoides"", ""S\u00e9zary syndrome""]",,0.0,0.0,False,,0.0,0.0,0,False,False,not_applicable,3,universal_confidence_stop,[],not_applicable,False,,[],0.0,0.0,1.0,False,0,0,0.8724999999999998,2,False,0.85,3,True,universal_confidence_stop,True,True,True,1,1,False,3700,607,6,True
icraft_md,icraft_md:60,10,profile_adapter_branching_resolver,Shoe dermatitis,Shoe dermatitis,"[""Shoe dermatitis"", ""Dyshidrosis"", ""Mycosis fungoides"", ""S\u00e9zary syndrome""]",Shoe dermatitis,"[""Shoe dermatitis"", ""Dyshidrosis"", ""Mycosis fungoides"", ""S\u00e9zary syndrome""]",,0.0,0.0,False,,0.0,0.0,0,False,False,not_applicable,4,universal_confidence_stop,[],not_applicable,False,,[],0.0,0.0,1.0,False,0,0,0.8724999999999998,2,False,0.85,4,True,universal_confidence_stop,True,True,True,1,1,False,5588,798,8,True
icraft_md,icraft_md:60,15,profile_adapter_branching_resolver,Shoe dermatitis,Shoe dermatitis,"[""Shoe dermatitis"", ""Dyshidrosis"", ""Mycosis fungoides"", ""S\u00e9zary syndrome""]",Shoe dermatitis,"[""Shoe dermatitis"", ""Dyshidrosis"", ""Mycosis fungoides"", ""S\u00e9zary syndrome""]",,0.0,0.0,False,,0.0,0.0,0,False,False,not_applicable,5,universal_confidence_stop,[],not_applicable,False,,[],0.0,0.0,1.0,False,0,0,0.8724999999999998,2,False,0.85,5,True,universal_confidence_stop,True,True,True,1,1,False,7183,1064,10,True
icraft_md,icraft_md:105,5,profile_adapter_branching_resolver,Hodgkin lymphoma,Hodgkin lymphoma,"[""Hodgkin lymphoma"", ""Scabies"", ""Cholestatic pruritus"", ""Renal pruritus""]",Hodgkin lymphoma,"[""Hodgkin lymphoma"", ""Scabies"", ""Cholestatic pruritus"", ""Renal pruritus""]",,0.0,0.0,False,,0.0,0.0,0,False,False,not_applicable,3,universal_confidence_stop,[],not_applicable,False,,[],0.0,0.0,1.0,False,0,0,0.8724999999999998,2,False,0.85,3,True,universal_confidence_stop,True,True,True,1,1,False,4289,546,6,True
icraft_md,icraft_md:105,10,profile_adapter_branching_resolver,Hodgkin lymphoma,Hodgkin lymphoma,"[""Hodgkin lymphoma"", ""Cholestatic pruritus"", ""Renal pruritus"", ""Scabies""]",Hodgkin lymphoma,"[""Hodgkin lymphoma"", ""Cholestatic pruritus"", ""Renal pruritus"", ""Scabies""]",,0.0,0.0,False,,0.0,0.0,0,False,False,not_applicable,4,universal_confidence_stop,[],not_applicable,False,,[],0.0,0.0,1.0,False,0,0,0.8724999999999998,2,False,0.85,4,True,universal_confidence_stop,True,True,True,1,1,False,6217,746,8,True
icraft_md,icraft_md:105,15,profile_adapter_branching_resolver,Hodgkin lymphoma,Hodgkin lymphoma,"[""Hodgkin lymphoma"", ""Scabies"", ""Cholestatic pruritus"", ""Renal pruritus""]",Hodgkin lymphoma,"[""Hodgkin lymphoma"", ""Scabies"", ""Cholestatic pruritus"", ""Renal pruritus""]",,0.0,0.0,False,,0.0,0.0,0,False,False,not_applicable,5,universal_confidence_stop,[],not_applicable,False,,[],0.0,0.0,1.0,False,0,0,0.8724999999999998,2,False,0.85,5,True,universal_confidence_stop,True,True,True,1,1,False,7448,919,10,True
icraft_md,icraft_md:61,5,profile_adapter_branching_resolver,Mid-dermal elastolysis,Mid-dermal elastolysis,"[""Mid-dermal elastolysis"", ""Perifollicular elastolysis"", ""Anetoderma"", ""Marshall syndrome""]",Mid-dermal elastolysis,"[""Mid-dermal elastolysis"", ""Perifollicular elastolysis"", ""Anetoderma"", ""Marshall syndrome""]",,0.0,0.0,False,,0.0,0.0,0,False,False,not_applicable,3,universal_confidence_stop,[],not_applicable,False,,[],0.0,0.0,1.0,False,0,0,0.8724999999999998,2,False,0.85,3,True,universal_confidence_stop,True,True,True,1,1,False,3836,600,6,True
icraft_md,icraft_md:61,10,profile_adapter_branching_resolver,Mid-dermal elastolysis,Mid-dermal elastolysis,"[""Mid-dermal elastolysis"", ""Perifollicular elastolysis"", ""Anetoderma"", ""Marshall syndrome""]",Mid-dermal elastolysis,"[""Mid-dermal elastolysis"", ""Perifollicular elastolysis"", ""Anetoderma"", ""Marshall syndrome""]",,0.0,0.0,False,,0.0,0.0,0,False,False,not_applicable,4,universal_confidence_stop,[],not_applicable,False,,[],0.0,0.0,1.0,False,0,0,0.8724999999999998,2,False,0.85,4,True,universal_confidence_stop,True,True,True,1,1,False,5541,852,8,True
icraft_md,icraft_md:61,15,profile_adapter_branching_resolver,Mid-dermal elastolysis,Mid-dermal elastolysis,"[""Mid-dermal elastolysis"", ""Perifollicular elastolysis"", ""Anetoderma"", ""Marshall syndrome""]",Mid-dermal elastolysis,"[""Mid-dermal elastolysis"", ""Perifollicular elastolysis"", ""Anetoderma"", ""Marshall syndrome""]",,0.0,0.0,False,,0.0,0.0,0,False,False,not_applicable,5,universal_confidence_stop,[],not_applicable,False,,[],0.0,0.0,1.0,False,0,0,0.8724999999999998,2,False,0.85,5,True,universal_confidence_stop,True,True,True,1,1,False,6886,1068,10,True
icraft_md,icraft_md:78,5,profile_adapter_branching_resolver,Urticarial vasculitis,Urticarial vasculitis,"[""Urticarial vasculitis"", ""Schnitzler syndrome"", ""Systemic lupus erythematosus"", ""Photodermatitis""]",Urticarial vasculitis,"[""Urticarial vasculitis"", ""Schnitzler syndrome"", ""Systemic lupus erythematosus"", ""Photodermatitis""]",,0.0,0.0,False,,0.0,0.0,0,False,False,not_applicable,3,universal_confidence_stop,[],not_applicable,False,,[],0.0,0.0,1.0,False,0,0,0.8724999999999998,2,False,0.85,3,True,universal_confidence_stop,True,True,True,1,1,False,5515,664,6,True
icraft_md,icraft_md:78,10,profile_adapter_branching_resolver,Urticarial vasculitis,Urticarial vasculitis,"[""Urticarial vasculitis"", ""Schnitzler syndrome"", ""Systemic lupus erythematosus"", ""Photodermatitis""]",Urticarial vasculitis,"[""Urticarial vasculitis"", ""Schnitzler syndrome"", ""Systemic lupus erythematosus"", ""Photodermatitis""]",,0.0,0.0,False,,0.0,0.0,0,False,False,not_applicable,4,universal_confidence_stop,[],not_applicable,False,,[],0.0,0.0,1.0,False,0,0,0.8724999999999998,2,False,0.85,4,True,universal_confidence_stop,True,True,True,1,1,False,7811,918,8,True
icraft_md,icraft_md:78,15,profile_adapter_branching_resolver,Urticarial vasculitis,Urticarial vasculitis,"[""Urticarial vasculitis"", ""Schnitzler syndrome"", ""Systemic lupus erythematosus"", ""Photodermatitis""]",Urticarial vasculitis,"[""Urticarial vasculitis"", ""Schnitzler syndrome"", ""Systemic lupus erythematosus"", ""Photodermatitis""]",,0.0,0.0,False,,0.0,0.0,0,False,False,not_applicable,14,continue,[],not_applicable,False,,[],0.0,0.0,1.0,False,0,0,0.8374999999999999,2,False,0.75,15,False,budget_exhausted_forced_final,True,True,True,1,1,False,47702,3314,30,True
icraft_md,icraft_md:72,5,profile_adapter_branching_resolver,Tinea versicolor,Tinea versicolor,"[""Tinea versicolor"", ""Tinea corporis"", ""Pityriasis rosea"", ""Vitiligo""]",Tinea versicolor,"[""Tinea versicolor"", ""Tinea corporis"", ""Pityriasis rosea"", ""Vitiligo""]",,0.0,0.0,False,,0.0,0.0,0,False,False,not_applicable,3,universal_confidence_stop,[],not_applicable,False,,[],0.0,0.0,1.0,False,0,0,0.8724999999999998,2,False,0.85,3,True,universal_confidence_stop,True,True,True,1,1,False,5062,545,6,True
icraft_md,icraft_md:72,10,profile_adapter_branching_resolver,Tinea versicolor,Tinea versicolor,"[""Tinea versicolor"", ""Tinea corporis"", ""Pityriasis rosea"", ""Vitiligo""]",Tinea versicolor,"[""Tinea versicolor"", ""Tinea corporis"", ""Pityriasis rosea"", ""Vitiligo""]",,0.0,0.0,False,,0.0,0.0,0,False,False,not_applicable,4,universal_confidence_stop,[],not_applicable,False,,[],0.0,0.0,1.0,False,0,0,0.8724999999999998,2,False,0.85,4,True,universal_confidence_stop,True,True,True,1,1,False,7042,715,8,True
icraft_md,icraft_md:72,15,profile_adapter_branching_resolver,Tinea versicolor,Tinea versicolor,"[""Tinea versicolor"", ""Tinea corporis"", ""Pityriasis rosea"", ""Vitiligo""]",Tinea versicolor,"[""Tinea versicolor"", ""Tinea corporis"", ""Pityriasis rosea"", ""Vitiligo""]",,0.0,0.0,False,,0.0,0.0,0,False,False,not_applicable,5,universal_confidence_stop,[],not_applicable,False,,[],0.0,0.0,1.0,False,0,0,0.8899999999999999,2,False,0.9,5,True,universal_confidence_stop,True,True,True,1,1,False,9326,929,10,True
icraft_md,icraft_md:116,5,profile_adapter_branching_resolver,Lichen planus,Lichen planus,"[""Lichen planus"", ""Lichenoid drug eruption"", ""Prurigo nodular"", ""Atopic dermatitis""]",Lichen planus,"[""Lichen planus"", ""Lichenoid drug eruption"", ""Prurigo nodular"", ""Atopic dermatitis""]",,0.0,0.0,False,,0.0,0.0,0,False,False,not_applicable,3,universal_confidence_stop,[],not_applicable,False,,[],0.0,0.0,1.0,False,0,0,0.8724999999999998,2,False,0.85,3,True,universal_confidence_stop,True,True,True,1,1,False,5322,542,6,True
icraft_md,icraft_md:116,10,profile_adapter_branching_resolver,Lichen planus,Lichen planus,"[""Lichen planus"", ""Lichenoid drug eruption"", ""Atopic dermatitis"", ""Prurigo nodular""]",Lichen planus,"[""Lichen planus"", ""Lichenoid drug eruption"", ""Atopic dermatitis"", ""Prurigo nodular""]",,0.0,0.0,False,,0.0,0.0,0,False,False,not_applicable,4,universal_confidence_stop,[],not_applicable,False,,[],0.0,0.0,1.0,False,0,0,0.8724999999999998,2,False,0.85,4,True,universal_confidence_stop,True,True,True,1,1,False,7391,716,8,True
icraft_md,icraft_md:116,15,profile_adapter_branching_resolver,Lichen planus,Lichen planus,"[""Lichen planus"", ""Lichenoid drug eruption"", ""Prurigo nodular"", ""Atopic dermatitis""]",Lichen planus,"[""Lichen planus"", ""Lichenoid drug eruption"", ""Prurigo nodular"", ""Atopic dermatitis""]",,0.0,0.0,False,,0.0,0.0,0,False,False,not_applicable,5,universal_confidence_stop,[],not_applicable,False,,[],0.0,0.0,1.0,False,0,0,0.8724999999999998,2,False,0.85,5,True,universal_confidence_stop,True,True,True,1,1,False,9776,885,10,True
icraft_md,icraft_md:87,5,profile_adapter_branching_resolver,Pseudoainhum,Pseudoainhum,"[""Pseudoainhum"", ""Gangrene"", ""Frostbite"", ""Hair-thread tourniquet syndrome""]",Pseudoainhum,"[""Pseudoainhum"", ""Gangrene"", ""Frostbite"", ""Hair-thread tourniquet syndrome""]",,0.0,0.0,False,,0.0,0.0,0,False,False,not_applicable,4,universal_confidence_stop,[],not_applicable,False,,[],0.0,0.0,1.0,False,0,0,0.8724999999999998,2,False,0.85,4,True,universal_confidence_stop,True,True,True,1,1,False,4631,739,8,True
icraft_md,icraft_md:87,10,profile_adapter_branching_resolver,Pseudoainhum,Pseudoainhum,"[""Pseudoainhum"", ""Hair-thread tourniquet syndrome"", ""Gangrene"", ""Frostbite""]",Pseudoainhum,"[""Pseudoainhum"", ""Hair-thread tourniquet syndrome"", ""Gangrene"", ""Frostbite""]",,0.0,0.0,False,,0.0,0.0,0,False,False,not_applicable,9,continue,[],not_applicable,False,,[],0.0,0.0,1.0,False,0,0,0.8724999999999998,2,False,0.85,10,False,budget_exhausted_forced_final,True,True,True,1,1,False,16812,1814,20,True
icraft_md,icraft_md:87,15,profile_adapter_branching_resolver,Pseudoainhum,Pseudoainhum,"[""Pseudoainhum"", ""Hair-thread tourniquet syndrome"", ""Gangrene"", ""Frostbite""]",Pseudoainhum,"[""Pseudoainhum"", ""Hair-thread tourniquet syndrome"", ""Gangrene"", ""Frostbite""]",,0.0,0.0,False,,0.0,0.0,0,False,False,not_applicable,9,universal_confidence_stop,[],not_applicable,False,,[],0.0,0.0,1.0,False,0,0,0.8724999999999998,2,False,0.85,9,True,universal_confidence_stop,True,True,True,1,1,False,14570,1665,18,True
icraft_md,icraft_md:67,5,profile_adapter_branching_resolver,Nipple hyperkeratosis,Nipple hyperkeratosis,"[""Nipple hyperkeratosis"", ""Acanthosis nigricans"", ""Darier disease"", ""Chronic eczema""]",Nipple hyperkeratosis,"[""Nipple hyperkeratosis"", ""Acanthosis nigricans"", ""Darier disease"", ""Chronic eczema""]",,0.0,0.0,False,,0.0,0.0,0,False,False,not_applicable,3,universal_confidence_stop,[],not_applicable,False,,[],0.0,0.0,1.0,False,0,0,0.8724999999999998,2,False,0.85,3,True,universal_confidence_stop,True,True,True,1,1,False,5547,666,6,True
icraft_md,icraft_md:67,10,profile_adapter_branching_resolver,Nipple hyperkeratosis,Nipple hyperkeratosis,"[""Nipple hyperkeratosis"", ""Acanthosis nigricans"", ""Darier disease"", ""Chronic eczema""]",Nipple hyperkeratosis,"[""Nipple hyperkeratosis"", ""Acanthosis nigricans"", ""Darier disease"", ""Chronic eczema""]",,0.0,0.0,False,,0.0,0.0,0,False,False,not_applicable,4,universal_confidence_stop,[],not_applicable,False,,[],0.0,0.0,1.0,False,0,0,0.8724999999999998,2,False,0.85,4,True,universal_confidence_stop,True,True,True,1,1,False,7738,846,8,True
icraft_md,icraft_md:67,15,profile_adapter_branching_resolver,Nipple hyperkeratosis,Nipple hyperkeratosis,"[""Nipple hyperkeratosis"", ""Acanthosis nigricans"", ""Darier disease"", ""Chronic eczema""]",Nipple hyperkeratosis,"[""Nipple hyperkeratosis"", ""Acanthosis nigricans"", ""Darier disease"", ""Chronic eczema""]",,0.0,0.0,False,,0.0,0.0,0,False,False,not_applicable,5,universal_confidence_stop,[],not_applicable,False,,[],0.0,0.0,1.0,False,0,0,0.8724999999999998,2,False,0.85,5,True,universal_confidence_stop,True,True,True,1,1,False,10030,1049,10,True
icraft_md,icraft_md:34,5,profile_adapter_branching_resolver,Dermatofibroma,Dermatofibroma,"[""Dermatofibroma"", ""Dysplastic nevi"", ""Basal cell carcinoma"", ""Keloids""]",Dermatofibroma,"[""Dermatofibroma"", ""Dysplastic nevi"", ""Basal cell carcinoma"", ""Keloids""]",,0.0,0.0,False,,0.0,0.0,0,False,False,not_applicable,3,universal_confidence_stop,[],not_applicable,False,,[],0.0,0.0,1.0,False,0,0,0.8724999999999998,2,False,0.85,3,True,universal_confidence_stop,True,True,True,1,1,False,6044,575,6,True
icraft_md,icraft_md:34,10,profile_adapter_branching_resolver,Dermatofibroma,Dermatofibroma,"[""Dermatofibroma"", ""Basal cell carcinoma"", ""Dysplastic nevi"", ""Keloids""]",Dermatofibroma,"[""Dermatofibroma"", ""Basal cell carcinoma"", ""Dysplastic nevi"", ""Keloids""]",,0.0,0.0,False,,0.0,0.0,0,False,False,not_applicable,4,universal_confidence_stop,[],not_applicable,False,,[],0.0,0.0,1.0,False,0,0,0.8724999999999998,2,False,0.85,4,True,universal_confidence_stop,True,True,True,1,1,False,8390,792,8,True
icraft_md,icraft_md:34,15,profile_adapter_branching_resolver,Dermatofibroma,Dermatofibroma,"[""Dermatofibroma"", ""Basal cell carcinoma"", ""Dysplastic nevi"", ""Keloids""]",Dermatofibroma,"[""Dermatofibroma"", ""Basal cell carcinoma"", ""Dysplastic nevi"", ""Keloids""]",,0.0,0.0,False,,0.0,0.0,0,False,False,not_applicable,5,universal_confidence_stop,[],not_applicable,False,,[],0.0,0.0,1.0,False,0,0,0.8724999999999998,2,False,0.85,5,True,universal_confidence_stop,True,True,True,1,1,False,11317,981,10,True
icraft_md,icraft_md:81,5,profile_adapter_branching_resolver,Alopecia areata,Alopecia areata,"[""Alopecia areata"", ""Tinea capitis"", ""Trichotillomania"", ""Androgenetic alopecia""]",Alopecia areata,"[""Alopecia areata"", ""Tinea capitis"", ""Trichotillomania"", ""Androgenetic alopecia""]",,0.0,0.0,False,,0.0,0.0,0,False,False,not_applicable,3,universal_confidence_stop,[],not_applicable,False,,[],0.0,0.0,1.0,False,0,0,0.8724999999999998,2,False,0.85,3,True,universal_confidence_stop,True,True,True,1,1,False,4940,560,6,True
icraft_md,icraft_md:81,10,profile_adapter_branching_resolver,Alopecia areata,Alopecia areata,"[""Alopecia areata"", ""Androgenetic alopecia"", ""Tinea capitis"", ""Trichotillomania""]",Alopecia areata,"[""Alopecia areata"", ""Androgenetic alopecia"", ""Tinea capitis"", ""Trichotillomania""]",,0.0,0.0,False,,0.0,0.0,0,False,False,not_applicable,4,universal_confidence_stop,[],not_applicable,False,,[],0.0,0.0,1.0,False,0,0,0.8724999999999998,2,False,0.85,4,True,universal_confidence_stop,True,True,True,1,1,False,7073,761,8,True
icraft_md,icraft_md:81,15,profile_adapter_branching_resolver,Alopecia areata,Alopecia areata,"[""Alopecia areata"", ""Androgenetic alopecia"", ""Tinea capitis"", ""Trichotillomania""]",Alopecia areata,"[""Alopecia areata"", ""Androgenetic alopecia"", ""Tinea capitis"", ""Trichotillomania""]",,0.0,0.0,False,,0.0,0.0,0,False,False,not_applicable,5,universal_confidence_stop,[],not_applicable,False,,[],0.0,0.0,1.0,False,0,0,0.8724999999999998,2,False,0.85,5,True,universal_confidence_stop,True,True,True,1,1,False,9428,989,10,True
icraft_md,icraft_md:40,5,profile_adapter_branching_resolver,Eczema herpeticum,Eczema herpeticum,"[""Eczema herpeticum"", ""Impetigo"", ""Varicella zoster virus infection"", ""Animal pox infection""]",Eczema herpeticum,"[""Eczema herpeticum"", ""Impetigo"", ""Varicella zoster virus infection"", ""Animal pox infection""]",,0.0,0.0,False,,0.0,0.0,0,False,False,not_applicable,3,universal_confidence_stop,[],not_applicable,False,,[],0.0,0.0,1.0,False,0,0,0.8724999999999998,2,False,0.85,3,True,universal_confidence_stop,True,True,True,1,1,False,3813,585,6,True
icraft_md,icraft_md:40,10,profile_adapter_branching_resolver,Eczema herpeticum,Eczema herpeticum,"[""Eczema herpeticum"", ""Impetigo"", ""Varicella zoster virus infection"", ""Animal pox infection""]",Eczema herpeticum,"[""Eczema herpeticum"", ""Impetigo"", ""Varicella zoster virus infection"", ""Animal pox infection""]",,0.0,0.0,False,,0.0,0.0,0,False,False,not_applicable,4,universal_confidence_stop,[],not_applicable,False,,[],0.0,0.0,1.0,False,0,0,0.8724999999999998,2,False,0.85,4,True,universal_confidence_stop,True,True,True,1,1,False,5690,774,8,True
icraft_md,icraft_md:40,15,profile_adapter_branching_resolver,Eczema herpeticum,Eczema herpeticum,"[""Eczema herpeticum"", ""Impetigo"", ""Varicella zoster virus infection"", ""Animal pox infection""]",Eczema herpeticum,"[""Eczema herpeticum"", ""Impetigo"", ""Varicella zoster virus infection"", ""Animal pox infection""]",,0.0,0.0,False,,0.0,0.0,0,False,False,not_applicable,5,universal_confidence_stop,[],not_applicable,False,,[],0.0,0.0,1.0,False,0,0,0.8724999999999998,2,False,0.85,5,True,universal_confidence_stop,True,True,True,1,1,False,7147,1028,10,True
icraft_md,icraft_md:38,5,profile_adapter_branching_resolver,Toxicodendron dermatitis,Toxicodendron dermatitis,"[""Toxicodendron dermatitis"", ""Phytophotodermatitis"", ""Bullous impetigo"", ""Shingles""]",Toxicodendron dermatitis,"[""Toxicodendron dermatitis"", ""Phytophotodermatitis"", ""Bullous impetigo"", ""Shingles""]",,0.0,0.0,False,,0.0,0.0,0,False,False,not_applicable,3,universal_confidence_stop,[],not_applicable,False,,[],0.0,0.0,1.0,False,0,0,0.8724999999999998,2,False,0.85,3,True,universal_confidence_stop,True,True,True,1,1,False,4743,616,6,True
icraft_md,icraft_md:38,10,profile_adapter_branching_resolver,Toxicodendron dermatitis,Toxicodendron dermatitis,"[""Toxicodendron dermatitis"", ""Phytophotodermatitis"", ""Bullous impetigo"", ""Shingles""]",Toxicodendron dermatitis,"[""Toxicodendron dermatitis"", ""Phytophotodermatitis"", ""Bullous impetigo"", ""Shingles""]",,0.0,0.0,False,,0.0,0.0,0,False,False,not_applicable,4,universal_confidence_stop,[],not_applicable,False,,[],0.0,0.0,1.0,False,0,0,0.8899999999999999,2,False,0.9,4,True,universal_confidence_stop,True,True,True,1,1,False,6863,826,8,True
icraft_md,icraft_md:38,15,profile_adapter_branching_resolver,Toxicodendron dermatitis,Toxicodendron dermatitis,"[""Toxicodendron dermatitis"", ""Phytophotodermatitis"", ""Bullous impetigo"", ""Shingles""]",Toxicodendron dermatitis,"[""Toxicodendron dermatitis"", ""Phytophotodermatitis"", ""Bullous impetigo"", ""Shingles""]",,0.0,0.0,False,,0.0,0.0,0,False,False,not_applicable,5,universal_confidence_stop,[],not_applicable,False,,[],0.0,0.0,1.0,False,0,0,0.8724999999999998,2,False,0.85,5,True,universal_confidence_stop,True,True,True,1,1,False,8079,909,10,True
icraft_md,icraft_md:4,5,profile_adapter_branching_resolver,Halo nevus,Halo nevus,"[""Halo nevus"", ""Vitiligo"", ""Dysplastic nevus"", ""Melanoma""]",Halo nevus,"[""Halo nevus"", ""Vitiligo"", ""Dysplastic nevus"", ""Melanoma""]",,0.0,0.0,False,,0.0,0.0,0,False,False,not_applicable,3,universal_confidence_stop,[],not_applicable,False,,[],0.0,0.0,1.0,False,0,0,0.8724999999999998,2,False,0.85,3,True,universal_confidence_stop,True,True,True,1,1,False,5179,549,6,True
icraft_md,icraft_md:4,10,profile_adapter_branching_resolver,Halo nevus,Halo nevus,"[""Halo nevus"", ""Vitiligo"", ""Dysplastic nevus"", ""Melanoma""]",Halo nevus,"[""Halo nevus"", ""Vitiligo"", ""Dysplastic nevus"", ""Melanoma""]",,0.0,0.0,False,,0.0,0.0,0,False,False,not_applicable,4,universal_confidence_stop,[],not_applicable,False,,[],0.0,0.0,1.0,False,0,0,0.8724999999999998,2,False,0.85,4,True,universal_confidence_stop,True,True,True,1,1,False,8244,736,8,True
icraft_md,icraft_md:4,15,profile_adapter_branching_resolver,Halo nevus,Halo nevus,"[""Halo nevus"", ""Vitiligo"", ""Dysplastic nevus"", ""Melanoma""]",Halo nevus,"[""Halo nevus"", ""Vitiligo"", ""Dysplastic nevus"", ""Melanoma""]",,0.0,0.0,False,,0.0,0.0,0,False,False,not_applicable,5,universal_confidence_stop,[],not_applicable,False,,[],0.0,0.0,1.0,False,0,0,0.8724999999999998,2,False,0.85,5,True,universal_confidence_stop,True,True,True,1,1,False,10234,869,10,True
icraft_md,icraft_md:41,5,profile_adapter_branching_resolver,Plexiform neurofibroma,Plexiform neurofibroma,"[""Plexiform neurofibroma"", ""Schwannomas"", ""Synovial sarcoma"", ""Eczema herpeticum""]",Plexiform neurofibroma,"[""Plexiform neurofibroma"", ""Schwannomas"", ""Synovial sarcoma"", ""Eczema herpeticum""]",,0.0,0.0,False,,0.0,0.0,0,False,False,not_applicable,3,universal_confidence_stop,[],not_applicable,False,,[],0.0,0.0,1.0,False,0,0,0.8724999999999998,2,False,0.85,3,True,universal_confidence_stop,True,True,True,1,1,False,4775,591,6,True
icraft_md,icraft_md:41,10,profile_adapter_branching_resolver,Plexiform neurofibroma,Plexiform neurofibroma,"[""Plexiform neurofibroma"", ""Schwannomas"", ""Synovial sarcoma"", ""Eczema herpeticum""]",Plexiform neurofibroma,"[""Plexiform neurofibroma"", ""Schwannomas"", ""Synovial sarcoma"", ""Eczema herpeticum""]",,0.0,0.0,False,,0.0,0.0,0,False,False,not_applicable,4,universal_confidence_stop,[],not_applicable,False,,[],0.0,0.0,1.0,False,0,0,0.8724999999999998,2,False,0.85,4,True,universal_confidence_stop,True,True,True,1,1,False,6713,794,8,True
icraft_md,icraft_md:41,15,profile_adapter_branching_resolver,Plexiform neurofibroma,Plexiform neurofibroma,"[""Plexiform neurofibroma"", ""Schwannomas"", ""Synovial sarcoma"", ""Eczema herpeticum""]",Plexiform neurofibroma,"[""Plexiform neurofibroma"", ""Schwannomas"", ""Synovial sarcoma"", ""Eczema herpeticum""]",,0.0,0.0,False,,0.0,0.0,0,False,False,not_applicable,5,universal_confidence_stop,[],not_applicable,False,,[],0.0,0.0,1.0,False,0,0,0.8724999999999998,2,False,0.85,5,True,universal_confidence_stop,True,True,True,1,1,False,8728,982,10,True
icraft_md,icraft_md:99,5,profile_adapter_branching_resolver,Trachyonychia,Trachyonychia,"[""Trachyonychia"", ""Brittle nails"", ""Onychomycosis"", ""Senile nails""]",Trachyonychia,"[""Trachyonychia"", ""Brittle nails"", ""Onychomycosis"", ""Senile nails""]",,0.0,0.0,False,,0.0,0.0,0,False,False,not_applicable,3,universal_confidence_stop,[],not_applicable,False,,[],0.0,0.0,1.0,False,0,0,0.8724999999999998,2,False,0.85,3,True,universal_confidence_stop,True,True,True,1,1,False,4625,590,6,True
icraft_md,icraft_md:99,10,profile_adapter_branching_resolver,Trachyonychia,Trachyonychia,"[""Trachyonychia"", ""Brittle nails"", ""Onychomycosis"", ""Senile nails""]",Trachyonychia,"[""Trachyonychia"", ""Brittle nails"", ""Onychomycosis"", ""Senile nails""]",,0.0,0.0,False,,0.0,0.0,0,False,False,not_applicable,4,universal_confidence_stop,[],not_applicable,False,,[],0.0,0.0,1.0,False,0,0,0.8724999999999998,2,False,0.85,4,True,universal_confidence_stop,True,True,True,1,1,False,6804,761,8,True
icraft_md,icraft_md:99,15,profile_adapter_branching_resolver,Trachyonychia,Trachyonychia,"[""Trachyonychia"", ""Brittle nails"", ""Onychomycosis"", ""Senile nails""]",Trachyonychia,"[""Trachyonychia"", ""Brittle nails"", ""Onychomycosis"", ""Senile nails""]",,0.0,0.0,False,,0.0,0.0,0,False,False,not_applicable,5,universal_confidence_stop,[],not_applicable,False,,[],0.0,0.0,1.0,False,0,0,0.8724999999999998,2,False,0.85,5,True,universal_confidence_stop,True,True,True,1,1,False,8806,959,10,True
icraft_md,icraft_md:59,5,profile_adapter_branching_resolver,Nipple inversion secondary to neglected malignancy,Nipple inversion secondary to neglected malignancy,"[""Nipple inversion secondary to neglected malignancy"", ""Duct ectasia"", ""Periductal mastitis"", ""Congenital nipple inversion""]",Nipple inversion secondary to neglected malignancy,"[""Nipple inversion secondary to neglected malignancy"", ""Duct ectasia"", ""Periductal mastitis"", ""Congenital nipple inversion""]",,0.0,0.0,False,,0.0,0.0,0,False,False,not_applicable,3,universal_confidence_stop,[],not_applicable,False,,[],0.0,0.0,1.0,False,0,0,0.8899999999999999,2,False,0.9,3,True,universal_confidence_stop,True,True,True,1,1,False,4189,617,6,True
icraft_md,icraft_md:59,10,profile_adapter_branching_resolver,Nipple inversion secondary to neglected malignancy,Nipple inversion secondary to neglected malignancy,"[""Nipple inversion secondary to neglected malignancy"", ""Duct ectasia"", ""Periductal mastitis"", ""Congenital nipple inversion""]",Nipple inversion secondary to neglected malignancy,"[""Nipple inversion secondary to neglected malignancy"", ""Duct ectasia"", ""Periductal mastitis"", ""Congenital nipple inversion""]",,0.0,0.0,False,,0.0,0.0,0,False,False,not_applicable,4,universal_confidence_stop,[],not_applicable,False,,[],0.0,0.0,1.0,False,0,0,0.9075,2,False,0.95,4,True,universal_confidence_stop,True,True,True,1,1,False,5870,808,8,True
icraft_md,icraft_md:59,15,profile_adapter_branching_resolver,Nipple inversion secondary to neglected malignancy,Nipple inversion secondary to neglected malignancy,"[""Nipple inversion secondary to neglected malignancy"", ""Duct ectasia"", ""Periductal mastitis"", ""Congenital nipple inversion""]",Nipple inversion secondary to neglected malignancy,"[""Nipple inversion secondary to neglected malignancy"", ""Duct ectasia"", ""Periductal mastitis"", ""Congenital nipple inversion""]",,0.0,0.0,False,,0.0,0.0,0,False,False,not_applicable,5,universal_confidence_stop,[],not_applicable,False,,[],0.0,0.0,1.0,False,0,0,0.8899999999999999,2,False,0.9,5,True,universal_confidence_stop,True,True,True,1,1,False,7548,987,10,True
icraft_md,icraft_md:93,5,profile_adapter_branching_resolver,Erythema dyschromicum perstans,Erythema dyschromicum perstans,"[""Erythema dyschromicum perstans"", ""Macular amyloidosis"", ""Fixed-drug eruption"", ""Addison disease""]",Erythema dyschromicum perstans,"[""Erythema dyschromicum perstans"", ""Macular amyloidosis"", ""Fixed-drug eruption"", ""Addison disease""]",,0.0,0.0,False,,0.0,0.0,0,False,False,not_applicable,3,universal_confidence_stop,[],not_applicable,False,,[],0.0,0.0,1.0,False,0,0,0.8724999999999998,2,False,0.85,3,True,universal_confidence_stop,True,True,True,1,1,False,5593,644,6,True
icraft_md,icraft_md:93,10,profile_adapter_branching_resolver,Erythema dyschromicum perstans,Erythema dyschromicum perstans,"[""Erythema dyschromicum perstans"", ""Macular amyloidosis"", ""Fixed-drug eruption"", ""Addison disease""]",Erythema dyschromicum perstans,"[""Erythema dyschromicum perstans"", ""Macular amyloidosis"", ""Fixed-drug eruption"", ""Addison disease""]",,0.0,0.0,False,,0.0,0.0,0,False,False,not_applicable,4,universal_confidence_stop,[],not_applicable,False,,[],0.0,0.0,1.0,False,0,0,0.8724999999999998,2,False,0.85,4,True,universal_confidence_stop,True,True,True,1,1,False,7760,816,8,True
icraft_md,icraft_md:93,15,profile_adapter_branching_resolver,Erythema dyschromicum perstans,Erythema dyschromicum perstans,"[""Erythema dyschromicum perstans"", ""Addison disease"", ""Fixed-drug eruption"", ""Macular amyloidosis""]",Erythema dyschromicum perstans,"[""Erythema dyschromicum perstans"", ""Addison disease"", ""Fixed-drug eruption"", ""Macular amyloidosis""]",,0.0,0.0,False,,0.0,0.0,0,False,False,not_applicable,5,universal_confidence_stop,[],not_applicable,False,,[],0.0,0.0,1.0,False,0,0,0.8724999999999998,2,False,0.85,5,True,universal_confidence_stop,True,True,True,1,1,False,10435,1033,10,True
icraft_md,icraft_md:17,5,profile_adapter_branching_resolver,Morphea,Morphea,"[""Morphea"", ""Scleroderma (systemic sclerosis)"", ""Lichen sclerosus"", ""Lipodermatosclerosis""]",Morphea,"[""Morphea"", ""Scleroderma (systemic sclerosis)"", ""Lichen sclerosus"", ""Lipodermatosclerosis""]",,0.0,0.0,False,,0.0,0.0,0,False,False,not_applicable,3,universal_confidence_stop,[],not_applicable,False,,[],0.0,0.0,1.0,False,0,0,0.8724999999999998,2,False,0.85,3,True,universal_confidence_stop,True,True,True,1,1,False,4880,648,6,True
icraft_md,icraft_md:17,10,profile_adapter_branching_resolver,Morphea,Morphea,"[""Morphea"", ""Scleroderma (systemic sclerosis)"", ""Lichen sclerosus"", ""Lipodermatosclerosis""]",Morphea,"[""Morphea"", ""Scleroderma (systemic sclerosis)"", ""Lichen sclerosus"", ""Lipodermatosclerosis""]",,0.0,0.0,False,,0.0,0.0,0,False,False,not_applicable,4,universal_confidence_stop,[],not_applicable,False,,[],0.0,0.0,1.0,False,0,0,0.8724999999999998,2,False,0.85,4,True,universal_confidence_stop,True,True,True,1,1,False,6939,853,8,True
icraft_md,icraft_md:17,15,profile_adapter_branching_resolver,Morphea,Morphea,"[""Morphea"", ""Lichen sclerosus"", ""Lipodermatosclerosis"", ""Scleroderma (systemic sclerosis)""]",Morphea,"[""Morphea"", ""Lichen sclerosus"", ""Lipodermatosclerosis"", ""Scleroderma (systemic sclerosis)""]",,0.0,0.0,False,,0.0,0.0,0,False,False,not_applicable,5,universal_confidence_stop,[],not_applicable,False,,[],0.0,0.0,1.0,False,0,0,0.8724999999999998,2,False,0.85,5,True,universal_confidence_stop,True,True,True,1,1,False,9049,1085,10,True
icraft_md,icraft_md:42,5,profile_adapter_branching_resolver,Hidrocystomas,Hidrocystomas,"[""Hidrocystomas"", ""Mucous retention cysts"", ""Cystic pleomorphic adenomas"", ""Warthin tumors""]",Hidrocystomas,"[""Hidrocystomas"", ""Mucous retention cysts"", ""Cystic pleomorphic adenomas"", ""Warthin tumors""]",,0.0,0.0,False,,0.0,0.0,0,False,False,not_applicable,3,universal_confidence_stop,[],not_applicable,False,,[],0.0,0.0,1.0,False,0,0,0.8724999999999998,2,False,0.85,3,True,universal_confidence_stop,True,True,True,1,1,False,3989,597,6,True
icraft_md,icraft_md:42,10,profile_adapter_branching_resolver,Hidrocystomas,Hidrocystomas,"[""Hidrocystomas"", ""Mucous retention cysts"", ""Cystic pleomorphic adenomas"", ""Warthin tumors""]",Hidrocystomas,"[""Hidrocystomas"", ""Mucous retention cysts"", ""Cystic pleomorphic adenomas"", ""Warthin tumors""]",,0.0,0.0,False,,0.0,0.0,0,False,False,not_applicable,4,universal_confidence_stop,[],not_applicable,False,,[],0.0,0.0,1.0,False,0,0,0.8724999999999998,2,False,0.85,4,True,universal_confidence_stop,True,True,True,1,1,False,5885,796,8,True
icraft_md,icraft_md:42,15,profile_adapter_branching_resolver,Hidrocystomas,Hidrocystomas,"[""Hidrocystomas"", ""Mucous retention cysts"", ""Cystic pleomorphic adenomas"", ""Warthin tumors""]",Hidrocystomas,"[""Hidrocystomas"", ""Mucous retention cysts"", ""Cystic pleomorphic adenomas"", ""Warthin tumors""]",,0.0,0.0,False,,0.0,0.0,0,False,False,not_applicable,5,universal_confidence_stop,[],not_applicable,False,,[],0.0,0.0,1.0,False,0,0,0.8724999999999998,2,False,0.85,5,True,universal_confidence_stop,True,True,True,1,1,False,7835,1047,10,True
icraft_md,icraft_md:133,5,profile_adapter_branching_resolver,Acanthosis nigricans,Acanthosis nigricans,"[""Acanthosis nigricans"", ""Confluent and reticulated papillomatosis  "", ""Tinea versicolor"", ""Acrochordon""]",Acanthosis nigricans,"[""Acanthosis nigricans"", ""Confluent and reticulated papillomatosis  "", ""Tinea versicolor"", ""Acrochordon""]",,0.0,0.0,False,,0.0,0.0,0,False,False,not_applicable,3,universal_confidence_stop,[],not_applicable,False,,[],0.0,0.0,1.0,False,0,0,0.8899999999999999,2,False,0.9,3,True,universal_confidence_stop,True,True,True,1,1,False,5369,588,6,True
icraft_md,icraft_md:133,10,profile_adapter_branching_resolver,Acanthosis nigricans,Acanthosis nigricans,"[""Acanthosis nigricans"", ""Acrochordon"", ""Confluent and reticulated papillomatosis  "", ""Tinea versicolor""]",Acanthosis nigricans,"[""Acanthosis nigricans"", ""Acrochordon"", ""Confluent and reticulated papillomatosis  "", ""Tinea versicolor""]",,0.0,0.0,False,,0.0,0.0,0,False,False,not_applicable,4,universal_confidence_stop,[],not_applicable,False,,[],0.0,0.0,1.0,False,0,0,0.9075,2,False,0.95,4,True,universal_confidence_stop,True,True,True,1,1,False,7655,800,8,True
icraft_md,icraft_md:133,15,profile_adapter_branching_resolver,Acanthosis nigricans,Acanthosis nigricans,"[""Acanthosis nigricans"", ""Confluent and reticulated papillomatosis  "", ""Tinea versicolor"", ""Acrochordon""]",Acanthosis nigricans,"[""Acanthosis nigricans"", ""Confluent and reticulated papillomatosis  "", ""Tinea versicolor"", ""Acrochordon""]",,0.0,0.0,False,,0.0,0.0,0,False,False,not_applicable,5,universal_confidence_stop,[],not_applicable,False,,[],0.0,0.0,1.0,False,0,0,0.8899999999999999,2,False,0.9,5,True,universal_confidence_stop,True,True,True,1,1,False,9888,1014,10,True
icraft_md,icraft_md:94,5,profile_adapter_branching_resolver,Morphea,Morphea,"[""Morphea"", ""Systemic sclerosis"", ""Post-inflammatory hyperpigmentation"", ""Erythema migrans""]",Morphea,"[""Morphea"", ""Systemic sclerosis"", ""Post-inflammatory hyperpigmentation"", ""Erythema migrans""]",,0.0,0.0,False,,0.0,0.0,0,False,False,not_applicable,3,universal_confidence_stop,[],not_applicable,False,,[],0.0,0.0,1.0,False,0,0,0.8724999999999998,2,False,0.85,3,True,universal_confidence_stop,True,True,True,1,1,False,6055,596,6,True
icraft_md,icraft_md:94,10,profile_adapter_branching_resolver,Morphea,Morphea,"[""Morphea"", ""Systemic sclerosis"", ""Post-inflammatory hyperpigmentation"", ""Erythema migrans""]",Morphea,"[""Morphea"", ""Systemic sclerosis"", ""Post-inflammatory hyperpigmentation"", ""Erythema migrans""]",,0.0,0.0,False,,0.0,0.0,0,False,False,not_applicable,4,universal_confidence_stop,[],not_applicable,False,,[],0.0,0.0,1.0,False,0,0,0.8724999999999998,2,False,0.85,4,True,universal_confidence_stop,True,True,True,1,1,False,8396,788,8,True
icraft_md,icraft_md:94,15,profile_adapter_branching_resolver,Morphea,Morphea,"[""Morphea"", ""Systemic sclerosis"", ""Post-inflammatory hyperpigmentation"", ""Erythema migrans""]",Morphea,"[""Morphea"", ""Systemic sclerosis"", ""Post-inflammatory hyperpigmentation"", ""Erythema migrans""]",,0.0,0.0,False,,0.0,0.0,0,False,False,not_applicable,5,universal_confidence_stop,[],not_applicable,False,,[],0.0,0.0,1.0,False,0,0,0.8724999999999998,2,False,0.85,5,True,universal_confidence_stop,True,True,True,1,1,False,10911,993,10,True
icraft_md,icraft_md:47,5,profile_adapter_branching_resolver,Spiradenoma,Spiradenoma,"[""Spiradenoma"", ""Glomus tumor"", ""Angiolipoma"", ""neuroma""]",Spiradenoma,"[""Spiradenoma"", ""Glomus tumor"", ""Angiolipoma"", ""neuroma""]",,0.0,0.0,False,,0.0,0.0,0,False,False,not_applicable,4,universal_confidence_stop,[],not_applicable,False,,[],0.0,0.0,1.0,False,0,0,0.8724999999999998,2,False,0.85,4,True,universal_confidence_stop,True,True,True,1,1,False,5438,799,8,True
icraft_md,icraft_md:47,10,profile_adapter_branching_resolver,Spiradenoma,Glomus tumor,"[""Glomus tumor"", ""Spiradenoma"", ""Angiolipoma"", ""neuroma""]",Glomus tumor,"[""Glomus tumor"", ""Spiradenoma"", ""Angiolipoma"", ""neuroma""]",,0.0,0.0,False,,0.0,0.0,0,False,False,not_applicable,4,universal_confidence_stop,[],not_applicable,False,,[],0.0,0.0,1.0,False,0,0,0.8724999999999998,2,False,0.85,4,True,universal_confidence_stop,False,True,True,2,2,False,5761,748,8,True
icraft_md,icraft_md:47,15,profile_adapter_branching_resolver,Spiradenoma,Glomus tumor,"[""Glomus tumor"", ""Spiradenoma"", ""Angiolipoma"", ""neuroma""]",Glomus tumor,"[""Glomus tumor"", ""Spiradenoma"", ""Angiolipoma"", ""neuroma""]",,0.0,0.0,False,,0.0,0.0,0,False,False,not_applicable,5,universal_confidence_stop,[],not_applicable,False,,[],0.0,0.0,1.0,False,0,0,0.8724999999999998,2,False,0.85,5,True,universal_confidence_stop,False,True,True,2,2,False,7726,918,10,True
icraft_md,icraft_md:107,5,profile_adapter_branching_resolver,Erythrasma,Erythrasma,"[""Erythrasma"", ""Acanthosis nigricans"", ""Hailey-Hailey Disease"", ""Inverse psoriasis""]",Erythrasma,"[""Erythrasma"", ""Acanthosis nigricans"", ""Hailey-Hailey Disease"", ""Inverse psoriasis""]",,0.0,0.0,False,,0.0,0.0,0,False,False,not_applicable,3,universal_confidence_stop,[],not_applicable,False,,[],0.0,0.0,1.0,False,0,0,0.8899999999999999,2,False,0.9,3,True,universal_confidence_stop,True,True,True,1,1,False,5376,556,6,True
icraft_md,icraft_md:107,10,profile_adapter_branching_resolver,Erythrasma,Erythrasma,"[""Erythrasma"", ""Acanthosis nigricans"", ""Hailey-Hailey Disease"", ""Inverse psoriasis""]",Erythrasma,"[""Erythrasma"", ""Acanthosis nigricans"", ""Hailey-Hailey Disease"", ""Inverse psoriasis""]",,0.0,0.0,False,,0.0,0.0,0,False,False,not_applicable,4,universal_confidence_stop,[],not_applicable,False,,[],0.0,0.0,1.0,False,0,0,0.8899999999999999,2,False,0.9,4,True,universal_confidence_stop,True,True,True,1,1,False,7449,741,8,True
icraft_md,icraft_md:107,15,profile_adapter_branching_resolver,Erythrasma,Erythrasma,"[""Erythrasma"", ""Acanthosis nigricans"", ""Hailey-Hailey Disease"", ""Inverse psoriasis""]",Erythrasma,"[""Erythrasma"", ""Acanthosis nigricans"", ""Hailey-Hailey Disease"", ""Inverse psoriasis""]",,0.0,0.0,False,,0.0,0.0,0,False,False,not_applicable,5,universal_confidence_stop,[],not_applicable,False,,[],0.0,0.0,1.0,False,0,0,0.8899999999999999,2,False,0.9,5,True,universal_confidence_stop,True,True,True,1,1,False,9612,933,10,True
icraft_md,icraft_md:82,5,profile_adapter_branching_resolver,Lobular capillary hemangioma,Lobular capillary hemangioma,"[""Lobular capillary hemangioma"", ""Squamous cell carcinoma"", ""Amelanotic melanoma"", ""Bacillary angiomatosis""]",Lobular capillary hemangioma,"[""Lobular capillary hemangioma"", ""Squamous cell carcinoma"", ""Amelanotic melanoma"", ""Bacillary angiomatosis""]",,0.0,0.0,False,,0.0,0.0,0,False,False,not_applicable,4,universal_confidence_stop,[],not_applicable,False,,[],0.0,0.0,1.0,False,0,0,0.8724999999999998,2,False,0.85,4,True,universal_confidence_stop,True,True,True,1,1,False,5845,863,8,True
icraft_md,icraft_md:82,10,profile_adapter_branching_resolver,Lobular capillary hemangioma,Lobular capillary hemangioma,"[""Lobular capillary hemangioma"", ""Squamous cell carcinoma"", ""Amelanotic melanoma"", ""Bacillary angiomatosis""]",Lobular capillary hemangioma,"[""Lobular capillary hemangioma"", ""Squamous cell carcinoma"", ""Amelanotic melanoma"", ""Bacillary angiomatosis""]",,0.0,0.0,False,,0.0,0.0,0,False,False,not_applicable,4,universal_confidence_stop,[],not_applicable,False,,[],0.0,0.0,1.0,False,0,0,0.8724999999999998,2,False,0.85,4,True,universal_confidence_stop,True,True,True,1,1,False,5845,899,8,True
icraft_md,icraft_md:82,15,profile_adapter_branching_resolver,Lobular capillary hemangioma,Lobular capillary hemangioma,"[""Lobular capillary hemangioma"", ""Squamous cell carcinoma"", ""Amelanotic melanoma"", ""Bacillary angiomatosis""]",Lobular capillary hemangioma,"[""Lobular capillary hemangioma"", ""Squamous cell carcinoma"", ""Amelanotic melanoma"", ""Bacillary angiomatosis""]",,0.0,0.0,False,,0.0,0.0,0,False,False,not_applicable,5,universal_confidence_stop,[],not_applicable,False,,[],0.0,0.0,1.0,False,0,0,0.8724999999999998,2,False,0.85,5,True,universal_confidence_stop,True,True,True,1,1,False,7933,1090,10,True
icraft_md,icraft_md:106,5,profile_adapter_branching_resolver,Keratoderma blenorrhagicum,Secondary syphilis,"[""Secondary syphilis"", ""Pustular psoriasis"", ""Keratoderma blenorrhagicum"", ""Keratoderma climactericum""]",Secondary syphilis,"[""Secondary syphilis"", ""Pustular psoriasis"", ""Keratoderma blenorrhagicum"", ""Keratoderma climactericum""]",,0.0,0.0,False,,0.0,0.0,0,False,False,not_applicable,4,continue,[],not_applicable,False,,[],0.0,0.0,1.0,False,0,0,0.8199999999999998,2,False,0.7,5,False,budget_exhausted_forced_final,False,True,True,3,3,False,8410,1049,10,True
icraft_md,icraft_md:106,10,profile_adapter_branching_resolver,Keratoderma blenorrhagicum,Secondary syphilis,"[""Secondary syphilis"", ""Pustular psoriasis"", ""Keratoderma blenorrhagicum"", ""Keratoderma climactericum""]",Secondary syphilis,"[""Secondary syphilis"", ""Pustular psoriasis"", ""Keratoderma blenorrhagicum"", ""Keratoderma climactericum""]",,0.0,0.0,False,,0.0,0.0,0,False,False,not_applicable,9,continue,[],not_applicable,False,,[],0.0,0.0,1.0,False,0,0,0.8199999999999998,2,False,0.7,10,False,budget_exhausted_forced_final,False,True,True,3,3,False,19397,2038,20,True
icraft_md,icraft_md:106,15,profile_adapter_branching_resolver,Keratoderma blenorrhagicum,Secondary syphilis,"[""Secondary syphilis"", ""Keratoderma blenorrhagicum"", ""Pustular psoriasis"", ""Keratoderma climactericum""]",Secondary syphilis,"[""Secondary syphilis"", ""Keratoderma blenorrhagicum"", ""Pustular psoriasis"", ""Keratoderma climactericum""]",,0.0,0.0,False,,0.0,0.0,0,False,False,not_applicable,11,universal_confidence_stop,[],not_applicable,False,,[],0.0,0.0,1.0,False,0,0,0.8724999999999998,2,False,0.85,11,True,universal_confidence_stop,False,True,True,2,2,False,23470,2225,22,True
icraft_md,icraft_md:131,5,profile_adapter_branching_resolver,Hidradenitis suppurativa ,Hidradenitis suppurativa ,"[""Hidradenitis suppurativa "", ""Abscesses"", ""Inflamed sebacous cysts"", ""Impetigo""]",Hidradenitis suppurativa ,"[""Hidradenitis suppurativa "", ""Abscesses"", ""Inflamed sebacous cysts"", ""Impetigo""]",,0.0,0.0,False,,0.0,0.0,0,False,False,not_applicable,3,universal_confidence_stop,[],not_applicable,False,,[],0.0,0.0,1.0,False,0,0,0.8899999999999999,2,False,0.9,3,True,universal_confidence_stop,True,True,True,1,1,False,3894,633,6,True
icraft_md,icraft_md:131,10,profile_adapter_branching_resolver,Hidradenitis suppurativa ,Hidradenitis suppurativa ,"[""Hidradenitis suppurativa "", ""Abscesses"", ""Inflamed sebacous cysts"", ""Impetigo""]",Hidradenitis suppurativa ,"[""Hidradenitis suppurativa "", ""Abscesses"", ""Inflamed sebacous cysts"", ""Impetigo""]",,0.0,0.0,False,,0.0,0.0,0,False,False,not_applicable,4,universal_confidence_stop,[],not_applicable,False,,[],0.0,0.0,1.0,False,0,0,0.8899999999999999,2,False,0.9,4,True,universal_confidence_stop,True,True,True,1,1,False,5800,851,8,True
icraft_md,icraft_md:131,15,profile_adapter_branching_resolver,Hidradenitis suppurativa ,Hidradenitis suppurativa ,"[""Hidradenitis suppurativa "", ""Abscesses"", ""Inflamed sebacous cysts"", ""Impetigo""]",Hidradenitis suppurativa ,"[""Hidradenitis suppurativa "", ""Abscesses"", ""Inflamed sebacous cysts"", ""Impetigo""]",,0.0,0.0,False,,0.0,0.0,0,False,False,not_applicable,5,universal_confidence_stop,[],not_applicable,False,,[],0.0,0.0,1.0,False,0,0,0.8899999999999999,2,False,0.9,5,True,universal_confidence_stop,True,True,True,1,1,False,7466,994,10,True
icraft_md,icraft_md:86,5,profile_adapter_branching_resolver,Chronic paronychia,Chronic paronychia,"[""Chronic paronychia"", ""Psoriasis"", ""Herpetic whitlow"", ""Granuloma annulare""]",Chronic paronychia,"[""Chronic paronychia"", ""Psoriasis"", ""Herpetic whitlow"", ""Granuloma annulare""]",,0.0,0.0,False,,0.0,0.0,0,False,False,not_applicable,3,universal_confidence_stop,[],not_applicable,False,,[],0.0,0.0,1.0,False,0,0,0.8724999999999998,2,False,0.85,3,True,universal_confidence_stop,True,True,True,1,1,False,3979,583,6,True
icraft_md,icraft_md:86,10,profile_adapter_branching_resolver,Chronic paronychia,Chronic paronychia,"[""Chronic paronychia"", ""Psoriasis"", ""Herpetic whitlow"", ""Granuloma annulare""]",Chronic paronychia,"[""Chronic paronychia"", ""Psoriasis"", ""Herpetic whitlow"", ""Granuloma annulare""]",,0.0,0.0,False,,0.0,0.0,0,False,False,not_applicable,4,universal_confidence_stop,[],not_applicable,False,,[],0.0,0.0,1.0,False,0,0,0.8724999999999998,2,False,0.85,4,True,universal_confidence_stop,True,True,True,1,1,False,5206,789,8,True
icraft_md,icraft_md:86,15,profile_adapter_branching_resolver,Chronic paronychia,Chronic paronychia,"[""Chronic paronychia"", ""Psoriasis"", ""Herpetic whitlow"", ""Granuloma annulare""]",Chronic paronychia,"[""Chronic paronychia"", ""Psoriasis"", ""Herpetic whitlow"", ""Granuloma annulare""]",,0.0,0.0,False,,0.0,0.0,0,False,False,not_applicable,5,universal_confidence_stop,[],not_applicable,False,,[],0.0,0.0,1.0,False,0,0,0.8724999999999998,2,False,0.85,5,True,universal_confidence_stop,True,True,True,1,1,False,6886,988,10,True
icraft_md,icraft_md:95,5,profile_adapter_branching_resolver,Tinea nigra,Tinea nigra,"[""Tinea nigra"", ""Lentigines"", ""Palmar lichen planus"", ""Melanocytic nevi""]",Tinea nigra,"[""Tinea nigra"", ""Lentigines"", ""Palmar lichen planus"", ""Melanocytic nevi""]",,0.0,0.0,False,,0.0,0.0,0,False,False,not_applicable,3,universal_confidence_stop,[],not_applicable,False,,[],0.0,0.0,1.0,False,0,0,0.8724999999999998,2,False,0.85,3,True,universal_confidence_stop,True,True,True,1,1,False,4621,613,6,True
icraft_md,icraft_md:95,10,profile_adapter_branching_resolver,Tinea nigra,Tinea nigra,"[""Tinea nigra"", ""Lentigines"", ""Melanocytic nevi"", ""Palmar lichen planus""]",Tinea nigra,"[""Tinea nigra"", ""Lentigines"", ""Melanocytic nevi"", ""Palmar lichen planus""]",,0.0,0.0,False,,0.0,0.0,0,False,False,not_applicable,5,universal_confidence_stop,[],not_applicable,False,,[],0.0,0.0,1.0,False,0,0,0.8724999999999998,2,False,0.85,5,True,universal_confidence_stop,True,True,True,1,1,False,8791,1128,10,True
icraft_md,icraft_md:95,15,profile_adapter_branching_resolver,Tinea nigra,Tinea nigra,"[""Tinea nigra"", ""Lentigines"", ""Melanocytic nevi"", ""Palmar lichen planus""]",Tinea nigra,"[""Tinea nigra"", ""Lentigines"", ""Melanocytic nevi"", ""Palmar lichen planus""]",,0.0,0.0,False,,0.0,0.0,0,False,False,not_applicable,5,universal_confidence_stop,[],not_applicable,False,,[],0.0,0.0,1.0,False,0,0,0.8724999999999998,2,False,0.85,5,True,universal_confidence_stop,True,True,True,1,1,False,8692,1057,10,True
icraft_md,icraft_md:113,5,profile_adapter_branching_resolver,Mycoplasma pneumoniae-induced rash and mucositis,Mycoplasma pneumoniae-induced rash and mucositis,"[""Mycoplasma pneumoniae-induced rash and mucositis"", ""Erythema multiforme major"", ""Stevens-Johnson Syndrome"", ""Herpetic gingivostomatitis""]",Mycoplasma pneumoniae-induced rash and mucositis,"[""Mycoplasma pneumoniae-induced rash and mucositis"", ""Erythema multiforme major"", ""Stevens-Johnson Syndrome"", ""Herpetic gingivostomatitis""]",,0.0,0.0,False,,0.0,0.0,0,False,False,not_applicable,3,universal_confidence_stop,[],not_applicable,False,,[],0.0,0.0,1.0,False,0,0,0.8724999999999998,2,False,0.85,3,True,universal_confidence_stop,True,True,True,1,1,False,4662,691,6,True
icraft_md,icraft_md:113,10,profile_adapter_branching_resolver,Mycoplasma pneumoniae-induced rash and mucositis,Mycoplasma pneumoniae-induced rash and mucositis,"[""Mycoplasma pneumoniae-induced rash and mucositis"", ""Erythema multiforme major"", ""Stevens-Johnson Syndrome"", ""Herpetic gingivostomatitis""]",Mycoplasma pneumoniae-induced rash and mucositis,"[""Mycoplasma pneumoniae-induced rash and mucositis"", ""Erythema multiforme major"", ""Stevens-Johnson Syndrome"", ""Herpetic gingivostomatitis""]",,0.0,0.0,False,,0.0,0.0,0,False,False,not_applicable,4,universal_confidence_stop,[],not_applicable,False,,[],0.0,0.0,1.0,False,0,0,0.8724999999999998,2,False,0.85,4,True,universal_confidence_stop,True,True,True,1,1,False,6567,933,8,True
icraft_md,icraft_md:113,15,profile_adapter_branching_resolver,Mycoplasma pneumoniae-induced rash and mucositis,Mycoplasma pneumoniae-induced rash and mucositis,"[""Mycoplasma pneumoniae-induced rash and mucositis"", ""Erythema multiforme major"", ""Stevens-Johnson Syndrome"", ""Herpetic gingivostomatitis""]",Mycoplasma pneumoniae-induced rash and mucositis,"[""Mycoplasma pneumoniae-induced rash and mucositis"", ""Erythema multiforme major"", ""Stevens-Johnson Syndrome"", ""Herpetic gingivostomatitis""]",,0.0,0.0,False,,0.0,0.0,0,False,False,not_applicable,5,universal_confidence_stop,[],not_applicable,False,,[],0.0,0.0,1.0,False,0,0,0.8724999999999998,2,False,0.85,5,True,universal_confidence_stop,True,True,True,1,1,False,8806,1176,10,True
icraft_md,icraft_md:85,5,profile_adapter_branching_resolver,Lichen planus,Lichen planus,"[""Lichen planus"", ""Discoid lupus"", ""Psoriasis"", ""Pityriasis rosea""]",Lichen planus,"[""Lichen planus"", ""Discoid lupus"", ""Psoriasis"", ""Pityriasis rosea""]",,0.0,0.0,False,,0.0,0.0,0,False,False,not_applicable,3,universal_confidence_stop,[],not_applicable,False,,[],0.0,0.0,1.0,False,0,0,0.8724999999999998,2,False,0.85,3,True,universal_confidence_stop,True,True,True,1,1,False,5816,588,6,True
icraft_md,icraft_md:85,10,profile_adapter_branching_resolver,Lichen planus,Lichen planus,"[""Lichen planus"", ""Discoid lupus"", ""Pityriasis rosea"", ""Psoriasis""]",Lichen planus,"[""Lichen planus"", ""Discoid lupus"", ""Pityriasis rosea"", ""Psoriasis""]",,0.0,0.0,False,,0.0,0.0,0,False,False,not_applicable,4,universal_confidence_stop,[],not_applicable,False,,[],0.0,0.0,1.0,False,0,0,0.8724999999999998,2,False,0.85,4,True,universal_confidence_stop,True,True,True,1,1,False,8286,769,8,True
icraft_md,icraft_md:85,15,profile_adapter_branching_resolver,Lichen planus,Lichen planus,"[""Lichen planus"", ""Discoid lupus"", ""Psoriasis"", ""Pityriasis rosea""]",Lichen planus,"[""Lichen planus"", ""Discoid lupus"", ""Psoriasis"", ""Pityriasis rosea""]",,0.0,0.0,False,,0.0,0.0,0,False,False,not_applicable,5,universal_confidence_stop,[],not_applicable,False,,[],0.0,0.0,1.0,False,0,0,0.8724999999999998,2,False,0.85,5,True,universal_confidence_stop,True,True,True,1,1,False,10543,916,10,True
icraft_md,icraft_md:119,5,profile_adapter_branching_resolver,Mastocytoma,Congenital melanocytic nevus,"[""Congenital melanocytic nevus"", ""Mastocytoma"", ""Spitz nevus"", ""Xanthogranuloma""]",Congenital melanocytic nevus,"[""Congenital melanocytic nevus"", ""Mastocytoma"", ""Spitz nevus"", ""Xanthogranuloma""]",,0.0,0.0,False,,0.0,0.0,0,False,False,not_applicable,3,universal_confidence_stop,[],not_applicable,False,,[],0.0,0.0,1.0,False,0,0,0.8724999999999998,2,False,0.85,3,True,universal_confidence_stop,False,True,True,2,2,False,3753,611,6,True
icraft_md,icraft_md:119,10,profile_adapter_branching_resolver,Mastocytoma,Congenital melanocytic nevus,"[""Congenital melanocytic nevus"", ""Spitz nevus"", ""Mastocytoma"", ""Xanthogranuloma""]",Congenital melanocytic nevus,"[""Congenital melanocytic nevus"", ""Spitz nevus"", ""Mastocytoma"", ""Xanthogranuloma""]",,0.0,0.0,False,,0.0,0.0,0,False,False,not_applicable,5,universal_confidence_stop,[],not_applicable,False,,[],0.0,0.0,1.0,False,0,0,0.8724999999999998,2,False,0.85,5,True,universal_confidence_stop,False,True,True,3,3,False,6883,958,10,True
icraft_md,icraft_md:119,15,profile_adapter_branching_resolver,Mastocytoma,Congenital melanocytic nevus,"[""Congenital melanocytic nevus"", ""Mastocytoma"", ""Spitz nevus"", ""Xanthogranuloma""]",Congenital melanocytic nevus,"[""Congenital melanocytic nevus"", ""Mastocytoma"", ""Spitz nevus"", ""Xanthogranuloma""]",,0.0,0.0,False,,0.0,0.0,0,False,False,not_applicable,6,universal_confidence_stop,[],not_applicable,False,,[],0.0,0.0,1.0,False,0,0,0.8724999999999998,2,False,0.85,6,True,universal_confidence_stop,False,True,True,2,2,False,9263,1142,12,True
icraft_md,icraft_md:126,5,profile_adapter_branching_resolver,Erythema migrans,Erythema migrans,"[""Erythema migrans"", ""Tinea corporis"", ""Syphilis "", ""Psoriasis ""]",Erythema migrans,"[""Erythema migrans"", ""Tinea corporis"", ""Syphilis "", ""Psoriasis ""]",,0.0,0.0,False,,0.0,0.0,0,False,False,not_applicable,3,universal_confidence_stop,[],not_applicable,False,,[],0.0,0.0,1.0,False,0,0,0.8724999999999998,2,False,0.85,3,True,universal_confidence_stop,True,True,True,1,1,False,3723,550,6,True
icraft_md,icraft_md:126,10,profile_adapter_branching_resolver,Erythema migrans,Erythema migrans,"[""Erythema migrans"", ""Tinea corporis"", ""Syphilis "", ""Psoriasis ""]",Erythema migrans,"[""Erythema migrans"", ""Tinea corporis"", ""Syphilis "", ""Psoriasis ""]",,0.0,0.0,False,,0.0,0.0,0,False,False,not_applicable,4,universal_confidence_stop,[],not_applicable,False,,[],0.0,0.0,1.0,False,0,0,0.8899999999999999,2,False,0.9,4,True,universal_confidence_stop,True,True,True,1,1,False,5388,742,8,True
icraft_md,icraft_md:126,15,profile_adapter_branching_resolver,Erythema migrans,Erythema migrans,"[""Erythema migrans"", ""Tinea corporis"", ""Syphilis "", ""Psoriasis ""]",Erythema migrans,"[""Erythema migrans"", ""Tinea corporis"", ""Syphilis "", ""Psoriasis ""]",,0.0,0.0,False,,0.0,0.0,0,False,False,not_applicable,5,universal_confidence_stop,[],not_applicable,False,,[],0.0,0.0,1.0,False,0,0,0.8724999999999998,2,False,0.85,5,True,universal_confidence_stop,True,True,True,1,1,False,6765,908,10,True
icraft_md,icraft_md:90,5,profile_adapter_branching_resolver,Blastomycosis,Blastomycosis,"[""Blastomycosis"", ""Nocardiosis"", ""Chromomycosis"", ""Histoplasmosis""]",Blastomycosis,"[""Blastomycosis"", ""Nocardiosis"", ""Chromomycosis"", ""Histoplasmosis""]",,0.0,0.0,False,,0.0,0.0,0,False,False,not_applicable,3,universal_confidence_stop,[],not_applicable,False,,[],0.0,0.0,1.0,False,0,0,0.8724999999999998,2,False,0.85,3,True,universal_confidence_stop,True,True,True,1,1,False,3736,566,6,True
icraft_md,icraft_md:90,10,profile_adapter_branching_resolver,Blastomycosis,Blastomycosis,"[""Blastomycosis"", ""Nocardiosis"", ""Chromomycosis"", ""Histoplasmosis""]",Blastomycosis,"[""Blastomycosis"", ""Nocardiosis"", ""Chromomycosis"", ""Histoplasmosis""]",,0.0,0.0,False,,0.0,0.0,0,False,False,not_applicable,5,universal_confidence_stop,[],not_applicable,False,,[],0.0,0.0,1.0,False,0,0,0.8724999999999998,2,False,0.85,5,True,universal_confidence_stop,True,True,True,1,1,False,6782,923,10,True
icraft_md,icraft_md:90,15,profile_adapter_branching_resolver,Blastomycosis,Blastomycosis,"[""Blastomycosis"", ""Nocardiosis"", ""Chromomycosis"", ""Histoplasmosis""]",Blastomycosis,"[""Blastomycosis"", ""Nocardiosis"", ""Chromomycosis"", ""Histoplasmosis""]",,0.0,0.0,False,,0.0,0.0,0,False,False,not_applicable,5,universal_confidence_stop,[],not_applicable,False,,[],0.0,0.0,1.0,False,0,0,0.8724999999999998,2,False,0.85,5,True,universal_confidence_stop,True,True,True,1,1,False,6633,948,10,True
icraft_md,icraft_md:130,5,profile_adapter_branching_resolver,Keloid,Keloid,"[""Keloid"", ""Hypertrophic scar"", ""Dermatofibrosarcoma protuberans"", ""Basal cell carcinoma""]",Keloid,"[""Keloid"", ""Hypertrophic scar"", ""Dermatofibrosarcoma protuberans"", ""Basal cell carcinoma""]",,0.0,0.0,False,,0.0,0.0,0,False,False,not_applicable,3,universal_confidence_stop,[],not_applicable,False,,[],0.0,0.0,1.0,False,0,0,0.8899999999999999,2,False,0.9,3,True,universal_confidence_stop,True,True,True,1,1,False,5334,604,6,True
icraft_md,icraft_md:130,10,profile_adapter_branching_resolver,Keloid,Keloid,"[""Keloid"", ""Hypertrophic scar"", ""Dermatofibrosarcoma protuberans"", ""Basal cell carcinoma""]",Keloid,"[""Keloid"", ""Hypertrophic scar"", ""Dermatofibrosarcoma protuberans"", ""Basal cell carcinoma""]",,0.0,0.0,False,,0.0,0.0,0,False,False,not_applicable,4,universal_confidence_stop,[],not_applicable,False,,[],0.0,0.0,1.0,False,0,0,0.8724999999999998,2,False,0.85,4,True,universal_confidence_stop,True,True,True,1,1,False,7544,757,8,True
icraft_md,icraft_md:130,15,profile_adapter_branching_resolver,Keloid,Keloid,"[""Keloid"", ""Hypertrophic scar"", ""Dermatofibrosarcoma protuberans"", ""Basal cell carcinoma""]",Keloid,"[""Keloid"", ""Hypertrophic scar"", ""Dermatofibrosarcoma protuberans"", ""Basal cell carcinoma""]",,0.0,0.0,False,,0.0,0.0,0,False,False,not_applicable,5,universal_confidence_stop,[],not_applicable,False,,[],0.0,0.0,1.0,False,0,0,0.8899999999999999,2,False,0.9,5,True,universal_confidence_stop,True,True,True,1,1,False,9815,958,10,True
icraft_md,icraft_md:24,5,profile_adapter_branching_resolver,Nevus sebaceous,Nevus sebaceous,"[""Nevus sebaceous"", ""Syringocystadenoma papilliferum."", ""Epidermal nevus"", ""Juvenile xanthogranuloma""]",Nevus sebaceous,"[""Nevus sebaceous"", ""Syringocystadenoma papilliferum."", ""Epidermal nevus"", ""Juvenile xanthogranuloma""]",,0.0,0.0,False,,0.0,0.0,0,False,False,not_applicable,3,universal_confidence_stop,[],not_applicable,False,,[],0.0,0.0,1.0,False,0,0,0.8724999999999998,2,False,0.85,3,True,universal_confidence_stop,True,True,True,1,1,False,3728,607,6,True
icraft_md,icraft_md:24,10,profile_adapter_branching_resolver,Nevus sebaceous,Nevus sebaceous,"[""Nevus sebaceous"", ""Epidermal nevus"", ""Syringocystadenoma papilliferum."", ""Juvenile xanthogranuloma""]",Nevus sebaceous,"[""Nevus sebaceous"", ""Epidermal nevus"", ""Syringocystadenoma papilliferum."", ""Juvenile xanthogranuloma""]",,0.0,0.0,False,,0.0,0.0,0,False,False,not_applicable,4,universal_confidence_stop,[],not_applicable,False,,[],0.0,0.0,1.0,False,0,0,0.8724999999999998,2,False,0.85,4,True,universal_confidence_stop,True,True,True,1,1,False,5344,801,8,True
icraft_md,icraft_md:24,15,profile_adapter_branching_resolver,Nevus sebaceous,Nevus sebaceous,"[""Nevus sebaceous"", ""Epidermal nevus"", ""Syringocystadenoma papilliferum."", ""Juvenile xanthogranuloma""]",Nevus sebaceous,"[""Nevus sebaceous"", ""Epidermal nevus"", ""Syringocystadenoma papilliferum."", ""Juvenile xanthogranuloma""]",,0.0,0.0,False,,0.0,0.0,0,False,False,not_applicable,5,universal_confidence_stop,[],not_applicable,False,,[],0.0,0.0,1.0,False,0,0,0.8724999999999998,2,False,0.85,5,True,universal_confidence_stop,True,True,True,1,1,False,7446,1025,10,True
icraft_md,icraft_md:73,5,profile_adapter_branching_resolver,Pseudoxanthoma elasticum,Pseudoxanthoma elasticum,"[""Pseudoxanthoma elasticum"", ""Ehlers-Danlos syndrome"", ""ENPP1-mediated premature arterial calcification"", ""GGXC-mediated coagulation factor deficiency""]",Pseudoxanthoma elasticum,"[""Pseudoxanthoma elasticum"", ""Ehlers-Danlos syndrome"", ""ENPP1-mediated premature arterial calcification"", ""GGXC-mediated coagulation factor deficiency""]",,0.0,0.0,False,,0.0,0.0,0,False,False,not_applicable,3,universal_confidence_stop,[],not_applicable,False,,[],0.0,0.0,1.0,False,0,0,0.8724999999999998,2,False,0.85,3,True,universal_confidence_stop,True,True,True,1,1,False,3707,644,6,True
icraft_md,icraft_md:73,10,profile_adapter_branching_resolver,Pseudoxanthoma elasticum,Pseudoxanthoma elasticum,"[""Pseudoxanthoma elasticum"", ""Ehlers-Danlos syndrome"", ""ENPP1-mediated premature arterial calcification"", ""GGXC-mediated coagulation factor deficiency""]",Pseudoxanthoma elasticum,"[""Pseudoxanthoma elasticum"", ""Ehlers-Danlos syndrome"", ""ENPP1-mediated premature arterial calcification"", ""GGXC-mediated coagulation factor deficiency""]",,0.0,0.0,False,,0.0,0.0,0,False,False,not_applicable,4,universal_confidence_stop,[],not_applicable,False,,[],0.0,0.0,1.0,False,0,0,0.8724999999999998,2,False,0.85,4,True,universal_confidence_stop,True,True,True,1,1,False,5318,844,8,True
icraft_md,icraft_md:73,15,profile_adapter_branching_resolver,Pseudoxanthoma elasticum,Pseudoxanthoma elasticum,"[""Pseudoxanthoma elasticum"", ""ENPP1-mediated premature arterial calcification"", ""Ehlers-Danlos syndrome"", ""GGXC-mediated coagulation factor deficiency""]",Pseudoxanthoma elasticum,"[""Pseudoxanthoma elasticum"", ""ENPP1-mediated premature arterial calcification"", ""Ehlers-Danlos syndrome"", ""GGXC-mediated coagulation factor deficiency""]",,0.0,0.0,False,,0.0,0.0,0,False,False,not_applicable,5,universal_confidence_stop,[],not_applicable,False,,[],0.0,0.0,1.0,False,0,0,0.8899999999999999,2,False,0.9,5,True,universal_confidence_stop,True,True,True,1,1,False,7177,1048,10,True
icraft_md,icraft_md:46,5,profile_adapter_branching_resolver,Cutaneous Langerhans cell histiocytosis,Cutaneous Langerhans cell histiocytosis,"[""Cutaneous Langerhans cell histiocytosis"", ""Seborrheic dermatitis"", ""Atopic dermatitis"", ""Prurigo nodularis""]",Cutaneous Langerhans cell histiocytosis,"[""Cutaneous Langerhans cell histiocytosis"", ""Seborrheic dermatitis"", ""Atopic dermatitis"", ""Prurigo nodularis""]",,0.0,0.0,False,,0.0,0.0,0,False,False,not_applicable,3,universal_confidence_stop,[],not_applicable,False,,[],0.0,0.0,1.0,False,0,0,0.8724999999999998,2,False,0.85,3,True,universal_confidence_stop,True,True,True,1,1,False,4986,701,6,True
icraft_md,icraft_md:46,10,profile_adapter_branching_resolver,Cutaneous Langerhans cell histiocytosis,Cutaneous Langerhans cell histiocytosis,"[""Cutaneous Langerhans cell histiocytosis"", ""Atopic dermatitis"", ""Seborrheic dermatitis"", ""Prurigo nodularis""]",Cutaneous Langerhans cell histiocytosis,"[""Cutaneous Langerhans cell histiocytosis"", ""Atopic dermatitis"", ""Seborrheic dermatitis"", ""Prurigo nodularis""]",,0.0,0.0,False,,0.0,0.0,0,False,False,not_applicable,4,universal_confidence_stop,[],not_applicable,False,,[],0.0,0.0,1.0,False,0,0,0.8724999999999998,2,False,0.85,4,True,universal_confidence_stop,True,True,True,1,1,False,6854,922,8,True
icraft_md,icraft_md:46,15,profile_adapter_branching_resolver,Cutaneous Langerhans cell histiocytosis,Cutaneous Langerhans cell histiocytosis,"[""Cutaneous Langerhans cell histiocytosis"", ""Seborrheic dermatitis"", ""Atopic dermatitis"", ""Prurigo nodularis""]",Cutaneous Langerhans cell histiocytosis,"[""Cutaneous Langerhans cell histiocytosis"", ""Seborrheic dermatitis"", ""Atopic dermatitis"", ""Prurigo nodularis""]",,0.0,0.0,False,,0.0,0.0,0,False,False,not_applicable,5,universal_confidence_stop,[],not_applicable,False,,[],0.0,0.0,1.0,False,0,0,0.8724999999999998,2,False,0.85,5,True,universal_confidence_stop,True,True,True,1,1,False,8895,1106,10,True
icraft_md,icraft_md:79,5,profile_adapter_branching_resolver,Systemic lupus erythematosus,Systemic lupus erythematosus,"[""Systemic lupus erythematosus"", ""Dermatitis"", ""Seborrheic dermatitis"", ""Acne rosacea""]",Systemic lupus erythematosus,"[""Systemic lupus erythematosus"", ""Dermatitis"", ""Seborrheic dermatitis"", ""Acne rosacea""]",,0.0,0.0,False,,0.0,0.0,0,False,False,not_applicable,3,universal_confidence_stop,[],not_applicable,False,,[],0.0,0.0,1.0,False,0,0,0.8724999999999998,2,False,0.85,3,True,universal_confidence_stop,True,True,True,1,1,False,5478,597,6,True
icraft_md,icraft_md:79,10,profile_adapter_branching_resolver,Systemic lupus erythematosus,Systemic lupus erythematosus,"[""Systemic lupus erythematosus"", ""Dermatitis"", ""Seborrheic dermatitis"", ""Acne rosacea""]",Systemic lupus erythematosus,"[""Systemic lupus erythematosus"", ""Dermatitis"", ""Seborrheic dermatitis"", ""Acne rosacea""]",,0.0,0.0,False,,0.0,0.0,0,False,False,not_applicable,4,universal_confidence_stop,[],not_applicable,False,,[],0.0,0.0,1.0,False,0,0,0.8724999999999998,2,False,0.85,4,True,universal_confidence_stop,True,True,True,1,1,False,7665,760,8,True
icraft_md,icraft_md:79,15,profile_adapter_branching_resolver,Systemic lupus erythematosus,Systemic lupus erythematosus,"[""Systemic lupus erythematosus"", ""Dermatitis"", ""Acne rosacea"", ""Seborrheic dermatitis""]",Systemic lupus erythematosus,"[""Systemic lupus erythematosus"", ""Dermatitis"", ""Acne rosacea"", ""Seborrheic dermatitis""]",,0.0,0.0,False,,0.0,0.0,0,False,False,not_applicable,5,universal_confidence_stop,[],not_applicable,False,,[],0.0,0.0,1.0,False,0,0,0.8724999999999998,2,False,0.85,5,True,universal_confidence_stop,True,True,True,1,1,False,9357,921,10,True
icraft_md,icraft_md:80,5,profile_adapter_branching_resolver,Pityriasis lichenoides chronica,Pityriasis lichenoides chronica,"[""Pityriasis lichenoides chronica"", ""Lymphomatoid papulosis"", ""Guttate psoriasis"", ""Lichen planus""]",Pityriasis lichenoides chronica,"[""Pityriasis lichenoides chronica"", ""Lymphomatoid papulosis"", ""Guttate psoriasis"", ""Lichen planus""]",,0.0,0.0,False,,0.0,0.0,0,False,False,not_applicable,3,universal_confidence_stop,[],not_applicable,False,,[],0.0,0.0,1.0,False,0,0,0.8724999999999998,2,False,0.85,3,True,universal_confidence_stop,True,True,True,1,1,False,6392,615,6,True
icraft_md,icraft_md:80,10,profile_adapter_branching_resolver,Pityriasis lichenoides chronica,Pityriasis lichenoides chronica,"[""Pityriasis lichenoides chronica"", ""Lymphomatoid papulosis"", ""Lichen planus"", ""Guttate psoriasis""]",Pityriasis lichenoides chronica,"[""Pityriasis lichenoides chronica"", ""Lymphomatoid papulosis"", ""Lichen planus"", ""Guttate psoriasis""]",,0.0,0.0,False,,0.0,0.0,0,False,False,not_applicable,4,universal_confidence_stop,[],not_applicable,False,,[],0.0,0.0,1.0,False,0,0,0.8724999999999998,2,False,0.85,4,True,universal_confidence_stop,True,True,True,1,1,False,8902,812,8,True
icraft_md,icraft_md:80,15,profile_adapter_branching_resolver,Pityriasis lichenoides chronica,Pityriasis lichenoides chronica,"[""Pityriasis lichenoides chronica"", ""Lymphomatoid papulosis"", ""Guttate psoriasis"", ""Lichen planus""]",Pityriasis lichenoides chronica,"[""Pityriasis lichenoides chronica"", ""Lymphomatoid papulosis"", ""Guttate psoriasis"", ""Lichen planus""]",,0.0,0.0,False,,0.0,0.0,0,False,False,not_applicable,5,universal_confidence_stop,[],not_applicable,False,,[],0.0,0.0,1.0,False,0,0,0.8724999999999998,2,False,0.85,5,True,universal_confidence_stop,True,True,True,1,1,False,11949,999,10,True
icraft_md,icraft_md:37,5,profile_adapter_branching_resolver,Scleromyxedema,Scleromyxedema,"[""Scleromyxedema"", ""Scleroderma"", ""Nephrogenic systemic fibrosis"", ""Scleredema""]",Scleromyxedema,"[""Scleromyxedema"", ""Scleroderma"", ""Nephrogenic systemic fibrosis"", ""Scleredema""]",,0.0,0.0,False,,0.0,0.0,0,False,False,not_applicable,3,universal_confidence_stop,[],not_applicable,False,,[],0.0,0.0,1.0,False,0,0,0.8724999999999998,2,False,0.85,3,True,universal_confidence_stop,True,True,True,1,1,False,4232,612,6,True
icraft_md,icraft_md:37,10,profile_adapter_branching_resolver,Scleromyxedema,Scleromyxedema,"[""Scleromyxedema"", ""Nephrogenic systemic fibrosis"", ""Scleroderma"", ""Scleredema""]",Scleromyxedema,"[""Scleromyxedema"", ""Nephrogenic systemic fibrosis"", ""Scleroderma"", ""Scleredema""]",,0.0,0.0,False,,0.0,0.0,0,False,False,not_applicable,4,universal_confidence_stop,[],not_applicable,False,,[],0.0,0.0,1.0,False,0,0,0.8724999999999998,2,False,0.85,4,True,universal_confidence_stop,True,True,True,1,1,False,4825,820,8,True
icraft_md,icraft_md:37,15,profile_adapter_branching_resolver,Scleromyxedema,Scleromyxedema,"[""Scleromyxedema"", ""Scleroderma"", ""Nephrogenic systemic fibrosis"", ""Scleredema""]",Scleromyxedema,"[""Scleromyxedema"", ""Scleroderma"", ""Nephrogenic systemic fibrosis"", ""Scleredema""]",,0.0,0.0,False,,0.0,0.0,0,False,False,not_applicable,5,universal_confidence_stop,[],not_applicable,False,,[],0.0,0.0,1.0,False,0,0,0.8724999999999998,2,False,0.85,5,True,universal_confidence_stop,True,True,True,1,1,False,6636,970,10,True
icraft_md,icraft_md:137,5,profile_adapter_branching_resolver,Necrobiotic xanthogranuloma (NXG) ,Necrobiotic xanthogranuloma (NXG) ,"[""Necrobiotic xanthogranuloma (NXG) "", ""Xanthelasma"", ""Necrobiosis lipoidica diabeticorum"", ""Hidrocystoma ""]",Necrobiotic xanthogranuloma (NXG) ,"[""Necrobiotic xanthogranuloma (NXG) "", ""Xanthelasma"", ""Necrobiosis lipoidica diabeticorum"", ""Hidrocystoma ""]",,0.0,0.0,False,,0.0,0.0,0,False,False,not_applicable,3,universal_confidence_stop,[],not_applicable,False,,[],0.0,0.0,1.0,False,0,0,0.8724999999999998,2,False,0.85,3,True,universal_confidence_stop,True,True,True,1,1,False,5921,689,6,True
icraft_md,icraft_md:137,10,profile_adapter_branching_resolver,Necrobiotic xanthogranuloma (NXG) ,Necrobiotic xanthogranuloma (NXG) ,"[""Necrobiotic xanthogranuloma (NXG) "", ""Xanthelasma"", ""Necrobiosis lipoidica diabeticorum"", ""Hidrocystoma ""]",Necrobiotic xanthogranuloma (NXG) ,"[""Necrobiotic xanthogranuloma (NXG) "", ""Xanthelasma"", ""Necrobiosis lipoidica diabeticorum"", ""Hidrocystoma ""]",,0.0,0.0,False,,0.0,0.0,0,False,False,not_applicable,4,universal_confidence_stop,[],not_applicable,False,,[],0.0,0.0,1.0,False,0,0,0.8724999999999998,2,False,0.85,4,True,universal_confidence_stop,True,True,True,1,1,False,7863,965,8,True
icraft_md,icraft_md:137,15,profile_adapter_branching_resolver,Necrobiotic xanthogranuloma (NXG) ,Necrobiotic xanthogranuloma (NXG) ,"[""Necrobiotic xanthogranuloma (NXG) "", ""Xanthelasma"", ""Necrobiosis lipoidica diabeticorum"", ""Hidrocystoma ""]",Necrobiotic xanthogranuloma (NXG) ,"[""Necrobiotic xanthogranuloma (NXG) "", ""Xanthelasma"", ""Necrobiosis lipoidica diabeticorum"", ""Hidrocystoma ""]",,0.0,0.0,False,,0.0,0.0,0,False,False,not_applicable,5,universal_confidence_stop,[],not_applicable,False,,[],0.0,0.0,1.0,False,0,0,0.8724999999999998,2,False,0.85,5,True,universal_confidence_stop,True,True,True,1,1,False,10737,1249,10,True
icraft_md,icraft_md:10,5,profile_adapter_branching_resolver,Pressure bullae (coma bullae),Pressure bullae (coma bullae),"[""Pressure bullae (coma bullae)"", ""Bullosis diabeticorum"", ""Subepidermal bullae"", ""Bullous leukocytoclastic vasculitis""]",Pressure bullae (coma bullae),"[""Pressure bullae (coma bullae)"", ""Bullosis diabeticorum"", ""Subepidermal bullae"", ""Bullous leukocytoclastic vasculitis""]",,0.0,0.0,False,,0.0,0.0,0,False,False,not_applicable,3,universal_confidence_stop,[],not_applicable,False,,[],0.0,0.0,1.0,False,0,0,0.8724999999999998,2,False,0.85,3,True,universal_confidence_stop,True,True,True,1,1,False,4099,596,6,True
icraft_md,icraft_md:10,10,profile_adapter_branching_resolver,Pressure bullae (coma bullae),Pressure bullae (coma bullae),"[""Pressure bullae (coma bullae)"", ""Bullosis diabeticorum"", ""Subepidermal bullae"", ""Bullous leukocytoclastic vasculitis""]",Pressure bullae (coma bullae),"[""Pressure bullae (coma bullae)"", ""Bullosis diabeticorum"", ""Subepidermal bullae"", ""Bullous leukocytoclastic vasculitis""]",,0.0,0.0,False,,0.0,0.0,0,False,False,not_applicable,4,universal_confidence_stop,[],not_applicable,False,,[],0.0,0.0,1.0,False,0,0,0.8724999999999998,2,False,0.85,4,True,universal_confidence_stop,True,True,True,1,1,False,5516,780,8,True
icraft_md,icraft_md:10,15,profile_adapter_branching_resolver,Pressure bullae (coma bullae),Pressure bullae (coma bullae),"[""Pressure bullae (coma bullae)"", ""Bullosis diabeticorum"", ""Subepidermal bullae"", ""Bullous leukocytoclastic vasculitis""]",Pressure bullae (coma bullae),"[""Pressure bullae (coma bullae)"", ""Bullosis diabeticorum"", ""Subepidermal bullae"", ""Bullous leukocytoclastic vasculitis""]",,0.0,0.0,False,,0.0,0.0,0,False,False,not_applicable,5,universal_confidence_stop,[],not_applicable,False,,[],0.0,0.0,1.0,False,0,0,0.8724999999999998,2,False,0.85,5,True,universal_confidence_stop,True,True,True,1,1,False,7348,940,10,True
icraft_md,icraft_md:96,5,profile_adapter_branching_resolver,Leishmaniasis,Leishmaniasis,"[""Leishmaniasis"", ""Leprosy"", ""Cutaneous anthrax"", ""Ulceroglandular tularemia""]",Leishmaniasis,"[""Leishmaniasis"", ""Leprosy"", ""Cutaneous anthrax"", ""Ulceroglandular tularemia""]",,0.0,0.0,False,,0.0,0.0,0,False,False,not_applicable,3,universal_confidence_stop,[],not_applicable,False,,[],0.0,0.0,1.0,False,0,0,0.8724999999999998,2,False,0.85,3,True,universal_confidence_stop,True,True,True,1,1,False,3791,570,6,True
icraft_md,icraft_md:96,10,profile_adapter_branching_resolver,Leishmaniasis,Leishmaniasis,"[""Leishmaniasis"", ""Leprosy"", ""Ulceroglandular tularemia"", ""Cutaneous anthrax""]",Leishmaniasis,"[""Leishmaniasis"", ""Leprosy"", ""Ulceroglandular tularemia"", ""Cutaneous anthrax""]",,0.0,0.0,False,,0.0,0.0,0,False,False,not_applicable,4,universal_confidence_stop,[],not_applicable,False,,[],0.0,0.0,1.0,False,0,0,0.8724999999999998,2,False,0.85,4,True,universal_confidence_stop,True,True,True,1,1,False,5213,749,8,True
icraft_md,icraft_md:96,15,profile_adapter_branching_resolver,Leishmaniasis,Leishmaniasis,"[""Leishmaniasis"", ""Leprosy"", ""Ulceroglandular tularemia"", ""Cutaneous anthrax""]",Leishmaniasis,"[""Leishmaniasis"", ""Leprosy"", ""Ulceroglandular tularemia"", ""Cutaneous anthrax""]",,0.0,0.0,False,,0.0,0.0,0,False,False,not_applicable,5,universal_confidence_stop,[],not_applicable,False,,[],0.0,0.0,1.0,False,0,0,0.8724999999999998,2,False,0.85,5,True,universal_confidence_stop,True,True,True,1,1,False,7470,945,10,True
icraft_md,icraft_md:15,5,profile_adapter_branching_resolver,Sweet syndrome,Sweet syndrome,"[""Sweet syndrome"", ""Bacterial sepsis"", ""Erysipelas"", ""Cellulitis""]",Sweet syndrome,"[""Sweet syndrome"", ""Bacterial sepsis"", ""Erysipelas"", ""Cellulitis""]",,0.0,0.0,False,,0.0,0.0,0,False,False,not_applicable,3,universal_confidence_stop,[],not_applicable,False,,[],0.0,0.0,1.0,False,0,0,0.8724999999999998,2,False,0.85,3,True,universal_confidence_stop,True,True,True,1,1,False,4033,595,6,True
icraft_md,icraft_md:15,10,profile_adapter_branching_resolver,Sweet syndrome,Sweet syndrome,"[""Sweet syndrome"", ""Bacterial sepsis"", ""Erysipelas"", ""Cellulitis""]",Sweet syndrome,"[""Sweet syndrome"", ""Bacterial sepsis"", ""Erysipelas"", ""Cellulitis""]",,0.0,0.0,False,,0.0,0.0,0,False,False,not_applicable,4,universal_confidence_stop,[],not_applicable,False,,[],0.0,0.0,1.0,False,0,0,0.8724999999999998,2,False,0.85,4,True,universal_confidence_stop,True,True,True,1,1,False,5715,766,8,True
icraft_md,icraft_md:15,15,profile_adapter_branching_resolver,Sweet syndrome,Sweet syndrome,"[""Sweet syndrome"", ""Erysipelas"", ""Cellulitis"", ""Bacterial sepsis""]",Sweet syndrome,"[""Sweet syndrome"", ""Erysipelas"", ""Cellulitis"", ""Bacterial sepsis""]",,0.0,0.0,False,,0.0,0.0,0,False,False,not_applicable,5,universal_confidence_stop,[],not_applicable,False,,[],0.0,0.0,1.0,False,0,0,0.8724999999999998,2,False,0.85,5,True,universal_confidence_stop,True,True,True,1,1,False,7539,967,10,True
icraft_md,icraft_md:68,5,profile_adapter_branching_resolver,Lichen nitidus,Lichen nitidus,"[""Lichen nitidus"", ""Lichen planus"", ""Lichen striatus"", ""Guttate lichen sclerosus""]",Lichen nitidus,"[""Lichen nitidus"", ""Lichen planus"", ""Lichen striatus"", ""Guttate lichen sclerosus""]",,0.0,0.0,False,,0.0,0.0,0,False,False,not_applicable,3,universal_confidence_stop,[],not_applicable,False,,[],0.0,0.0,1.0,False,0,0,0.8724999999999998,2,False,0.85,3,True,universal_confidence_stop,True,True,True,1,1,False,6029,593,6,True
icraft_md,icraft_md:68,10,profile_adapter_branching_resolver,Lichen nitidus,Lichen nitidus,"[""Lichen nitidus"", ""Lichen striatus"", ""Lichen planus"", ""Guttate lichen sclerosus""]",Lichen nitidus,"[""Lichen nitidus"", ""Lichen striatus"", ""Lichen planus"", ""Guttate lichen sclerosus""]",,0.0,0.0,False,,0.0,0.0,0,False,False,not_applicable,4,universal_confidence_stop,[],not_applicable,False,,[],0.0,0.0,1.0,False,0,0,0.8724999999999998,2,False,0.85,4,True,universal_confidence_stop,True,True,True,1,1,False,8827,795,8,True
icraft_md,icraft_md:68,15,profile_adapter_branching_resolver,Lichen nitidus,Lichen nitidus,"[""Lichen nitidus"", ""Lichen striatus"", ""Lichen planus"", ""Guttate lichen sclerosus""]",Lichen nitidus,"[""Lichen nitidus"", ""Lichen striatus"", ""Lichen planus"", ""Guttate lichen sclerosus""]",,0.0,0.0,False,,0.0,0.0,0,False,False,not_applicable,5,universal_confidence_stop,[],not_applicable,False,,[],0.0,0.0,1.0,False,0,0,0.8724999999999998,2,False,0.85,5,True,universal_confidence_stop,True,True,True,1,1,False,11219,1016,10,True
icraft_md,icraft_md:58,5,profile_adapter_branching_resolver,Hypohidrotic ectodermal dysplasia,Hypohidrotic ectodermal dysplasia,"[""Hypohidrotic ectodermal dysplasia"", ""Witkop tooth and nail syndrome"", ""Trichodento-osseous syndrome"", ""Sch\u00f6pf-Schulz-Passarge syndrome""]",Hypohidrotic ectodermal dysplasia,"[""Hypohidrotic ectodermal dysplasia"", ""Witkop tooth and nail syndrome"", ""Trichodento-osseous syndrome"", ""Sch\u00f6pf-Schulz-Passarge syndrome""]",,0.0,0.0,False,,0.0,0.0,0,False,False,not_applicable,3,universal_confidence_stop,[],not_applicable,False,,[],0.0,0.0,1.0,False,0,0,0.8724999999999998,2,False,0.85,3,True,universal_confidence_stop,True,True,True,1,1,False,4132,659,6,True
icraft_md,icraft_md:58,10,profile_adapter_branching_resolver,Hypohidrotic ectodermal dysplasia,Hypohidrotic ectodermal dysplasia,"[""Hypohidrotic ectodermal dysplasia"", ""Witkop tooth and nail syndrome"", ""Trichodento-osseous syndrome"", ""Sch\u00f6pf-Schulz-Passarge syndrome""]",Hypohidrotic ectodermal dysplasia,"[""Hypohidrotic ectodermal dysplasia"", ""Witkop tooth and nail syndrome"", ""Trichodento-osseous syndrome"", ""Sch\u00f6pf-Schulz-Passarge syndrome""]",,0.0,0.0,False,,0.0,0.0,0,False,False,not_applicable,4,universal_confidence_stop,[],not_applicable,False,,[],0.0,0.0,1.0,False,0,0,0.8899999999999999,2,False,0.9,4,True,universal_confidence_stop,True,True,True,1,1,False,6093,896,8,True
icraft_md,icraft_md:58,15,profile_adapter_branching_resolver,Hypohidrotic ectodermal dysplasia,Hypohidrotic ectodermal dysplasia,"[""Hypohidrotic ectodermal dysplasia"", ""Trichodento-osseous syndrome"", ""Witkop tooth and nail syndrome"", ""Sch\u00f6pf-Schulz-Passarge syndrome""]",Hypohidrotic ectodermal dysplasia,"[""Hypohidrotic ectodermal dysplasia"", ""Trichodento-osseous syndrome"", ""Witkop tooth and nail syndrome"", ""Sch\u00f6pf-Schulz-Passarge syndrome""]",,0.0,0.0,False,,0.0,0.0,0,False,False,not_applicable,5,universal_confidence_stop,[],not_applicable,False,,[],0.0,0.0,1.0,False,0,0,0.8899999999999999,2,False,0.9,5,True,universal_confidence_stop,True,True,True,1,1,False,8459,1127,10,True
icraft_md,icraft_md:5,5,profile_adapter_branching_resolver,Corticosteroid-induced atrophy,Corticosteroid-induced atrophy,"[""Corticosteroid-induced atrophy"", ""Morphea"", ""Lichen sclerosis"", ""Pityriasis rosea""]",Corticosteroid-induced atrophy,"[""Corticosteroid-induced atrophy"", ""Morphea"", ""Lichen sclerosis"", ""Pityriasis rosea""]",,0.0,0.0,False,,0.0,0.0,0,False,False,not_applicable,3,universal_confidence_stop,[],not_applicable,False,,[],0.0,0.0,1.0,False,0,0,0.8724999999999998,2,False,0.85,3,True,universal_confidence_stop,True,True,True,1,1,False,6236,556,6,True
icraft_md,icraft_md:5,10,profile_adapter_branching_resolver,Corticosteroid-induced atrophy,Corticosteroid-induced atrophy,"[""Corticosteroid-induced atrophy"", ""Morphea"", ""Lichen sclerosis"", ""Pityriasis rosea""]",Corticosteroid-induced atrophy,"[""Corticosteroid-induced atrophy"", ""Morphea"", ""Lichen sclerosis"", ""Pityriasis rosea""]",,0.0,0.0,False,,0.0,0.0,0,False,False,not_applicable,4,universal_confidence_stop,[],not_applicable,False,,[],0.0,0.0,1.0,False,0,0,0.8724999999999998,2,False,0.85,4,True,universal_confidence_stop,True,True,True,1,1,False,8563,777,8,True
icraft_md,icraft_md:5,15,profile_adapter_branching_resolver,Corticosteroid-induced atrophy,Corticosteroid-induced atrophy,"[""Corticosteroid-induced atrophy"", ""Morphea"", ""Lichen sclerosis"", ""Pityriasis rosea""]",Corticosteroid-induced atrophy,"[""Corticosteroid-induced atrophy"", ""Morphea"", ""Lichen sclerosis"", ""Pityriasis rosea""]",,0.0,0.0,False,,0.0,0.0,0,False,False,not_applicable,5,universal_confidence_stop,[],not_applicable,False,,[],0.0,0.0,1.0,False,0,0,0.8724999999999998,2,False,0.85,5,True,universal_confidence_stop,True,True,True,1,1,False,11054,994,10,True
icraft_md,icraft_md:33,5,profile_adapter_branching_resolver,Epidermolysis bullosa,Epidermolysis bullosa,"[""Epidermolysis bullosa"", ""Bullous impetigo"", ""Staphylococcal infection"", ""Herpes""]",Epidermolysis bullosa,"[""Epidermolysis bullosa"", ""Bullous impetigo"", ""Staphylococcal infection"", ""Herpes""]",,0.0,0.0,False,,0.0,0.0,0,False,False,not_applicable,3,universal_confidence_stop,[],not_applicable,False,,[],0.0,0.0,1.0,False,0,0,0.8724999999999998,2,False,0.85,3,True,universal_confidence_stop,True,True,True,1,1,False,4343,548,6,True
icraft_md,icraft_md:33,10,profile_adapter_branching_resolver,Epidermolysis bullosa,Epidermolysis bullosa,"[""Epidermolysis bullosa"", ""Bullous impetigo"", ""Staphylococcal infection"", ""Herpes""]",Epidermolysis bullosa,"[""Epidermolysis bullosa"", ""Bullous impetigo"", ""Staphylococcal infection"", ""Herpes""]",,0.0,0.0,False,,0.0,0.0,0,False,False,not_applicable,4,universal_confidence_stop,[],not_applicable,False,,[],0.0,0.0,1.0,False,0,0,0.8724999999999998,2,False,0.85,4,True,universal_confidence_stop,True,True,True,1,1,False,6205,748,8,True
icraft_md,icraft_md:33,15,profile_adapter_branching_resolver,Epidermolysis bullosa,Epidermolysis bullosa,"[""Epidermolysis bullosa"", ""Bullous impetigo"", ""Staphylococcal infection"", ""Herpes""]",Epidermolysis bullosa,"[""Epidermolysis bullosa"", ""Bullous impetigo"", ""Staphylococcal infection"", ""Herpes""]",,0.0,0.0,False,,0.0,0.0,0,False,False,not_applicable,5,universal_confidence_stop,[],not_applicable,False,,[],0.0,0.0,1.0,False,0,0,0.8724999999999998,2,False,0.85,5,True,universal_confidence_stop,True,True,True,1,1,False,8234,930,10,True
icraft_md,icraft_md:124,5,profile_adapter_branching_resolver,Melanoma,Melanoma,"[""Melanoma"", ""Intradermal nevus"", ""Seborrheic keratosis"", ""Solar lentigo""]",Melanoma,"[""Melanoma"", ""Intradermal nevus"", ""Seborrheic keratosis"", ""Solar lentigo""]",,0.0,0.0,False,,0.0,0.0,0,False,False,not_applicable,3,universal_confidence_stop,[],not_applicable,False,,[],0.0,0.0,1.0,False,0,0,0.8724999999999998,2,False,0.85,3,True,universal_confidence_stop,True,True,True,1,1,False,3647,519,6,True
icraft_md,icraft_md:124,10,profile_adapter_branching_resolver,Melanoma,Melanoma,"[""Melanoma"", ""Intradermal nevus"", ""Seborrheic keratosis"", ""Solar lentigo""]",Melanoma,"[""Melanoma"", ""Intradermal nevus"", ""Seborrheic keratosis"", ""Solar lentigo""]",,0.0,0.0,False,,0.0,0.0,0,False,False,not_applicable,4,universal_confidence_stop,[],not_applicable,False,,[],0.0,0.0,1.0,False,0,0,0.8724999999999998,2,False,0.85,4,True,universal_confidence_stop,True,True,True,1,1,False,5319,723,8,True
icraft_md,icraft_md:124,15,profile_adapter_branching_resolver,Melanoma,Melanoma,"[""Melanoma"", ""Seborrheic keratosis"", ""Intradermal nevus"", ""Solar lentigo""]",Melanoma,"[""Melanoma"", ""Seborrheic keratosis"", ""Intradermal nevus"", ""Solar lentigo""]",,0.0,0.0,False,,0.0,0.0,0,False,False,not_applicable,5,universal_confidence_stop,[],not_applicable,False,,[],0.0,0.0,1.0,False,0,0,0.8899999999999999,2,False,0.9,5,True,universal_confidence_stop,True,True,True,1,1,False,6763,875,10,True
icraft_md,icraft_md:44,5,profile_adapter_branching_resolver,Acquired digital fibrokeratoma (ADFK),Acquired digital fibrokeratoma (ADFK),"[""Acquired digital fibrokeratoma (ADFK)"", ""Cutaneous horn"", ""Pyogenic granuloma"", ""Necrobiosis lipoidica""]",Acquired digital fibrokeratoma (ADFK),"[""Acquired digital fibrokeratoma (ADFK)"", ""Cutaneous horn"", ""Pyogenic granuloma"", ""Necrobiosis lipoidica""]",,0.0,0.0,False,,0.0,0.0,0,False,False,not_applicable,3,universal_confidence_stop,[],not_applicable,False,,[],0.0,0.0,1.0,False,0,0,0.8724999999999998,2,False,0.85,3,True,universal_confidence_stop,True,True,True,1,1,False,6478,780,6,True
icraft_md,icraft_md:44,10,profile_adapter_branching_resolver,Acquired digital fibrokeratoma (ADFK),Acquired digital fibrokeratoma (ADFK),"[""Acquired digital fibrokeratoma (ADFK)"", ""Cutaneous horn"", ""Pyogenic granuloma"", ""Necrobiosis lipoidica""]",Acquired digital fibrokeratoma (ADFK),"[""Acquired digital fibrokeratoma (ADFK)"", ""Cutaneous horn"", ""Pyogenic granuloma"", ""Necrobiosis lipoidica""]",,0.0,0.0,False,,0.0,0.0,0,False,False,not_applicable,4,universal_confidence_stop,[],not_applicable,False,,[],0.0,0.0,1.0,False,0,0,0.8724999999999998,2,False,0.85,4,True,universal_confidence_stop,True,True,True,1,1,False,8996,887,8,True
icraft_md,icraft_md:44,15,profile_adapter_branching_resolver,Acquired digital fibrokeratoma (ADFK),Acquired digital fibrokeratoma (ADFK),"[""Acquired digital fibrokeratoma (ADFK)"", ""Cutaneous horn"", ""Pyogenic granuloma"", ""Necrobiosis lipoidica""]",Acquired digital fibrokeratoma (ADFK),"[""Acquired digital fibrokeratoma (ADFK)"", ""Cutaneous horn"", ""Pyogenic granuloma"", ""Necrobiosis lipoidica""]",,0.0,0.0,False,,0.0,0.0,0,False,False,not_applicable,5,universal_confidence_stop,[],not_applicable,False,,[],0.0,0.0,1.0,False,0,0,0.8724999999999998,2,False,0.85,5,True,universal_confidence_stop,True,True,True,1,1,False,11836,1050,10,True
icraft_md,icraft_md:45,5,profile_adapter_branching_resolver,Necrobiosis lipoidica,Necrobiosis lipoidica,"[""Necrobiosis lipoidica"", ""Diabetic dermopathy"", ""Necrobiotic xanthogranuloma (NXG)"", ""Acquired digital fibrokeratoma (ADFK)""]",Necrobiosis lipoidica,"[""Necrobiosis lipoidica"", ""Diabetic dermopathy"", ""Necrobiotic xanthogranuloma (NXG)"", ""Acquired digital fibrokeratoma (ADFK)""]",,0.0,0.0,False,,0.0,0.0,0,False,False,not_applicable,3,universal_confidence_stop,[],not_applicable,False,,[],0.0,0.0,1.0,False,0,0,0.8724999999999998,2,False,0.85,3,True,universal_confidence_stop,True,True,True,1,1,False,5840,681,6,True
icraft_md,icraft_md:45,10,profile_adapter_branching_resolver,Necrobiosis lipoidica,Necrobiosis lipoidica,"[""Necrobiosis lipoidica"", ""Diabetic dermopathy"", ""Necrobiotic xanthogranuloma (NXG)"", ""Acquired digital fibrokeratoma (ADFK)""]",Necrobiosis lipoidica,"[""Necrobiosis lipoidica"", ""Diabetic dermopathy"", ""Necrobiotic xanthogranuloma (NXG)"", ""Acquired digital fibrokeratoma (ADFK)""]",,0.0,0.0,False,,0.0,0.0,0,False,False,not_applicable,4,universal_confidence_stop,[],not_applicable,False,,[],0.0,0.0,1.0,False,0,0,0.8724999999999998,2,False,0.85,4,True,universal_confidence_stop,True,True,True,1,1,False,8032,868,8,True
icraft_md,icraft_md:45,15,profile_adapter_branching_resolver,Necrobiosis lipoidica,Necrobiosis lipoidica,"[""Necrobiosis lipoidica"", ""Diabetic dermopathy"", ""Necrobiotic xanthogranuloma (NXG)"", ""Acquired digital fibrokeratoma (ADFK)""]",Necrobiosis lipoidica,"[""Necrobiosis lipoidica"", ""Diabetic dermopathy"", ""Necrobiotic xanthogranuloma (NXG)"", ""Acquired digital fibrokeratoma (ADFK)""]",,0.0,0.0,False,,0.0,0.0,0,False,False,not_applicable,5,universal_confidence_stop,[],not_applicable,False,,[],0.0,0.0,1.0,False,0,0,0.8724999999999998,2,False,0.85,5,True,universal_confidence_stop,True,True,True,1,1,False,10462,1134,10,True
icraft_md,icraft_md:12,5,profile_adapter_branching_resolver,Pityriasis rosea,Pityriasis rosea,"[""Pityriasis rosea"", ""Secondary syphilis"", ""Guttate psoriasis"", ""Small plaque parapsoriasis""]",Pityriasis rosea,"[""Pityriasis rosea"", ""Secondary syphilis"", ""Guttate psoriasis"", ""Small plaque parapsoriasis""]",,0.0,0.0,False,,0.0,0.0,0,False,False,not_applicable,3,universal_confidence_stop,[],not_applicable,False,,[],0.0,0.0,1.0,False,0,0,0.8724999999999998,2,False,0.85,3,True,universal_confidence_stop,True,True,True,1,1,False,4671,588,6,True
icraft_md,icraft_md:12,10,profile_adapter_branching_resolver,Pityriasis rosea,Pityriasis rosea,"[""Pityriasis rosea"", ""Guttate psoriasis"", ""Small plaque parapsoriasis"", ""Secondary syphilis""]",Pityriasis rosea,"[""Pityriasis rosea"", ""Guttate psoriasis"", ""Small plaque parapsoriasis"", ""Secondary syphilis""]",,0.0,0.0,False,,0.0,0.0,0,False,False,not_applicable,4,universal_confidence_stop,[],not_applicable,False,,[],0.0,0.0,1.0,False,0,0,0.8724999999999998,2,False,0.85,4,True,universal_confidence_stop,True,True,True,1,1,False,6523,765,8,True
icraft_md,icraft_md:12,15,profile_adapter_branching_resolver,Pityriasis rosea,Pityriasis rosea,"[""Pityriasis rosea"", ""Guttate psoriasis"", ""Small plaque parapsoriasis"", ""Secondary syphilis""]",Pityriasis rosea,"[""Pityriasis rosea"", ""Guttate psoriasis"", ""Small plaque parapsoriasis"", ""Secondary syphilis""]",,0.0,0.0,False,,0.0,0.0,0,False,False,not_applicable,5,universal_confidence_stop,[],not_applicable,False,,[],0.0,0.0,1.0,False,0,0,0.8724999999999998,2,False,0.85,5,True,universal_confidence_stop,True,True,True,1,1,False,8468,987,10,True
icraft_md,icraft_md:48,5,profile_adapter_branching_resolver,Necrobiotic xanthogranuloma,Necrobiotic xanthogranuloma,"[""Necrobiotic xanthogranuloma"", ""Adult-onset xanthogranuloma"", ""Adult-onset asthma with periocular xanthogranuloma"", ""Erdheim-Chester disease""]",Necrobiotic xanthogranuloma,"[""Necrobiotic xanthogranuloma"", ""Adult-onset xanthogranuloma"", ""Adult-onset asthma with periocular xanthogranuloma"", ""Erdheim-Chester disease""]",,0.0,0.0,False,,0.0,0.0,0,False,False,not_applicable,3,universal_confidence_stop,[],not_applicable,False,,[],0.0,0.0,1.0,False,0,0,0.8724999999999998,2,False,0.85,3,True,universal_confidence_stop,True,True,True,1,1,False,5348,669,6,True
icraft_md,icraft_md:48,10,profile_adapter_branching_resolver,Necrobiotic xanthogranuloma,Necrobiotic xanthogranuloma,"[""Necrobiotic xanthogranuloma"", ""Adult-onset xanthogranuloma"", ""Adult-onset asthma with periocular xanthogranuloma"", ""Erdheim-Chester disease""]",Necrobiotic xanthogranuloma,"[""Necrobiotic xanthogranuloma"", ""Adult-onset xanthogranuloma"", ""Adult-onset asthma with periocular xanthogranuloma"", ""Erdheim-Chester disease""]",,0.0,0.0,False,,0.0,0.0,0,False,False,not_applicable,4,universal_confidence_stop,[],not_applicable,False,,[],0.0,0.0,1.0,False,0,0,0.8724999999999998,2,False,0.85,4,True,universal_confidence_stop,True,True,True,1,1,False,7566,945,8,True
icraft_md,icraft_md:48,15,profile_adapter_branching_resolver,Necrobiotic xanthogranuloma,Necrobiotic xanthogranuloma,"[""Necrobiotic xanthogranuloma"", ""Adult-onset xanthogranuloma"", ""Adult-onset asthma with periocular xanthogranuloma"", ""Erdheim-Chester disease""]",Necrobiotic xanthogranuloma,"[""Necrobiotic xanthogranuloma"", ""Adult-onset xanthogranuloma"", ""Adult-onset asthma with periocular xanthogranuloma"", ""Erdheim-Chester disease""]",,0.0,0.0,False,,0.0,0.0,0,False,False,not_applicable,5,universal_confidence_stop,[],not_applicable,False,,[],0.0,0.0,1.0,False,0,0,0.8724999999999998,2,False,0.85,5,True,universal_confidence_stop,True,True,True,1,1,False,9868,1151,10,True
icraft_md,icraft_md:11,5,profile_adapter_branching_resolver,Ichthyosis vulgaris,Ichthyosis vulgaris,"[""Ichthyosis vulgaris"", ""X-linked ichthyosis"", ""Lamellar ichthyosis"", ""Epidermolytic hyperkeratosis""]",Ichthyosis vulgaris,"[""Ichthyosis vulgaris"", ""X-linked ichthyosis"", ""Lamellar ichthyosis"", ""Epidermolytic hyperkeratosis""]",,0.0,0.0,False,,0.0,0.0,0,False,False,not_applicable,3,universal_confidence_stop,[],not_applicable,False,,[],0.0,0.0,1.0,False,0,0,0.8724999999999998,2,False,0.85,3,True,universal_confidence_stop,True,True,True,1,1,False,4017,625,6,True
icraft_md,icraft_md:11,10,profile_adapter_branching_resolver,Ichthyosis vulgaris,Ichthyosis vulgaris,"[""Ichthyosis vulgaris"", ""X-linked ichthyosis"", ""Lamellar ichthyosis"", ""Epidermolytic hyperkeratosis""]",Ichthyosis vulgaris,"[""Ichthyosis vulgaris"", ""X-linked ichthyosis"", ""Lamellar ichthyosis"", ""Epidermolytic hyperkeratosis""]",,0.0,0.0,False,,0.0,0.0,0,False,False,not_applicable,4,universal_confidence_stop,[],not_applicable,False,,[],0.0,0.0,1.0,False,0,0,0.8724999999999998,2,False,0.85,4,True,universal_confidence_stop,True,True,True,1,1,False,5792,823,8,True
icraft_md,icraft_md:11,15,profile_adapter_branching_resolver,Ichthyosis vulgaris,Ichthyosis vulgaris,"[""Ichthyosis vulgaris"", ""X-linked ichthyosis"", ""Lamellar ichthyosis"", ""Epidermolytic hyperkeratosis""]",Ichthyosis vulgaris,"[""Ichthyosis vulgaris"", ""X-linked ichthyosis"", ""Lamellar ichthyosis"", ""Epidermolytic hyperkeratosis""]",,0.0,0.0,False,,0.0,0.0,0,False,False,not_applicable,5,universal_confidence_stop,[],not_applicable,False,,[],0.0,0.0,1.0,False,0,0,0.8724999999999998,2,False,0.85,5,True,universal_confidence_stop,True,True,True,1,1,False,7777,1007,10,True
icraft_md,icraft_md:13,5,profile_adapter_branching_resolver,Acne vulgaris,Acne vulgaris,"[""Acne vulgaris"", ""Rosacea"", ""Acanthosis nigricans"", ""Alopecia""]",Acne vulgaris,"[""Acne vulgaris"", ""Rosacea"", ""Acanthosis nigricans"", ""Alopecia""]",,0.0,0.0,False,,0.0,0.0,0,False,False,not_applicable,3,universal_confidence_stop,[],not_applicable,False,,[],0.0,0.0,1.0,False,0,0,0.8724999999999998,2,False,0.85,3,True,universal_confidence_stop,True,True,True,1,1,False,3745,558,6,True
icraft_md,icraft_md:13,10,profile_adapter_branching_resolver,Acne vulgaris,Acne vulgaris,"[""Acne vulgaris"", ""Rosacea"", ""Acanthosis nigricans"", ""Alopecia""]",Acne vulgaris,"[""Acne vulgaris"", ""Rosacea"", ""Acanthosis nigricans"", ""Alopecia""]",,0.0,0.0,False,,0.0,0.0,0,False,False,not_applicable,4,universal_confidence_stop,[],not_applicable,False,,[],0.0,0.0,1.0,False,0,0,0.8724999999999998,2,False,0.85,4,True,universal_confidence_stop,True,True,True,1,1,False,5715,766,8,True
icraft_md,icraft_md:13,15,profile_adapter_branching_resolver,Acne vulgaris,Acne vulgaris,"[""Acne vulgaris"", ""Rosacea"", ""Acanthosis nigricans"", ""Alopecia""]",Acne vulgaris,"[""Acne vulgaris"", ""Rosacea"", ""Acanthosis nigricans"", ""Alopecia""]",,0.0,0.0,False,,0.0,0.0,0,False,False,not_applicable,5,universal_confidence_stop,[],not_applicable,False,,[],0.0,0.0,1.0,False,0,0,0.8724999999999998,2,False,0.85,5,True,universal_confidence_stop,True,True,True,1,1,False,7718,982,10,True
icraft_md,icraft_md:104,5,profile_adapter_branching_resolver,Juvenile spring eruption,Juvenile spring eruption,"[""Juvenile spring eruption"", ""Allergic contact dermatitis"", ""Seborrheic dermatitis"", ""Juvenile dermatomyositis""]",Juvenile spring eruption,"[""Juvenile spring eruption"", ""Allergic contact dermatitis"", ""Seborrheic dermatitis"", ""Juvenile dermatomyositis""]",,0.0,0.0,False,,0.0,0.0,0,False,False,not_applicable,3,universal_confidence_stop,[],not_applicable,False,,[],0.0,0.0,1.0,False,0,0,0.8724999999999998,2,False,0.85,3,True,universal_confidence_stop,True,True,True,1,1,False,4350,584,6,True
icraft_md,icraft_md:104,10,profile_adapter_branching_resolver,Juvenile spring eruption,Juvenile spring eruption,"[""Juvenile spring eruption"", ""Allergic contact dermatitis"", ""Seborrheic dermatitis"", ""Juvenile dermatomyositis""]",Juvenile spring eruption,"[""Juvenile spring eruption"", ""Allergic contact dermatitis"", ""Seborrheic dermatitis"", ""Juvenile dermatomyositis""]",,0.0,0.0,False,,0.0,0.0,0,False,False,not_applicable,4,universal_confidence_stop,[],not_applicable,False,,[],0.0,0.0,1.0,False,0,0,0.8724999999999998,2,False,0.85,4,True,universal_confidence_stop,True,True,True,1,1,False,6033,768,8,True
icraft_md,icraft_md:104,15,profile_adapter_branching_resolver,Juvenile spring eruption,Juvenile spring eruption,"[""Juvenile spring eruption"", ""Allergic contact dermatitis"", ""Seborrheic dermatitis"", ""Juvenile dermatomyositis""]",Juvenile spring eruption,"[""Juvenile spring eruption"", ""Allergic contact dermatitis"", ""Seborrheic dermatitis"", ""Juvenile dermatomyositis""]",,0.0,0.0,False,,0.0,0.0,0,False,False,not_applicable,5,universal_confidence_stop,[],not_applicable,False,,[],0.0,0.0,1.0,False,0,0,0.8724999999999998,2,False,0.85,5,True,universal_confidence_stop,True,True,True,1,1,False,8206,945,10,True
rarebench,rarebench:LIRICAL:70,5,profile_adapter_branching_resolver,Heterotaxy syndrome,Heterotaxy syndrome,"[""Heterotaxy syndrome"", ""TBCK-related intellectual disability syndrome"", ""Immunoskeletal dysplasia with neurodevelopmental abnormalities"", ""Tubulointerstitial kidney disease"", ""Neurodevelopmental disorder with or without anomalies of the brain, eye, or heart"", ""Smith-Lemli-Opitz syndrome"", ""Glutaric acidemia type I"", ""Pierpont syndrome"", ""Stankiewicz-Isidor syndrome"", ""Cockayne syndrome""]",Heterotaxy syndrome,"[""Heterotaxy syndrome"", ""Neurodevelopmental disorder with or without anomalies of the brain, eye, or heart"", ""TBCK-related intellectual disability syndrome"", ""Immunoskeletal dysplasia with neurodevelopmental abnormalities"", ""Pierpont syndrome"", ""Microcephaly, primary autosomal recessive, 6"", ""Mental retardation, autosomal recessive 18"", ""Cockayne syndrome"", ""Smith-Lemli-Opitz syndrome"", ""Glutaric acidemia type I""]",Heterotaxy syndrome,1.0,0.15274180712982732,False,Heterotaxy syndrome,1.0,0.792386192901325,18,False,True,locked_llm_graph_agreement,3,universal_confidence_stop,[],not_applicable,False,,[],0.0,0.0,1.0,False,0,0,2.3948584635792924,4,False,0.85,3,True,universal_confidence_stop,True,True,True,1,11,True,21240,996,7,True
rarebench,rarebench:LIRICAL:70,10,profile_adapter_branching_resolver,Heterotaxy syndrome,Heterotaxy syndrome,"[""Heterotaxy syndrome"", ""TBCK-related intellectual disability syndrome"", ""Neurodevelopmental disorder with or without anomalies of the brain, eye, or heart"", ""Immunoskeletal dysplasia with neurodevelopmental abnormalities"", ""Tubulointerstitial kidney disease"", ""Microcephalic cortical malformations-short stature due to RTTN deficiency"", ""Glutaric acidemia type I"", ""Smith-Lemli-Opitz syndrome"", ""Townes-Brocks syndrome"", ""Hypomyelinating leukodystrophy""]",Heterotaxy syndrome,"[""Heterotaxy syndrome"", ""Townes-Brocks syndrome"", ""Immunoskeletal dysplasia with neurodevelopmental abnormalities"", ""Tubulointerstitial kidney disease"", ""Microcephalic cortical malformations-short stature due to RTTN deficiency"", ""TBCK-related intellectual disability syndrome"", ""Pierpont syndrome"", ""Cockayne syndrome"", ""Neurodevelopmental disorder with or without anomalies of the brain, eye, or heart"", ""CHARGE syndrome""]",Heterotaxy syndrome,1.0,0.03452763538669934,False,Heterotaxy syndrome,1.0,0.7924997110828614,20,False,True,locked_llm_graph_agreement,4,universal_confidence_stop,[],not_applicable,False,,[],0.0,0.0,1.0,False,0,0,2.4807359280024217,4,False,0.85,4,True,universal_confidence_stop,True,True,True,1,11,True,29575,1261,9,True
rarebench,rarebench:LIRICAL:70,15,profile_adapter_branching_resolver,Heterotaxy syndrome,Heterotaxy syndrome,"[""Heterotaxy syndrome"", ""Neurodevelopmental disorder with or without anomalies of the brain, eye, or heart"", ""Immunoskeletal dysplasia with neurodevelopmental abnormalities"", ""TBCK-related intellectual disability syndrome"", ""Tubulointerstitial kidney disease"", ""Cutis laxa, autosomal recessive, type IID"", ""Glutaric acidemia type I"", ""Microcephalic cortical malformations-short stature due to RTTN deficiency"", ""Smith-Lemli-Opitz syndrome"", ""Stankiewicz-Isidor syndrome""]",Heterotaxy syndrome,"[""Heterotaxy syndrome"", ""Neurodevelopmental disorder with or without anomalies of the brain, eye, or heart"", ""Townes-Brocks syndrome"", ""Tubulointerstitial kidney disease"", ""Immunoskeletal dysplasia with neurodevelopmental abnormalities"", ""TBCK-related intellectual disability syndrome"", ""Cutis laxa, autosomal recessive, type IID"", ""Microcephalic cortical malformations-short stature due to RTTN deficiency"", ""Alagille syndrome"", ""CHARGE syndrome""]","Neurodevelopmental disorder with or without anomalies of the brain, eye, or heart",1.0,0.058340906804238535,False,Heterotaxy syndrome,1.0,0.8141525583355945,22,False,True,locked_llm_graph_agreement,5,universal_confidence_stop,[],not_applicable,False,,[],0.0,0.0,1.0,False,0,0,2.1252573091833202,4,False,0.85,5,True,universal_confidence_stop,True,True,True,1,11,True,36673,1554,11,True
rarebench,rarebench:HMS:78,5,profile_adapter_branching_resolver,Relapsing polychondritis,Relapsing polychondritis,"[""Relapsing polychondritis"", ""Spondyloarthropathy"", ""Granulomatosis with polyangiitis"", ""Sj\u00f6gren syndrome"", ""Familial Mediterranean fever"", ""Sarcoidosis"", ""Antisynthetase syndrome"", ""Buerger disease"", ""Beh\u00e7et disease"", ""Takayasu arteritis""]",Relapsing polychondritis,"[""Relapsing polychondritis"", ""Granulomatosis with polyangiitis"", ""Buerger disease"", ""Sj\u00f6gren syndrome"", ""Spondyloarthropathy"", ""Takayasu arteritis"", ""Familial Mediterranean fever"", ""Immunoglobulin A vasculitis"", ""Systemic lupus erythematosus"", ""Antiphospholipid syndrome""]",Granulomatosis with polyangiitis,1.0,0.030509289412273377,False,Relapsing polychondritis,1.0,0.21642402622445034,15,False,True,locked_llm_graph_agreement,3,universal_confidence_stop,[],not_applicable,False,,[],0.0,0.0,1.0,False,0,0,0.9172191233356131,4,False,0.85,3,True,universal_confidence_stop,True,True,True,1,11,True,10340,957,7,True
rarebench,rarebench:HMS:78,10,profile_adapter_branching_resolver,Relapsing polychondritis,Relapsing polychondritis,"[""Relapsing polychondritis"", ""Granulomatosis with polyangiitis"", ""Spondyloarthropathy"", ""Sj\u00f6gren syndrome"", ""Antisynthetase syndrome"", ""Sarcoidosis"", ""Familial Mediterranean fever"", ""Takayasu arteritis"", ""Immunoglobulin A vasculitis"", ""Whipple disease""]",Relapsing polychondritis,"[""Relapsing polychondritis"", ""Granulomatosis with polyangiitis"", ""Buerger disease"", ""Sj\u00f6gren syndrome"", ""Immunoglobulin A vasculitis"", ""Whipple disease"", ""Antisynthetase syndrome"", ""Systemic lupus erythematosus"", ""Eosinophilic granulomatosis with polyangiitis"", ""Antiphospholipid syndrome""]",Granulomatosis with polyangiitis,1.0,0.04789569179609865,False,Relapsing polychondritis,1.0,0.1912251811719452,19,False,True,locked_llm_graph_agreement,4,universal_confidence_stop,[],not_applicable,False,,[],0.0,0.0,1.0,False,0,0,0.8394723995630557,4,False,0.85,4,True,universal_confidence_stop,True,True,True,1,11,True,13733,1237,9,True
rarebench,rarebench:HMS:78,15,profile_adapter_branching_resolver,Relapsing polychondritis,Relapsing polychondritis,"[""Relapsing polychondritis"", ""Granulomatosis with polyangiitis"", ""Spondyloarthropathy"", ""Sj\u00f6gren syndrome"", ""Antisynthetase syndrome"", ""Sarcoidosis"", ""Familial Mediterranean fever"", ""Immunoglobulin A vasculitis"", ""Whipple disease"", ""Buerger disease""]",Relapsing polychondritis,"[""Relapsing polychondritis"", ""Granulomatosis with polyangiitis"", ""Sj\u00f6gren syndrome"", ""Immunoglobulin A vasculitis"", ""Buerger disease"", ""Whipple disease"", ""Antisynthetase syndrome"", ""Systemic lupus erythematosus"", ""Systemic sclerosis"", ""Eosinophilic granulomatosis with polyangiitis""]",Granulomatosis with polyangiitis,1.0,0.07413606908241044,False,Relapsing polychondritis,1.0,0.1912251811719452,19,False,True,locked_llm_graph_agreement,5,universal_confidence_stop,[],not_applicable,False,,[],0.0,0.0,1.0,False,0,0,0.8404052946947309,4,False,0.85,5,True,universal_confidence_stop,True,True,True,1,11,True,17425,1475,11,True
rarebench,rarebench:RAMEDIS:280,5,profile_adapter_branching_resolver,Phenylketonuria,Phenylketonuria,"[""Phenylketonuria"", ""Biotinidase deficiency"", ""Medium chain acyl-CoA dehydrogenase deficiency"", ""Tyrosinemia type III"", ""Tyrosinemia type 1"", ""Glutaric acidemia type I"", ""Citrullinemia type I"", ""Galactosemia"", ""Very long-chain acyl-CoA dehydrogenase deficiency"", ""Citrullinemia type II""]",Phenylketonuria,"[""Phenylketonuria"", ""Biotinidase deficiency"", ""Tyrosinemia type III"", ""Medium chain acyl-CoA dehydrogenase deficiency"", ""Very long-chain acyl-CoA dehydrogenase deficiency"", ""Citrullinemia type II"", ""Tyrosinemia type 1"", ""Glutaric acidemia type I"", ""Methylmalonic acidemia"", ""Maple syrup urine disease""]",Phenylketonuria,1.0,0.3656086446644595,False,Phenylketonuria,1.0,0.2648648648648648,5,False,True,locked_llm_graph_agreement,3,universal_confidence_stop,[],not_applicable,False,,[],0.0,0.0,1.0,False,0,0,1.7736505212787739,4,False,0.95,3,True,universal_confidence_stop,True,True,True,1,1,False,12031,947,7,True
rarebench,rarebench:RAMEDIS:280,10,profile_adapter_branching_resolver,Phenylketonuria,Phenylketonuria,"[""Phenylketonuria"", ""Biotinidase deficiency"", ""Medium chain acyl-CoA dehydrogenase deficiency"", ""Tyrosinemia type III"", ""Tyrosinemia type 1"", ""Glutaric acidemia type I"", ""Galactosemia"", ""Citrullinemia type I"", ""Very long-chain acyl-CoA dehydrogenase deficiency"", ""Citrullinemia type II""]",Phenylketonuria,"[""Phenylketonuria"", ""Biotinidase deficiency"", ""Tyrosinemia type III"", ""Medium chain acyl-CoA dehydrogenase deficiency"", ""Very long-chain acyl-CoA dehydrogenase deficiency"", ""Citrullinemia type II"", ""Tyrosinemia type 1"", ""Glutaric acidemia type I"", ""Methylmalonic acidemia"", ""Maple syrup urine disease""]",Phenylketonuria,1.0,0.37079176466961605,False,Phenylketonuria,1.0,0.2648648648648648,5,False,True,locked_llm_graph_agreement,4,universal_confidence_stop,[],not_applicable,False,,[],0.0,0.0,1.0,False,0,0,1.7840470287572316,4,False,0.95,4,True,universal_confidence_stop,True,True,True,1,1,False,15945,1183,9,True
rarebench,rarebench:RAMEDIS:280,15,profile_adapter_branching_resolver,Phenylketonuria,Phenylketonuria,"[""Phenylketonuria"", ""Biotinidase deficiency"", ""Medium chain acyl-CoA dehydrogenase deficiency"", ""Tyrosinemia type III"", ""Tyrosinemia type 1"", ""Glutaric acidemia type I"", ""Citrullinemia type I"", ""Galactosemia"", ""Very long-chain acyl-CoA dehydrogenase deficiency"", ""Citrullinemia type II""]",Phenylketonuria,"[""Phenylketonuria"", ""Tyrosinemia type 1"", ""Biotinidase deficiency"", ""Medium chain acyl-CoA dehydrogenase deficiency"", ""Very long-chain acyl-CoA dehydrogenase deficiency"", ""Citrullinemia type II"", ""Glutaric acidemia type I"", ""Tyrosinemia type III"", ""Methylmalonic acidemia"", ""3-Methylglutaconic aciduria type I""]",Phenylketonuria,1.0,0.3911816069746785,False,Phenylketonuria,1.0,0.2648648648648648,5,False,True,locked_llm_graph_agreement,5,universal_confidence_stop,[],not_applicable,False,,[],0.0,0.0,1.0,False,0,0,1.7927573410095496,4,False,0.95,5,True,universal_confidence_stop,True,True,True,1,1,False,19893,1437,11,True
rarebench,rarebench:MME:27,5,profile_adapter_branching_resolver,Alacrimia-choreoathetosis-liver dysfunction syndrome,Alacrimia-choreoathetosis-liver dysfunction syndrome,"[""Alacrimia-choreoathetosis-liver dysfunction syndrome"", ""Methylmalonate semialdehyde dehydrogenase deficiency"", ""Cerebrocostomandibular syndrome"", ""Epilepsy, focal, with speech disorder and mental retardation"", ""Poretti-Boltshauser syndrome"", ""Shprintzen-Goldberg syndrome"", ""Beaulieu-Boycott-Innes syndrome"", ""Autosomal recessive primary microcephaly"", ""Cataract-growth hormone deficiency-sensory neuropathy-sensorineural hearing loss-skeletal dysplasia syndrome"", ""Mandibulofacial dysostosis-microcephaly syndrome""]",Alacrimia-choreoathetosis-liver dysfunction syndrome,"[""Alacrimia-choreoathetosis-liver dysfunction syndrome"", ""Cerebrocostomandibular syndrome"", ""Methylmalonate semialdehyde dehydrogenase deficiency"", ""Autosomal recessive primary microcephaly"", ""Shprintzen-Goldberg syndrome"", ""Poretti-Boltshauser syndrome"", ""Mandibulofacial dysostosis-microcephaly syndrome"", ""Epilepsy, focal, with speech disorder and mental retardation"", ""Cataract-growth hormone deficiency-sensory neuropathy-sensorineural hearing loss-skeletal dysplasia syndrome"", ""Spondylometaphyseal dysplasia, Sedaghatian type""]",Alacrimia-choreoathetosis-liver dysfunction syndrome,1.0,0.5352797672679956,False,Alacrimia-choreoathetosis-liver dysfunction syndrome,1.0,0.7264222503160557,18,False,True,locked_llm_graph_agreement,3,universal_confidence_stop,[],not_applicable,False,,[],0.0,0.0,1.0,False,0,0,2.3603297306178197,4,False,0.95,3,True,universal_confidence_stop,True,True,True,1,2,True,10359,1229,7,True
rarebench,rarebench:MME:27,10,profile_adapter_branching_resolver,Alacrimia-choreoathetosis-liver dysfunction syndrome,Alacrimia-choreoathetosis-liver dysfunction syndrome,"[""Alacrimia-choreoathetosis-liver dysfunction syndrome"", ""Methylmalonate semialdehyde dehydrogenase deficiency"", ""Epilepsy, focal, with speech disorder and mental retardation"", ""Cerebrocostomandibular syndrome"", ""Shprintzen-Goldberg syndrome"", ""Poretti-Boltshauser syndrome"", ""Beaulieu-Boycott-Innes syndrome"", ""Autosomal recessive primary microcephaly"", ""Cataract-growth hormone deficiency-sensory neuropathy-sensorineural hearing loss-skeletal dysplasia syndrome"", ""Mandibulofacial dysostosis-microcephaly syndrome""]",Alacrimia-choreoathetosis-liver dysfunction syndrome,"[""Alacrimia-choreoathetosis-liver dysfunction syndrome"", ""Cerebrocostomandibular syndrome"", ""Poretti-Boltshauser syndrome"", ""Epilepsy, focal, with speech disorder and mental retardation"", ""Cataract-growth hormone deficiency-sensory neuropathy-sensorineural hearing loss-skeletal dysplasia syndrome"", ""Spondylometaphyseal dysplasia, Sedaghatian type"", ""Autosomal recessive primary microcephaly"", ""Shprintzen-Goldberg syndrome"", ""Mandibulofacial dysostosis-microcephaly syndrome"", ""Methylmalonate semialdehyde dehydrogenase deficiency""]",Alacrimia-choreoathetosis-liver dysfunction syndrome,1.0,0.58072131424282,False,Alacrimia-choreoathetosis-liver dysfunction syndrome,1.0,0.7655664912458253,20,False,True,locked_llm_graph_agreement,4,universal_confidence_stop,[],not_applicable,False,,[],0.0,0.0,1.0,False,0,0,2.386249221063127,4,False,0.85,4,True,universal_confidence_stop,True,True,True,1,2,True,13760,1580,9,True
rarebench,rarebench:MME:27,15,profile_adapter_branching_resolver,Alacrimia-choreoathetosis-liver dysfunction syndrome,Alacrimia-choreoathetosis-liver dysfunction syndrome,"[""Alacrimia-choreoathetosis-liver dysfunction syndrome"", ""Methylmalonate semialdehyde dehydrogenase deficiency"", ""Epilepsy, focal, with speech disorder and mental retardation"", ""Shprintzen-Goldberg syndrome"", ""Cerebrocostomandibular syndrome"", ""Autosomal recessive primary microcephaly"", ""Poretti-Boltshauser syndrome"", ""Mandibulofacial dysostosis-microcephaly syndrome"", ""Cerebellar ataxia-areflexia-pes cavus-optic atrophy-sensorineural hearing loss syndrome"", ""Microcephaly-capillary malformation syndrome""]",Alacrimia-choreoathetosis-liver dysfunction syndrome,"[""Alacrimia-choreoathetosis-liver dysfunction syndrome"", ""Methylmalonate semialdehyde dehydrogenase deficiency"", ""Epilepsy, focal, with speech disorder and mental retardation"", ""Autosomal recessive primary microcephaly"", ""Shprintzen-Goldberg syndrome"", ""Cerebrocostomandibular syndrome"", ""Cerebellar ataxia-areflexia-pes cavus-optic atrophy-sensorineural hearing loss syndrome"", ""Microcephaly-capillary malformation syndrome"", ""Mandibulofacial dysostosis-microcephaly syndrome"", ""Poretti-Boltshauser syndrome""]",Alacrimia-choreoathetosis-liver dysfunction syndrome,1.0,0.6604852088842046,False,Alacrimia-choreoathetosis-liver dysfunction syndrome,1.0,0.7158178095549753,25,False,True,locked_llm_graph_agreement,5,universal_confidence_stop,[],not_applicable,False,,[],0.0,0.0,1.0,False,0,0,2.359487210121078,4,False,0.9,5,True,universal_confidence_stop,True,True,True,1,2,True,17581,1863,11,True
rarebench,rarebench:MME:15,5,profile_adapter_branching_resolver,Cerebrocostomandibular syndrome,Cerebrocostomandibular syndrome,"[""Cerebrocostomandibular syndrome"", ""Cataract-growth hormone deficiency-sensory neuropathy-sensorineural hearing loss-skeletal dysplasia syndrome"", ""Alacrimia-choreoathetosis-liver dysfunction syndrome"", ""Mandibulofacial dysostosis-microcephaly syndrome"", ""Poretti-Boltshauser syndrome"", ""Spondylometaphyseal dysplasia, Sedaghatian type"", ""Shprintzen-Goldberg syndrome"", ""Autosomal recessive primary microcephaly"", ""Methylmalonate semialdehyde dehydrogenase deficiency"", ""Perrault syndrome""]",Cerebrocostomandibular syndrome,"[""Cerebrocostomandibular syndrome"", ""Cataract-growth hormone deficiency-sensory neuropathy-sensorineural hearing loss-skeletal dysplasia syndrome"", ""Alacrimia-choreoathetosis-liver dysfunction syndrome"", ""Mandibulofacial dysostosis-microcephaly syndrome"", ""Shprintzen-Goldberg syndrome"", ""Spondylometaphyseal dysplasia, Sedaghatian type"", ""Poretti-Boltshauser syndrome"", ""Autosomal recessive primary microcephaly"", ""Beaulieu-Boycott-Innes syndrome"", ""Microcephaly-capillary malformation syndrome""]",Cerebrocostomandibular syndrome,1.0,0.5488769000453985,False,Cerebrocostomandibular syndrome,1.0,0.8984546360917248,6,False,True,locked_llm_graph_agreement,3,universal_confidence_stop,[],not_applicable,False,,[],0.0,0.0,1.0,False,0,0,2.414511759929476,4,False,0.95,3,True,universal_confidence_stop,True,True,True,1,1,False,8448,1197,7,True
rarebench,rarebench:MME:15,10,profile_adapter_branching_resolver,Cerebrocostomandibular syndrome,Cerebrocostomandibular syndrome,"[""Cerebrocostomandibular syndrome"", ""Cataract-growth hormone deficiency-sensory neuropathy-sensorineural hearing loss-skeletal dysplasia syndrome"", ""Alacrimia-choreoathetosis-liver dysfunction syndrome"", ""Mandibulofacial dysostosis-microcephaly syndrome"", ""Perrault syndrome"", ""Cerebellar ataxia-areflexia-pes cavus-optic atrophy-sensorineural hearing loss syndrome"", ""Poretti-Boltshauser syndrome"", ""Microcephaly-capillary malformation syndrome"", ""Spondylometaphyseal dysplasia, Sedaghatian type"", ""Methylmalonate semialdehyde dehydrogenase deficiency""]",Cerebrocostomandibular syndrome,"[""Cerebrocostomandibular syndrome"", ""Cataract-growth hormone deficiency-sensory neuropathy-sensorineural hearing loss-skeletal dysplasia syndrome"", ""Alacrimia-choreoathetosis-liver dysfunction syndrome"", ""Mandibulofacial dysostosis-microcephaly syndrome"", ""Perrault syndrome"", ""Cerebellar ataxia-areflexia-pes cavus-optic atrophy-sensorineural hearing loss syndrome"", ""Poretti-Boltshauser syndrome"", ""Shprintzen-Goldberg syndrome"", ""Spondylometaphyseal dysplasia, Sedaghatian type"", ""Autosomal recessive primary microcephaly""]",Cerebrocostomandibular syndrome,1.0,0.5030834970378317,False,Cerebrocostomandibular syndrome,1.0,0.8984546360917248,6,False,True,locked_llm_graph_agreement,4,universal_confidence_stop,[],not_applicable,False,,[],0.0,0.0,1.0,False,0,0,2.3992249371389587,4,False,0.95,4,True,universal_confidence_stop,True,True,True,1,1,False,11405,1508,9,True
rarebench,rarebench:MME:15,15,profile_adapter_branching_resolver,Cerebrocostomandibular syndrome,Cerebrocostomandibular syndrome,"[""Cerebrocostomandibular syndrome"", ""Cataract-growth hormone deficiency-sensory neuropathy-sensorineural hearing loss-skeletal dysplasia syndrome"", ""Alacrimia-choreoathetosis-liver dysfunction syndrome"", ""Mandibulofacial dysostosis-microcephaly syndrome"", ""Poretti-Boltshauser syndrome"", ""Spondylometaphyseal dysplasia, Sedaghatian type"", ""Autosomal recessive primary microcephaly"", ""Shprintzen-Goldberg syndrome"", ""Perrault syndrome"", ""Methylmalonate semialdehyde dehydrogenase deficiency""]",Cerebrocostomandibular syndrome,"[""Cerebrocostomandibular syndrome"", ""Cataract-growth hormone deficiency-sensory neuropathy-sensorineural hearing loss-skeletal dysplasia syndrome"", ""Alacrimia-choreoathetosis-liver dysfunction syndrome"", ""Mandibulofacial dysostosis-microcephaly syndrome"", ""Shprintzen-Goldberg syndrome"", ""Spondylometaphyseal dysplasia, Sedaghatian type"", ""Autosomal recessive primary microcephaly"", ""Beaulieu-Boycott-Innes syndrome"", ""Microcephaly-capillary malformation syndrome"", ""Poretti-Boltshauser syndrome""]",Cerebrocostomandibular syndrome,1.0,0.47472639310538056,False,Cerebrocostomandibular syndrome,1.0,0.8984546360917248,6,False,True,locked_llm_graph_agreement,5,universal_confidence_stop,[],not_applicable,False,,[],0.0,0.0,1.0,False,0,0,2.424903317035112,4,False,0.9,5,True,universal_confidence_stop,True,True,True,1,1,False,14119,1862,11,True
rarebench,rarebench:LIRICAL:40,5,profile_adapter_branching_resolver,Ehlers-Danlos syndrome,Loeys-Dietz syndrome,"[""Loeys-Dietz syndrome"", ""Ehlers-Danlos syndrome"", ""Cutis laxa, autosomal recessive, type IIB"", ""Stickler syndrome"", ""TBCK-related intellectual disability syndrome"", ""Nail-patella syndrome"", ""Immunoskeletal dysplasia with neurodevelopmental abnormalities"", ""Marfan syndrome"", ""Retinitis pigmentosa"", ""Vasculitis, autoinflammation, immunodeficiency, and hematologic defects syndrome""]",Ehlers-Danlos syndrome,"[""Ehlers-Danlos syndrome"", ""Loeys-Dietz syndrome"", ""Cutis laxa, autosomal recessive, type IIB"", ""Stickler syndrome"", ""Marfan syndrome"", ""Vasculitis, autoinflammation, immunodeficiency, and hematologic defects syndrome"", ""Nail-patella syndrome"", ""Bethlem myopathy"", ""Osteogenesis imperfecta"", ""Acromicric dysplasia""]",Loeys-Dietz syndrome,1.0,0.063963543119267,False,Loeys-Dietz syndrome,1.0,0.31054352487135517,9,True,True,accepted,3,universal_confidence_stop,[],not_applicable,False,,[],0.0,0.0,1.0,False,0,0,1.4991228785205704,4,False,0.85,3,True,universal_confidence_stop,False,True,True,2,1,False,20151,980,7,True
rarebench,rarebench:LIRICAL:40,10,profile_adapter_branching_resolver,Ehlers-Danlos syndrome,Loeys-Dietz syndrome,"[""Loeys-Dietz syndrome"", ""Ehlers-Danlos syndrome"", ""Cutis laxa, autosomal recessive, type IIB"", ""Neurodevelopmental disorder with or without anomalies of the brain, eye, or heart"", ""TBCK-related intellectual disability syndrome"", ""Stickler syndrome"", ""Nail-patella syndrome"", ""Immunoskeletal dysplasia with neurodevelopmental abnormalities"", ""Homocystinuria"", ""Cutis laxa, autosomal recessive, type IIC""]",Ehlers-Danlos syndrome,"[""Ehlers-Danlos syndrome"", ""Loeys-Dietz syndrome"", ""Cutis laxa, autosomal recessive, type IIB"", ""Stickler syndrome"", ""Marfan syndrome"", ""Nail-patella syndrome"", ""Vasculitis, autoinflammation, immunodeficiency, and hematologic defects syndrome"", ""Aarskog-Scott syndrome"", ""Alagille syndrome"", ""Osteogenesis imperfecta""]","Neurodevelopmental disorder with or without anomalies of the brain, eye, or heart",1.0,0.032663377898691226,False,Loeys-Dietz syndrome,1.0,0.31054352487135517,9,True,True,accepted,4,universal_confidence_stop,[],not_applicable,False,,[],0.0,0.0,1.0,False,0,0,1.3894957608373448,4,False,0.85,4,True,universal_confidence_stop,False,True,True,2,1,False,26724,1249,9,True
rarebench,rarebench:LIRICAL:40,15,profile_adapter_branching_resolver,Ehlers-Danlos syndrome,Loeys-Dietz syndrome,"[""Loeys-Dietz syndrome"", ""Ehlers-Danlos syndrome"", ""Cutis laxa, autosomal recessive, type IIB"", ""Marfan syndrome"", ""Stickler syndrome"", ""TBCK-related intellectual disability syndrome"", ""Neurodevelopmental disorder with or without anomalies of the brain, eye, or heart"", ""Immunoskeletal dysplasia with neurodevelopmental abnormalities"", ""Nail-patella syndrome"", ""Homocystinuria""]",Ehlers-Danlos syndrome,"[""Ehlers-Danlos syndrome"", ""Loeys-Dietz syndrome"", ""Cutis laxa, autosomal recessive, type IIB"", ""Marfan syndrome"", ""Stickler syndrome"", ""Nail-patella syndrome"", ""Vasculitis, autoinflammation, immunodeficiency, and hematologic defects syndrome"", ""AGel amyloidosis"", ""Bethlem myopathy"", ""Bamforth-Lazarus syndrome""]",Loeys-Dietz syndrome,1.0,0.02307159098317091,False,Loeys-Dietz syndrome,1.0,0.31054352487135517,9,True,True,accepted,5,universal_confidence_stop,[],not_applicable,False,,[],0.0,0.0,1.0,False,0,0,1.4664093168116938,4,False,0.85,5,True,universal_confidence_stop,False,True,True,2,1,False,33794,1499,11,True
rarebench,rarebench:RAMEDIS:402,5,profile_adapter_branching_resolver,Argininemia,Ornithine transcarbamylase deficiency,"[""Ornithine transcarbamylase deficiency"", ""Citrullinemia type I"", ""Methylmalonic acidemia"", ""Maple syrup urine disease"", ""3-Hydroxy-3-methylglutaryl-CoA lyase deficiency"", ""Medium chain acyl-CoA dehydrogenase deficiency"", ""Carbamoyl-phosphate synthetase 1 deficiency"", ""Isovaleric acidemia"", ""Fructose-1,6-bisphosphatase deficiency"", ""Dihydropyrimidine dehydrogenase deficiency""]",Ornithine transcarbamylase deficiency,"[""Ornithine transcarbamylase deficiency"", ""Citrullinemia type I"", ""Argininosuccinic aciduria"", ""Carbamoyl-phosphate synthetase 1 deficiency"", ""Methylmalonic acidemia"", ""Maple syrup urine disease"", ""Isovaleric acidemia"", ""Dihydropyrimidine dehydrogenase deficiency"", ""Fructose-1,6-bisphosphatase deficiency"", ""Argininemia""]",Phenylketonuria,1.0,0.08788633667397405,False,Citrullinemia type I,1.0,0.028971994889326114,17,False,True,locked_llm_graph_agreement,4,universal_confidence_stop,[],not_applicable,False,,[],0.0,0.0,1.0,False,0,0,1.032416088668243,4,False,0.85,4,True,universal_confidence_stop,False,False,False,11,11,False,15277,1283,9,True
rarebench,rarebench:RAMEDIS:402,10,profile_adapter_branching_resolver,Argininemia,Ornithine transcarbamylase deficiency,"[""Ornithine transcarbamylase deficiency"", ""Citrullinemia type I"", ""Methylmalonic acidemia"", ""Maple syrup urine disease"", ""Carbamoyl-phosphate synthetase 1 deficiency"", ""Isovaleric acidemia"", ""Medium chain acyl-CoA dehydrogenase deficiency"", ""3-Hydroxy-3-methylglutaryl-CoA lyase deficiency"", ""Dihydropyrimidine dehydrogenase deficiency"", ""Fructose-1,6-bisphosphatase deficiency""]",Ornithine transcarbamylase deficiency,"[""Ornithine transcarbamylase deficiency"", ""Citrullinemia type I"", ""Argininosuccinic aciduria"", ""Carbamoyl-phosphate synthetase 1 deficiency"", ""Methylmalonic acidemia"", ""Maple syrup urine disease"", ""Isovaleric acidemia"", ""Dihydropyrimidine dehydrogenase deficiency"", ""Fructose-1,6-bisphosphatase deficiency"", ""Argininemia""]",Phenylketonuria,1.0,0.09440079923272748,False,Citrullinemia type I,1.0,0.028971994889326114,17,False,True,locked_llm_graph_agreement,4,universal_confidence_stop,[],not_applicable,False,,[],0.0,0.0,1.0,True,2,4,0.5555223658123865,6,False,0.85,8,True,universal_confidence_stop,False,False,False,11,11,False,24110,2030,15,True
rarebench,rarebench:RAMEDIS:402,15,profile_adapter_branching_resolver,Argininemia,Ornithine transcarbamylase deficiency,"[""Ornithine transcarbamylase deficiency"", ""Citrullinemia type I"", ""Argininemia"", ""Methylmalonic acidemia"", ""Maple syrup urine disease"", ""Argininosuccinic aciduria"", ""Carbamoyl-phosphate synthetase 1 deficiency"", ""3-Hydroxy-3-methylglutaryl-CoA lyase deficiency"", ""Medium chain acyl-CoA dehydrogenase deficiency"", ""Isovaleric acidemia""]",Argininemia,"[""Argininemia"", ""Argininosuccinic aciduria"", ""Ornithine transcarbamylase deficiency"", ""Citrullinemia type I"", ""Carbamoyl-phosphate synthetase 1 deficiency"", ""Methylmalonic acidemia"", ""Maple syrup urine disease"", ""Isovaleric acidemia"", ""Dihydropyrimidine dehydrogenase deficiency"", ""Fructose-1,6-bisphosphatase deficiency""]",Phenylketonuria,1.0,0.11807235365293733,False,Citrullinemia type I,1.0,0.028971994889326114,17,True,True,blocked_weak_graph_override,6,universal_confidence_stop,[],not_applicable,False,,[],0.0,0.0,1.0,True,2,4,0.9830023287715104,5,True,0.85,10,True,universal_confidence_stop,False,True,True,3,11,True,33239,2597,19,True
rarebench,rarebench:RAMEDIS:27,5,profile_adapter_branching_resolver,3-Hydroxy-3-methylglutaryl-CoA lyase deficiency,3-Hydroxy-3-methylglutaryl-CoA lyase deficiency,"[""3-Hydroxy-3-methylglutaryl-CoA lyase deficiency"", ""Methylmalonic acidemia"", ""Maple syrup urine disease"", ""3-Methylcrotonyl-CoA carboxylase deficiency"", ""Biotinidase deficiency"", ""Beta-ketothiolase deficiency"", ""Ornithine transcarbamylase deficiency"", ""Propionic acidemia"", ""Holocarboxylase synthetase deficiency"", ""Phenylketonuria""]",3-Hydroxy-3-methylglutaryl-CoA lyase deficiency,"[""3-Hydroxy-3-methylglutaryl-CoA lyase deficiency"", ""Beta-ketothiolase deficiency"", ""Holocarboxylase synthetase deficiency"", ""Methylmalonic acidemia"", ""3-Methylcrotonyl-CoA carboxylase deficiency"", ""Maple syrup urine disease"", ""Ornithine transcarbamylase deficiency"", ""Biotinidase deficiency"", ""3-Methylglutaconic aciduria type I"", ""3-Methylglutaconic aciduria type IV""]",Phenylketonuria,1.0,0.12962597102129603,False,3-Hydroxy-3-methylglutaryl-CoA lyase deficiency,1.0,0.3816216216216216,9,False,True,locked_llm_graph_agreement,3,universal_confidence_stop,[],not_applicable,False,,[],0.0,0.0,1.0,False,0,0,1.4788155944199723,4,False,0.85,3,True,universal_confidence_stop,True,True,True,1,11,True,12525,1150,7,True
rarebench,rarebench:RAMEDIS:27,10,profile_adapter_branching_resolver,3-Hydroxy-3-methylglutaryl-CoA lyase deficiency,3-Hydroxy-3-methylglutaryl-CoA lyase deficiency,"[""3-Hydroxy-3-methylglutaryl-CoA lyase deficiency"", ""Methylmalonic acidemia"", ""Maple syrup urine disease"", ""3-Methylcrotonyl-CoA carboxylase deficiency"", ""Beta-ketothiolase deficiency"", ""Biotinidase deficiency"", ""Ornithine transcarbamylase deficiency"", ""Propionic acidemia"", ""Holocarboxylase synthetase deficiency"", ""Phenylketonuria""]",3-Hydroxy-3-methylglutaryl-CoA lyase deficiency,"[""3-Hydroxy-3-methylglutaryl-CoA lyase deficiency"", ""Beta-ketothiolase deficiency"", ""Methylmalonic acidemia"", ""Holocarboxylase synthetase deficiency"", ""3-Methylcrotonyl-CoA carboxylase deficiency"", ""Maple syrup urine disease"", ""Ornithine transcarbamylase deficiency"", ""Biotinidase deficiency"", ""3-Methylglutaconic aciduria type I"", ""3-Methylglutaconic aciduria type IV""]",Phenylketonuria,1.0,0.1525537007043617,False,3-Hydroxy-3-methylglutaryl-CoA lyase deficiency,1.0,0.3816216216216216,9,False,True,locked_llm_graph_agreement,4,universal_confidence_stop,[],not_applicable,False,,[],0.0,0.0,1.0,False,0,0,1.5032226114009029,4,False,0.85,4,True,universal_confidence_stop,True,True,True,1,11,True,16771,1474,9,True
rarebench,rarebench:RAMEDIS:27,15,profile_adapter_branching_resolver,3-Hydroxy-3-methylglutaryl-CoA lyase deficiency,3-Hydroxy-3-methylglutaryl-CoA lyase deficiency,"[""3-Hydroxy-3-methylglutaryl-CoA lyase deficiency"", ""Methylmalonic acidemia"", ""Maple syrup urine disease"", ""3-Methylcrotonyl-CoA carboxylase deficiency"", ""Beta-ketothiolase deficiency"", ""Biotinidase deficiency"", ""Ornithine transcarbamylase deficiency"", ""Propionic acidemia"", ""Holocarboxylase synthetase deficiency"", ""Phenylketonuria""]",3-Hydroxy-3-methylglutaryl-CoA lyase deficiency,"[""3-Hydroxy-3-methylglutaryl-CoA lyase deficiency"", ""Beta-ketothiolase deficiency"", ""Methylmalonic acidemia"", ""Holocarboxylase synthetase deficiency"", ""3-Methylcrotonyl-CoA carboxylase deficiency"", ""Maple syrup urine disease"", ""Ornithine transcarbamylase deficiency"", ""Biotinidase deficiency"", ""3-Methylglutaconic aciduria type I"", ""3-Methylglutaconic aciduria type IV""]",Phenylketonuria,1.0,0.153050041683502,False,3-Hydroxy-3-methylglutaryl-CoA lyase deficiency,1.0,0.3816216216216216,9,False,True,locked_llm_graph_agreement,5,universal_confidence_stop,[],not_applicable,False,,[],0.0,0.0,1.0,False,0,0,1.4997297031631298,4,False,0.85,5,True,universal_confidence_stop,True,True,True,1,11,True,21120,1805,11,True
rarebench,rarebench:LIRICAL:292,5,profile_adapter_branching_resolver,Smith-Lemli-Opitz syndrome,Smith-Lemli-Opitz syndrome,"[""Smith-Lemli-Opitz syndrome"", ""Stankiewicz-Isidor syndrome"", ""Neurodevelopmental disorder with or without anomalies of the brain, eye, or heart"", ""Glutaric acidemia type I"", ""Freeman-Sheldon syndrome"", ""Temtamy preaxial brachydactyly syndrome"", ""TBCK-related intellectual disability syndrome"", ""Robinow syndrome"", ""PLAA-associated neurodevelopmental disorder"", ""Townes-Brocks syndrome""]",Smith-Lemli-Opitz syndrome,"[""Smith-Lemli-Opitz syndrome"", ""Alpha-thalassemia-X-linked intellectual disability syndrome"", ""Congenital disorder of glycosylation, type IIh"", ""PLAA-associated neurodevelopmental disorder"", ""Townes-Brocks syndrome"", ""Stankiewicz-Isidor syndrome"", ""Robinow syndrome"", ""Temtamy preaxial brachydactyly syndrome"", ""Freeman-Sheldon syndrome"", ""Neurodevelopmental disorder with or without anomalies of the brain, eye, or heart""]",Smith-Lemli-Opitz syndrome,1.0,0.13918457652569916,False,Freeman-Sheldon syndrome,1.0,0.1084054834054834,13,True,True,blocked_weak_graph_override,3,universal_confidence_stop,[],not_applicable,False,,[],0.0,0.0,1.0,False,0,0,0.785148121890431,3,False,0.95,3,True,universal_confidence_stop,True,True,True,1,1,False,20969,1001,7,True
rarebench,rarebench:LIRICAL:292,10,profile_adapter_branching_resolver,Smith-Lemli-Opitz syndrome,Robinow syndrome,"[""Robinow syndrome"", ""Smith-Lemli-Opitz syndrome"", ""TBCK-related intellectual disability syndrome"", ""Stankiewicz-Isidor syndrome"", ""Temtamy preaxial brachydactyly syndrome"", ""Neurodevelopmental disorder with or without anomalies of the brain, eye, or heart"", ""Freeman-Sheldon syndrome"", ""PLAA-associated neurodevelopmental disorder"", ""Townes-Brocks syndrome"", ""Alpha-thalassemia-X-linked intellectual disability syndrome""]",Smith-Lemli-Opitz syndrome,"[""Smith-Lemli-Opitz syndrome"", ""Alpha-thalassemia-X-linked intellectual disability syndrome"", ""Congenital disorder of glycosylation, type IIP"", ""Neurodevelopmental disorder with or without anomalies of the brain, eye, or heart"", ""Recurrent metabolic encephalomyopathic crises-rhabdomyolysis-cardiac arrhythmia-intellectual disability syndrome"", ""TBCK-related intellectual disability syndrome"", ""Robinow syndrome"", ""Stankiewicz-Isidor syndrome"", ""Townes-Brocks syndrome"", ""PLAA-associated neurodevelopmental disorder""]",Smith-Lemli-Opitz syndrome,1.0,0.13308364186200128,False,Freeman-Sheldon syndrome,1.0,0.1084054834054834,13,True,True,blocked_unsupported_third_option,4,universal_confidence_stop,[],not_applicable,False,,[],0.0,0.0,1.0,True,2,4,0.8369281524926686,5,False,0.95,8,True,universal_confidence_stop,False,True,True,2,1,False,46010,1987,15,True
rarebench,rarebench:LIRICAL:292,15,profile_adapter_branching_resolver,Smith-Lemli-Opitz syndrome,Freeman-Sheldon syndrome,"[""Freeman-Sheldon syndrome"", ""Neurodevelopmental disorder with or without anomalies of the brain, eye, or heart"", ""Stankiewicz-Isidor syndrome"", ""Smith-Lemli-Opitz syndrome"", ""TBCK-related intellectual disability syndrome"", ""Temtamy preaxial brachydactyly syndrome"", ""Robinow syndrome"", ""Retinitis pigmentosa"", ""Glutaric acidemia type I"", ""PLAA-associated neurodevelopmental disorder""]",Smith-Lemli-Opitz syndrome,"[""Smith-Lemli-Opitz syndrome"", ""Alpha-thalassemia-X-linked intellectual disability syndrome"", ""Congenital disorder of glycosylation, type IIP"", ""Immunoskeletal dysplasia with neurodevelopmental abnormalities"", ""Neurodevelopmental disorder with or without anomalies of the brain, eye, or heart"", ""TBCK-related intellectual disability syndrome"", ""Robinow syndrome"", ""Stankiewicz-Isidor syndrome"", ""Townes-Brocks syndrome"", ""Freeman-Sheldon syndrome""]",Smith-Lemli-Opitz syndrome,1.0,0.16063529155706535,False,Freeman-Sheldon syndrome,1.0,0.1084054834054834,13,True,True,blocked_weak_graph_override,5,universal_confidence_stop,[],not_applicable,False,,[],0.0,0.0,1.0,False,0,0,1.1351075245911044,3,False,0.95,5,True,universal_confidence_stop,False,False,True,4,1,False,35355,1556,11,True
rarebench,rarebench:LIRICAL:57,5,profile_adapter_branching_resolver,Congenital myasthenic syndrome,Spinal muscular atrophy with progressive myoclonic epilepsy,"[""Spinal muscular atrophy with progressive myoclonic epilepsy"", ""Nemaline myopathy"", ""Congenital myasthenic syndrome"", ""TBCK-related intellectual disability syndrome"", ""Neurodevelopmental disorder with or without anomalies of the brain, eye, or heart"", ""Arthrogryposis, distal, with impaired proprioception and touch"", ""Camurati-Engelmann disease"", ""PLAA-associated neurodevelopmental disorder"", ""Spastic paraplegia 76, autosomal recessive"", ""Developmental and epileptic encephalopathy 28""]",Spinal muscular atrophy with progressive myoclonic epilepsy,"[""Spinal muscular atrophy with progressive myoclonic epilepsy"", ""Nemaline myopathy"", ""Congenital myasthenic syndrome"", ""Arthrogryposis, distal, with impaired proprioception and touch"", ""Camurati-Engelmann disease"", ""TBCK-related intellectual disability syndrome"", ""PLAA-associated neurodevelopmental disorder"", ""Developmental and epileptic encephalopathy 28"", ""Amyotrophic lateral sclerosis"", ""Ataxia-oculomotor apraxia type 1""]",TBCK-related intellectual disability syndrome,1.0,0.07577081210343761,False,Spinal muscular atrophy with progressive myoclonic epilepsy,1.0,0.21494370522006134,16,False,True,locked_llm_graph_agreement,3,universal_confidence_stop,[],not_applicable,False,,[],0.0,0.0,1.0,False,0,0,1.0246157760569439,4,False,0.85,3,True,universal_confidence_stop,False,True,True,3,11,True,20323,1052,7,True
rarebench,rarebench:LIRICAL:57,10,profile_adapter_branching_resolver,Congenital myasthenic syndrome,Spinal muscular atrophy with progressive myoclonic epilepsy,"[""Spinal muscular atrophy with progressive myoclonic epilepsy"", ""Nemaline myopathy"", ""Congenital myasthenic syndrome"", ""TBCK-related intellectual disability syndrome"", ""Neurodevelopmental disorder with or without anomalies of the brain, eye, or heart"", ""Arthrogryposis, distal, with impaired proprioception and touch"", ""Glutaric acidemia type I"", ""Camurati-Engelmann disease"", ""Spastic paraplegia 76, autosomal recessive"", ""PLAA-associated neurodevelopmental disorder""]",Congenital myasthenic syndrome,"[""Congenital myasthenic syndrome"", ""Spinal muscular atrophy with progressive myoclonic epilepsy"", ""Nemaline myopathy"", ""Arthrogryposis, distal, with impaired proprioception and touch"", ""Camurati-Engelmann disease"", ""TBCK-related intellectual disability syndrome"", ""PLAA-associated neurodevelopmental disorder"", ""Developmental and epileptic encephalopathy 28"", ""Amyotrophic lateral sclerosis"", ""Bethlem myopathy""]",Glutaric acidemia type I,1.0,0.017766473683062833,False,Spinal muscular atrophy with progressive myoclonic epilepsy,1.0,0.21005303030303024,17,True,True,accepted,8,universal_confidence_stop,[],not_applicable,False,,[],0.0,0.0,1.0,False,0,0,0.5432167059456687,3,False,0.85,8,True,universal_confidence_stop,False,True,True,3,11,True,54875,2449,17,True
rarebench,rarebench:LIRICAL:57,15,profile_adapter_branching_resolver,Congenital myasthenic syndrome,Spinal muscular atrophy with progressive myoclonic epilepsy,"[""Spinal muscular atrophy with progressive myoclonic epilepsy"", ""Nemaline myopathy"", ""Congenital myasthenic syndrome"", ""TBCK-related intellectual disability syndrome"", ""Neurodevelopmental disorder with or without anomalies of the brain, eye, or heart"", ""Arthrogryposis, distal, with impaired proprioception and touch"", ""Camurati-Engelmann disease"", ""Glutaric acidemia type I"", ""PLAA-associated neurodevelopmental disorder"", ""Spastic paraplegia 76, autosomal recessive""]",Spinal muscular atrophy with progressive myoclonic epilepsy,"[""Spinal muscular atrophy with progressive myoclonic epilepsy"", ""Nemaline myopathy"", ""Congenital myasthenic syndrome"", ""Arthrogryposis, distal, with impaired proprioception and touch"", ""Camurati-Engelmann disease"", ""TBCK-related intellectual disability syndrome"", ""PLAA-associated neurodevelopmental disorder"", ""Developmental and epileptic encephalopathy 28"", ""Amyotrophic lateral sclerosis"", ""Bethlem myopathy""]","Neurodevelopmental disorder with or without anomalies of the brain, eye, or heart",1.0,0.1084855254566327,False,Spinal muscular atrophy with progressive myoclonic epilepsy,1.0,0.21005303030303024,17,False,True,locked_llm_graph_agreement,7,universal_confidence_stop,[],not_applicable,False,,[],0.0,0.0,1.0,False,0,0,0.572825358511555,3,False,0.85,7,True,universal_confidence_stop,False,True,True,3,11,True,47661,2141,15,True
rarebench,rarebench:RAMEDIS:153,5,profile_adapter_branching_resolver,Methylmalonic acidemia,Methylmalonic acidemia,"[""Methylmalonic acidemia"", ""Medium chain acyl-CoA dehydrogenase deficiency"", ""Phenylketonuria"", ""Glutaric acidemia type I"", ""Biotinidase deficiency"", ""Citrullinemia type I"", ""3-Hydroxy-3-methylglutaryl-CoA lyase deficiency"", ""D-2-hydroxyglutaric aciduria"", ""Very long-chain acyl-CoA dehydrogenase deficiency"", ""Homocystinuria""]",Methylmalonic acidemia,"[""Methylmalonic acidemia"", ""Medium chain acyl-CoA dehydrogenase deficiency"", ""Glutaric acidemia type I"", ""Biotinidase deficiency"", ""Citrullinemia type I"", ""Very long-chain acyl-CoA dehydrogenase deficiency"", ""3-Hydroxy-3-methylglutaryl-CoA lyase deficiency"", ""D-2-hydroxyglutaric aciduria"", ""Phenylketonuria"", ""Succinic semialdehyde dehydrogenase deficiency""]",Phenylketonuria,1.0,0.11692795695466174,False,Medium chain acyl-CoA dehydrogenase deficiency,1.0,0.09825581395348837,10,True,True,blocked_weak_graph_override,3,universal_confidence_stop,[],not_applicable,False,,[],0.0,0.0,1.0,True,1,2,0.15761565205709616,5,False,0.85,5,False,budget_exhausted_forced_final,True,True,True,1,3,True,16556,1468,10,True
rarebench,rarebench:RAMEDIS:153,10,profile_adapter_branching_resolver,Methylmalonic acidemia,Methylmalonic acidemia,"[""Methylmalonic acidemia"", ""Medium chain acyl-CoA dehydrogenase deficiency"", ""Phenylketonuria"", ""Glutaric acidemia type I"", ""Biotinidase deficiency"", ""Citrullinemia type I"", ""3-Hydroxy-3-methylglutaryl-CoA lyase deficiency"", ""D-2-hydroxyglutaric aciduria"", ""Very long-chain acyl-CoA dehydrogenase deficiency"", ""Homocystinuria""]",Methylmalonic acidemia,"[""Methylmalonic acidemia"", ""Medium chain acyl-CoA dehydrogenase deficiency"", ""Glutaric acidemia type I"", ""Phenylketonuria"", ""Biotinidase deficiency"", ""Citrullinemia type I"", ""Very long-chain acyl-CoA dehydrogenase deficiency"", ""3-Hydroxy-3-methylglutaryl-CoA lyase deficiency"", ""D-2-hydroxyglutaric aciduria"", ""Carnitine-acylcarnitine translocase deficiency""]",Phenylketonuria,1.0,0.12447809758554174,False,Medium chain acyl-CoA dehydrogenase deficiency,1.0,0.09825581395348837,10,True,True,blocked_weak_graph_override,4,universal_confidence_stop,[],not_applicable,False,,[],0.0,0.0,1.0,True,2,4,2.251373270231025,6,False,0.85,8,True,universal_confidence_stop,True,True,True,1,3,True,25708,2143,15,True
rarebench,rarebench:RAMEDIS:153,15,profile_adapter_branching_resolver,Methylmalonic acidemia,Methylmalonic acidemia,"[""Methylmalonic acidemia"", ""Medium chain acyl-CoA dehydrogenase deficiency"", ""Phenylketonuria"", ""Glutaric acidemia type I"", ""Very long-chain acyl-CoA dehydrogenase deficiency"", ""Biotinidase deficiency"", ""Citrullinemia type I"", ""D-2-hydroxyglutaric aciduria"", ""3-Hydroxy-3-methylglutaryl-CoA lyase deficiency"", ""Homocystinuria""]",Methylmalonic acidemia,"[""Methylmalonic acidemia"", ""Medium chain acyl-CoA dehydrogenase deficiency"", ""Very long-chain acyl-CoA dehydrogenase deficiency"", ""Glutaric acidemia type I"", ""Biotinidase deficiency"", ""Citrullinemia type I"", ""3-Hydroxy-3-methylglutaryl-CoA lyase deficiency"", ""D-2-hydroxyglutaric aciduria"", ""Phenylketonuria"", ""Dihydropyrimidine dehydrogenase deficiency""]",Phenylketonuria,1.0,0.10038057907858289,False,Medium chain acyl-CoA dehydrogenase deficiency,1.0,0.09825581395348837,10,True,True,blocked_weak_graph_override,5,universal_confidence_stop,[],not_applicable,False,,[],0.0,0.0,1.0,True,2,4,0.9734746474989748,6,False,0.85,9,True,universal_confidence_stop,True,True,True,1,3,True,30037,2409,17,True
rarebench,rarebench:LIRICAL:319,5,profile_adapter_branching_resolver,Ataxia-pancytopenia syndrome,"Spastic paraplegia 7, autosomal recessive","[""Spastic paraplegia 7, autosomal recessive"", ""Spastic paraplegia 76, autosomal recessive"", ""Hypomyelinating leukodystrophy"", ""Ataxia-pancytopenia syndrome"", ""Spastic paraplegia 10, autosomal dominant"", ""Amyotrophic lateral sclerosis"", ""CODAS syndrome"", ""Recurrent metabolic encephalomyopathic crises-rhabdomyolysis-cardiac arrhythmia-intellectual disability syndrome"", ""Homocystinuria"", ""Charcot-Marie-Tooth disease""]","Spastic paraplegia 7, autosomal recessive","[""Spastic paraplegia 7, autosomal recessive"", ""Spastic paraplegia 76, autosomal recessive"", ""Spastic paraplegia 10, autosomal dominant"", ""Amyotrophic lateral sclerosis"", ""Hypomyelinating leukodystrophy"", ""Charcot-Marie-Tooth disease"", ""Ataxia-pancytopenia syndrome"", ""CODAS syndrome"", ""Glutaric acidemia type I"", ""Homocystinuria""]","Spastic paraplegia 76, autosomal recessive",1.0,0.38760365909795513,False,"Spastic paraplegia 7, autosomal recessive",1.0,0.14980670103092775,5,False,True,locked_llm_graph_agreement,3,universal_confidence_stop,[],not_applicable,False,,[],0.0,0.0,1.0,False,0,0,0.7346947789072025,4,False,0.85,3,True,universal_confidence_stop,False,False,True,4,3,False,21187,1076,7,True
rarebench,rarebench:LIRICAL:319,10,profile_adapter_branching_resolver,Ataxia-pancytopenia syndrome,"Spastic paraplegia 76, autosomal recessive","[""Spastic paraplegia 76, autosomal recessive"", ""Spastic paraplegia 7, autosomal recessive"", ""Spastic paraplegia 10, autosomal dominant"", ""Hypomyelinating leukodystrophy"", ""Recurrent metabolic encephalomyopathic crises-rhabdomyolysis-cardiac arrhythmia-intellectual disability syndrome"", ""Ataxia-pancytopenia syndrome"", ""Amyotrophic lateral sclerosis"", ""CODAS syndrome"", ""Glutaric acidemia type I"", ""Neurodevelopmental disorder with or without anomalies of the brain, eye, or heart""]","Spastic paraplegia 7, autosomal recessive","[""Spastic paraplegia 7, autosomal recessive"", ""Spastic paraplegia 76, autosomal recessive"", ""Spastic paraplegia 10, autosomal dominant"", ""Amyotrophic lateral sclerosis"", ""Ataxia-pancytopenia syndrome"", ""Hypomyelinating leukodystrophy"", ""CODAS syndrome"", ""Homocystinuria"", ""Glutaric acidemia type I"", ""Neurodevelopmental disorder with or without anomalies of the brain, eye, or heart""]","Spastic paraplegia 76, autosomal recessive",1.0,0.404086903866282,True,"Spastic paraplegia 7, autosomal recessive",1.0,0.14980670103092775,5,True,True,blocked_weak_graph_override,4,universal_confidence_stop,[],not_applicable,False,,[],0.0,0.0,1.0,False,0,0,1.0234918169074585,4,False,0.85,4,True,universal_confidence_stop,False,False,False,6,3,False,28095,1357,9,True
rarebench,rarebench:LIRICAL:319,15,profile_adapter_branching_resolver,Ataxia-pancytopenia syndrome,"Spastic paraplegia 76, autosomal recessive","[""Spastic paraplegia 76, autosomal recessive"", ""Spastic paraplegia 7, autosomal recessive"", ""Ataxia-pancytopenia syndrome"", ""Spastic paraplegia 10, autosomal dominant"", ""Hypomyelinating leukodystrophy"", ""TBCK-related intellectual disability syndrome"", ""Amyotrophic lateral sclerosis"", ""CODAS syndrome"", ""Glutaric acidemia type I"", ""Neurodevelopmental disorder with or without anomalies of the brain, eye, or heart""]","Spastic paraplegia 7, autosomal recessive","[""Spastic paraplegia 7, autosomal recessive"", ""Spastic paraplegia 76, autosomal recessive"", ""Spastic paraplegia 10, autosomal dominant"", ""Amyotrophic lateral sclerosis"", ""Ataxia-pancytopenia syndrome"", ""Hypomyelinating leukodystrophy"", ""CODAS syndrome"", ""Neurodevelopmental disorder with or without anomalies of the brain, eye, or heart"", ""Glutaric acidemia type I"", ""TBCK-related intellectual disability syndrome""]","Spastic paraplegia 76, autosomal recessive",1.0,0.3061919825576268,True,"Spastic paraplegia 7, autosomal recessive",1.0,0.14980670103092775,5,True,True,blocked_weak_graph_override,5,universal_confidence_stop,[],not_applicable,False,,[],0.0,0.0,1.0,False,0,0,1.0235617642503008,4,False,0.85,5,True,universal_confidence_stop,False,True,True,3,3,False,35093,1647,11,True
rarebench,rarebench:RAMEDIS:184,5,profile_adapter_branching_resolver,3-Methylcrotonyl-CoA carboxylase deficiency,3-Methylcrotonyl-CoA carboxylase deficiency,"[""3-Methylcrotonyl-CoA carboxylase deficiency"", ""Biotinidase deficiency"", ""Phenylketonuria"", ""Maple syrup urine disease"", ""3-Hydroxy-3-methylglutaryl-CoA lyase deficiency"", ""Methylmalonic acidemia"", ""Holocarboxylase synthetase deficiency"", ""Glutaric acidemia type I"", ""Canavan disease"", ""Succinic semialdehyde dehydrogenase deficiency""]",3-Methylcrotonyl-CoA carboxylase deficiency,"[""3-Methylcrotonyl-CoA carboxylase deficiency"", ""Biotinidase deficiency"", ""Holocarboxylase synthetase deficiency"", ""Maple syrup urine disease"", ""3-Hydroxy-3-methylglutaryl-CoA lyase deficiency"", ""Succinic semialdehyde dehydrogenase deficiency"", ""Canavan disease"", ""Phenylketonuria"", ""Methylmalonic acidemia"", ""Glutaric acidemia type I""]",Phenylketonuria,1.0,0.2202265418592121,False,3-Methylcrotonyl-CoA carboxylase deficiency,1.0,0.3830845771144279,4,False,True,locked_llm_graph_agreement,3,universal_confidence_stop,[],not_applicable,False,,[],0.0,0.0,1.0,False,0,0,1.2442265520913187,4,False,0.85,3,True,universal_confidence_stop,True,True,True,1,11,True,11676,1037,7,True
rarebench,rarebench:RAMEDIS:184,10,profile_adapter_branching_resolver,3-Methylcrotonyl-CoA carboxylase deficiency,3-Methylcrotonyl-CoA carboxylase deficiency,"[""3-Methylcrotonyl-CoA carboxylase deficiency"", ""Biotinidase deficiency"", ""Phenylketonuria"", ""Maple syrup urine disease"", ""3-Hydroxy-3-methylglutaryl-CoA lyase deficiency"", ""Methylmalonic acidemia"", ""Holocarboxylase synthetase deficiency"", ""Canavan disease"", ""Glutaric acidemia type I"", ""Succinic semialdehyde dehydrogenase deficiency""]",3-Methylcrotonyl-CoA carboxylase deficiency,"[""3-Methylcrotonyl-CoA carboxylase deficiency"", ""Biotinidase deficiency"", ""Holocarboxylase synthetase deficiency"", ""Maple syrup urine disease"", ""3-Hydroxy-3-methylglutaryl-CoA lyase deficiency"", ""Succinic semialdehyde dehydrogenase deficiency"", ""Canavan disease"", ""Phenylketonuria"", ""Methylmalonic acidemia"", ""Glutaric acidemia type I""]",Phenylketonuria,1.0,0.23801690745457715,False,3-Methylcrotonyl-CoA carboxylase deficiency,1.0,0.3830845771144279,4,False,True,locked_llm_graph_agreement,4,universal_confidence_stop,[],not_applicable,False,,[],0.0,0.0,1.0,False,0,0,1.2387758464251846,4,False,0.85,4,True,universal_confidence_stop,True,True,True,1,11,True,15630,1323,9,True
rarebench,rarebench:RAMEDIS:184,15,profile_adapter_branching_resolver,3-Methylcrotonyl-CoA carboxylase deficiency,3-Methylcrotonyl-CoA carboxylase deficiency,"[""3-Methylcrotonyl-CoA carboxylase deficiency"", ""Biotinidase deficiency"", ""Phenylketonuria"", ""Maple syrup urine disease"", ""3-Hydroxy-3-methylglutaryl-CoA lyase deficiency"", ""Methylmalonic acidemia"", ""Holocarboxylase synthetase deficiency"", ""Glutaric acidemia type I"", ""Canavan disease"", ""Succinic semialdehyde dehydrogenase deficiency""]",3-Methylcrotonyl-CoA carboxylase deficiency,"[""3-Methylcrotonyl-CoA carboxylase deficiency"", ""Biotinidase deficiency"", ""Holocarboxylase synthetase deficiency"", ""Maple syrup urine disease"", ""3-Hydroxy-3-methylglutaryl-CoA lyase deficiency"", ""Canavan disease"", ""Phenylketonuria"", ""Succinic semialdehyde dehydrogenase deficiency"", ""Glutaric acidemia type I"", ""Methylmalonic acidemia""]",Phenylketonuria,1.0,0.21151488090212567,False,3-Methylcrotonyl-CoA carboxylase deficiency,1.0,0.3830845771144279,4,False,True,locked_llm_graph_agreement,5,universal_confidence_stop,[],not_applicable,False,,[],0.0,0.0,1.0,False,0,0,1.227057465211646,4,False,0.85,5,True,universal_confidence_stop,True,True,True,1,11,True,19724,1607,11,True
rarebench,rarebench:LIRICAL:255,5,profile_adapter_branching_resolver,"Congenital disorder of glycosylation, type IIP","Congenital disorder of glycosylation, type IIP","[""Congenital disorder of glycosylation, type IIP"", ""Pantothenate kinase-associated neurodegeneration"", ""Glutaric acidemia type I"", ""Recurrent metabolic encephalomyopathic crises-rhabdomyolysis-cardiac arrhythmia-intellectual disability syndrome"", ""TBCK-related intellectual disability syndrome"", ""Neurodevelopmental disorder with or without anomalies of the brain, eye, or heart"", ""Glycogen storage disease VI"", ""Immunoskeletal dysplasia with neurodevelopmental abnormalities"", ""Smith-Lemli-Opitz syndrome"", ""Homocystinuria""]","Congenital disorder of glycosylation, type IIP","[""Congenital disorder of glycosylation, type IIP"", ""Glycogen storage disease VI"", ""Neurodegeneration with brain iron accumulation 2B"", ""Myotonia congenita"", ""Osteogenesis imperfecta, type XI"", ""Osteogenesis imperfecta, type XIV"", ""Congenital nephrotic syndrome, Finnish type"", ""Pantothenate kinase-associated neurodegeneration"", ""Smith-Lemli-Opitz syndrome"", ""Neurodevelopmental disorder with or without anomalies of the brain, eye, or heart""]","Congenital disorder of glycosylation, type IIP",1.0,0.3286971777235548,False,"Congenital disorder of glycosylation, type IIP",1.0,0.8225108225108225,7,False,True,locked_llm_graph_agreement,3,universal_confidence_stop,[],not_applicable,False,,[],0.0,0.0,1.0,False,0,0,2.353307083813526,4,False,0.95,3,True,universal_confidence_stop,True,True,True,1,1,False,21605,1157,7,True
rarebench,rarebench:LIRICAL:255,10,profile_adapter_branching_resolver,"Congenital disorder of glycosylation, type IIP","Congenital disorder of glycosylation, type IIP","[""Congenital disorder of glycosylation, type IIP"", ""Pantothenate kinase-associated neurodegeneration"", ""Recurrent metabolic encephalomyopathic crises-rhabdomyolysis-cardiac arrhythmia-intellectual disability syndrome"", ""TBCK-related intellectual disability syndrome"", ""Glutaric acidemia type I"", ""Glycogen storage disease VI"", ""Smith-Lemli-Opitz syndrome"", ""Neurodevelopmental disorder with or without anomalies of the brain, eye, or heart"", ""Immunoskeletal dysplasia with neurodevelopmental abnormalities"", ""Homocystinuria""]","Congenital disorder of glycosylation, type IIP","[""Congenital disorder of glycosylation, type IIP"", ""Recurrent metabolic encephalomyopathic crises-rhabdomyolysis-cardiac arrhythmia-intellectual disability syndrome"", ""TBCK-related intellectual disability syndrome"", ""Neurodevelopmental disorder with or without anomalies of the brain, eye, or heart"", ""Glutaric acidemia type I"", ""Smith-Lemli-Opitz syndrome"", ""Myotonia congenita"", ""Neurodegeneration with brain iron accumulation 2B"", ""Glycogen storage disease VI"", ""Osteogenesis imperfecta, type XI""]","Congenital disorder of glycosylation, type IIP",1.0,0.20965396997126629,False,"Congenital disorder of glycosylation, type IIP",1.0,0.8225108225108225,7,False,True,locked_llm_graph_agreement,4,universal_confidence_stop,[],not_applicable,False,,[],0.0,0.0,1.0,False,0,0,2.3523275286948557,4,False,0.95,4,True,universal_confidence_stop,True,True,True,1,1,False,28822,1490,9,True
rarebench,rarebench:LIRICAL:255,15,profile_adapter_branching_resolver,"Congenital disorder of glycosylation, type IIP","Congenital disorder of glycosylation, type IIP","[""Congenital disorder of glycosylation, type IIP"", ""Pantothenate kinase-associated neurodegeneration"", ""Glutaric acidemia type I"", ""Glycogen storage disease VI"", ""Recurrent metabolic encephalomyopathic crises-rhabdomyolysis-cardiac arrhythmia-intellectual disability syndrome"", ""TBCK-related intellectual disability syndrome"", ""Smith-Lemli-Opitz syndrome"", ""Neurodevelopmental disorder with or without anomalies of the brain, eye, or heart"", ""Immunoskeletal dysplasia with neurodevelopmental abnormalities"", ""Homocystinuria""]","Congenital disorder of glycosylation, type IIP","[""Congenital disorder of glycosylation, type IIP"", ""Glutaric acidemia type I"", ""TBCK-related intellectual disability syndrome"", ""Smith-Lemli-Opitz syndrome"", ""Neurodevelopmental disorder with or without anomalies of the brain, eye, or heart"", ""Recurrent metabolic encephalomyopathic crises-rhabdomyolysis-cardiac arrhythmia-intellectual disability syndrome"", ""Glycogen storage disease VI"", ""Pantothenate kinase-associated neurodegeneration"", ""Myotonia congenita"", ""Osteogenesis imperfecta, type XI""]","Congenital disorder of glycosylation, type IIP",1.0,0.25108259367603025,False,"Congenital disorder of glycosylation, type IIP",1.0,0.8225108225108225,7,False,True,locked_llm_graph_agreement,5,universal_confidence_stop,[],not_applicable,False,,[],0.0,0.0,1.0,False,0,0,2.3531375323757873,4,False,0.95,5,True,universal_confidence_stop,True,True,True,1,1,False,36155,1829,11,True
rarebench,rarebench:MME:19,5,profile_adapter_branching_resolver,Cerebrocostomandibular syndrome,Cerebrocostomandibular syndrome,"[""Cerebrocostomandibular syndrome"", ""Alacrimia-choreoathetosis-liver dysfunction syndrome"", ""Poretti-Boltshauser syndrome"", ""Mandibulofacial dysostosis-microcephaly syndrome"", ""Spondylometaphyseal dysplasia, Sedaghatian type"", ""Cataract-growth hormone deficiency-sensory neuropathy-sensorineural hearing loss-skeletal dysplasia syndrome"", ""Shprintzen-Goldberg syndrome"", ""Perrault syndrome"", ""Autosomal recessive primary microcephaly"", ""Cerebellar ataxia-areflexia-pes cavus-optic atrophy-sensorineural hearing loss syndrome""]",Cerebrocostomandibular syndrome,"[""Cerebrocostomandibular syndrome"", ""Alacrimia-choreoathetosis-liver dysfunction syndrome"", ""Poretti-Boltshauser syndrome"", ""Mandibulofacial dysostosis-microcephaly syndrome"", ""Spondylometaphyseal dysplasia, Sedaghatian type"", ""Cataract-growth hormone deficiency-sensory neuropathy-sensorineural hearing loss-skeletal dysplasia syndrome"", ""Shprintzen-Goldberg syndrome"", ""Beaulieu-Boycott-Innes syndrome"", ""Autosomal recessive primary microcephaly"", ""Microcephaly-capillary malformation syndrome""]",Cerebrocostomandibular syndrome,1.0,0.6501357548173443,False,Cerebrocostomandibular syndrome,1.0,0.784859437751004,9,False,True,locked_llm_graph_agreement,3,universal_confidence_stop,[],not_applicable,False,,[],0.0,0.0,1.0,False,0,0,2.2951969572675295,4,False,0.85,3,True,universal_confidence_stop,True,True,True,1,1,False,8471,1216,7,True
rarebench,rarebench:MME:19,10,profile_adapter_branching_resolver,Cerebrocostomandibular syndrome,Cerebrocostomandibular syndrome,"[""Cerebrocostomandibular syndrome"", ""Alacrimia-choreoathetosis-liver dysfunction syndrome"", ""Spondylometaphyseal dysplasia, Sedaghatian type"", ""Poretti-Boltshauser syndrome"", ""Mandibulofacial dysostosis-microcephaly syndrome"", ""Perrault syndrome"", ""Cataract-growth hormone deficiency-sensory neuropathy-sensorineural hearing loss-skeletal dysplasia syndrome"", ""Shprintzen-Goldberg syndrome"", ""Methylmalonate semialdehyde dehydrogenase deficiency"", ""Autosomal recessive primary microcephaly""]",Cerebrocostomandibular syndrome,"[""Cerebrocostomandibular syndrome"", ""Alacrimia-choreoathetosis-liver dysfunction syndrome"", ""Poretti-Boltshauser syndrome"", ""Spondylometaphyseal dysplasia, Sedaghatian type"", ""Mandibulofacial dysostosis-microcephaly syndrome"", ""Perrault syndrome"", ""Cataract-growth hormone deficiency-sensory neuropathy-sensorineural hearing loss-skeletal dysplasia syndrome"", ""Cerebellar ataxia-areflexia-pes cavus-optic atrophy-sensorineural hearing loss syndrome"", ""Beaulieu-Boycott-Innes syndrome"", ""Combined immunodeficiency-enteropathy spectrum""]",Cerebrocostomandibular syndrome,1.0,0.601482741181685,False,Cerebrocostomandibular syndrome,1.0,0.784859437751004,9,False,True,locked_llm_graph_agreement,4,universal_confidence_stop,[],not_applicable,False,,[],0.0,0.0,1.0,False,0,0,2.256274546359002,4,False,0.85,4,True,universal_confidence_stop,True,True,True,1,1,False,11270,1523,9,True
rarebench,rarebench:MME:19,15,profile_adapter_branching_resolver,Cerebrocostomandibular syndrome,Cerebrocostomandibular syndrome,"[""Cerebrocostomandibular syndrome"", ""Alacrimia-choreoathetosis-liver dysfunction syndrome"", ""Poretti-Boltshauser syndrome"", ""Mandibulofacial dysostosis-microcephaly syndrome"", ""Spondylometaphyseal dysplasia, Sedaghatian type"", ""Perrault syndrome"", ""Cataract-growth hormone deficiency-sensory neuropathy-sensorineural hearing loss-skeletal dysplasia syndrome"", ""Shprintzen-Goldberg syndrome"", ""Cerebellar ataxia-areflexia-pes cavus-optic atrophy-sensorineural hearing loss syndrome"", ""Autosomal recessive primary microcephaly""]",Cerebrocostomandibular syndrome,"[""Cerebrocostomandibular syndrome"", ""Alacrimia-choreoathetosis-liver dysfunction syndrome"", ""Mandibulofacial dysostosis-microcephaly syndrome"", ""Poretti-Boltshauser syndrome"", ""Spondylometaphyseal dysplasia, Sedaghatian type"", ""Perrault syndrome"", ""Cataract-growth hormone deficiency-sensory neuropathy-sensorineural hearing loss-skeletal dysplasia syndrome"", ""Shprintzen-Goldberg syndrome"", ""Beaulieu-Boycott-Innes syndrome"", ""Autosomal recessive primary microcephaly""]",Cerebrocostomandibular syndrome,1.0,0.631390760001592,False,Cerebrocostomandibular syndrome,1.0,0.784859437751004,9,False,True,locked_llm_graph_agreement,5,universal_confidence_stop,[],not_applicable,False,,[],0.0,0.0,1.0,False,0,0,2.280200961414928,4,False,0.85,5,True,universal_confidence_stop,True,True,True,1,1,False,14145,1813,11,True
rarebench,rarebench:RAMEDIS:226,5,profile_adapter_branching_resolver,Phenylketonuria,Phenylketonuria,"[""Phenylketonuria"", ""Tyrosinemia type III"", ""Tyrosinemia type 1"", ""Methylmalonic acidemia"", ""Homocystinuria"", ""Dopa-responsive dystonia"", ""Glutaric acidemia type I"", ""Hyperphenylalaninemia"", ""Maturity-onset diabetes of the young"", ""Maple syrup urine disease""]",Tyrosinemia type 1,"[""Tyrosinemia type 1"", ""Tyrosinemia type III"", ""Hyperphenylalaninemia"", ""Phenylketonuria"", ""Methylmalonic acidemia"", ""Dopa-responsive dystonia"", ""Homocystinuria"", ""Glutaric acidemia type I"", ""PMM2-CDG"", ""Maturity-onset diabetes of the young""]",Phenylketonuria,1.0,0.5680107416585336,True,Phenylketonuria,1.0,0.6948051948051949,3,False,True,locked_llm_graph_agreement,4,universal_confidence_stop,[],not_applicable,False,,[],0.0,0.0,1.0,False,0,0,2.4715259740259734,4,False,0.85,4,True,universal_confidence_stop,True,True,True,1,1,False,14557,1177,9,True
rarebench,rarebench:RAMEDIS:226,10,profile_adapter_branching_resolver,Phenylketonuria,Phenylketonuria,"[""Phenylketonuria"", ""Tyrosinemia type III"", ""Tyrosinemia type 1"", ""Methylmalonic acidemia"", ""Homocystinuria"", ""Dopa-responsive dystonia"", ""PMM2-CDG"", ""Hyperphenylalaninemia"", ""Maturity-onset diabetes of the young"", ""Maple syrup urine disease""]",Tyrosinemia type 1,"[""Tyrosinemia type 1"", ""Phenylketonuria"", ""Tyrosinemia type III"", ""Dopa-responsive dystonia"", ""Methylmalonic acidemia"", ""Hyperphenylalaninemia"", ""Homocystinuria"", ""PMM2-CDG"", ""Glutaric acidemia type I"", ""Maturity-onset diabetes of the young""]",Phenylketonuria,1.0,0.5637344866947153,True,Phenylketonuria,1.0,0.6948051948051949,3,False,True,locked_llm_graph_agreement,4,universal_confidence_stop,[],not_applicable,False,,[],0.0,0.0,1.0,False,0,0,2.4715259740259734,4,False,0.85,4,True,universal_confidence_stop,True,True,True,1,1,False,14665,1208,9,True
rarebench,rarebench:RAMEDIS:226,15,profile_adapter_branching_resolver,Phenylketonuria,Phenylketonuria,"[""Phenylketonuria"", ""Tyrosinemia type III"", ""Tyrosinemia type 1"", ""Methylmalonic acidemia"", ""Homocystinuria"", ""Hyperphenylalaninemia"", ""Dopa-responsive dystonia"", ""Maturity-onset diabetes of the young"", ""Maple syrup urine disease"", ""Glutaric acidemia type I""]",Tyrosinemia type 1,"[""Tyrosinemia type 1"", ""Phenylketonuria"", ""Tyrosinemia type III"", ""Hyperphenylalaninemia"", ""Methylmalonic acidemia"", ""Dopa-responsive dystonia"", ""Homocystinuria"", ""Maturity-onset diabetes of the young"", ""Glutaric acidemia type I"", ""PMM2-CDG""]",Phenylketonuria,1.0,0.5562434561115412,True,Phenylketonuria,1.0,0.6948051948051949,3,False,True,locked_llm_graph_agreement,5,universal_confidence_stop,[],not_applicable,False,,[],0.0,0.0,1.0,False,0,0,2.4715259740259734,4,False,0.85,5,True,universal_confidence_stop,True,True,True,1,1,False,18353,1466,11,True
rarebench,rarebench:RAMEDIS:522,5,profile_adapter_branching_resolver,Phenylketonuria,Phenylketonuria,"[""Phenylketonuria"", ""Tyrosinemia type III"", ""Tyrosinemia type 1"", ""Medium chain acyl-CoA dehydrogenase deficiency"", ""Hyperphenylalaninemia"", ""3-Methylcrotonyl-CoA carboxylase deficiency"", ""Biotinidase deficiency"", ""Maple syrup urine disease"", ""Citrullinemia type II"", ""Citrullinemia type I""]",Phenylketonuria,"[""Phenylketonuria"", ""Tyrosinemia type 1"", ""Tyrosinemia type III"", ""Hyperphenylalaninemia"", ""Biotinidase deficiency"", ""3-Methylcrotonyl-CoA carboxylase deficiency"", ""Medium chain acyl-CoA dehydrogenase deficiency"", ""Citrullinemia type II"", ""Methylmalonic acidemia"", ""Maple syrup urine disease""]",Phenylketonuria,1.0,0.386875124891053,False,Phenylketonuria,1.0,0.13548387096774195,8,False,True,locked_llm_graph_agreement,3,universal_confidence_stop,[],not_applicable,False,,[],0.0,0.0,1.0,False,0,0,2.0549731182795696,4,False,0.95,3,True,universal_confidence_stop,True,True,True,1,1,False,12648,978,7,True
rarebench,rarebench:RAMEDIS:522,10,profile_adapter_branching_resolver,Phenylketonuria,Phenylketonuria,"[""Phenylketonuria"", ""Tyrosinemia type III"", ""Tyrosinemia type 1"", ""Medium chain acyl-CoA dehydrogenase deficiency"", ""Hyperphenylalaninemia"", ""3-Methylcrotonyl-CoA carboxylase deficiency"", ""Biotinidase deficiency"", ""Maple syrup urine disease"", ""Citrullinemia type II"", ""Citrullinemia type I""]",Phenylketonuria,"[""Phenylketonuria"", ""Tyrosinemia type III"", ""Tyrosinemia type 1"", ""Hyperphenylalaninemia"", ""3-Methylcrotonyl-CoA carboxylase deficiency"", ""Biotinidase deficiency"", ""Medium chain acyl-CoA dehydrogenase deficiency"", ""Citrullinemia type II"", ""Glutaric acidemia type I"", ""Methylmalonic acidemia""]",Phenylketonuria,1.0,0.3898913803904155,False,Phenylketonuria,1.0,0.13548387096774195,8,False,True,locked_llm_graph_agreement,4,universal_confidence_stop,[],not_applicable,False,,[],0.0,0.0,1.0,False,0,0,2.0549731182795696,4,False,0.95,4,True,universal_confidence_stop,True,True,True,1,1,False,15926,1228,9,True
rarebench,rarebench:RAMEDIS:522,15,profile_adapter_branching_resolver,Phenylketonuria,Phenylketonuria,"[""Phenylketonuria"", ""Tyrosinemia type III"", ""Tyrosinemia type 1"", ""Medium chain acyl-CoA dehydrogenase deficiency"", ""Hyperphenylalaninemia"", ""3-Methylcrotonyl-CoA carboxylase deficiency"", ""Biotinidase deficiency"", ""Maple syrup urine disease"", ""Citrullinemia type II"", ""Citrullinemia type I""]",Phenylketonuria,"[""Phenylketonuria"", ""Tyrosinemia type III"", ""Tyrosinemia type 1"", ""Hyperphenylalaninemia"", ""Biotinidase deficiency"", ""3-Methylcrotonyl-CoA carboxylase deficiency"", ""Medium chain acyl-CoA dehydrogenase deficiency"", ""Citrullinemia type II"", ""3-Methylglutaconic aciduria type I"", ""Glutaric acidemia type I""]",Phenylketonuria,1.0,0.3929992789768185,False,Phenylketonuria,1.0,0.13548387096774195,8,False,True,locked_llm_graph_agreement,5,universal_confidence_stop,[],not_applicable,False,,[],0.0,0.0,1.0,False,0,0,2.0549731182795696,4,False,0.95,5,True,universal_confidence_stop,True,True,True,1,1,False,20758,1524,11,True
rarebench,rarebench:HMS:37,5,profile_adapter_branching_resolver,Granulomatosis with polyangiitis,Granulomatosis with polyangiitis,"[""Granulomatosis with polyangiitis"", ""Familial Mediterranean fever"", ""Takayasu arteritis"", ""Polymyositis"", ""Sarcoidosis"", ""Antisynthetase syndrome"", ""Cryopyrin-associated periodic syndrome"", ""Cryoglobulinemic vasculitis"", ""Spondyloarthropathy"", ""Immunoglobulin A vasculitis""]",Granulomatosis with polyangiitis,"[""Granulomatosis with polyangiitis"", ""Familial Mediterranean fever"", ""Takayasu arteritis"", ""Polymyositis"", ""Sarcoidosis"", ""Cryopyrin-associated periodic syndrome"", ""Immunoglobulin A vasculitis"", ""Cryoglobulinemic vasculitis"", ""Antisynthetase syndrome"", ""Spondyloarthropathy""]",Granulomatosis with polyangiitis,1.0,0.15374846275949805,False,Granulomatosis with polyangiitis,1.0,0.11670336583831398,10,False,True,locked_llm_graph_agreement,3,universal_confidence_stop,[],not_applicable,False,,[],0.0,0.0,1.0,False,0,0,1.2550866640939708,4,False,0.85,3,True,universal_confidence_stop,True,True,True,1,1,False,10167,957,7,True
rarebench,rarebench:HMS:37,10,profile_adapter_branching_resolver,Granulomatosis with polyangiitis,Granulomatosis with polyangiitis,"[""Granulomatosis with polyangiitis"", ""Sarcoidosis"", ""Familial Mediterranean fever"", ""Takayasu arteritis"", ""Polymyositis"", ""Antisynthetase syndrome"", ""Cryopyrin-associated periodic syndrome"", ""Cryoglobulinemic vasculitis"", ""Spondyloarthropathy"", ""Immunoglobulin A vasculitis""]",Granulomatosis with polyangiitis,"[""Granulomatosis with polyangiitis"", ""Familial Mediterranean fever"", ""Takayasu arteritis"", ""Polymyositis"", ""Sarcoidosis"", ""Cryopyrin-associated periodic syndrome"", ""Immunoglobulin A vasculitis"", ""Hypophosphatasia"", ""Beh\u00e7et disease"", ""Eosinophilic granulomatosis with polyangiitis""]",Granulomatosis with polyangiitis,1.0,0.11308452805740843,False,Granulomatosis with polyangiitis,1.0,0.11670336583831398,10,False,True,locked_llm_graph_agreement,4,universal_confidence_stop,[],not_applicable,False,,[],0.0,0.0,1.0,False,0,0,1.503967527034823,4,False,0.85,4,True,universal_confidence_stop,True,True,True,1,1,False,13381,1225,9,True
rarebench,rarebench:HMS:37,15,profile_adapter_branching_resolver,Granulomatosis with polyangiitis,Granulomatosis with polyangiitis,"[""Granulomatosis with polyangiitis"", ""Familial Mediterranean fever"", ""Sarcoidosis"", ""Takayasu arteritis"", ""Polymyositis"", ""Antisynthetase syndrome"", ""Cryopyrin-associated periodic syndrome"", ""Cryoglobulinemic vasculitis"", ""Spondyloarthropathy"", ""Immunoglobulin A vasculitis""]",Granulomatosis with polyangiitis,"[""Granulomatosis with polyangiitis"", ""Familial Mediterranean fever"", ""Takayasu arteritis"", ""Polymyositis"", ""Sarcoidosis"", ""Cryopyrin-associated periodic syndrome"", ""Immunoglobulin A vasculitis"", ""Cryoglobulinemic vasculitis"", ""Antisynthetase syndrome"", ""Spondyloarthropathy""]",Granulomatosis with polyangiitis,1.0,0.12732755971476994,False,Granulomatosis with polyangiitis,1.0,0.11670336583831398,10,False,True,locked_llm_graph_agreement,5,universal_confidence_stop,[],not_applicable,False,,[],0.0,0.0,1.0,False,0,0,1.4499039436531147,4,False,0.85,5,True,universal_confidence_stop,True,True,True,1,1,False,17344,1502,11,True
rarebench,rarebench:LIRICAL:114,5,profile_adapter_branching_resolver,Chitayat syndrome,Skraban-Deardorff syndrome,"[""Skraban-Deardorff syndrome"", ""Smith-Magenis syndrome"", ""Retinitis pigmentosa"", ""Schinzel-Giedion syndrome"", ""Apert syndrome"", ""CTCF-related neurodevelopmental disorder"", ""Mucolipidosis type II"", ""Cornelia de Lange syndrome"", ""Craniofrontonasal dysplasia"", ""Stickler syndrome""]",Skraban-Deardorff syndrome,"[""Skraban-Deardorff syndrome"", ""Smith-Magenis syndrome"", ""Schinzel-Giedion syndrome"", ""CTCF-related neurodevelopmental disorder"", ""Craniofrontonasal dysplasia"", ""Mucolipidosis type II"", ""Apert syndrome"", ""Acromicric dysplasia"", ""Kabuki syndrome"", ""Noonan syndrome""]",TBCK-related intellectual disability syndrome,1.0,0.03880103779952404,False,Skraban-Deardorff syndrome,1.0,0.09580851502411336,16,False,True,locked_llm_graph_agreement,4,universal_confidence_stop,[],not_applicable,False,,[],0.0,0.0,1.0,False,0,0,0.696496181266586,3,False,0.85,4,True,universal_confidence_stop,False,False,False,11,11,False,28339,1272,9,True
rarebench,rarebench:LIRICAL:114,10,profile_adapter_branching_resolver,Chitayat syndrome,Skraban-Deardorff syndrome,"[""Skraban-Deardorff syndrome"", ""Smith-Magenis syndrome"", ""Retinitis pigmentosa"", ""Schinzel-Giedion syndrome"", ""Apert syndrome"", ""CTCF-related neurodevelopmental disorder"", ""Mucolipidosis type II"", ""Cornelia de Lange syndrome"", ""Craniofrontonasal dysplasia"", ""Stickler syndrome""]",Skraban-Deardorff syndrome,"[""Skraban-Deardorff syndrome"", ""Smith-Magenis syndrome"", ""Schinzel-Giedion syndrome"", ""CTCF-related neurodevelopmental disorder"", ""Craniofrontonasal dysplasia"", ""Apert syndrome"", ""Mucolipidosis type II"", ""Retinitis pigmentosa"", ""Kabuki syndrome"", ""Noonan syndrome""]",TBCK-related intellectual disability syndrome,1.0,0.051792117576550334,False,Skraban-Deardorff syndrome,1.0,0.09580851502411336,16,False,True,locked_llm_graph_agreement,4,universal_confidence_stop,[],not_applicable,False,,[],0.0,0.0,1.0,False,0,0,0.672719617703325,3,False,0.85,4,True,universal_confidence_stop,False,False,False,11,11,False,28293,1271,9,True
rarebench,rarebench:LIRICAL:114,15,profile_adapter_branching_resolver,Chitayat syndrome,Skraban-Deardorff syndrome,"[""Skraban-Deardorff syndrome"", ""Smith-Magenis syndrome"", ""Retinitis pigmentosa"", ""Schinzel-Giedion syndrome"", ""CTCF-related neurodevelopmental disorder"", ""Apert syndrome"", ""Mucolipidosis type II"", ""Cornelia de Lange syndrome"", ""Craniofrontonasal dysplasia"", ""Neurodevelopmental disorder with or without anomalies of the brain, eye, or heart""]",Skraban-Deardorff syndrome,"[""Skraban-Deardorff syndrome"", ""Smith-Magenis syndrome"", ""Schinzel-Giedion syndrome"", ""CTCF-related neurodevelopmental disorder"", ""Craniofrontonasal dysplasia"", ""Apert syndrome"", ""Mucolipidosis type II"", ""Neurodevelopmental disorder with or without anomalies of the brain, eye, or heart"", ""TBCK-related intellectual disability syndrome"", ""Smith-Lemli-Opitz syndrome""]","Neurodevelopmental disorder with or without anomalies of the brain, eye, or heart",1.0,0.02621808632527034,False,Skraban-Deardorff syndrome,1.0,0.09580851502411336,16,False,True,locked_llm_graph_agreement,5,universal_confidence_stop,[],not_applicable,False,,[],0.0,0.0,1.0,False,0,0,0.6931497412482059,3,False,0.85,5,True,universal_confidence_stop,False,False,False,11,11,False,35266,1566,11,True
rarebench,rarebench:RAMEDIS:406,5,profile_adapter_branching_resolver,Biotinidase deficiency,Biotinidase deficiency,"[""Biotinidase deficiency"", ""Phenylketonuria"", ""Medium chain acyl-CoA dehydrogenase deficiency"", ""Very long-chain acyl-CoA dehydrogenase deficiency"", ""Glutaric acidemia type I"", ""Galactosemia"", ""Citrullinemia type I"", ""Citrullinemia type II"", ""Methylmalonic acidemia"", ""Tyrosinemia type III""]",Biotinidase deficiency,"[""Biotinidase deficiency"", ""Phenylketonuria"", ""Medium chain acyl-CoA dehydrogenase deficiency"", ""Very long-chain acyl-CoA dehydrogenase deficiency"", ""Citrullinemia type II"", ""Tyrosinemia type III"", ""Glutaric acidemia type I"", ""Galactosemia"", ""Methylmalonic acidemia"", ""Citrullinemia type I""]",Phenylketonuria,1.0,0.29721092180142994,True,Biotinidase deficiency,1.0,0.23863636363636365,3,True,True,accepted,3,universal_confidence_stop,[],not_applicable,False,,[],0.0,0.0,1.0,False,0,0,0.8217009686630439,4,False,0.85,3,True,universal_confidence_stop,True,True,True,1,3,True,11624,880,7,True
rarebench,rarebench:RAMEDIS:406,10,profile_adapter_branching_resolver,Biotinidase deficiency,Biotinidase deficiency,"[""Biotinidase deficiency"", ""Phenylketonuria"", ""Medium chain acyl-CoA dehydrogenase deficiency"", ""Very long-chain acyl-CoA dehydrogenase deficiency"", ""Glutaric acidemia type I"", ""Galactosemia"", ""Citrullinemia type I"", ""Citrullinemia type II"", ""Methylmalonic acidemia"", ""Tyrosinemia type III""]",Biotinidase deficiency,"[""Biotinidase deficiency"", ""Phenylketonuria"", ""Medium chain acyl-CoA dehydrogenase deficiency"", ""Very long-chain acyl-CoA dehydrogenase deficiency"", ""Citrullinemia type II"", ""Tyrosinemia type III"", ""Glutaric acidemia type I"", ""Galactosemia"", ""Methylmalonic acidemia"", ""Maple syrup urine disease""]",Phenylketonuria,1.0,0.3122280188655384,True,Biotinidase deficiency,1.0,0.23863636363636365,3,True,True,accepted,4,universal_confidence_stop,[],not_applicable,False,,[],0.0,0.0,1.0,False,0,0,0.794349445362946,4,False,0.85,4,True,universal_confidence_stop,True,True,True,1,3,True,15339,1112,9,True
rarebench,rarebench:RAMEDIS:406,15,profile_adapter_branching_resolver,Biotinidase deficiency,Biotinidase deficiency,"[""Biotinidase deficiency"", ""Phenylketonuria"", ""Medium chain acyl-CoA dehydrogenase deficiency"", ""Glutaric acidemia type I"", ""Very long-chain acyl-CoA dehydrogenase deficiency"", ""Citrullinemia type I"", ""Galactosemia"", ""Methylmalonic acidemia"", ""Citrullinemia type II"", ""Tyrosinemia type III""]",Biotinidase deficiency,"[""Biotinidase deficiency"", ""Phenylketonuria"", ""Medium chain acyl-CoA dehydrogenase deficiency"", ""Very long-chain acyl-CoA dehydrogenase deficiency"", ""Citrullinemia type II"", ""Tyrosinemia type III"", ""Glutaric acidemia type I"", ""Galactosemia"", ""Citrullinemia type I"", ""Methylmalonic acidemia""]",Phenylketonuria,1.0,0.32489164202275933,True,Biotinidase deficiency,1.0,0.23863636363636365,3,True,True,accepted,5,universal_confidence_stop,[],not_applicable,False,,[],0.0,0.0,1.0,False,0,0,0.7952005817799024,4,False,0.85,5,True,universal_confidence_stop,True,True,True,1,3,True,19223,1374,11,True
rarebench,rarebench:RAMEDIS:349,5,profile_adapter_branching_resolver,Maturity-onset diabetes of the young,Maturity-onset diabetes of the young,"[""Maturity-onset diabetes of the young"", ""Phenylketonuria"", ""Methylmalonic acidemia"", ""Homocystinuria"", ""Maple syrup urine disease"", ""Glutaric acidemia type I"", ""L-2-hydroxyglutaric aciduria"", ""Carbamoyl-phosphate synthetase 1 deficiency"", ""Medium chain acyl-CoA dehydrogenase deficiency"", ""Ornithine transcarbamylase deficiency""]",Maturity-onset diabetes of the young,"[""Maturity-onset diabetes of the young"", ""Phenylketonuria"", ""Methylmalonic acidemia"", ""Homocystinuria"", ""L-2-hydroxyglutaric aciduria"", ""Carbamoyl-phosphate synthetase 1 deficiency"", ""Maple syrup urine disease"", ""3-Methylcrotonyl-CoA carboxylase deficiency"", ""Ornithine transcarbamylase deficiency"", ""Glutaric acidemia type I""]",Phenylketonuria,1.0,0.2919194891121776,True,Maturity-onset diabetes of the young,1.0,0.56,4,True,True,accepted,3,universal_confidence_stop,[],not_applicable,False,,[],0.0,0.0,1.0,False,0,0,0.7164999999999999,3,False,0.85,3,True,universal_confidence_stop,True,True,True,1,1,False,11258,981,7,True
rarebench,rarebench:RAMEDIS:349,10,profile_adapter_branching_resolver,Maturity-onset diabetes of the young,Maturity-onset diabetes of the young,"[""Maturity-onset diabetes of the young"", ""Phenylketonuria"", ""Methylmalonic acidemia"", ""Maple syrup urine disease"", ""Glutaric acidemia type I"", ""Propionic acidemia"", ""Homocystinuria"", ""L-2-hydroxyglutaric aciduria"", ""Medium chain acyl-CoA dehydrogenase deficiency"", ""Carbamoyl-phosphate synthetase 1 deficiency""]",Maturity-onset diabetes of the young,"[""Maturity-onset diabetes of the young"", ""Phenylketonuria"", ""Methylmalonic acidemia"", ""Homocystinuria"", ""L-2-hydroxyglutaric aciduria"", ""Carbamoyl-phosphate synthetase 1 deficiency"", ""Maple syrup urine disease"", ""3-Methylcrotonyl-CoA carboxylase deficiency"", ""Glutaric acidemia type I"", ""Ornithine transcarbamylase deficiency""]",Phenylketonuria,1.0,0.2137379731445379,True,Maturity-onset diabetes of the young,1.0,0.56,4,True,True,accepted,7,universal_confidence_stop,[],not_applicable,False,,[],0.0,0.0,1.0,False,0,0,0.7164999999999999,3,False,0.85,7,True,universal_confidence_stop,True,True,True,1,1,False,27176,2063,15,True
rarebench,rarebench:RAMEDIS:349,15,profile_adapter_branching_resolver,Maturity-onset diabetes of the young,Maturity-onset diabetes of the young,"[""Maturity-onset diabetes of the young"", ""Phenylketonuria"", ""Methylmalonic acidemia"", ""Maple syrup urine disease"", ""Glutaric acidemia type I"", ""Homocystinuria"", ""L-2-hydroxyglutaric aciduria"", ""Carbamoyl-phosphate synthetase 1 deficiency"", ""Medium chain acyl-CoA dehydrogenase deficiency"", ""Ornithine transcarbamylase deficiency""]",Maturity-onset diabetes of the young,"[""Maturity-onset diabetes of the young"", ""Phenylketonuria"", ""Methylmalonic acidemia"", ""Homocystinuria"", ""L-2-hydroxyglutaric aciduria"", ""Carbamoyl-phosphate synthetase 1 deficiency"", ""Maple syrup urine disease"", ""3-Methylcrotonyl-CoA carboxylase deficiency"", ""Ornithine transcarbamylase deficiency"", ""Glutaric acidemia type I""]",Phenylketonuria,1.0,0.2306378233239068,True,Maturity-onset diabetes of the young,1.0,0.56,4,True,True,accepted,5,universal_confidence_stop,[],not_applicable,False,,[],0.0,0.0,1.0,False,0,0,0.7164999999999999,3,False,0.85,5,True,universal_confidence_stop,True,True,True,1,1,False,19109,1548,11,True
rarebench,rarebench:LIRICAL:93,5,profile_adapter_branching_resolver,Aarskog-Scott syndrome,Aarskog-Scott syndrome,"[""Aarskog-Scott syndrome"", ""Apert syndrome"", ""Noonan syndrome"", ""Cardiofaciocutaneous syndrome"", ""Intellectual developmental disorder with dysmorphic facies and ptosis"", ""Microcephaly 5, primary, autosomal recessive"", ""Cockayne syndrome"", ""Acromicric dysplasia"", ""Stankiewicz-Isidor syndrome"", ""Cleidocranial dysplasia""]",Aarskog-Scott syndrome,"[""Aarskog-Scott syndrome"", ""Noonan syndrome"", ""Intellectual developmental disorder with dysmorphic facies and ptosis"", ""Cardiofaciocutaneous syndrome"", ""Acromicric dysplasia"", ""Cockayne syndrome"", ""Cleidocranial dysplasia"", ""Apert syndrome"", ""Microcephaly 5, primary, autosomal recessive"", ""Alpha-thalassemia-X-linked intellectual disability syndrome""]",Smith-Lemli-Opitz syndrome,1.0,0.11199055636186261,False,Apert syndrome,1.0,0.036616555423866326,10,True,True,blocked_weak_graph_override,3,universal_confidence_stop,[],not_applicable,False,,[],0.0,0.0,1.0,True,1,2,0.552431729235465,3,False,0.85,5,False,budget_exhausted_forced_final,True,True,True,1,11,True,29241,1344,10,True
rarebench,rarebench:LIRICAL:93,10,profile_adapter_branching_resolver,Aarskog-Scott syndrome,Apert syndrome,"[""Apert syndrome"", ""Noonan syndrome"", ""Intellectual developmental disorder with dysmorphic facies and ptosis"", ""Microcephaly 5, primary, autosomal recessive"", ""Cardiofaciocutaneous syndrome"", ""Stankiewicz-Isidor syndrome"", ""Acromicric dysplasia"", ""Cockayne syndrome"", ""Cleidocranial dysplasia"", ""Smith-Lemli-Opitz syndrome""]",Aarskog-Scott syndrome,"[""Aarskog-Scott syndrome"", ""Noonan syndrome"", ""Cardiofaciocutaneous syndrome"", ""Intellectual developmental disorder with dysmorphic facies and ptosis"", ""Acromicric dysplasia"", ""Cockayne syndrome"", ""Cleidocranial dysplasia"", ""Microcephaly 5, primary, autosomal recessive"", ""Kabuki syndrome"", ""Smith-Lemli-Opitz syndrome""]",Smith-Lemli-Opitz syndrome,1.0,0.035015157041629386,False,Apert syndrome,1.0,0.036616555423866326,10,True,True,blocked_weak_graph_override,8,universal_confidence_stop,[],not_applicable,False,,[],0.0,0.0,1.0,False,0,0,0.9363950021487382,3,False,0.85,8,True,universal_confidence_stop,False,False,False,11,11,False,53672,2244,17,True
rarebench,rarebench:LIRICAL:93,15,profile_adapter_branching_resolver,Aarskog-Scott syndrome,Apert syndrome,"[""Apert syndrome"", ""Cockayne syndrome"", ""Noonan syndrome"", ""Intellectual developmental disorder with dysmorphic facies and ptosis"", ""Microcephaly 5, primary, autosomal recessive"", ""Cleidocranial dysplasia"", ""Cardiofaciocutaneous syndrome"", ""Stankiewicz-Isidor syndrome"", ""Acromicric dysplasia"", ""Smith-Lemli-Opitz syndrome""]",Aarskog-Scott syndrome,"[""Aarskog-Scott syndrome"", ""Noonan syndrome"", ""Cardiofaciocutaneous syndrome"", ""Intellectual developmental disorder with dysmorphic facies and ptosis"", ""Acromicric dysplasia"", ""Cockayne syndrome"", ""Cleidocranial dysplasia"", ""Microcephaly 5, primary, autosomal recessive"", ""Smith-Lemli-Opitz syndrome"", ""Kabuki syndrome""]","Neurodevelopmental disorder with or without anomalies of the brain, eye, or heart",1.0,0.10859351187767341,False,Apert syndrome,1.0,0.036616555423866326,10,True,True,blocked_weak_graph_override,14,continue,[],not_applicable,False,,[],0.0,0.0,1.0,False,0,0,1.2898503183747532,3,False,0.85,15,False,budget_exhausted_forced_final,False,False,False,11,11,False,107973,4132,31,True
rarebench,rarebench:RAMEDIS:586,5,profile_adapter_branching_resolver,Methylmalonic acidemia,Methylmalonic acidemia,"[""Methylmalonic acidemia"", ""Glutaric acidemia type I"", ""Biotinidase deficiency"", ""Phenylketonuria"", ""Carbamoyl-phosphate synthetase 1 deficiency"", ""Maple syrup urine disease"", ""Ornithine transcarbamylase deficiency"", ""Glycerol kinase deficiency"", ""Canavan disease"", ""Galactosemia""]",Methylmalonic acidemia,"[""Methylmalonic acidemia"", ""Glutaric acidemia type I"", ""Biotinidase deficiency"", ""Carbamoyl-phosphate synthetase 1 deficiency"", ""Glycerol kinase deficiency"", ""Canavan disease"", ""Phenylketonuria"", ""Galactosemia"", ""Argininosuccinic aciduria"", ""Propionic acidemia""]",Phenylketonuria,1.0,0.07736079466729451,False,Methylmalonic acidemia,1.0,0.34523809523809523,4,False,True,locked_llm_graph_agreement,3,universal_confidence_stop,[],not_applicable,False,,[],0.0,0.0,1.0,False,0,0,1.3816082197756654,4,False,0.95,3,True,universal_confidence_stop,True,True,True,1,2,True,10358,893,7,True
rarebench,rarebench:RAMEDIS:586,10,profile_adapter_branching_resolver,Methylmalonic acidemia,Methylmalonic acidemia,"[""Methylmalonic acidemia"", ""Glutaric acidemia type I"", ""Phenylketonuria"", ""Biotinidase deficiency"", ""Carbamoyl-phosphate synthetase 1 deficiency"", ""Ornithine transcarbamylase deficiency"", ""Maple syrup urine disease"", ""Glycerol kinase deficiency"", ""Galactosemia"", ""Canavan disease""]",Methylmalonic acidemia,"[""Methylmalonic acidemia"", ""Glutaric acidemia type I"", ""Biotinidase deficiency"", ""Carbamoyl-phosphate synthetase 1 deficiency"", ""Glycerol kinase deficiency"", ""Phenylketonuria"", ""Galactosemia"", ""Canavan disease"", ""Propionic acidemia"", ""Ornithine transcarbamylase deficiency""]",Phenylketonuria,1.0,0.10767089874832769,False,Methylmalonic acidemia,1.0,0.34523809523809523,4,False,True,locked_llm_graph_agreement,4,universal_confidence_stop,[],not_applicable,False,,[],0.0,0.0,1.0,False,0,0,1.3718142874137622,4,False,0.95,4,True,universal_confidence_stop,True,True,True,1,2,True,13751,1156,9,True
rarebench,rarebench:RAMEDIS:586,15,profile_adapter_branching_resolver,Methylmalonic acidemia,Methylmalonic acidemia,"[""Methylmalonic acidemia"", ""Glutaric acidemia type I"", ""Phenylketonuria"", ""Biotinidase deficiency"", ""Carbamoyl-phosphate synthetase 1 deficiency"", ""Maple syrup urine disease"", ""Ornithine transcarbamylase deficiency"", ""Glycerol kinase deficiency"", ""Canavan disease"", ""Galactosemia""]",Methylmalonic acidemia,"[""Methylmalonic acidemia"", ""Glutaric acidemia type I"", ""Biotinidase deficiency"", ""Carbamoyl-phosphate synthetase 1 deficiency"", ""Glycerol kinase deficiency"", ""Canavan disease"", ""Phenylketonuria"", ""Galactosemia"", ""Propionic acidemia"", ""Maple syrup urine disease""]",Phenylketonuria,1.0,0.07842216933832957,False,Methylmalonic acidemia,1.0,0.34523809523809523,4,False,True,locked_llm_graph_agreement,5,universal_confidence_stop,[],not_applicable,False,,[],0.0,0.0,1.0,False,0,0,1.3803364430718044,4,False,0.95,5,True,universal_confidence_stop,True,True,True,1,2,True,17644,1399,11,True
rarebench,rarebench:RAMEDIS:12,5,profile_adapter_branching_resolver,Medium chain acyl-CoA dehydrogenase deficiency,Beta-ketothiolase deficiency,"[""Beta-ketothiolase deficiency"", ""Medium chain acyl-CoA dehydrogenase deficiency"", ""Glutaric acidemia type I"", ""3-Hydroxy-3-methylglutaryl-CoA lyase deficiency"", ""Phenylketonuria"", ""PMM2-CDG"", ""Isovaleric acidemia"", ""Alkaptonuria"", ""3-Methylcrotonyl-CoA carboxylase deficiency"", ""Hawkinsinuria""]",Beta-ketothiolase deficiency,"[""Beta-ketothiolase deficiency"", ""Medium chain acyl-CoA dehydrogenase deficiency"", ""3-Hydroxy-3-methylglutaryl-CoA lyase deficiency"", ""Isovaleric acidemia"", ""3-Methylcrotonyl-CoA carboxylase deficiency"", ""Glutaric acidemia type I"", ""PMM2-CDG"", ""Hawkinsinuria"", ""Alkaptonuria"", ""Carnitine-acylcarnitine translocase deficiency""]",Phenylketonuria,1.0,0.10221708233814963,False,Medium chain acyl-CoA dehydrogenase deficiency,1.0,0.08539944903581276,6,True,True,blocked_weak_graph_override,4,continue,[],not_applicable,False,,[],0.0,0.0,1.0,False,0,0,0.00658698299061955,3,False,0.85,5,False,budget_exhausted_forced_final,False,True,True,2,11,True,19265,1639,11,True
rarebench,rarebench:RAMEDIS:12,10,profile_adapter_branching_resolver,Medium chain acyl-CoA dehydrogenase deficiency,Medium chain acyl-CoA dehydrogenase deficiency,"[""Medium chain acyl-CoA dehydrogenase deficiency"", ""Glutaric acidemia type I"", ""Beta-ketothiolase deficiency"", ""Phenylketonuria"", ""PMM2-CDG"", ""3-Hydroxy-3-methylglutaryl-CoA lyase deficiency"", ""Isovaleric acidemia"", ""Alkaptonuria"", ""3-Methylcrotonyl-CoA carboxylase deficiency"", ""Hawkinsinuria""]",Medium chain acyl-CoA dehydrogenase deficiency,"[""Medium chain acyl-CoA dehydrogenase deficiency"", ""Beta-ketothiolase deficiency"", ""3-Hydroxy-3-methylglutaryl-CoA lyase deficiency"", ""Isovaleric acidemia"", ""3-Methylcrotonyl-CoA carboxylase deficiency"", ""Glutaric acidemia type I"", ""PMM2-CDG"", ""Alkaptonuria"", ""Hawkinsinuria"", ""Ornithine transcarbamylase deficiency""]",Phenylketonuria,1.0,0.15091990911490227,False,Medium chain acyl-CoA dehydrogenase deficiency,1.0,0.08539944903581276,6,False,True,locked_llm_graph_agreement,5,universal_confidence_stop,[],not_applicable,False,,[],0.0,0.0,1.0,False,0,0,1.5338471631247443,4,False,0.85,5,True,universal_confidence_stop,True,True,True,1,11,True,20876,1620,11,True
rarebench,rarebench:RAMEDIS:12,15,profile_adapter_branching_resolver,Medium chain acyl-CoA dehydrogenase deficiency,Medium chain acyl-CoA dehydrogenase deficiency,"[""Medium chain acyl-CoA dehydrogenase deficiency"", ""Glutaric acidemia type I"", ""Beta-ketothiolase deficiency"", ""Phenylketonuria"", ""PMM2-CDG"", ""3-Hydroxy-3-methylglutaryl-CoA lyase deficiency"", ""Isovaleric acidemia"", ""Alkaptonuria"", ""Hawkinsinuria"", ""3-Methylcrotonyl-CoA carboxylase deficiency""]",Medium chain acyl-CoA dehydrogenase deficiency,"[""Medium chain acyl-CoA dehydrogenase deficiency"", ""Beta-ketothiolase deficiency"", ""3-Methylcrotonyl-CoA carboxylase deficiency"", ""Glutaric acidemia type I"", ""Hawkinsinuria"", ""Isovaleric acidemia"", ""3-Hydroxy-3-methylglutaryl-CoA lyase deficiency"", ""Primary carnitine deficiency"", ""PMM2-CDG"", ""Alkaptonuria""]",Phenylketonuria,1.0,0.11771135538069777,False,Medium chain acyl-CoA dehydrogenase deficiency,1.0,0.08539944903581276,6,False,True,locked_llm_graph_agreement,5,universal_confidence_stop,[],not_applicable,False,,[],0.0,0.0,1.0,False,0,0,1.447651632784797,4,False,0.85,5,True,universal_confidence_stop,True,True,True,1,11,True,20054,1640,11,True
rarebench,rarebench:RAMEDIS:200,5,profile_adapter_branching_resolver,Carbamoyl-phosphate synthetase 1 deficiency,Carbamoyl-phosphate synthetase 1 deficiency,"[""Carbamoyl-phosphate synthetase 1 deficiency"", ""Ornithine transcarbamylase deficiency"", ""Citrullinemia type I"", ""3-Hydroxy-3-methylglutaryl-CoA lyase deficiency"", ""Maple syrup urine disease"", ""Methylmalonic acidemia"", ""Medium chain acyl-CoA dehydrogenase deficiency"", ""Phenylketonuria"", ""Propionic acidemia"", ""Argininemia""]",Carbamoyl-phosphate synthetase 1 deficiency,"[""Carbamoyl-phosphate synthetase 1 deficiency"", ""Ornithine transcarbamylase deficiency"", ""Citrullinemia type I"", ""Argininemia"", ""3-Hydroxy-3-methylglutaryl-CoA lyase deficiency"", ""Maple syrup urine disease"", ""Medium chain acyl-CoA dehydrogenase deficiency"", ""Isovaleric acidemia"", ""3-Methylglutaconic aciduria type I"", ""3-Methylglutaconic aciduria type IV""]",Ornithine transcarbamylase deficiency,1.0,0.11114616670375677,False,Carbamoyl-phosphate synthetase 1 deficiency,1.0,0.28990225193536756,13,False,True,locked_llm_graph_agreement,3,universal_confidence_stop,[],not_applicable,False,,[],0.0,0.0,1.0,False,0,0,1.0349321446365893,4,False,0.85,3,True,universal_confidence_stop,True,True,True,1,4,True,12001,1093,7,True
rarebench,rarebench:RAMEDIS:200,10,profile_adapter_branching_resolver,Carbamoyl-phosphate synthetase 1 deficiency,Carbamoyl-phosphate synthetase 1 deficiency,"[""Carbamoyl-phosphate synthetase 1 deficiency"", ""Ornithine transcarbamylase deficiency"", ""Citrullinemia type I"", ""Maple syrup urine disease"", ""Methylmalonic acidemia"", ""Medium chain acyl-CoA dehydrogenase deficiency"", ""3-Hydroxy-3-methylglutaryl-CoA lyase deficiency"", ""Smith-Lemli-Opitz syndrome"", ""Argininemia"", ""Isovaleric acidemia""]",Carbamoyl-phosphate synthetase 1 deficiency,"[""Carbamoyl-phosphate synthetase 1 deficiency"", ""Citrullinemia type I"", ""Ornithine transcarbamylase deficiency"", ""Argininemia"", ""Methylmalonic acidemia"", ""Medium chain acyl-CoA dehydrogenase deficiency"", ""Glutaric acidemia type I"", ""3-Hydroxy-3-methylglutaryl-CoA lyase deficiency"", ""Isovaleric acidemia"", ""Maple syrup urine disease""]",Phenylketonuria,1.0,0.14443964544081567,False,Carbamoyl-phosphate synthetase 1 deficiency,1.0,0.24882480881217983,15,False,True,locked_llm_graph_agreement,4,universal_confidence_stop,[],not_applicable,False,,[],0.0,0.0,1.0,False,0,0,1.134511487456182,4,False,0.85,4,True,universal_confidence_stop,True,True,True,1,4,True,16000,1400,9,True
rarebench,rarebench:RAMEDIS:200,15,profile_adapter_branching_resolver,Carbamoyl-phosphate synthetase 1 deficiency,Carbamoyl-phosphate synthetase 1 deficiency,"[""Carbamoyl-phosphate synthetase 1 deficiency"", ""Ornithine transcarbamylase deficiency"", ""Citrullinemia type I"", ""Maple syrup urine disease"", ""Methylmalonic acidemia"", ""Medium chain acyl-CoA dehydrogenase deficiency"", ""3-Hydroxy-3-methylglutaryl-CoA lyase deficiency"", ""Smith-Lemli-Opitz syndrome"", ""Argininemia"", ""Isovaleric acidemia""]",Carbamoyl-phosphate synthetase 1 deficiency,"[""Carbamoyl-phosphate synthetase 1 deficiency"", ""Citrullinemia type I"", ""Ornithine transcarbamylase deficiency"", ""Argininemia"", ""3-Hydroxy-3-methylglutaryl-CoA lyase deficiency"", ""Methylmalonic acidemia"", ""Medium chain acyl-CoA dehydrogenase deficiency"", ""Maple syrup urine disease"", ""Isovaleric acidemia"", ""Glutaric acidemia type I""]",Phenylketonuria,1.0,0.1513778613643073,False,Carbamoyl-phosphate synthetase 1 deficiency,1.0,0.24882480881217983,15,False,True,locked_llm_graph_agreement,5,universal_confidence_stop,[],not_applicable,False,,[],0.0,0.0,1.0,False,0,0,1.129384791168893,4,False,0.9,5,True,universal_confidence_stop,True,True,True,1,4,True,20259,1696,11,True
rarebench,rarebench:RAMEDIS:33,5,profile_adapter_branching_resolver,Methylmalonic acidemia,Methylmalonic acidemia,"[""Methylmalonic acidemia"", ""Argininosuccinic aciduria"", ""Phenylketonuria"", ""Carbamoyl-phosphate synthetase 1 deficiency"", ""Glutaric acidemia type I"", ""Biotinidase deficiency"", ""Medium chain acyl-CoA dehydrogenase deficiency"", ""Maple syrup urine disease"", ""Galactosemia"", ""Glycogen storage disease type Ia""]",Methylmalonic acidemia,"[""Methylmalonic acidemia"", ""Argininosuccinic aciduria"", ""Carbamoyl-phosphate synthetase 1 deficiency"", ""Phenylketonuria"", ""Glutaric acidemia type I"", ""Biotinidase deficiency"", ""Galactosemia"", ""Glycogen storage disease type Ia"", ""3-Hydroxy-3-methylglutaryl-CoA lyase deficiency"", ""Propionic acidemia""]",Phenylketonuria,1.0,0.084202778528091,False,Argininosuccinic aciduria,1.0,0.08949964763918272,5,True,True,blocked_weak_graph_override,3,universal_confidence_stop,[],not_applicable,False,,[],0.0,0.0,1.0,True,1,2,0.8572131823924671,5,False,0.85,5,False,budget_exhausted_forced_final,True,True,True,1,4,True,14453,1275,10,True
rarebench,rarebench:RAMEDIS:33,10,profile_adapter_branching_resolver,Methylmalonic acidemia,Methylmalonic acidemia,"[""Methylmalonic acidemia"", ""Carbamoyl-phosphate synthetase 1 deficiency"", ""Phenylketonuria"", ""Argininosuccinic aciduria"", ""Glutaric acidemia type I"", ""Biotinidase deficiency"", ""Medium chain acyl-CoA dehydrogenase deficiency"", ""Galactosemia"", ""Maple syrup urine disease"", ""Glycogen storage disease type Ia""]",Methylmalonic acidemia,"[""Methylmalonic acidemia"", ""Argininosuccinic aciduria"", ""Carbamoyl-phosphate synthetase 1 deficiency"", ""Phenylketonuria"", ""Glutaric acidemia type I"", ""Biotinidase deficiency"", ""Galactosemia"", ""Glycogen storage disease type Ia"", ""3-Methylglutaconic aciduria type I"", ""3-Methylglutaconic aciduria type IV""]",Phenylketonuria,1.0,0.09103618096126542,False,Argininosuccinic aciduria,1.0,0.08949964763918272,5,True,True,blocked_weak_graph_override,4,universal_confidence_stop,[],not_applicable,False,,[],0.0,0.0,1.0,True,2,4,2.812968579119165,6,False,0.85,8,True,universal_confidence_stop,True,True,True,1,4,True,22401,1939,15,True
rarebench,rarebench:RAMEDIS:33,15,profile_adapter_branching_resolver,Methylmalonic acidemia,Methylmalonic acidemia,"[""Methylmalonic acidemia"", ""Argininosuccinic aciduria"", ""Phenylketonuria"", ""Glutaric acidemia type I"", ""Carbamoyl-phosphate synthetase 1 deficiency"", ""Biotinidase deficiency"", ""Glycogen storage disease type Ia"", ""Maple syrup urine disease"", ""Medium chain acyl-CoA dehydrogenase deficiency"", ""Galactosemia""]",Methylmalonic acidemia,"[""Methylmalonic acidemia"", ""Argininosuccinic aciduria"", ""Carbamoyl-phosphate synthetase 1 deficiency"", ""Phenylketonuria"", ""Glutaric acidemia type I"", ""Biotinidase deficiency"", ""Galactosemia"", ""Glycogen storage disease type Ia"", ""Beta-ketothiolase deficiency"", ""Holocarboxylase synthetase deficiency""]",Phenylketonuria,1.0,0.02903535589398909,False,Argininosuccinic aciduria,1.0,0.08949964763918272,5,True,True,blocked_weak_graph_override,5,universal_confidence_stop,[],not_applicable,False,,[],0.0,0.0,1.0,True,2,4,1.7246804538330816,6,False,0.85,9,True,universal_confidence_stop,True,True,True,1,4,True,26388,2185,17,True
rarebench,rarebench:LIRICAL:22,5,profile_adapter_branching_resolver,Ehlers-Danlos syndrome,Ehlers-Danlos syndrome,"[""Ehlers-Danlos syndrome"", ""Loeys-Dietz syndrome"", ""Neurodevelopmental disorder with or without anomalies of the brain, eye, or heart"", ""Smith-Lemli-Opitz syndrome"", ""Glutaric acidemia type I"", ""Immunoskeletal dysplasia with neurodevelopmental abnormalities"", ""Marfan syndrome"", ""TBCK-related intellectual disability syndrome"", ""Homocystinuria"", ""Stickler syndrome""]",Ehlers-Danlos syndrome,"[""Ehlers-Danlos syndrome"", ""Loeys-Dietz syndrome"", ""Marfan syndrome"", ""Cutis laxa, autosomal recessive, type IA"", ""Cutis laxa, autosomal recessive, type IIB"", ""Cutis laxa, autosomal recessive, type IIC"", ""Cutis laxa, autosomal recessive, type IID"", ""Osteogenesis imperfecta"", ""Osteogenesis imperfecta, type XII"", ""Immunoskeletal dysplasia with neurodevelopmental abnormalities""]",Loeys-Dietz syndrome,1.0,0.1821064852884059,False,Loeys-Dietz syndrome,1.0,0.17547107415475982,16,True,True,blocked_weak_graph_override,3,universal_confidence_stop,[],not_applicable,False,,[],0.0,0.0,1.0,False,0,0,0.524002941945275,4,False,0.85,3,True,universal_confidence_stop,True,True,True,1,1,False,21405,1090,7,True
rarebench,rarebench:LIRICAL:22,10,profile_adapter_branching_resolver,Ehlers-Danlos syndrome,Ehlers-Danlos syndrome,"[""Ehlers-Danlos syndrome"", ""Loeys-Dietz syndrome"", ""Van den Ende-Gupta syndrome"", ""Congenital myasthenic syndrome"", ""Neurodevelopmental disorder with or without anomalies of the brain, eye, or heart"", ""Glutaric acidemia type I"", ""Smith-Lemli-Opitz syndrome"", ""TBCK-related intellectual disability syndrome"", ""Aarskog-Scott syndrome"", ""Immunoskeletal dysplasia with neurodevelopmental abnormalities""]",Ehlers-Danlos syndrome,"[""Ehlers-Danlos syndrome"", ""Loeys-Dietz syndrome"", ""Marfan syndrome"", ""Stickler syndrome"", ""Aarskog-Scott syndrome"", ""Van den Ende-Gupta syndrome"", ""Congenital myasthenic syndrome"", ""Neurodevelopmental disorder with or without anomalies of the brain, eye, or heart"", ""Orofaciodigital syndrome type 5"", ""Cutis laxa, autosomal recessive, type IA""]","Neurodevelopmental disorder with or without anomalies of the brain, eye, or heart",1.0,0.09530247803311398,False,Ehlers-Danlos syndrome,1.0,0.20280202112999535,20,False,True,locked_llm_graph_agreement,4,universal_confidence_stop,[],not_applicable,False,,[],0.0,0.0,1.0,False,0,0,1.1235146720933478,4,False,0.85,4,True,universal_confidence_stop,True,True,True,1,1,False,26865,1258,9,True
rarebench,rarebench:LIRICAL:22,15,profile_adapter_branching_resolver,Ehlers-Danlos syndrome,Ehlers-Danlos syndrome,"[""Ehlers-Danlos syndrome"", ""Loeys-Dietz syndrome"", ""TBCK-related intellectual disability syndrome"", ""Congenital myasthenic syndrome"", ""Hypomyelinating leukodystrophy"", ""Microcephaly 5, primary, autosomal recessive"", ""Smith-Magenis syndrome"", ""Van den Ende-Gupta syndrome"", ""Aarskog-Scott syndrome"", ""Neurodevelopmental disorder with or without anomalies of the brain, eye, or heart""]",Ehlers-Danlos syndrome,"[""Ehlers-Danlos syndrome"", ""Loeys-Dietz syndrome"", ""Marfan syndrome"", ""Stickler syndrome"", ""Cutis laxa, autosomal recessive, type IA"", ""Cutis laxa, autosomal recessive, type IIB"", ""Cutis laxa, autosomal recessive, type IIC"", ""Cutis laxa, autosomal recessive, type IID"", ""Osteogenesis imperfecta"", ""Alagille syndrome""]","Neurodevelopmental disorder with or without anomalies of the brain, eye, or heart",1.0,0.05378857238885282,False,Loeys-Dietz syndrome,1.0,0.084203221776464,23,True,True,blocked_weak_graph_override,6,universal_confidence_stop,[],not_applicable,False,,[],0.0,0.0,1.0,True,2,4,0.7071514566865944,6,False,0.85,10,True,universal_confidence_stop,True,True,True,1,1,False,60432,2618,19,True
rarebench,rarebench:RAMEDIS:37,5,profile_adapter_branching_resolver,Wilson disease,Wilson disease,"[""Wilson disease"", ""Tyrosinemia type 1"", ""Medium chain acyl-CoA dehydrogenase deficiency"", ""3-Hydroxy-3-methylglutaryl-CoA lyase deficiency"", ""Primary carnitine deficiency"", ""Biotinidase deficiency"", ""Galactosemia"", ""Phenylketonuria"", ""Glycogen storage disease type Ib"", ""Methylmalonic acidemia""]",Wilson disease,"[""Wilson disease"", ""Tyrosinemia type 1"", ""Primary carnitine deficiency"", ""Glycogen storage disease type Ib"", ""3-Hydroxy-3-methylglutaryl-CoA lyase deficiency"", ""Medium chain acyl-CoA dehydrogenase deficiency"", ""Acute intermittent porphyria"", ""Galactosemia"", ""Methylmalonic acidemia"", ""Biotinidase deficiency""]",Phenylketonuria,1.0,0.22034754431224068,False,Wilson disease,1.0,0.5444788629737609,11,False,True,locked_llm_graph_agreement,3,universal_confidence_stop,[],not_applicable,False,,[],0.0,0.0,1.0,False,0,0,1.7518595602837976,4,False,0.95,3,True,universal_confidence_stop,True,True,True,1,11,True,12360,895,7,True
rarebench,rarebench:RAMEDIS:37,10,profile_adapter_branching_resolver,Wilson disease,Wilson disease,"[""Wilson disease"", ""Tyrosinemia type 1"", ""3-Hydroxy-3-methylglutaryl-CoA lyase deficiency"", ""Medium chain acyl-CoA dehydrogenase deficiency"", ""Primary carnitine deficiency"", ""Biotinidase deficiency"", ""Galactosemia"", ""Phenylketonuria"", ""Glycogen storage disease type Ib"", ""Methylmalonic acidemia""]",Wilson disease,"[""Wilson disease"", ""3-Hydroxy-3-methylglutaryl-CoA lyase deficiency"", ""Primary carnitine deficiency"", ""Tyrosinemia type 1"", ""Glycogen storage disease type Ib"", ""Acute intermittent porphyria"", ""Galactosemia"", ""Medium chain acyl-CoA dehydrogenase deficiency"", ""Ornithine transcarbamylase deficiency"", ""Biotinidase deficiency""]",Phenylketonuria,1.0,0.21028563271984657,False,Wilson disease,1.0,0.5444788629737609,11,False,True,locked_llm_graph_agreement,4,universal_confidence_stop,[],not_applicable,False,,[],0.0,0.0,1.0,False,0,0,1.7115679033251094,4,False,0.9,4,True,universal_confidence_stop,True,True,True,1,11,True,16618,1148,9,True
rarebench,rarebench:RAMEDIS:37,15,profile_adapter_branching_resolver,Wilson disease,Wilson disease,"[""Wilson disease"", ""Tyrosinemia type 1"", ""Medium chain acyl-CoA dehydrogenase deficiency"", ""3-Hydroxy-3-methylglutaryl-CoA lyase deficiency"", ""Primary carnitine deficiency"", ""Galactosemia"", ""Biotinidase deficiency"", ""Phenylketonuria"", ""Glycogen storage disease type Ib"", ""Methylmalonic acidemia""]",Wilson disease,"[""Wilson disease"", ""Tyrosinemia type 1"", ""Primary carnitine deficiency"", ""Glycogen storage disease type Ib"", ""3-Hydroxy-3-methylglutaryl-CoA lyase deficiency"", ""Medium chain acyl-CoA dehydrogenase deficiency"", ""Acute intermittent porphyria"", ""Galactosemia"", ""Methylmalonic acidemia"", ""Biotinidase deficiency""]",Phenylketonuria,1.0,0.23083146511009967,False,Wilson disease,1.0,0.5444788629737609,11,False,True,locked_llm_graph_agreement,5,universal_confidence_stop,[],not_applicable,False,,[],0.0,0.0,1.0,False,0,0,1.715491425417106,4,False,0.85,5,True,universal_confidence_stop,True,True,True,1,11,True,20897,1394,11,True
rarebench,rarebench:RAMEDIS:337,5,profile_adapter_branching_resolver,Methylmalonic acidemia,Methylmalonic acidemia,"[""Methylmalonic acidemia"", ""Ornithine transcarbamylase deficiency"", ""Glutaric acidemia type I"", ""3-Hydroxy-3-methylglutaryl-CoA lyase deficiency"", ""Fructose-1,6-bisphosphatase deficiency"", ""Maple syrup urine disease"", ""Medium chain acyl-CoA dehydrogenase deficiency"", ""Phenylketonuria"", ""Carbamoyl-phosphate synthetase 1 deficiency"", ""Biotinidase deficiency""]",Methylmalonic acidemia,"[""Methylmalonic acidemia"", ""Ornithine transcarbamylase deficiency"", ""Fructose-1,6-bisphosphatase deficiency"", ""3-Hydroxy-3-methylglutaryl-CoA lyase deficiency"", ""Glutaric acidemia type I"", ""Alkaptonuria"", ""Maple syrup urine disease"", ""Medium chain acyl-CoA dehydrogenase deficiency"", ""Argininosuccinic aciduria"", ""Carnitine palmitoyltransferase II deficiency""]",Glutaric acidemia type I,1.0,0.008367689240888487,False,Methylmalonic acidemia,1.0,0.0,8,False,True,locked_llm_graph_agreement,3,universal_confidence_stop,[],not_applicable,False,,[],0.0,0.0,1.0,False,0,0,1.3211581920300373,4,False,0.85,3,True,universal_confidence_stop,True,True,True,1,4,True,11038,1021,7,True
rarebench,rarebench:RAMEDIS:337,10,profile_adapter_branching_resolver,Methylmalonic acidemia,Methylmalonic acidemia,"[""Methylmalonic acidemia"", ""Ornithine transcarbamylase deficiency"", ""Glutaric acidemia type I"", ""3-Hydroxy-3-methylglutaryl-CoA lyase deficiency"", ""Carbamoyl-phosphate synthetase 1 deficiency"", ""Maple syrup urine disease"", ""Medium chain acyl-CoA dehydrogenase deficiency"", ""Fructose-1,6-bisphosphatase deficiency"", ""Phenylketonuria"", ""Citrullinemia type I""]",Methylmalonic acidemia,"[""Methylmalonic acidemia"", ""Ornithine transcarbamylase deficiency"", ""Fructose-1,6-bisphosphatase deficiency"", ""Carbamoyl-phosphate synthetase 1 deficiency"", ""Glutaric acidemia type I"", ""3-Hydroxy-3-methylglutaryl-CoA lyase deficiency"", ""Maple syrup urine disease"", ""Medium chain acyl-CoA dehydrogenase deficiency"", ""Argininosuccinic aciduria"", ""Citrullinemia type I""]",Phenylketonuria,1.0,0.07874362650926303,False,Methylmalonic acidemia,1.0,0.07419208010923983,10,False,True,locked_llm_graph_agreement,4,universal_confidence_stop,[],not_applicable,False,,[],0.0,0.0,1.0,False,0,0,1.107278519324577,4,False,0.85,4,True,universal_confidence_stop,True,True,True,1,4,True,15349,1339,9,True
rarebench,rarebench:RAMEDIS:337,15,profile_adapter_branching_resolver,Methylmalonic acidemia,Methylmalonic acidemia,"[""Methylmalonic acidemia"", ""Ornithine transcarbamylase deficiency"", ""Glutaric acidemia type I"", ""3-Hydroxy-3-methylglutaryl-CoA lyase deficiency"", ""Maple syrup urine disease"", ""Medium chain acyl-CoA dehydrogenase deficiency"", ""Fructose-1,6-bisphosphatase deficiency"", ""Citrullinemia type I"", ""Carbamoyl-phosphate synthetase 1 deficiency"", ""Phenylketonuria""]",Methylmalonic acidemia,"[""Methylmalonic acidemia"", ""Ornithine transcarbamylase deficiency"", ""Fructose-1,6-bisphosphatase deficiency"", ""Carbamoyl-phosphate synthetase 1 deficiency"", ""Glutaric acidemia type I"", ""3-Hydroxy-3-methylglutaryl-CoA lyase deficiency"", ""Maple syrup urine disease"", ""Medium chain acyl-CoA dehydrogenase deficiency"", ""Argininosuccinic aciduria"", ""Citrullinemia type I""]",Phenylketonuria,1.0,0.09860654861516904,False,Methylmalonic acidemia,1.0,0.07419208010923983,10,False,True,locked_llm_graph_agreement,5,universal_confidence_stop,[],not_applicable,False,,[],0.0,0.0,1.0,False,0,0,1.1069161186710708,4,False,0.85,5,True,universal_confidence_stop,True,True,True,1,4,True,19032,1581,11,True
rarebench,rarebench:RAMEDIS:49,5,profile_adapter_branching_resolver,Methylmalonic acidemia,Methylmalonic acidemia,"[""Methylmalonic acidemia"", ""3-Hydroxy-3-methylglutaryl-CoA lyase deficiency"", ""Biotinidase deficiency"", ""Ornithine transcarbamylase deficiency"", ""Medium chain acyl-CoA dehydrogenase deficiency"", ""Carbamoyl-phosphate synthetase 1 deficiency"", ""Argininosuccinic aciduria"", ""Alkaptonuria"", ""Citrullinemia type I"", ""Phenylketonuria""]",Methylmalonic acidemia,"[""Methylmalonic acidemia"", ""3-Hydroxy-3-methylglutaryl-CoA lyase deficiency"", ""Biotinidase deficiency"", ""Argininosuccinic aciduria"", ""Ornithine transcarbamylase deficiency"", ""Citrullinemia type I"", ""Carbamoyl-phosphate synthetase 1 deficiency"", ""Alkaptonuria"", ""3-Methylglutaconic aciduria type I"", ""3-Methylglutaconic aciduria type IV""]",Methylmalonic acidemia,1.0,0.019363055405789975,False,Methylmalonic acidemia,1.0,0.18704634282523736,5,False,True,locked_llm_graph_agreement,3,universal_confidence_stop,[],not_applicable,False,,[],0.0,0.0,1.0,False,0,0,1.3243392741120825,4,False,0.85,3,True,universal_confidence_stop,True,True,True,1,4,True,10929,1011,7,True
rarebench,rarebench:RAMEDIS:49,10,profile_adapter_branching_resolver,Methylmalonic acidemia,Methylmalonic acidemia,"[""Methylmalonic acidemia"", ""3-Hydroxy-3-methylglutaryl-CoA lyase deficiency"", ""Biotinidase deficiency"", ""Ornithine transcarbamylase deficiency"", ""Medium chain acyl-CoA dehydrogenase deficiency"", ""Carbamoyl-phosphate synthetase 1 deficiency"", ""Argininosuccinic aciduria"", ""Alkaptonuria"", ""Citrullinemia type I"", ""Phenylketonuria""]",Methylmalonic acidemia,"[""Methylmalonic acidemia"", ""3-Hydroxy-3-methylglutaryl-CoA lyase deficiency"", ""Biotinidase deficiency"", ""Ornithine transcarbamylase deficiency"", ""Argininosuccinic aciduria"", ""Carbamoyl-phosphate synthetase 1 deficiency"", ""Citrullinemia type I"", ""Glutaric acidemia type I"", ""Medium chain acyl-CoA dehydrogenase deficiency"", ""Propionic acidemia""]",Phenylketonuria,1.0,0.00029543948063759373,False,Methylmalonic acidemia,1.0,0.18704634282523736,5,False,True,locked_llm_graph_agreement,4,universal_confidence_stop,[],not_applicable,False,,[],0.0,0.0,1.0,False,0,0,1.3244220625284417,4,False,0.85,4,True,universal_confidence_stop,True,True,True,1,4,True,14483,1259,9,True
rarebench,rarebench:RAMEDIS:49,15,profile_adapter_branching_resolver,Methylmalonic acidemia,Methylmalonic acidemia,"[""Methylmalonic acidemia"", ""3-Hydroxy-3-methylglutaryl-CoA lyase deficiency"", ""Biotinidase deficiency"", ""Ornithine transcarbamylase deficiency"", ""Citrullinemia type I"", ""Medium chain acyl-CoA dehydrogenase deficiency"", ""Argininosuccinic aciduria"", ""Alkaptonuria"", ""Carbamoyl-phosphate synthetase 1 deficiency"", ""Phenylketonuria""]",Methylmalonic acidemia,"[""Methylmalonic acidemia"", ""3-Hydroxy-3-methylglutaryl-CoA lyase deficiency"", ""Biotinidase deficiency"", ""Ornithine transcarbamylase deficiency"", ""Argininosuccinic aciduria"", ""Carbamoyl-phosphate synthetase 1 deficiency"", ""Citrullinemia type I"", ""Beta-ketothiolase deficiency"", ""Glutaric acidemia type I"", ""Very long-chain acyl-CoA dehydrogenase deficiency""]",Phenylketonuria,1.0,0.0327122538149176,False,Methylmalonic acidemia,1.0,0.18704634282523736,5,False,True,locked_llm_graph_agreement,5,universal_confidence_stop,[],not_applicable,False,,[],0.0,0.0,1.0,False,0,0,1.2781147738592984,4,False,0.85,5,True,universal_confidence_stop,True,True,True,1,4,True,18157,1537,11,True
rarebench,rarebench:HMS:6,5,profile_adapter_branching_resolver,Sjögren syndrome,Eosinophilic granulomatosis with polyangiitis,"[""Eosinophilic granulomatosis with polyangiitis"", ""Antisynthetase syndrome"", ""Sarcoidosis"", ""Beh\u00e7et disease"", ""Scleroderma, familial progressive"", ""Systemic lupus erythematosus"", ""Spondyloarthropathy"", ""Sj\u00f6gren syndrome"", ""Takayasu arteritis"", ""Granulomatosis with polyangiitis""]",Sjögren syndrome,"[""Sj\u00f6gren syndrome"", ""Scleroderma, familial progressive"", ""Eosinophilic granulomatosis with polyangiitis"", ""Antisynthetase syndrome"", ""Sarcoidosis"", ""Beh\u00e7et disease"", ""Systemic sclerosis"", ""Systemic lupus erythematosus"", ""Granulomatosis with polyangiitis"", ""Antiphospholipid syndrome""]",Granulomatosis with polyangiitis,1.0,0.10818733521863666,False,Eosinophilic granulomatosis with polyangiitis,1.0,0.36739948504654385,26,True,True,accepted,4,continue,[],not_applicable,False,,[],0.0,0.0,1.0,False,0,0,1.7098224179401988,4,False,0.75,5,False,budget_exhausted_forced_final,False,False,False,8,11,True,17653,1450,11,True
rarebench,rarebench:HMS:6,10,profile_adapter_branching_resolver,Sjögren syndrome,Eosinophilic granulomatosis with polyangiitis,"[""Eosinophilic granulomatosis with polyangiitis"", ""Scleroderma, familial progressive"", ""Antisynthetase syndrome"", ""Takayasu arteritis"", ""Spondyloarthropathy"", ""Beh\u00e7et disease"", ""Granulomatosis with polyangiitis"", ""Cryoglobulinemic vasculitis"", ""Systemic sclerosis"", ""Sarcoidosis""]",Eosinophilic granulomatosis with polyangiitis,"[""Eosinophilic granulomatosis with polyangiitis"", ""Scleroderma, familial progressive"", ""Systemic sclerosis"", ""Antisynthetase syndrome"", ""Takayasu arteritis"", ""Beh\u00e7et disease"", ""Fabry disease"", ""Spondyloarthropathy"", ""Granulomatosis with polyangiitis"", ""IgG4-related disease""]",Granulomatosis with polyangiitis,1.0,0.06370433723708524,False,Eosinophilic granulomatosis with polyangiitis,1.0,0.2703626761520561,36,False,True,locked_llm_graph_agreement,9,continue,[],not_applicable,False,,[],0.0,0.0,1.0,False,0,0,1.5122976554305638,4,False,0.85,10,False,budget_exhausted_forced_final,False,False,False,11,11,False,38742,2769,21,True
rarebench,rarebench:HMS:6,15,profile_adapter_branching_resolver,Sjögren syndrome,Eosinophilic granulomatosis with polyangiitis,"[""Eosinophilic granulomatosis with polyangiitis"", ""Antisynthetase syndrome"", ""Takayasu arteritis"", ""Beh\u00e7et disease"", ""Spondyloarthropathy"", ""Granulomatosis with polyangiitis"", ""Cryoglobulinemic vasculitis"", ""Systemic sclerosis"", ""Scleroderma, familial progressive"", ""Sarcoidosis""]",Eosinophilic granulomatosis with polyangiitis,"[""Eosinophilic granulomatosis with polyangiitis"", ""Scleroderma, familial progressive"", ""Systemic sclerosis"", ""Antisynthetase syndrome"", ""Takayasu arteritis"", ""Beh\u00e7et disease"", ""Fabry disease"", ""Spondyloarthropathy"", ""Granulomatosis with polyangiitis"", ""Sj\u00f6gren syndrome""]",Granulomatosis with polyangiitis,1.0,0.061629145868896895,False,Eosinophilic granulomatosis with polyangiitis,1.0,0.2703626761520561,36,False,True,locked_llm_graph_agreement,8,universal_confidence_stop,[],not_applicable,False,,[],0.0,0.0,1.0,False,0,0,1.5334148201255469,4,False,0.85,8,True,universal_confidence_stop,False,False,False,11,11,False,29780,2216,17,True
rarebench,rarebench:RAMEDIS:91,5,profile_adapter_branching_resolver,Phenylketonuria,Phenylketonuria,"[""Phenylketonuria"", ""Tyrosinemia type 1"", ""Tyrosinemia type III"", ""Galactosemia"", ""Medium chain acyl-CoA dehydrogenase deficiency"", ""Methylmalonic acidemia"", ""Biotinidase deficiency"", ""Maple syrup urine disease"", ""Hyperphenylalaninemia"", ""Very long-chain acyl-CoA dehydrogenase deficiency""]",Phenylketonuria,"[""Phenylketonuria"", ""Tyrosinemia type 1"", ""Tyrosinemia type III"", ""Galactosemia"", ""Hyperphenylalaninemia"", ""Medium chain acyl-CoA dehydrogenase deficiency"", ""Very long-chain acyl-CoA dehydrogenase deficiency"", ""Biotinidase deficiency"", ""Methylmalonic acidemia"", ""Glutaric acidemia type I""]",Phenylketonuria,1.0,0.34125813148584283,False,Phenylketonuria,1.0,0.1554229372080954,12,False,True,locked_llm_graph_agreement,3,universal_confidence_stop,[],not_applicable,False,,[],0.0,0.0,1.0,False,0,0,1.8060888310774879,4,False,0.85,3,True,universal_confidence_stop,True,True,True,1,1,False,12515,967,7,True
rarebench,rarebench:RAMEDIS:91,10,profile_adapter_branching_resolver,Phenylketonuria,Phenylketonuria,"[""Phenylketonuria"", ""Tyrosinemia type 1"", ""Medium chain acyl-CoA dehydrogenase deficiency"", ""Galactosemia"", ""Methylmalonic acidemia"", ""Tyrosinemia type III"", ""Biotinidase deficiency"", ""Hyperphenylalaninemia"", ""Maple syrup urine disease"", ""Very long-chain acyl-CoA dehydrogenase deficiency""]",Phenylketonuria,"[""Phenylketonuria"", ""Tyrosinemia type 1"", ""Tyrosinemia type III"", ""Galactosemia"", ""Hyperphenylalaninemia"", ""Medium chain acyl-CoA dehydrogenase deficiency"", ""Very long-chain acyl-CoA dehydrogenase deficiency"", ""Biotinidase deficiency"", ""Methylmalonic acidemia"", ""Glutaric acidemia type I""]",Phenylketonuria,1.0,0.3096389713469827,False,Phenylketonuria,1.0,0.1554229372080954,12,False,True,locked_llm_graph_agreement,4,universal_confidence_stop,[],not_applicable,False,,[],0.0,0.0,1.0,False,0,0,1.5873249129380802,4,False,0.85,4,True,universal_confidence_stop,True,True,True,1,1,False,16640,1228,9,True
rarebench,rarebench:RAMEDIS:91,15,profile_adapter_branching_resolver,Phenylketonuria,Phenylketonuria,"[""Phenylketonuria"", ""Tyrosinemia type 1"", ""Galactosemia"", ""Medium chain acyl-CoA dehydrogenase deficiency"", ""Methylmalonic acidemia"", ""Tyrosinemia type III"", ""Biotinidase deficiency"", ""Hyperphenylalaninemia"", ""Maple syrup urine disease"", ""Very long-chain acyl-CoA dehydrogenase deficiency""]",Phenylketonuria,"[""Phenylketonuria"", ""Tyrosinemia type 1"", ""Tyrosinemia type III"", ""Galactosemia"", ""Hyperphenylalaninemia"", ""Medium chain acyl-CoA dehydrogenase deficiency"", ""Very long-chain acyl-CoA dehydrogenase deficiency"", ""Biotinidase deficiency"", ""Methylmalonic acidemia"", ""Glutaric acidemia type I""]",Phenylketonuria,1.0,0.2275417457561013,False,Phenylketonuria,1.0,0.1554229372080954,12,False,True,locked_llm_graph_agreement,7,universal_confidence_stop,[],not_applicable,False,,[],0.0,0.0,1.0,False,0,0,1.6122846557575774,4,False,0.85,7,True,universal_confidence_stop,True,True,True,1,1,False,29934,1981,15,True
rarebench,rarebench:RAMEDIS:365,5,profile_adapter_branching_resolver,Phenylketonuria,Phenylketonuria,"[""Phenylketonuria"", ""Tyrosinemia type III"", ""Tyrosinemia type 1"", ""Biotinidase deficiency"", ""Medium chain acyl-CoA dehydrogenase deficiency"", ""Glutaric acidemia type I"", ""Citrullinemia type I"", ""Very long-chain acyl-CoA dehydrogenase deficiency"", ""Galactosemia"", ""Hyperphenylalaninemia""]",Phenylketonuria,"[""Phenylketonuria"", ""Tyrosinemia type 1"", ""Tyrosinemia type III"", ""Biotinidase deficiency"", ""Medium chain acyl-CoA dehydrogenase deficiency"", ""Very long-chain acyl-CoA dehydrogenase deficiency"", ""Citrullinemia type II"", ""Hyperphenylalaninemia"", ""Methylmalonic acidemia"", ""Glutaric acidemia type I""]",Phenylketonuria,1.0,0.37722522313793583,False,Phenylketonuria,1.0,0.15909090909090917,5,False,True,locked_llm_graph_agreement,4,continue,[],not_applicable,False,,[],0.0,0.0,1.0,False,0,0,1.8904545454545452,4,False,0.95,5,False,budget_exhausted_forced_final,True,True,True,1,1,False,20145,1485,11,True
rarebench,rarebench:RAMEDIS:365,10,profile_adapter_branching_resolver,Phenylketonuria,Phenylketonuria,"[""Phenylketonuria"", ""Tyrosinemia type III"", ""Tyrosinemia type 1"", ""Biotinidase deficiency"", ""Medium chain acyl-CoA dehydrogenase deficiency"", ""Glutaric acidemia type I"", ""Citrullinemia type I"", ""Very long-chain acyl-CoA dehydrogenase deficiency"", ""Galactosemia"", ""Hyperphenylalaninemia""]",Phenylketonuria,"[""Phenylketonuria"", ""Tyrosinemia type III"", ""Tyrosinemia type 1"", ""Biotinidase deficiency"", ""Medium chain acyl-CoA dehydrogenase deficiency"", ""Very long-chain acyl-CoA dehydrogenase deficiency"", ""Citrullinemia type II"", ""Methylmalonic acidemia"", ""Glutaric acidemia type I"", ""3-Methylglutaconic aciduria type I""]",Phenylketonuria,1.0,0.37293134126906935,False,Phenylketonuria,1.0,0.15909090909090917,5,False,True,locked_llm_graph_agreement,4,universal_confidence_stop,[],not_applicable,False,,[],0.0,0.0,1.0,False,0,0,1.8904545454545452,4,False,0.95,4,True,universal_confidence_stop,True,True,True,1,1,False,16165,1228,9,True
rarebench,rarebench:RAMEDIS:365,15,profile_adapter_branching_resolver,Phenylketonuria,Phenylketonuria,"[""Phenylketonuria"", ""Tyrosinemia type III"", ""Tyrosinemia type 1"", ""Biotinidase deficiency"", ""Medium chain acyl-CoA dehydrogenase deficiency"", ""Glutaric acidemia type I"", ""Citrullinemia type I"", ""Very long-chain acyl-CoA dehydrogenase deficiency"", ""Galactosemia"", ""Hyperphenylalaninemia""]",Phenylketonuria,"[""Phenylketonuria"", ""Tyrosinemia type 1"", ""Tyrosinemia type III"", ""Biotinidase deficiency"", ""Medium chain acyl-CoA dehydrogenase deficiency"", ""Very long-chain acyl-CoA dehydrogenase deficiency"", ""Citrullinemia type II"", ""Hyperphenylalaninemia"", ""Methylmalonic acidemia"", ""Glutaric acidemia type I""]",Phenylketonuria,1.0,0.3991959447374399,False,Phenylketonuria,1.0,0.15909090909090917,5,False,True,locked_llm_graph_agreement,5,universal_confidence_stop,[],not_applicable,False,,[],0.0,0.0,1.0,False,0,0,1.855454545454545,4,False,0.85,5,True,universal_confidence_stop,True,True,True,1,1,False,20496,1460,11,True
rarebench,rarebench:LIRICAL:38,5,profile_adapter_branching_resolver,Hypotrichosis with juvenile macular degeneration,Ichthyosis-hypotrichosis syndrome,"[""Ichthyosis-hypotrichosis syndrome"", ""Retinitis pigmentosa"", ""Alagille syndrome"", ""Hypomyelinating leukodystrophy"", ""Cockayne syndrome"", ""Palmoplantar keratoderma, punctate type IA"", ""Bardet-Biedl syndrome"", ""Joubert syndrome"", ""TBCK-related intellectual disability syndrome"", ""Neurodevelopmental disorder with or without anomalies of the brain, eye, or heart""]",Ichthyosis-hypotrichosis syndrome,"[""Ichthyosis-hypotrichosis syndrome"", ""Alagille syndrome"", ""Cockayne syndrome"", ""Bardet-Biedl syndrome"", ""Retinitis pigmentosa"", ""Joubert syndrome"", ""Palmoplantar keratoderma, punctate type IA"", ""Hypomyelinating leukodystrophy"", ""Alpha-thalassemia-X-linked intellectual disability syndrome"", ""Aarskog-Scott syndrome""]",TBCK-related intellectual disability syndrome,1.0,0.014113084256889175,False,Alagille syndrome,1.0,0.05632352941176466,14,True,True,blocked_weak_graph_override,4,continue,[],not_applicable,False,,[],0.0,0.0,1.0,False,0,0,0.45264054100921447,3,False,0.75,5,False,budget_exhausted_forced_final,False,False,False,11,11,False,33738,1537,11,True
rarebench,rarebench:LIRICAL:38,10,profile_adapter_branching_resolver,Hypotrichosis with juvenile macular degeneration,Ichthyosis-hypotrichosis syndrome,"[""Ichthyosis-hypotrichosis syndrome"", ""Retinitis pigmentosa"", ""Alagille syndrome"", ""Hypomyelinating leukodystrophy"", ""Cockayne syndrome"", ""Palmoplantar keratoderma, punctate type IA"", ""Joubert syndrome"", ""Bardet-Biedl syndrome"", ""Neurodevelopmental disorder with or without anomalies of the brain, eye, or heart"", ""TBCK-related intellectual disability syndrome""]",Ichthyosis-hypotrichosis syndrome,"[""Ichthyosis-hypotrichosis syndrome"", ""Ectodermal dysplasia 9, Hair/nail type"", ""Alagille syndrome"", ""Cockayne syndrome"", ""Bardet-Biedl syndrome"", ""Joubert syndrome"", ""Retinitis pigmentosa"", ""Hypomyelinating leukodystrophy"", ""Palmoplantar keratoderma, punctate type IA"", ""Alzheimer disease""]","Neurodevelopmental disorder with or without anomalies of the brain, eye, or heart",1.0,0.034993521370941916,False,Alagille syndrome,1.0,0.05632352941176466,14,True,True,blocked_weak_graph_override,9,continue,[],not_applicable,False,,[],0.0,0.0,1.0,False,0,0,0.45555028792520824,3,False,0.85,10,False,budget_exhausted_forced_final,False,False,False,11,11,False,68783,2873,21,True
rarebench,rarebench:LIRICAL:38,15,profile_adapter_branching_resolver,Hypotrichosis with juvenile macular degeneration,Alagille syndrome,"[""Alagille syndrome"", ""Retinitis pigmentosa"", ""TBCK-related intellectual disability syndrome"", ""Hypomyelinating leukodystrophy"", ""Ichthyosis-hypotrichosis syndrome"", ""Palmoplantar keratoderma, punctate type IA"", ""Joubert syndrome"", ""Cockayne syndrome"", ""Neurodevelopmental disorder with or without anomalies of the brain, eye, or heart"", ""Bardet-Biedl syndrome""]",Ichthyosis-hypotrichosis syndrome,"[""Ichthyosis-hypotrichosis syndrome"", ""Alagille syndrome"", ""Retinitis pigmentosa"", ""Bardet-Biedl syndrome"", ""Cockayne syndrome"", ""Palmoplantar keratoderma, punctate type IA"", ""Joubert syndrome"", ""Smith-Lemli-Opitz syndrome"", ""Glutaric acidemia type I"", ""Homocystinuria""]",TBCK-related intellectual disability syndrome,1.0,0.1221633397411096,True,Alagille syndrome,1.0,0.05632352941176466,14,True,True,blocked_weak_graph_override,6,universal_confidence_stop,[],not_applicable,False,,[],0.0,0.0,1.0,False,0,0,0.5672869095567155,3,False,0.85,6,True,universal_confidence_stop,False,False,False,11,11,False,41351,1789,13,True
rarebench,rarebench:RAMEDIS:461,5,profile_adapter_branching_resolver,Glutaric acidemia type I,Glutaric acidemia type I,"[""Glutaric acidemia type I"", ""Phenylketonuria"", ""Succinic semialdehyde dehydrogenase deficiency"", ""Methylmalonic acidemia"", ""Mitochondrial complex IV deficiency"", ""Biotinidase deficiency"", ""Smith-Lemli-Opitz syndrome"", ""Maple syrup urine disease"", ""Canavan disease"", ""PMM2-CDG""]",Glutaric acidemia type I,"[""Glutaric acidemia type I"", ""Beta-ketothiolase deficiency"", ""Methylmalonic acidemia"", ""Propionic acidemia"", ""Maple syrup urine disease"", ""Succinic semialdehyde dehydrogenase deficiency"", ""Mitochondrial complex IV deficiency"", ""Canavan disease"", ""Phenylketonuria"", ""Biotinidase deficiency""]",Glutaric acidemia type I,1.0,0.03502721315707635,False,Glutaric acidemia type I,1.0,0.15833333333333344,7,False,True,locked_llm_graph_agreement,3,universal_confidence_stop,[],not_applicable,False,,[],0.0,0.0,1.0,False,0,0,1.6080413017756607,4,False,0.85,3,True,universal_confidence_stop,True,True,True,1,11,True,11383,999,7,True
rarebench,rarebench:RAMEDIS:461,10,profile_adapter_branching_resolver,Glutaric acidemia type I,Glutaric acidemia type I,"[""Glutaric acidemia type I"", ""Phenylketonuria"", ""Succinic semialdehyde dehydrogenase deficiency"", ""Methylmalonic acidemia"", ""Mitochondrial complex IV deficiency"", ""Biotinidase deficiency"", ""PMM2-CDG"", ""Maple syrup urine disease"", ""Canavan disease"", ""3-Hydroxy-3-methylglutaryl-CoA lyase deficiency""]",Glutaric acidemia type I,"[""Glutaric acidemia type I"", ""Beta-ketothiolase deficiency"", ""3-Hydroxy-3-methylglutaryl-CoA lyase deficiency"", ""Succinic semialdehyde dehydrogenase deficiency"", ""Mitochondrial complex IV deficiency"", ""Canavan disease"", ""Phenylketonuria"", ""Methylmalonic acidemia"", ""Biotinidase deficiency"", ""PMM2-CDG""]",Phenylketonuria,1.0,0.045288005070077686,False,Glutaric acidemia type I,1.0,0.15833333333333344,7,False,True,locked_llm_graph_agreement,4,universal_confidence_stop,[],not_applicable,False,,[],0.0,0.0,1.0,False,0,0,1.5437891271939377,4,False,0.85,4,True,universal_confidence_stop,True,True,True,1,11,True,14970,1300,9,True
rarebench,rarebench:RAMEDIS:461,15,profile_adapter_branching_resolver,Glutaric acidemia type I,Glutaric acidemia type I,"[""Glutaric acidemia type I"", ""Phenylketonuria"", ""Succinic semialdehyde dehydrogenase deficiency"", ""Methylmalonic acidemia"", ""Mitochondrial complex IV deficiency"", ""Biotinidase deficiency"", ""Smith-Lemli-Opitz syndrome"", ""Maple syrup urine disease"", ""Canavan disease"", ""PMM2-CDG""]",Glutaric acidemia type I,"[""Glutaric acidemia type I"", ""Methylmalonic acidemia"", ""Biotinidase deficiency"", ""PMM2-CDG"", ""Succinic semialdehyde dehydrogenase deficiency"", ""Mitochondrial complex IV deficiency"", ""Canavan disease"", ""Phenylketonuria"", ""3-Hydroxy-3-methylglutaryl-CoA lyase deficiency"", ""Beta-ketothiolase deficiency""]",Glutaric acidemia type I,1.0,0.020617994174052856,False,Glutaric acidemia type I,1.0,0.15833333333333344,7,False,True,locked_llm_graph_agreement,5,universal_confidence_stop,[],not_applicable,False,,[],0.0,0.0,1.0,False,0,0,1.5965139265892418,4,False,0.85,5,True,universal_confidence_stop,True,True,True,1,11,True,19083,1546,11,True
rarebench,rarebench:LIRICAL:104,5,profile_adapter_branching_resolver,Hypomyelinating leukodystrophy,"Mental retardation, autosomal recessive 18","[""Mental retardation, autosomal recessive 18"", ""TBCK-related intellectual disability syndrome"", ""Spastic paraplegia 76, autosomal recessive"", ""Ataxia-pancytopenia syndrome"", ""Oculocutaneous albinism type 3"", ""Immunoskeletal dysplasia with neurodevelopmental abnormalities"", ""Neurodevelopmental disorder with or without anomalies of the brain, eye, or heart"", ""Oculocutaneous albinism type 2"", ""Tuberous sclerosis"", ""Nail-patella syndrome""]","Mental retardation, autosomal recessive 18","[""Mental retardation, autosomal recessive 18"", ""TBCK-related intellectual disability syndrome"", ""Neurodevelopmental disorder with or without anomalies of the brain, eye, or heart"", ""Glutaric acidemia type I"", ""Smith-Lemli-Opitz syndrome"", ""Immunoskeletal dysplasia with neurodevelopmental abnormalities"", ""Ataxia-pancytopenia syndrome"", ""Spastic paraplegia 76, autosomal recessive"", ""Oculocutaneous albinism type 3"", ""Oculocutaneous albinism type 2""]",TBCK-related intellectual disability syndrome,1.0,0.4295527341462245,True,"Mental retardation, autosomal recessive 18",1.0,0.25113808801213955,4,True,True,accepted,3,universal_confidence_stop,[],not_applicable,False,,[],0.0,0.0,1.0,False,0,0,1.0216622229612775,4,False,0.85,3,True,universal_confidence_stop,False,False,False,11,4,False,20459,1054,7,True
rarebench,rarebench:LIRICAL:104,10,profile_adapter_branching_resolver,Hypomyelinating leukodystrophy,"Mental retardation, autosomal recessive 18","[""Mental retardation, autosomal recessive 18"", ""TBCK-related intellectual disability syndrome"", ""Ataxia-pancytopenia syndrome"", ""Spastic paraplegia 76, autosomal recessive"", ""Neurodevelopmental disorder with or without anomalies of the brain, eye, or heart"", ""Oculocutaneous albinism type 3"", ""Immunoskeletal dysplasia with neurodevelopmental abnormalities"", ""Oculocutaneous albinism type 2"", ""Nail-patella syndrome"", ""Tuberous sclerosis""]","Mental retardation, autosomal recessive 18","[""Mental retardation, autosomal recessive 18"", ""TBCK-related intellectual disability syndrome"", ""Neurodevelopmental disorder with or without anomalies of the brain, eye, or heart"", ""Smith-Lemli-Opitz syndrome"", ""Glutaric acidemia type I"", ""Immunoskeletal dysplasia with neurodevelopmental abnormalities"", ""Ataxia-pancytopenia syndrome"", ""Spastic paraplegia 76, autosomal recessive"", ""Oculocutaneous albinism type 3"", ""Oculocutaneous albinism type 2""]",TBCK-related intellectual disability syndrome,1.0,0.23325499449408515,True,"Mental retardation, autosomal recessive 18",1.0,0.25113808801213955,4,True,True,accepted,6,universal_confidence_stop,[],not_applicable,False,,[],0.0,0.0,1.0,False,0,0,0.48433611532625154,3,False,0.85,6,True,universal_confidence_stop,False,False,False,11,4,False,40958,1957,13,True
rarebench,rarebench:LIRICAL:104,15,profile_adapter_branching_resolver,Hypomyelinating leukodystrophy,"Mental retardation, autosomal recessive 18","[""Mental retardation, autosomal recessive 18"", ""TBCK-related intellectual disability syndrome"", ""Spastic paraplegia 76, autosomal recessive"", ""Neurodevelopmental disorder with or without anomalies of the brain, eye, or heart"", ""Immunoskeletal dysplasia with neurodevelopmental abnormalities"", ""Ataxia-pancytopenia syndrome"", ""Oculocutaneous albinism type 3"", ""Oculocutaneous albinism type 2"", ""Tuberous sclerosis"", ""Nail-patella syndrome""]",TBCK-related intellectual disability syndrome,"[""TBCK-related intellectual disability syndrome"", ""Neurodevelopmental disorder with or without anomalies of the brain, eye, or heart"", ""Hypomyelinating leukodystrophy"", ""Mental retardation, autosomal recessive 18"", ""Spastic paraplegia 76, autosomal recessive"", ""Ataxia-pancytopenia syndrome"", ""Oculocutaneous albinism type 3"", ""Oculocutaneous albinism type 2"", ""Nail-patella syndrome"", ""Tuberous sclerosis""]",TBCK-related intellectual disability syndrome,1.0,0.13502022193831986,False,"Mental retardation, autosomal recessive 18",1.0,0.25113808801213955,4,True,True,accepted,6,universal_confidence_stop,[],not_applicable,False,,[],0.0,0.0,1.0,False,0,0,0.676002781992918,3,False,0.85,6,True,universal_confidence_stop,False,False,False,11,4,False,41243,1929,13,True
rarebench,rarebench:LIRICAL:72,5,profile_adapter_branching_resolver,"Spastic paraplegia 76, autosomal recessive","Spastic paraplegia 76, autosomal recessive","[""Spastic paraplegia 76, autosomal recessive"", ""Ataxia-pancytopenia syndrome"", ""Oliver-Mcfarlane syndrome"", ""Ataxia-oculomotor apraxia type 1"", ""Neurodevelopmental disorder with or without anomalies of the brain, eye, or heart"", ""TBCK-related intellectual disability syndrome"", ""Hyperekplexia"", ""Krabbe disease"", ""Recurrent metabolic encephalomyopathic crises-rhabdomyolysis-cardiac arrhythmia-intellectual disability syndrome"", ""Epileptic encephalopathy, early infantile, 4""]","Spastic paraplegia 76, autosomal recessive","[""Spastic paraplegia 76, autosomal recessive"", ""Spastic paraplegia 45, autosomal recessive"", ""Ataxia-oculomotor apraxia type 1"", ""Ataxia-pancytopenia syndrome"", ""Amyotrophic lateral sclerosis"", ""Krabbe disease"", ""Oliver-Mcfarlane syndrome"", ""Hyperekplexia"", ""3-Methylglutaconic aciduria with deafness, encephalopathy, and leigh-like syndrome"", ""Boucher-Neuhauser syndrome""]","Neurodevelopmental disorder with or without anomalies of the brain, eye, or heart",1.0,0.025984946375037565,False,"Spastic paraplegia 76, autosomal recessive",1.0,0.5424886191198786,7,False,True,locked_llm_graph_agreement,4,universal_confidence_stop,[],not_applicable,False,,[],0.0,0.0,1.0,False,0,0,2.1359900144428154,4,False,0.85,4,True,universal_confidence_stop,True,True,True,1,11,True,26924,1449,9,True
rarebench,rarebench:LIRICAL:72,10,profile_adapter_branching_resolver,"Spastic paraplegia 76, autosomal recessive","Spastic paraplegia 76, autosomal recessive","[""Spastic paraplegia 76, autosomal recessive"", ""Ataxia-pancytopenia syndrome"", ""Oliver-Mcfarlane syndrome"", ""Ataxia-oculomotor apraxia type 1"", ""Neurodevelopmental disorder with or without anomalies of the brain, eye, or heart"", ""TBCK-related intellectual disability syndrome"", ""Hyperekplexia"", ""Krabbe disease"", ""Epileptic encephalopathy, early infantile, 4"", ""Smith-Lemli-Opitz syndrome""]","Spastic paraplegia 76, autosomal recessive","[""Spastic paraplegia 76, autosomal recessive"", ""Spastic paraplegia 45, autosomal recessive"", ""Ataxia-oculomotor apraxia type 1"", ""Ataxia-pancytopenia syndrome"", ""Amyotrophic lateral sclerosis"", ""Krabbe disease"", ""Oliver-Mcfarlane syndrome"", ""Hyperekplexia"", ""Recurrent metabolic encephalomyopathic crises-rhabdomyolysis-cardiac arrhythmia-intellectual disability syndrome"", ""Neurodevelopmental disorder with or without anomalies of the brain, eye, or heart""]","Neurodevelopmental disorder with or without anomalies of the brain, eye, or heart",1.0,0.03692519210278211,False,"Spastic paraplegia 76, autosomal recessive",1.0,0.5424886191198786,7,False,True,locked_llm_graph_agreement,4,universal_confidence_stop,[],not_applicable,False,,[],0.0,0.0,1.0,False,0,0,2.1398669187353816,4,False,0.85,4,True,universal_confidence_stop,True,True,True,1,11,True,26837,1473,9,True
rarebench,rarebench:LIRICAL:72,15,profile_adapter_branching_resolver,"Spastic paraplegia 76, autosomal recessive","Spastic paraplegia 76, autosomal recessive","[""Spastic paraplegia 76, autosomal recessive"", ""Oliver-Mcfarlane syndrome"", ""Ataxia-oculomotor apraxia type 1"", ""TBCK-related intellectual disability syndrome"", ""Glutaric acidemia type I"", ""Ataxia-pancytopenia syndrome"", ""Neurodevelopmental disorder with or without anomalies of the brain, eye, or heart"", ""Hyperekplexia"", ""Krabbe disease"", ""Smith-Lemli-Opitz syndrome""]","Spastic paraplegia 76, autosomal recessive","[""Spastic paraplegia 76, autosomal recessive"", ""Ataxia-oculomotor apraxia type 1"", ""Ataxia-pancytopenia syndrome"", ""Oliver-Mcfarlane syndrome"", ""Amyotrophic lateral sclerosis"", ""Krabbe disease"", ""Epileptic encephalopathy, early infantile, 4"", ""3-Methylglutaconic aciduria with deafness, encephalopathy, and leigh-like syndrome"", ""Boucher-Neuhauser syndrome"", ""Vici syndrome""]",TBCK-related intellectual disability syndrome,1.0,0.035060716087054744,False,"Spastic paraplegia 76, autosomal recessive",1.0,0.5424886191198786,7,False,True,locked_llm_graph_agreement,14,continue,[],not_applicable,False,,[],0.0,0.0,1.0,False,0,0,2.1472156089434793,4,False,0.75,15,False,budget_exhausted_forced_final,True,True,True,1,11,True,108659,4971,31,True
rarebench,rarebench:HMS:46,5,profile_adapter_branching_resolver,Takayasu arteritis,Takayasu arteritis,"[""Takayasu arteritis"", ""Granulomatosis with polyangiitis"", ""Antisynthetase syndrome"", ""Cryoglobulinemic vasculitis"", ""IgG4-related disease"", ""Giant Cell Arteritis"", ""Spondyloarthropathy"", ""Sarcoidosis"", ""Familial Mediterranean fever"", ""Systemic sclerosis""]",Takayasu arteritis,"[""Takayasu arteritis"", ""Granulomatosis with polyangiitis"", ""Giant Cell Arteritis"", ""Cryoglobulinemic vasculitis"", ""IgG4-related disease"", ""Antisynthetase syndrome"", ""Systemic sclerosis"", ""Spondyloarthropathy"", ""Beh\u00e7et disease"", ""Eosinophilic granulomatosis with polyangiitis""]",Antisynthetase syndrome,1.0,0.08058660093792347,False,Takayasu arteritis,1.0,0.1691528545119706,11,False,True,locked_llm_graph_agreement,3,universal_confidence_stop,[],not_applicable,False,,[],0.0,0.0,1.0,False,0,0,1.0289873217678904,4,False,0.85,3,True,universal_confidence_stop,True,True,True,1,11,True,8872,925,7,True
rarebench,rarebench:HMS:46,10,profile_adapter_branching_resolver,Takayasu arteritis,Takayasu arteritis,"[""Takayasu arteritis"", ""Granulomatosis with polyangiitis"", ""Antisynthetase syndrome"", ""IgG4-related disease"", ""Cryoglobulinemic vasculitis"", ""Spondyloarthropathy"", ""Sarcoidosis"", ""Familial Mediterranean fever"", ""Giant Cell Arteritis"", ""Systemic sclerosis""]",Takayasu arteritis,"[""Takayasu arteritis"", ""Granulomatosis with polyangiitis"", ""IgG4-related disease"", ""Cryoglobulinemic vasculitis"", ""Giant Cell Arteritis"", ""Antisynthetase syndrome"", ""Systemic sclerosis"", ""Spondyloarthropathy"", ""Beh\u00e7et disease"", ""Eosinophilic granulomatosis with polyangiitis""]",Antisynthetase syndrome,1.0,0.03161768315141966,False,Takayasu arteritis,1.0,0.1691528545119706,11,False,True,locked_llm_graph_agreement,5,universal_confidence_stop,[],not_applicable,False,,[],0.0,0.0,1.0,False,0,0,1.0054981691067701,4,False,0.85,5,True,universal_confidence_stop,True,True,True,1,11,True,14677,1411,11,True
rarebench,rarebench:HMS:46,15,profile_adapter_branching_resolver,Takayasu arteritis,Takayasu arteritis,"[""Takayasu arteritis"", ""Granulomatosis with polyangiitis"", ""Antisynthetase syndrome"", ""IgG4-related disease"", ""Cryoglobulinemic vasculitis"", ""Spondyloarthropathy"", ""Sarcoidosis"", ""Familial Mediterranean fever"", ""Giant Cell Arteritis"", ""Systemic sclerosis""]",Takayasu arteritis,"[""Takayasu arteritis"", ""Granulomatosis with polyangiitis"", ""Giant Cell Arteritis"", ""IgG4-related disease"", ""Cryoglobulinemic vasculitis"", ""Antisynthetase syndrome"", ""Systemic sclerosis"", ""Spondyloarthropathy"", ""Beh\u00e7et disease"", ""Eosinophilic granulomatosis with polyangiitis""]",Granulomatosis with polyangiitis,1.0,0.026247768507707714,False,Takayasu arteritis,1.0,0.1691528545119706,11,False,True,locked_llm_graph_agreement,5,universal_confidence_stop,[],not_applicable,False,,[],0.0,0.0,1.0,False,0,0,0.9453437079364662,4,False,0.85,5,True,universal_confidence_stop,True,True,True,1,11,True,14407,1438,11,True
rarebench,rarebench:HMS:73,5,profile_adapter_branching_resolver,Sjögren syndrome,Systemic lupus erythematosus,"[""Systemic lupus erythematosus"", ""Systemic sclerosis"", ""Antisynthetase syndrome"", ""Spondyloarthropathy"", ""Beh\u00e7et disease"", ""Familial Mediterranean fever"", ""Sj\u00f6gren syndrome"", ""Cryoglobulinemic vasculitis"", ""Granulomatosis with polyangiitis"", ""Hypophosphatasia""]",Systemic lupus erythematosus,"[""Systemic lupus erythematosus"", ""Antisynthetase syndrome"", ""Systemic sclerosis"", ""Spondyloarthropathy"", ""Beh\u00e7et disease"", ""Sj\u00f6gren syndrome"", ""Familial Mediterranean fever"", ""Hypophosphatasia"", ""Whipple disease"", ""Antiphospholipid syndrome""]",Antisynthetase syndrome,1.0,0.07027516147178381,False,Systemic lupus erythematosus,1.0,0.07199315037087273,26,False,True,locked_llm_graph_agreement,4,continue,[],not_applicable,False,,[],0.0,0.0,1.0,False,0,0,0.8466733189237741,4,False,0.85,5,False,budget_exhausted_forced_final,False,False,False,7,11,True,18274,1468,11,True
rarebench,rarebench:HMS:73,10,profile_adapter_branching_resolver,Sjögren syndrome,Systemic lupus erythematosus,"[""Systemic lupus erythematosus"", ""Systemic sclerosis"", ""Spondyloarthropathy"", ""Antisynthetase syndrome"", ""Beh\u00e7et disease"", ""Familial Mediterranean fever"", ""Granulomatosis with polyangiitis"", ""Cryopyrin-associated periodic syndrome"", ""Felty syndrome"", ""Sj\u00f6gren syndrome""]",Systemic lupus erythematosus,"[""Systemic lupus erythematosus"", ""Spondyloarthropathy"", ""Antisynthetase syndrome"", ""Systemic sclerosis"", ""Beh\u00e7et disease"", ""Felty syndrome"", ""Familial Mediterranean fever"", ""Sj\u00f6gren syndrome"", ""Granulomatosis with polyangiitis"", ""IgG4-related disease""]",Antisynthetase syndrome,1.0,0.07837887191382442,False,Systemic lupus erythematosus,1.0,0.016613463905533754,28,False,True,locked_llm_graph_agreement,6,universal_confidence_stop,[],not_applicable,False,,[],0.0,0.0,1.0,False,0,0,0.9162830884416988,4,False,0.85,6,True,universal_confidence_stop,False,False,False,10,11,True,22271,1719,13,True
rarebench,rarebench:HMS:73,15,profile_adapter_branching_resolver,Sjögren syndrome,Systemic sclerosis,"[""Systemic sclerosis"", ""Spondyloarthropathy"", ""Antisynthetase syndrome"", ""Systemic lupus erythematosus"", ""Beh\u00e7et disease"", ""Familial Mediterranean fever"", ""Granulomatosis with polyangiitis"", ""Sj\u00f6gren syndrome"", ""Felty syndrome"", ""Sarcoidosis""]",Systemic sclerosis,"[""Systemic sclerosis"", ""Spondyloarthropathy"", ""Antisynthetase syndrome"", ""Beh\u00e7et disease"", ""Systemic lupus erythematosus"", ""Familial Mediterranean fever"", ""Felty syndrome"", ""Sj\u00f6gren syndrome"", ""Granulomatosis with polyangiitis"", ""Antiphospholipid syndrome""]",Antisynthetase syndrome,1.0,0.12773054475540624,False,Systemic lupus erythematosus,1.0,0.016613463905533754,28,True,True,blocked_weak_graph_override,8,universal_confidence_stop,[],not_applicable,False,,[],0.0,0.0,1.0,True,2,4,0.9004508278282417,6,False,0.85,12,True,universal_confidence_stop,False,False,False,8,11,True,39307,2918,23,True
rarebench,rarebench:LIRICAL:225,5,profile_adapter_branching_resolver,Geleophysic dysplasia,Geleophysic dysplasia,"[""Geleophysic dysplasia"", ""TBCK-related intellectual disability syndrome"", ""Vici syndrome"", ""Immunoskeletal dysplasia with neurodevelopmental abnormalities"", ""Neurodevelopmental disorder with or without anomalies of the brain, eye, or heart"", ""Microcephaly 3, primary, autosomal recessive"", ""Leukocyte adhesion deficiency type II"", ""Retinitis pigmentosa"", ""Weill-Marchesani syndrome"", ""Acromesomelic dysplasia, Maroteaux type""]",Geleophysic dysplasia,"[""Geleophysic dysplasia"", ""Immunoskeletal dysplasia with neurodevelopmental abnormalities"", ""Vici syndrome"", ""TBCK-related intellectual disability syndrome"", ""Microcephaly 3, primary, autosomal recessive"", ""Leukocyte adhesion deficiency type II"", ""Weill-Marchesani syndrome"", ""Acromesomelic dysplasia, Maroteaux type"", ""Acromicric dysplasia"", ""Intellectual developmental disorder with dysmorphic facies and ptosis""]",TBCK-related intellectual disability syndrome,1.0,0.03432904936165948,False,TBCK-related intellectual disability syndrome,1.0,0.002378173213591017,16,False,True,locked_llm_graph_agreement,4,continue,[],not_applicable,False,,[],0.0,0.0,1.0,False,0,0,0.2614317674710369,3,False,0.85,5,False,budget_exhausted_forced_final,True,True,True,1,11,True,34140,1576,11,True
rarebench,rarebench:LIRICAL:225,10,profile_adapter_branching_resolver,Geleophysic dysplasia,Geleophysic dysplasia,"[""Geleophysic dysplasia"", ""TBCK-related intellectual disability syndrome"", ""Vici syndrome"", ""Immunoskeletal dysplasia with neurodevelopmental abnormalities"", ""Neurodevelopmental disorder with or without anomalies of the brain, eye, or heart"", ""Microcephaly 3, primary, autosomal recessive"", ""Retinitis pigmentosa"", ""Leukocyte adhesion deficiency type II"", ""Weill-Marchesani syndrome"", ""Acromesomelic dysplasia, Maroteaux type""]",Geleophysic dysplasia,"[""Geleophysic dysplasia"", ""Immunoskeletal dysplasia with neurodevelopmental abnormalities"", ""Vici syndrome"", ""TBCK-related intellectual disability syndrome"", ""Acromesomelic dysplasia, Maroteaux type"", ""Weill-Marchesani syndrome"", ""Leukocyte adhesion deficiency type II"", ""Microcephaly 3, primary, autosomal recessive"", ""Aarskog-Scott syndrome"", ""Cornelia de Lange syndrome""]","Neurodevelopmental disorder with or without anomalies of the brain, eye, or heart",1.0,0.08115780663095062,False,TBCK-related intellectual disability syndrome,1.0,0.002378173213591017,16,False,True,locked_llm_graph_agreement,9,continue,[],not_applicable,False,,[],0.0,0.0,1.0,False,0,0,0.2913580127757971,3,False,0.75,10,False,budget_exhausted_forced_final,True,True,True,1,11,True,71820,2811,21,True
rarebench,rarebench:LIRICAL:225,15,profile_adapter_branching_resolver,Geleophysic dysplasia,Immunoskeletal dysplasia with neurodevelopmental abnormalities,"[""Immunoskeletal dysplasia with neurodevelopmental abnormalities"", ""Geleophysic dysplasia"", ""Acromesomelic dysplasia, Maroteaux type"", ""TBCK-related intellectual disability syndrome"", ""Vici syndrome"", ""Neurodevelopmental disorder with or without anomalies of the brain, eye, or heart"", ""Leukocyte adhesion deficiency type II"", ""Microcephaly 3, primary, autosomal recessive"", ""Weill-Marchesani syndrome"", ""Retinitis pigmentosa""]",Immunoskeletal dysplasia with neurodevelopmental abnormalities,"[""Immunoskeletal dysplasia with neurodevelopmental abnormalities"", ""Acromesomelic dysplasia, Maroteaux type"", ""Geleophysic dysplasia"", ""Vici syndrome"", ""Leukocyte adhesion deficiency type II"", ""Weill-Marchesani syndrome"", ""TBCK-related intellectual disability syndrome"", ""Microcephaly 3, primary, autosomal recessive"", ""Intellectual developmental disorder with dysmorphic facies and ptosis"", ""Cornelia de Lange syndrome""]","Neurodevelopmental disorder with or without anomalies of the brain, eye, or heart",1.0,0.10488391913690831,False,TBCK-related intellectual disability syndrome,1.0,0.002378173213591017,16,True,True,blocked_weak_graph_override,11,universal_confidence_stop,[],not_applicable,False,,[],0.0,0.0,1.0,True,2,4,0.8744387142483285,6,False,0.85,15,False,budget_exhausted_forced_final,False,True,True,2,11,True,100159,3884,29,True
rarebench,rarebench:RAMEDIS:140,5,profile_adapter_branching_resolver,Phenylketonuria,Phenylketonuria,"[""Phenylketonuria"", ""Tyrosinemia type III"", ""Tyrosinemia type 1"", ""Methylmalonic acidemia"", ""Homocystinuria"", ""Dopa-responsive dystonia"", ""Hyperphenylalaninemia"", ""Glutaric acidemia type I"", ""Maple syrup urine disease"", ""Maturity-onset diabetes of the young""]",Tyrosinemia type 1,"[""Tyrosinemia type 1"", ""Phenylketonuria"", ""Hyperphenylalaninemia"", ""Tyrosinemia type III"", ""Methylmalonic acidemia"", ""Dopa-responsive dystonia"", ""Homocystinuria"", ""Maturity-onset diabetes of the young"", ""Glutaric acidemia type I"", ""PMM2-CDG""]",Phenylketonuria,1.0,0.5658197816027599,True,Phenylketonuria,1.0,0.6517412935323383,4,False,True,locked_llm_graph_agreement,3,universal_confidence_stop,[],not_applicable,False,,[],0.0,0.0,1.0,False,0,0,2.422002487562189,4,False,0.85,3,True,universal_confidence_stop,True,True,True,1,1,False,11235,950,7,True
rarebench,rarebench:RAMEDIS:140,10,profile_adapter_branching_resolver,Phenylketonuria,Phenylketonuria,"[""Phenylketonuria"", ""Tyrosinemia type III"", ""Tyrosinemia type 1"", ""Methylmalonic acidemia"", ""Hyperphenylalaninemia"", ""Dopa-responsive dystonia"", ""Maple syrup urine disease"", ""Maturity-onset diabetes of the young"", ""Homocystinuria"", ""PMM2-CDG""]",Tyrosinemia type 1,"[""Tyrosinemia type 1"", ""Phenylketonuria"", ""Hyperphenylalaninemia"", ""Tyrosinemia type III"", ""Dopa-responsive dystonia"", ""Methylmalonic acidemia"", ""Homocystinuria"", ""Glutaric acidemia type I"", ""Maturity-onset diabetes of the young"", ""Acute intermittent porphyria""]",Phenylketonuria,1.0,0.5179362256726512,True,Phenylketonuria,1.0,0.6517412935323383,4,False,True,locked_llm_graph_agreement,4,universal_confidence_stop,[],not_applicable,False,,[],0.0,0.0,1.0,False,0,0,2.422002487562189,4,False,0.85,4,True,universal_confidence_stop,True,True,True,1,1,False,14927,1214,9,True
rarebench,rarebench:RAMEDIS:140,15,profile_adapter_branching_resolver,Phenylketonuria,Phenylketonuria,"[""Phenylketonuria"", ""Tyrosinemia type 1"", ""Tyrosinemia type III"", ""Methylmalonic acidemia"", ""Dopa-responsive dystonia"", ""PMM2-CDG"", ""Hyperphenylalaninemia"", ""Maturity-onset diabetes of the young"", ""Maple syrup urine disease"", ""Homocystinuria""]",Tyrosinemia type 1,"[""Tyrosinemia type 1"", ""Phenylketonuria"", ""Tyrosinemia type III"", ""Hyperphenylalaninemia"", ""Methylmalonic acidemia"", ""PMM2-CDG"", ""Glutaric acidemia type I"", ""Dopa-responsive dystonia"", ""Homocystinuria"", ""Maturity-onset diabetes of the young""]",Phenylketonuria,1.0,0.482171260818971,True,Phenylketonuria,1.0,0.6517412935323383,4,False,True,locked_llm_graph_agreement,5,universal_confidence_stop,[],not_applicable,False,,[],0.0,0.0,1.0,False,0,0,2.401694921372309,4,False,0.85,5,True,universal_confidence_stop,True,True,True,1,1,False,18788,1498,11,True
rarebench,rarebench:LIRICAL:4,5,profile_adapter_branching_resolver,DYRK1A-related intellectual disability syndrome,"Intellectual developmental disorder with dysmorphic facies, seizures, and distal limb anomalies","[""Intellectual developmental disorder with dysmorphic facies, seizures, and distal limb anomalies"", ""TBCK-related intellectual disability syndrome"", ""Classic galactosemia"", ""Desmosterolosis"", ""Bilateral frontoparietal polymicrogyria"", ""Skraban-Deardorff syndrome"", ""Cockayne syndrome"", ""Wiedemann-Steiner syndrome"", ""Mental retardation, autosomal recessive 18"", ""Neurodevelopmental disorder with or without anomalies of the brain, eye, or heart""]","Intellectual developmental disorder with dysmorphic facies, seizures, and distal limb anomalies","[""Intellectual developmental disorder with dysmorphic facies, seizures, and distal limb anomalies"", ""TBCK-related intellectual disability syndrome"", ""Desmosterolosis"", ""Classic galactosemia"", ""Bilateral frontoparietal polymicrogyria"", ""Cockayne syndrome"", ""Wiedemann-Steiner syndrome"", ""Mental retardation, autosomal recessive 18"", ""Rett syndrome"", ""Rubinstein-Taybi syndrome""]",TBCK-related intellectual disability syndrome,1.0,0.021353389672559064,False,"Intellectual developmental disorder with dysmorphic facies, seizures, and distal limb anomalies",1.0,0.018341633707600558,19,True,True,blocked_unsupported_third_option,4,universal_confidence_stop,[],not_applicable,False,,[],0.0,0.0,1.0,False,0,0,0.36447686507109767,3,False,0.85,4,True,universal_confidence_stop,False,False,False,11,11,False,28667,1406,9,True
rarebench,rarebench:LIRICAL:4,10,profile_adapter_branching_resolver,DYRK1A-related intellectual disability syndrome,"Intellectual developmental disorder with dysmorphic facies, seizures, and distal limb anomalies","[""Intellectual developmental disorder with dysmorphic facies, seizures, and distal limb anomalies"", ""TBCK-related intellectual disability syndrome"", ""Cockayne syndrome"", ""Classic galactosemia"", ""Desmosterolosis"", ""Bilateral frontoparietal polymicrogyria"", ""Wiedemann-Steiner syndrome"", ""Neurodevelopmental disorder with or without anomalies of the brain, eye, or heart"", ""Mental retardation, autosomal recessive 18"", ""Smith-Lemli-Opitz syndrome""]","Intellectual developmental disorder with dysmorphic facies, seizures, and distal limb anomalies","[""Intellectual developmental disorder with dysmorphic facies, seizures, and distal limb anomalies"", ""TBCK-related intellectual disability syndrome"", ""Desmosterolosis"", ""Classic galactosemia"", ""Bilateral frontoparietal polymicrogyria"", ""Cockayne syndrome"", ""Wiedemann-Steiner syndrome"", ""Mental retardation, autosomal recessive 18"", ""Rett syndrome"", ""Neurodevelopmental disorder with or without anomalies of the brain, eye, or heart""]","Neurodevelopmental disorder with or without anomalies of the brain, eye, or heart",1.0,0.030350403975437312,False,"Intellectual developmental disorder with dysmorphic facies, seizures, and distal limb anomalies",1.0,0.018341633707600558,19,True,True,blocked_unsupported_third_option,5,universal_confidence_stop,[],not_applicable,False,,[],0.0,0.0,1.0,False,0,0,0.3887571882514478,3,False,0.85,5,True,universal_confidence_stop,False,False,False,11,11,False,36085,1686,11,True
rarebench,rarebench:LIRICAL:4,15,profile_adapter_branching_resolver,DYRK1A-related intellectual disability syndrome,"Intellectual developmental disorder with dysmorphic facies, seizures, and distal limb anomalies","[""Intellectual developmental disorder with dysmorphic facies, seizures, and distal limb anomalies"", ""TBCK-related intellectual disability syndrome"", ""Cockayne syndrome"", ""Classic galactosemia"", ""Desmosterolosis"", ""Bilateral frontoparietal polymicrogyria"", ""Skraban-Deardorff syndrome"", ""Wiedemann-Steiner syndrome"", ""Mental retardation, autosomal recessive 18"", ""Neurodevelopmental disorder with or without anomalies of the brain, eye, or heart""]","Intellectual developmental disorder with dysmorphic facies, seizures, and distal limb anomalies","[""Intellectual developmental disorder with dysmorphic facies, seizures, and distal limb anomalies"", ""TBCK-related intellectual disability syndrome"", ""Desmosterolosis"", ""Classic galactosemia"", ""Bilateral frontoparietal polymicrogyria"", ""Cockayne syndrome"", ""Wiedemann-Steiner syndrome"", ""Mental retardation, autosomal recessive 18"", ""Rett syndrome"", ""Rubinstein-Taybi syndrome""]",TBCK-related intellectual disability syndrome,1.0,0.0009265948420952297,False,"Intellectual developmental disorder with dysmorphic facies, seizures, and distal limb anomalies",1.0,0.018341633707600558,19,True,True,blocked_weak_graph_override,5,universal_confidence_stop,[],not_applicable,False,,[],0.0,0.0,1.0,False,0,0,0.36447686507109767,3,False,0.85,5,True,universal_confidence_stop,False,False,False,11,11,False,35482,1717,11,True
rarebench,rarebench:RAMEDIS:157,5,profile_adapter_branching_resolver,Glutathione synthetase deficiency,Biotinidase deficiency,"[""Biotinidase deficiency"", ""Methylmalonic acidemia"", ""Phenylketonuria"", ""Glutaric acidemia type I"", ""Galactosemia"", ""Medium chain acyl-CoA dehydrogenase deficiency"", ""Citrullinemia type I"", ""Carbamoyl-phosphate synthetase 1 deficiency"", ""Glycogen storage disease type Ia"", ""Glycerol kinase deficiency""]",Biotinidase deficiency,"[""Biotinidase deficiency"", ""Methylmalonic acidemia"", ""Ornithine transcarbamylase deficiency"", ""Citrullinemia type I"", ""Phenylketonuria"", ""Glutaric acidemia type I"", ""Carbamoyl-phosphate synthetase 1 deficiency"", ""Argininosuccinic aciduria"", ""3-Hydroxy-3-methylglutaryl-CoA lyase deficiency"", ""Acute intermittent porphyria""]",Phenylketonuria,1.0,0.18878443351372398,False,Methylmalonic acidemia,1.0,0.0,10,True,True,blocked_weak_graph_override,4,continue,[],not_applicable,False,,[],0.0,0.0,1.0,False,0,0,0.5955441429146151,4,False,0.85,5,False,budget_exhausted_forced_final,False,False,False,11,11,False,19729,1496,11,True
rarebench,rarebench:RAMEDIS:157,10,profile_adapter_branching_resolver,Glutathione synthetase deficiency,Phenylketonuria,"[""Phenylketonuria"", ""Methylmalonic acidemia"", ""Galactosemia"", ""Glutaric acidemia type I"", ""Biotinidase deficiency"", ""Citrullinemia type I"", ""Medium chain acyl-CoA dehydrogenase deficiency"", ""Carbamoyl-phosphate synthetase 1 deficiency"", ""Argininosuccinic aciduria"", ""Glycerol kinase deficiency""]",Phenylketonuria,"[""Phenylketonuria"", ""Methylmalonic acidemia"", ""Glutaric acidemia type I"", ""Biotinidase deficiency"", ""Carbamoyl-phosphate synthetase 1 deficiency"", ""Argininosuccinic aciduria"", ""Citrullinemia type I"", ""Galactosemia"", ""Propionic acidemia"", ""Ornithine transcarbamylase deficiency""]",Phenylketonuria,1.0,0.17307284572482318,False,Methylmalonic acidemia,1.0,0.0,10,False,True,locked_llm_graph_agreement,9,continue,[],not_applicable,False,,[],0.0,0.0,1.0,False,0,0,0.9914667511561293,4,False,0.85,10,False,budget_exhausted_forced_final,False,False,False,11,11,False,43966,2858,21,True
rarebench,rarebench:RAMEDIS:157,15,profile_adapter_branching_resolver,Glutathione synthetase deficiency,Biotinidase deficiency,"[""Biotinidase deficiency"", ""Methylmalonic acidemia"", ""Phenylketonuria"", ""Glutaric acidemia type I"", ""Galactosemia"", ""Citrullinemia type I"", ""Medium chain acyl-CoA dehydrogenase deficiency"", ""Carbamoyl-phosphate synthetase 1 deficiency"", ""Argininosuccinic aciduria"", ""Glycogen storage disease type Ia""]",Biotinidase deficiency,"[""Biotinidase deficiency"", ""Methylmalonic acidemia"", ""Glutaric acidemia type I"", ""Carbamoyl-phosphate synthetase 1 deficiency"", ""Argininosuccinic aciduria"", ""Phenylketonuria"", ""Citrullinemia type I"", ""Galactosemia"", ""Ornithine transcarbamylase deficiency"", ""Medium chain acyl-CoA dehydrogenase deficiency""]",Phenylketonuria,1.0,0.1736223078061061,False,Methylmalonic acidemia,1.0,0.0,10,True,True,blocked_weak_graph_override,8,universal_confidence_stop,[],not_applicable,False,,[],0.0,0.0,1.0,True,2,4,0.09368590441431968,6,False,0.85,12,True,universal_confidence_stop,False,False,False,11,11,False,44336,3013,23,True
rarebench,rarebench:RAMEDIS:48,5,profile_adapter_branching_resolver,Medium chain acyl-CoA dehydrogenase deficiency,Medium chain acyl-CoA dehydrogenase deficiency,"[""Medium chain acyl-CoA dehydrogenase deficiency"", ""Very long-chain acyl-CoA dehydrogenase deficiency"", ""Phenylketonuria"", ""Biotinidase deficiency"", ""Isovaleric acidemia"", ""3-Methylcrotonyl-CoA carboxylase deficiency"", ""Glutaric acidemia type I"", ""Galactosemia"", ""Citrullinemia type II"", ""Tyrosinemia type III""]",Medium chain acyl-CoA dehydrogenase deficiency,"[""Medium chain acyl-CoA dehydrogenase deficiency"", ""Very long-chain acyl-CoA dehydrogenase deficiency"", ""Isovaleric acidemia"", ""3-Methylcrotonyl-CoA carboxylase deficiency"", ""Biotinidase deficiency"", ""Phenylketonuria"", ""Citrullinemia type II"", ""Tyrosinemia type III"", ""Glutaric acidemia type I"", ""Propionic acidemia""]",Phenylketonuria,1.0,0.1474252250197552,False,Medium chain acyl-CoA dehydrogenase deficiency,1.0,0.0,4,False,True,locked_llm_graph_agreement,3,universal_confidence_stop,[],not_applicable,False,,[],0.0,0.0,1.0,False,0,0,1.5545598199841957,4,False,0.85,3,True,universal_confidence_stop,True,True,True,1,2,True,11707,1013,7,True
rarebench,rarebench:RAMEDIS:48,10,profile_adapter_branching_resolver,Medium chain acyl-CoA dehydrogenase deficiency,Medium chain acyl-CoA dehydrogenase deficiency,"[""Medium chain acyl-CoA dehydrogenase deficiency"", ""Very long-chain acyl-CoA dehydrogenase deficiency"", ""Phenylketonuria"", ""Biotinidase deficiency"", ""3-Methylcrotonyl-CoA carboxylase deficiency"", ""Glutaric acidemia type I"", ""Isovaleric acidemia"", ""Galactosemia"", ""Citrullinemia type II"", ""Tyrosinemia type III""]",Medium chain acyl-CoA dehydrogenase deficiency,"[""Medium chain acyl-CoA dehydrogenase deficiency"", ""Very long-chain acyl-CoA dehydrogenase deficiency"", ""Isovaleric acidemia"", ""3-Methylcrotonyl-CoA carboxylase deficiency"", ""Biotinidase deficiency"", ""Phenylketonuria"", ""Citrullinemia type II"", ""Tyrosinemia type III"", ""Methylmalonic acidemia"", ""Glutaric acidemia type I""]",Phenylketonuria,1.0,0.167499104533385,False,Medium chain acyl-CoA dehydrogenase deficiency,1.0,0.0,4,False,True,locked_llm_graph_agreement,4,universal_confidence_stop,[],not_applicable,False,,[],0.0,0.0,1.0,False,0,0,1.538500716373292,4,False,0.85,4,True,universal_confidence_stop,True,True,True,1,2,True,15695,1289,9,True
rarebench,rarebench:RAMEDIS:48,15,profile_adapter_branching_resolver,Medium chain acyl-CoA dehydrogenase deficiency,Medium chain acyl-CoA dehydrogenase deficiency,"[""Medium chain acyl-CoA dehydrogenase deficiency"", ""Very long-chain acyl-CoA dehydrogenase deficiency"", ""Phenylketonuria"", ""Biotinidase deficiency"", ""3-Methylcrotonyl-CoA carboxylase deficiency"", ""Glutaric acidemia type I"", ""Isovaleric acidemia"", ""Galactosemia"", ""Citrullinemia type I"", ""Citrullinemia type II""]",Medium chain acyl-CoA dehydrogenase deficiency,"[""Medium chain acyl-CoA dehydrogenase deficiency"", ""Very long-chain acyl-CoA dehydrogenase deficiency"", ""Isovaleric acidemia"", ""3-Methylcrotonyl-CoA carboxylase deficiency"", ""Biotinidase deficiency"", ""Phenylketonuria"", ""Tyrosinemia type III"", ""Citrullinemia type II"", ""Tyrosinemia type 1"", ""3-Hydroxy-3-methylglutaryl-CoA lyase deficiency""]",Phenylketonuria,1.0,0.18693449340183466,False,Medium chain acyl-CoA dehydrogenase deficiency,1.0,0.0,4,False,True,locked_llm_graph_agreement,5,universal_confidence_stop,[],not_applicable,False,,[],0.0,0.0,1.0,False,0,0,1.522952405278532,4,False,0.85,5,True,universal_confidence_stop,True,True,True,1,2,True,19720,1604,11,True
rarebench,rarebench:LIRICAL:77,5,profile_adapter_branching_resolver,Geleophysic dysplasia,Weill-Marchesani syndrome,"[""Weill-Marchesani syndrome"", ""Immunoskeletal dysplasia with neurodevelopmental abnormalities"", ""Cleidocranial dysplasia"", ""Smith-Magenis syndrome"", ""Neurodevelopmental disorder with or without anomalies of the brain, eye, or heart"", ""Geleophysic dysplasia"", ""Larsen syndrome"", ""Osteogenesis imperfecta, type XII"", ""TBCK-related intellectual disability syndrome"", ""Schinzel-Giedion syndrome""]",Weill-Marchesani syndrome,"[""Weill-Marchesani syndrome"", ""Geleophysic dysplasia"", ""Smith-Magenis syndrome"", ""Cleidocranial dysplasia"", ""Immunoskeletal dysplasia with neurodevelopmental abnormalities"", ""Larsen syndrome"", ""Schinzel-Giedion syndrome"", ""Acromicric dysplasia"", ""Acromesomelic dysplasia, Maroteaux type"", ""Myhre syndrome""]",TBCK-related intellectual disability syndrome,1.0,0.029770463965935967,False,Weill-Marchesani syndrome,1.0,0.449068702687235,14,False,True,locked_llm_graph_agreement,3,universal_confidence_stop,[],not_applicable,False,,[],0.0,0.0,1.0,False,0,0,1.2407377281647094,3,False,0.85,3,True,universal_confidence_stop,False,False,False,6,11,True,20659,924,7,True
rarebench,rarebench:LIRICAL:77,10,profile_adapter_branching_resolver,Geleophysic dysplasia,Weill-Marchesani syndrome,"[""Weill-Marchesani syndrome"", ""Smith-Magenis syndrome"", ""Immunoskeletal dysplasia with neurodevelopmental abnormalities"", ""Cleidocranial dysplasia"", ""Neurodevelopmental disorder with or without anomalies of the brain, eye, or heart"", ""Geleophysic dysplasia"", ""Osteogenesis imperfecta, type XII"", ""TBCK-related intellectual disability syndrome"", ""Larsen syndrome"", ""Schinzel-Giedion syndrome""]",Weill-Marchesani syndrome,"[""Weill-Marchesani syndrome"", ""Geleophysic dysplasia"", ""Smith-Magenis syndrome"", ""Osteogenesis imperfecta, type XII"", ""Cleidocranial dysplasia"", ""Immunoskeletal dysplasia with neurodevelopmental abnormalities"", ""Larsen syndrome"", ""Schinzel-Giedion syndrome"", ""Aarskog-Scott syndrome"", ""Acromicric dysplasia""]","Neurodevelopmental disorder with or without anomalies of the brain, eye, or heart",1.0,0.10733778998563581,False,Weill-Marchesani syndrome,1.0,0.449068702687235,14,False,True,locked_llm_graph_agreement,4,universal_confidence_stop,[],not_applicable,False,,[],0.0,0.0,1.0,False,0,0,1.3271291093215651,4,False,0.85,4,True,universal_confidence_stop,False,False,False,6,11,True,27577,1184,9,True
rarebench,rarebench:LIRICAL:77,15,profile_adapter_branching_resolver,Geleophysic dysplasia,Weill-Marchesani syndrome,"[""Weill-Marchesani syndrome"", ""Smith-Magenis syndrome"", ""Immunoskeletal dysplasia with neurodevelopmental abnormalities"", ""Cleidocranial dysplasia"", ""Neurodevelopmental disorder with or without anomalies of the brain, eye, or heart"", ""Geleophysic dysplasia"", ""Osteogenesis imperfecta, type XII"", ""TBCK-related intellectual disability syndrome"", ""Larsen syndrome"", ""Schinzel-Giedion syndrome""]",Weill-Marchesani syndrome,"[""Weill-Marchesani syndrome"", ""Geleophysic dysplasia"", ""Smith-Magenis syndrome"", ""Osteogenesis imperfecta, type XII"", ""Cleidocranial dysplasia"", ""Immunoskeletal dysplasia with neurodevelopmental abnormalities"", ""Larsen syndrome"", ""Schinzel-Giedion syndrome"", ""Acromicric dysplasia"", ""Acromesomelic dysplasia, Maroteaux type""]","Neurodevelopmental disorder with or without anomalies of the brain, eye, or heart",1.0,0.038389698767162916,False,Weill-Marchesani syndrome,1.0,0.449068702687235,14,False,True,locked_llm_graph_agreement,5,universal_confidence_stop,[],not_applicable,False,,[],0.0,0.0,1.0,False,0,0,1.3271556076211677,4,False,0.85,5,True,universal_confidence_stop,False,False,False,6,11,True,34279,1438,11,True
rarebench,rarebench:RAMEDIS:493,5,profile_adapter_branching_resolver,Glutaric acidemia type I,Glutaric acidemia type I,"[""Glutaric acidemia type I"", ""Ornithine transcarbamylase deficiency"", ""Methylmalonic acidemia"", ""Medium chain acyl-CoA dehydrogenase deficiency"", ""3-Hydroxy-3-methylglutaryl-CoA lyase deficiency"", ""Propionic acidemia"", ""Biotinidase deficiency"", ""Carbamoyl-phosphate synthetase 1 deficiency"", ""Primary carnitine deficiency"", ""Glycogen storage disease type Ia""]",Glutaric acidemia type I,"[""Glutaric acidemia type I"", ""Ornithine transcarbamylase deficiency"", ""Methylmalonic acidemia"", ""Medium chain acyl-CoA dehydrogenase deficiency"", ""3-Hydroxy-3-methylglutaryl-CoA lyase deficiency"", ""Carbamoyl-phosphate synthetase 1 deficiency"", ""Primary carnitine deficiency"", ""Propionic acidemia"", ""3-Methylglutaconic aciduria type I"", ""3-Methylglutaconic aciduria type IV""]",Glutaric acidemia type I,1.0,0.10650271327470773,False,Glutaric acidemia type I,1.0,0.0,12,False,True,locked_llm_graph_agreement,3,universal_confidence_stop,[],not_applicable,False,,[],0.0,0.0,1.0,False,0,0,1.1105760687716306,4,False,0.85,3,True,universal_confidence_stop,True,True,True,1,2,True,11843,1031,7,True
rarebench,rarebench:RAMEDIS:493,10,profile_adapter_branching_resolver,Glutaric acidemia type I,Glutaric acidemia type I,"[""Glutaric acidemia type I"", ""Ornithine transcarbamylase deficiency"", ""Methylmalonic acidemia"", ""Medium chain acyl-CoA dehydrogenase deficiency"", ""3-Hydroxy-3-methylglutaryl-CoA lyase deficiency"", ""Citrullinemia type I"", ""Biotinidase deficiency"", ""L-2-hydroxyglutaric aciduria"", ""Carbamoyl-phosphate synthetase 1 deficiency"", ""Glycogen storage disease type Ia""]",Glutaric acidemia type I,"[""Glutaric acidemia type I"", ""Ornithine transcarbamylase deficiency"", ""Methylmalonic acidemia"", ""Medium chain acyl-CoA dehydrogenase deficiency"", ""3-Hydroxy-3-methylglutaryl-CoA lyase deficiency"", ""L-2-hydroxyglutaric aciduria"", ""Carbamoyl-phosphate synthetase 1 deficiency"", ""Citrullinemia type I"", ""Beta-ketothiolase deficiency"", ""Succinic semialdehyde dehydrogenase deficiency""]",Glutaric acidemia type I,1.0,0.0012091951325002848,False,Glutaric acidemia type I,1.0,0.0577233698886338,14,False,True,locked_llm_graph_agreement,4,universal_confidence_stop,[],not_applicable,False,,[],0.0,0.0,1.0,False,0,0,1.2080475904086971,4,False,0.85,4,True,universal_confidence_stop,True,True,True,1,2,True,15958,1316,9,True
rarebench,rarebench:RAMEDIS:493,15,profile_adapter_branching_resolver,Glutaric acidemia type I,Glutaric acidemia type I,"[""Glutaric acidemia type I"", ""Ornithine transcarbamylase deficiency"", ""Methylmalonic acidemia"", ""Medium chain acyl-CoA dehydrogenase deficiency"", ""3-Hydroxy-3-methylglutaryl-CoA lyase deficiency"", ""Citrullinemia type I"", ""Biotinidase deficiency"", ""L-2-hydroxyglutaric aciduria"", ""Carbamoyl-phosphate synthetase 1 deficiency"", ""Glycogen storage disease type Ia""]",Glutaric acidemia type I,"[""Glutaric acidemia type I"", ""Ornithine transcarbamylase deficiency"", ""Methylmalonic acidemia"", ""Medium chain acyl-CoA dehydrogenase deficiency"", ""3-Hydroxy-3-methylglutaryl-CoA lyase deficiency"", ""L-2-hydroxyglutaric aciduria"", ""Carbamoyl-phosphate synthetase 1 deficiency"", ""Citrullinemia type I"", ""3-Methylcrotonyl-CoA carboxylase deficiency"", ""Succinic semialdehyde dehydrogenase deficiency""]",Phenylketonuria,1.0,0.036268872737033386,False,Glutaric acidemia type I,1.0,0.0577233698886338,14,False,True,locked_llm_graph_agreement,5,universal_confidence_stop,[],not_applicable,False,,[],0.0,0.0,1.0,False,0,0,1.2019921428297393,4,False,0.85,5,True,universal_confidence_stop,True,True,True,1,2,True,20154,1627,11,True
rarebench,rarebench:HMS:50,5,profile_adapter_branching_resolver,Cryoglobulinemic vasculitis,Cryoglobulinemic vasculitis,"[""Cryoglobulinemic vasculitis"", ""Systemic lupus erythematosus"", ""Immunoglobulin A vasculitis"", ""Granulomatosis with polyangiitis"", ""Sarcoidosis"", ""Beh\u00e7et disease"", ""Antisynthetase syndrome"", ""Familial Mediterranean fever"", ""Relapsing polychondritis"", ""Sj\u00f6gren syndrome""]",Cryoglobulinemic vasculitis,"[""Cryoglobulinemic vasculitis"", ""Systemic lupus erythematosus"", ""Immunoglobulin A vasculitis"", ""Beh\u00e7et disease"", ""Sarcoidosis"", ""Granulomatosis with polyangiitis"", ""Familial Mediterranean fever"", ""Antisynthetase syndrome"", ""Relapsing polychondritis"", ""Sj\u00f6gren syndrome""]",Granulomatosis with polyangiitis,1.0,0.030959412694126276,False,Immunoglobulin A vasculitis,1.0,0.12747585529546557,25,True,True,blocked_weak_graph_override,4,continue,[],not_applicable,False,,[],0.0,0.0,1.0,False,0,0,0.017707845188793314,3,False,0.85,5,False,budget_exhausted_forced_final,True,True,True,1,5,True,17394,1574,11,True
rarebench,rarebench:HMS:50,10,profile_adapter_branching_resolver,Cryoglobulinemic vasculitis,Systemic lupus erythematosus,"[""Systemic lupus erythematosus"", ""Cryoglobulinemic vasculitis"", ""Immunoglobulin A vasculitis"", ""Sarcoidosis"", ""Granulomatosis with polyangiitis"", ""Takayasu arteritis"", ""Familial Mediterranean fever"", ""Antisynthetase syndrome"", ""Beh\u00e7et disease"", ""Relapsing polychondritis""]",Cryoglobulinemic vasculitis,"[""Cryoglobulinemic vasculitis"", ""Systemic lupus erythematosus"", ""Immunoglobulin A vasculitis"", ""Sarcoidosis"", ""Takayasu arteritis"", ""Familial Mediterranean fever"", ""Granulomatosis with polyangiitis"", ""Beh\u00e7et disease"", ""Relapsing polychondritis"", ""Antisynthetase syndrome""]",Antisynthetase syndrome,1.0,0.051353435900495126,False,Granulomatosis with polyangiitis,1.0,0.02911282357298639,31,True,True,blocked_weak_graph_override,7,universal_confidence_stop,[],not_applicable,False,,[],0.0,0.0,1.0,True,2,3,0.277160069692417,5,True,0.85,10,False,budget_exhausted_forced_final,False,True,True,2,5,True,33343,2786,20,True
rarebench,rarebench:HMS:50,15,profile_adapter_branching_resolver,Cryoglobulinemic vasculitis,Cryoglobulinemic vasculitis,"[""Cryoglobulinemic vasculitis"", ""Systemic lupus erythematosus"", ""Immunoglobulin A vasculitis"", ""Granulomatosis with polyangiitis"", ""Sarcoidosis"", ""Takayasu arteritis"", ""Familial Mediterranean fever"", ""Antisynthetase syndrome"", ""Beh\u00e7et disease"", ""Spondyloarthropathy""]",Cryoglobulinemic vasculitis,"[""Cryoglobulinemic vasculitis"", ""Systemic lupus erythematosus"", ""Immunoglobulin A vasculitis"", ""Sarcoidosis"", ""Takayasu arteritis"", ""Familial Mediterranean fever"", ""Granulomatosis with polyangiitis"", ""Antisynthetase syndrome"", ""Beh\u00e7et disease"", ""Whipple disease""]",Granulomatosis with polyangiitis,1.0,0.01157456781912991,False,Granulomatosis with polyangiitis,1.0,0.0318700922824765,30,True,True,blocked_weak_graph_override,6,universal_confidence_stop,[],not_applicable,False,,[],0.0,0.0,1.0,True,2,4,0.9964931283196079,5,False,0.85,10,True,universal_confidence_stop,True,True,True,1,5,True,30881,2575,19,True
rarebench,rarebench:RAMEDIS:502,5,profile_adapter_branching_resolver,Phenylketonuria,Phenylketonuria,"[""Phenylketonuria"", ""Galactosemia"", ""Biotinidase deficiency"", ""Tyrosinemia type 1"", ""L-2-hydroxyglutaric aciduria"", ""Medium chain acyl-CoA dehydrogenase deficiency"", ""Succinic semialdehyde dehydrogenase deficiency"", ""Tyrosinemia type III"", ""Dihydropyrimidinuria"", ""3-Methylglutaconic aciduria type I""]",Phenylketonuria,"[""Phenylketonuria"", ""Biotinidase deficiency"", ""Galactosemia"", ""Tyrosinemia type 1"", ""Succinic semialdehyde dehydrogenase deficiency"", ""Tyrosinemia type III"", ""Dihydropyrimidinuria"", ""L-2-hydroxyglutaric aciduria"", ""Methylmalonic acidemia"", ""Medium chain acyl-CoA dehydrogenase deficiency""]",Phenylketonuria,1.0,0.4268684750971472,False,Phenylketonuria,1.0,0.33333333333333337,4,False,True,locked_llm_graph_agreement,3,universal_confidence_stop,[],not_applicable,False,,[],0.0,0.0,1.0,False,0,0,1.730872880178989,4,False,0.95,3,True,universal_confidence_stop,True,True,True,1,1,False,11907,965,7,True
rarebench,rarebench:RAMEDIS:502,10,profile_adapter_branching_resolver,Phenylketonuria,Phenylketonuria,"[""Phenylketonuria"", ""Galactosemia"", ""Biotinidase deficiency"", ""L-2-hydroxyglutaric aciduria"", ""Medium chain acyl-CoA dehydrogenase deficiency"", ""Tyrosinemia type 1"", ""Succinic semialdehyde dehydrogenase deficiency"", ""Tyrosinemia type III"", ""Dihydropyrimidinuria"", ""Methylmalonic acidemia""]",Phenylketonuria,"[""Phenylketonuria"", ""Biotinidase deficiency"", ""Tyrosinemia type III"", ""Tyrosinemia type 1"", ""L-2-hydroxyglutaric aciduria"", ""Dihydropyrimidinuria"", ""Succinic semialdehyde dehydrogenase deficiency"", ""Galactosemia"", ""Methylmalonic acidemia"", ""Glutaric acidemia type I""]",Phenylketonuria,1.0,0.4061372307793286,False,Phenylketonuria,1.0,0.33333333333333337,4,False,True,locked_llm_graph_agreement,4,universal_confidence_stop,[],not_applicable,False,,[],0.0,0.0,1.0,False,0,0,1.7575730705253139,4,False,0.95,4,True,universal_confidence_stop,True,True,True,1,1,False,15692,1218,9,True
rarebench,rarebench:RAMEDIS:502,15,profile_adapter_branching_resolver,Phenylketonuria,Phenylketonuria,"[""Phenylketonuria"", ""Galactosemia"", ""Biotinidase deficiency"", ""L-2-hydroxyglutaric aciduria"", ""Medium chain acyl-CoA dehydrogenase deficiency"", ""Tyrosinemia type 1"", ""Succinic semialdehyde dehydrogenase deficiency"", ""Tyrosinemia type III"", ""Dihydropyrimidinuria"", ""Methylmalonic acidemia""]",Phenylketonuria,"[""Phenylketonuria"", ""Methylmalonic acidemia"", ""Smith-Lemli-Opitz syndrome"", ""Glutaric acidemia type I"", ""Medium chain acyl-CoA dehydrogenase deficiency"", ""PMM2-CDG"", ""Tyrosinemia type 1"", ""Biotinidase deficiency"", ""Succinic semialdehyde dehydrogenase deficiency"", ""Tyrosinemia type III""]",Phenylketonuria,1.0,0.357524949064553,False,Phenylketonuria,1.0,0.33333333333333337,4,False,True,locked_llm_graph_agreement,5,universal_confidence_stop,[],not_applicable,False,,[],0.0,0.0,1.0,False,0,0,1.7046716787060894,4,False,0.95,5,True,universal_confidence_stop,True,True,True,1,1,False,20057,1500,11,True
rarebench,rarebench:RAMEDIS:379,5,profile_adapter_branching_resolver,Maturity-onset diabetes of the young,Maturity-onset diabetes of the young,"[""Maturity-onset diabetes of the young"", ""Methylmalonic acidemia"", ""Phenylketonuria"", ""3-Hydroxy-3-methylglutaryl-CoA lyase deficiency"", ""Citrullinemia type I"", ""Pearson syndrome"", ""Glutaric acidemia type I"", ""Propionic acidemia"", ""Biotinidase deficiency"", ""PMM2-CDG""]",Maturity-onset diabetes of the young,"[""Maturity-onset diabetes of the young"", ""Methylmalonic acidemia"", ""Pearson syndrome"", ""Carbamoyl-phosphate synthetase 1 deficiency"", ""3-Hydroxy-3-methylglutaryl-CoA lyase deficiency"", ""Citrullinemia type I"", ""Propionic acidemia"", ""Phenylketonuria"", ""Biotinidase deficiency"", ""PMM2-CDG""]",Phenylketonuria,1.0,0.1950755266974894,False,Maturity-onset diabetes of the young,1.0,0.6300813008130082,12,False,True,locked_llm_graph_agreement,3,universal_confidence_stop,[],not_applicable,False,,[],0.0,0.0,1.0,False,0,0,1.4309625229645326,4,False,0.85,3,True,universal_confidence_stop,True,True,True,1,1,False,12350,1000,7,True
rarebench,rarebench:RAMEDIS:379,10,profile_adapter_branching_resolver,Maturity-onset diabetes of the young,Maturity-onset diabetes of the young,"[""Maturity-onset diabetes of the young"", ""Methylmalonic acidemia"", ""Phenylketonuria"", ""3-Hydroxy-3-methylglutaryl-CoA lyase deficiency"", ""Citrullinemia type I"", ""Pearson syndrome"", ""Glutaric acidemia type I"", ""Propionic acidemia"", ""Biotinidase deficiency"", ""PMM2-CDG""]",Maturity-onset diabetes of the young,"[""Maturity-onset diabetes of the young"", ""Methylmalonic acidemia"", ""Phenylketonuria"", ""Pearson syndrome"", ""Carbamoyl-phosphate synthetase 1 deficiency"", ""3-Hydroxy-3-methylglutaryl-CoA lyase deficiency"", ""Citrullinemia type I"", ""Propionic acidemia"", ""Glutaric acidemia type I"", ""Biotinidase deficiency""]",Phenylketonuria,1.0,0.22371717128132895,False,Maturity-onset diabetes of the young,1.0,0.6300813008130082,12,False,True,locked_llm_graph_agreement,4,universal_confidence_stop,[],not_applicable,False,,[],0.0,0.0,1.0,False,0,0,1.4163246040656312,4,False,0.85,4,True,universal_confidence_stop,True,True,True,1,1,False,16389,1243,9,True
rarebench,rarebench:RAMEDIS:379,15,profile_adapter_branching_resolver,Maturity-onset diabetes of the young,Maturity-onset diabetes of the young,"[""Maturity-onset diabetes of the young"", ""Methylmalonic acidemia"", ""Phenylketonuria"", ""Propionic acidemia"", ""3-Hydroxy-3-methylglutaryl-CoA lyase deficiency"", ""Pearson syndrome"", ""Citrullinemia type I"", ""PMM2-CDG"", ""Glutaric acidemia type I"", ""Medium chain acyl-CoA dehydrogenase deficiency""]",Maturity-onset diabetes of the young,"[""Maturity-onset diabetes of the young"", ""Methylmalonic acidemia"", ""Citrullinemia type I"", ""Pearson syndrome"", ""3-Hydroxy-3-methylglutaryl-CoA lyase deficiency"", ""Propionic acidemia"", ""Carbamoyl-phosphate synthetase 1 deficiency"", ""Phenylketonuria"", ""Glutaric acidemia type I"", ""Medium chain acyl-CoA dehydrogenase deficiency""]",Phenylketonuria,1.0,0.23449028910800696,False,Maturity-onset diabetes of the young,1.0,0.6300813008130082,12,False,True,locked_llm_graph_agreement,5,universal_confidence_stop,[],not_applicable,False,,[],0.0,0.0,1.0,False,0,0,1.6733930183179926,4,False,0.85,5,True,universal_confidence_stop,True,True,True,1,1,False,20525,1527,11,True
rarebench,rarebench:HMS:29,5,profile_adapter_branching_resolver,SAPHO syndrome,SAPHO syndrome,"[""SAPHO syndrome"", ""Beh\u00e7et disease"", ""Cryoglobulinemic vasculitis"", ""Takayasu arteritis"", ""Familial Mediterranean fever"", ""Granulomatosis with polyangiitis"", ""Antisynthetase syndrome"", ""Cryopyrin-associated periodic syndrome"", ""Spondyloarthropathy"", ""Sarcoidosis""]",SAPHO syndrome,"[""SAPHO syndrome"", ""Beh\u00e7et disease"", ""Cryoglobulinemic vasculitis"", ""Tumor necrosis factor receptor 1 associated periodic syndrome"", ""Familial Mediterranean fever"", ""IgG4-related disease"", ""Vasculitis, autoinflammation, immunodeficiency, and hematologic defects syndrome"", ""Takayasu arteritis"", ""Giant Cell Arteritis"", ""Antiphospholipid syndrome""]",Granulomatosis with polyangiitis,1.0,0.01988437361185247,False,SAPHO syndrome,1.0,0.6202775326862917,8,False,True,locked_llm_graph_agreement,3,universal_confidence_stop,[],not_applicable,False,,[],0.0,0.0,1.0,False,0,0,1.8295618051200253,4,False,0.85,3,True,universal_confidence_stop,True,True,True,1,1,False,8983,932,7,True
rarebench,rarebench:HMS:29,10,profile_adapter_branching_resolver,SAPHO syndrome,SAPHO syndrome,"[""SAPHO syndrome"", ""Takayasu arteritis"", ""Beh\u00e7et disease"", ""Cryoglobulinemic vasculitis"", ""Granulomatosis with polyangiitis"", ""Familial Mediterranean fever"", ""Antisynthetase syndrome"", ""Cryopyrin-associated periodic syndrome"", ""Spondyloarthropathy"", ""Sarcoidosis""]",SAPHO syndrome,"[""SAPHO syndrome"", ""Tumor necrosis factor receptor 1 associated periodic syndrome"", ""Familial Mediterranean fever"", ""Cryoglobulinemic vasculitis"", ""Beh\u00e7et disease"", ""IgG4-related disease"", ""Vasculitis, autoinflammation, immunodeficiency, and hematologic defects syndrome"", ""Takayasu arteritis"", ""Giant Cell Arteritis"", ""Eosinophilic granulomatosis with polyangiitis""]",Granulomatosis with polyangiitis,1.0,0.03548610779205874,False,SAPHO syndrome,1.0,0.6202775326862917,8,False,True,locked_llm_graph_agreement,4,universal_confidence_stop,[],not_applicable,False,,[],0.0,0.0,1.0,False,0,0,1.756068915848977,4,False,0.85,4,True,universal_confidence_stop,True,True,True,1,1,False,11828,1211,9,True
rarebench,rarebench:HMS:29,15,profile_adapter_branching_resolver,SAPHO syndrome,SAPHO syndrome,"[""SAPHO syndrome"", ""Takayasu arteritis"", ""Beh\u00e7et disease"", ""Cryoglobulinemic vasculitis"", ""Familial Mediterranean fever"", ""Granulomatosis with polyangiitis"", ""Antisynthetase syndrome"", ""Cryopyrin-associated periodic syndrome"", ""Spondyloarthropathy"", ""Sarcoidosis""]",SAPHO syndrome,"[""SAPHO syndrome"", ""Familial Mediterranean fever"", ""Tumor necrosis factor receptor 1 associated periodic syndrome"", ""Beh\u00e7et disease"", ""Takayasu arteritis"", ""Vasculitis, autoinflammation, immunodeficiency, and hematologic defects syndrome"", ""Cryoglobulinemic vasculitis"", ""IgG4-related disease"", ""Giant Cell Arteritis"", ""Antiphospholipid syndrome""]",Granulomatosis with polyangiitis,1.0,0.05839695129103817,False,SAPHO syndrome,1.0,0.6202775326862917,8,False,True,locked_llm_graph_agreement,5,universal_confidence_stop,[],not_applicable,False,,[],0.0,0.0,1.0,False,0,0,1.7491373768158716,4,False,0.9,5,True,universal_confidence_stop,True,True,True,1,1,False,14860,1478,11,True
rarebench,rarebench:RAMEDIS:256,5,profile_adapter_branching_resolver,Phenylketonuria,Phenylketonuria,"[""Phenylketonuria"", ""Tyrosinemia type 1"", ""Tyrosinemia type III"", ""Medium chain acyl-CoA dehydrogenase deficiency"", ""Biotinidase deficiency"", ""Maple syrup urine disease"", ""Citrullinemia type I"", ""Hyperphenylalaninemia"", ""Maturity-onset diabetes of the young"", ""Citrullinemia type II""]",Phenylketonuria,"[""Phenylketonuria"", ""Tyrosinemia type 1"", ""Tyrosinemia type III"", ""Hyperphenylalaninemia"", ""Biotinidase deficiency"", ""Medium chain acyl-CoA dehydrogenase deficiency"", ""Citrullinemia type II"", ""Maturity-onset diabetes of the young"", ""Glutaric acidemia type I"", ""Methylmalonic acidemia""]",Phenylketonuria,1.0,0.4616911370419303,False,Phenylketonuria,1.0,0.42450607214065617,11,False,True,locked_llm_graph_agreement,3,universal_confidence_stop,[],not_applicable,False,,[],0.0,0.0,1.0,False,0,0,1.966372750728627,4,False,0.85,3,True,universal_confidence_stop,True,True,True,1,1,False,12372,943,7,True
rarebench,rarebench:RAMEDIS:256,10,profile_adapter_branching_resolver,Phenylketonuria,Phenylketonuria,"[""Phenylketonuria"", ""Tyrosinemia type III"", ""Tyrosinemia type 1"", ""Medium chain acyl-CoA dehydrogenase deficiency"", ""Biotinidase deficiency"", ""Maple syrup urine disease"", ""Citrullinemia type I"", ""Hyperphenylalaninemia"", ""Citrullinemia type II"", ""Homocystinuria""]",Phenylketonuria,"[""Phenylketonuria"", ""Tyrosinemia type 1"", ""Tyrosinemia type III"", ""Hyperphenylalaninemia"", ""Biotinidase deficiency"", ""Medium chain acyl-CoA dehydrogenase deficiency"", ""Citrullinemia type II"", ""Maple syrup urine disease"", ""Glutaric acidemia type I"", ""Methylmalonic acidemia""]",Phenylketonuria,1.0,0.44654341716152257,False,Phenylketonuria,1.0,0.3783783783783783,12,False,True,locked_llm_graph_agreement,4,universal_confidence_stop,[],not_applicable,False,,[],0.0,0.0,1.0,False,0,0,2.107635135135135,4,False,0.85,4,True,universal_confidence_stop,True,True,True,1,1,False,16421,1203,9,True
rarebench,rarebench:RAMEDIS:256,15,profile_adapter_branching_resolver,Phenylketonuria,Phenylketonuria,"[""Phenylketonuria"", ""Tyrosinemia type 1"", ""Tyrosinemia type III"", ""Medium chain acyl-CoA dehydrogenase deficiency"", ""Biotinidase deficiency"", ""Citrullinemia type I"", ""Maple syrup urine disease"", ""Hyperphenylalaninemia"", ""Citrullinemia type II"", ""Homocystinuria""]",Phenylketonuria,"[""Phenylketonuria"", ""Tyrosinemia type 1"", ""Tyrosinemia type III"", ""Biotinidase deficiency"", ""Medium chain acyl-CoA dehydrogenase deficiency"", ""Citrullinemia type II"", ""Methylmalonic acidemia"", ""Glutaric acidemia type I"", ""3-Methylglutaconic aciduria type I"", ""3-Methylglutaconic aciduria type IV""]",Phenylketonuria,1.0,0.4461377902653909,False,Phenylketonuria,1.0,0.3783783783783783,12,False,True,locked_llm_graph_agreement,5,universal_confidence_stop,[],not_applicable,False,,[],0.0,0.0,1.0,False,0,0,1.9264536057207708,4,False,0.85,5,True,universal_confidence_stop,True,True,True,1,1,False,20568,1472,11,True
rarebench,rarebench:LIRICAL:195,5,profile_adapter_branching_resolver,TBCK-related intellectual disability syndrome,TBCK-related intellectual disability syndrome,"[""TBCK-related intellectual disability syndrome"", ""Smith-Magenis syndrome"", ""Neurodevelopmental disorder with or without anomalies of the brain, eye, or heart"", ""Hypomyelinating leukodystrophy"", ""Townes-Brocks syndrome"", ""Bilateral frontoparietal polymicrogyria"", ""Apert syndrome"", ""Immunoskeletal dysplasia with neurodevelopmental abnormalities"", ""Bardet-Biedl syndrome"", ""Smith-Lemli-Opitz syndrome""]",TBCK-related intellectual disability syndrome,"[""TBCK-related intellectual disability syndrome"", ""Neurodevelopmental disorder with or without anomalies of the brain, eye, or heart"", ""Immunoskeletal dysplasia with neurodevelopmental abnormalities"", ""Smith-Lemli-Opitz syndrome"", ""Hypomyelinating leukodystrophy"", ""Bilateral frontoparietal polymicrogyria"", ""Townes-Brocks syndrome"", ""Apert syndrome"", ""Bardet-Biedl syndrome"", ""Smith-Magenis syndrome""]",TBCK-related intellectual disability syndrome,1.0,0.39981715625204894,False,TBCK-related intellectual disability syndrome,1.0,0.7252052538185276,17,False,True,locked_llm_graph_agreement,3,universal_confidence_stop,[],not_applicable,False,,[],0.0,0.0,1.0,False,0,0,2.3526186288573054,4,False,0.95,3,True,universal_confidence_stop,True,True,True,1,1,False,21647,1035,7,True
rarebench,rarebench:LIRICAL:195,10,profile_adapter_branching_resolver,TBCK-related intellectual disability syndrome,TBCK-related intellectual disability syndrome,"[""TBCK-related intellectual disability syndrome"", ""Townes-Brocks syndrome"", ""Hypomyelinating leukodystrophy"", ""Smith-Magenis syndrome"", ""Neurodevelopmental disorder with or without anomalies of the brain, eye, or heart"", ""Bilateral frontoparietal polymicrogyria"", ""Immunoskeletal dysplasia with neurodevelopmental abnormalities"", ""Mucolipidosis type IV"", ""Microcephaly, primary autosomal recessive, 6"", ""Glutaric acidemia type I""]",TBCK-related intellectual disability syndrome,"[""TBCK-related intellectual disability syndrome"", ""Neurodevelopmental disorder with or without anomalies of the brain, eye, or heart"", ""Immunoskeletal dysplasia with neurodevelopmental abnormalities"", ""Glutaric acidemia type I"", ""Smith-Lemli-Opitz syndrome"", ""Hypomyelinating leukodystrophy"", ""Townes-Brocks syndrome"", ""Bilateral frontoparietal polymicrogyria"", ""Smith-Magenis syndrome"", ""Bardet-Biedl syndrome""]",TBCK-related intellectual disability syndrome,1.0,0.41126481892444555,False,TBCK-related intellectual disability syndrome,1.0,0.7863264233691355,20,False,True,locked_llm_graph_agreement,4,universal_confidence_stop,[],not_applicable,False,,[],0.0,0.0,1.0,False,0,0,2.5942753868745054,4,False,0.9,4,True,universal_confidence_stop,True,True,True,1,1,False,28967,1317,9,True
rarebench,rarebench:LIRICAL:195,15,profile_adapter_branching_resolver,TBCK-related intellectual disability syndrome,TBCK-related intellectual disability syndrome,"[""TBCK-related intellectual disability syndrome"", ""Townes-Brocks syndrome"", ""Hypomyelinating leukodystrophy"", ""Smith-Magenis syndrome"", ""Congenital disorder of glycosylation, type IIP"", ""Neurodevelopmental disorder with or without anomalies of the brain, eye, or heart"", ""Bilateral frontoparietal polymicrogyria"", ""Mucolipidosis type IV"", ""Smith-Lemli-Opitz syndrome"", ""Glutaric acidemia type I""]",TBCK-related intellectual disability syndrome,"[""TBCK-related intellectual disability syndrome"", ""Neurodevelopmental disorder with or without anomalies of the brain, eye, or heart"", ""Smith-Magenis syndrome"", ""Hypomyelinating leukodystrophy"", ""Immunoskeletal dysplasia with neurodevelopmental abnormalities"", ""Microcephaly, primary autosomal recessive, 6"", ""Bardet-Biedl syndrome"", ""Townes-Brocks syndrome"", ""Bilateral frontoparietal polymicrogyria"", ""Mucolipidosis type IV""]",TBCK-related intellectual disability syndrome,1.0,0.3458957812913408,False,TBCK-related intellectual disability syndrome,1.0,0.7863264233691355,20,False,True,locked_llm_graph_agreement,5,universal_confidence_stop,[],not_applicable,False,,[],0.0,0.0,1.0,False,0,0,2.5767753868745054,4,False,0.85,5,True,universal_confidence_stop,True,True,True,1,1,False,36163,1622,11,True
rarebench,rarebench:RAMEDIS:604,5,profile_adapter_branching_resolver,Smith-Lemli-Opitz syndrome,Smith-Lemli-Opitz syndrome,"[""Smith-Lemli-Opitz syndrome"", ""Phenylketonuria"", ""Citrullinemia type I"", ""Galactosemia"", ""Maple syrup urine disease"", ""PMM2-CDG"", ""Mitochondrial complex IV deficiency"", ""Succinic semialdehyde dehydrogenase deficiency"", ""3-Methylglutaconic aciduria type I"", ""Homocystinuria""]",Smith-Lemli-Opitz syndrome,"[""Smith-Lemli-Opitz syndrome"", ""Phenylketonuria"", ""Citrullinemia type I"", ""Galactosemia"", ""PMM2-CDG"", ""Mitochondrial complex IV deficiency"", ""Maple syrup urine disease"", ""Succinic semialdehyde dehydrogenase deficiency"", ""Glutaric acidemia type I"", ""Methylmalonic acidemia""]",Phenylketonuria,1.0,0.2838266254840994,False,Smith-Lemli-Opitz syndrome,1.0,0.2761904761904761,13,False,True,locked_llm_graph_agreement,3,universal_confidence_stop,[],not_applicable,False,,[],0.0,0.0,1.0,False,0,0,0.9728160032301498,4,False,0.9,3,True,universal_confidence_stop,True,True,True,1,4,True,12824,996,7,True
rarebench,rarebench:RAMEDIS:604,10,profile_adapter_branching_resolver,Smith-Lemli-Opitz syndrome,Smith-Lemli-Opitz syndrome,"[""Smith-Lemli-Opitz syndrome"", ""Phenylketonuria"", ""Galactosemia"", ""Maple syrup urine disease"", ""PMM2-CDG"", ""Citrullinemia type I"", ""Mitochondrial complex IV deficiency"", ""Succinic semialdehyde dehydrogenase deficiency"", ""3-Methylglutaconic aciduria type I"", ""Homocystinuria""]",Smith-Lemli-Opitz syndrome,"[""Smith-Lemli-Opitz syndrome"", ""Phenylketonuria"", ""Citrullinemia type I"", ""Galactosemia"", ""Mitochondrial complex IV deficiency"", ""PMM2-CDG"", ""Succinic semialdehyde dehydrogenase deficiency"", ""Maple syrup urine disease"", ""Glutaric acidemia type I"", ""Methylmalonic acidemia""]",Phenylketonuria,1.0,0.2908782974134946,False,Smith-Lemli-Opitz syndrome,1.0,0.2761904761904761,13,False,True,locked_llm_graph_agreement,4,universal_confidence_stop,[],not_applicable,False,,[],0.0,0.0,1.0,False,0,0,0.9656036824031902,4,False,0.9,4,True,universal_confidence_stop,True,True,True,1,4,True,17034,1262,9,True
rarebench,rarebench:RAMEDIS:604,15,profile_adapter_branching_resolver,Smith-Lemli-Opitz syndrome,Smith-Lemli-Opitz syndrome,"[""Smith-Lemli-Opitz syndrome"", ""Phenylketonuria"", ""Galactosemia"", ""Maple syrup urine disease"", ""PMM2-CDG"", ""Citrullinemia type I"", ""Mitochondrial complex IV deficiency"", ""Succinic semialdehyde dehydrogenase deficiency"", ""3-Methylglutaconic aciduria type I"", ""Homocystinuria""]",Smith-Lemli-Opitz syndrome,"[""Smith-Lemli-Opitz syndrome"", ""Phenylketonuria"", ""Galactosemia"", ""Citrullinemia type I"", ""Succinic semialdehyde dehydrogenase deficiency"", ""Maple syrup urine disease"", ""Mitochondrial complex IV deficiency"", ""PMM2-CDG"", ""Methylmalonic acidemia"", ""Glutaric acidemia type I""]",Phenylketonuria,1.0,0.2659898789498091,False,Smith-Lemli-Opitz syndrome,1.0,0.2761904761904761,13,False,True,locked_llm_graph_agreement,5,universal_confidence_stop,[],not_applicable,False,,[],0.0,0.0,1.0,False,0,0,0.9748679578305457,4,False,0.95,5,True,universal_confidence_stop,True,True,True,1,4,True,21209,1526,11,True
rarebench,rarebench:LIRICAL:149,5,profile_adapter_branching_resolver,"GM1-gangliosidosis, type III",Galactosialidosis,"[""Galactosialidosis"", ""Leukocyte adhesion deficiency, type III"", ""Immunoskeletal dysplasia with neurodevelopmental abnormalities"", ""Ataxia-pancytopenia syndrome"", ""Gaucher disease"", ""Neurodevelopmental disorder with or without anomalies of the brain, eye, or heart"", ""Smith-Lemli-Opitz syndrome"", ""Glutaric acidemia type I"", ""Dyggve-Melchior-Clausen disease"", ""TBCK-related intellectual disability syndrome""]",Galactosialidosis,"[""Galactosialidosis"", ""GM1-gangliosidosis, type III"", ""Niemann-Pick disease type C"", ""Gaucher disease"", ""Neurodegeneration with brain iron accumulation 2B"", ""Immunoskeletal dysplasia with neurodevelopmental abnormalities"", ""Dyggve-Melchior-Clausen disease"", ""Pseudoachondroplasia"", ""Osteogenesis imperfecta, type XI"", ""Neurodevelopmental disorder with or without anomalies of the brain, eye, or heart""]",Galactosialidosis,1.0,0.13437093281763457,False,Galactosialidosis,1.0,0.5816395663956639,6,False,True,locked_llm_graph_agreement,3,universal_confidence_stop,[],not_applicable,False,,[],0.0,0.0,1.0,False,0,0,2.3588855013550134,4,False,0.9,3,True,universal_confidence_stop,False,False,False,11,11,False,20867,1034,7,True
rarebench,rarebench:LIRICAL:149,10,profile_adapter_branching_resolver,"GM1-gangliosidosis, type III",Galactosialidosis,"[""Galactosialidosis"", ""TBCK-related intellectual disability syndrome"", ""Immunoskeletal dysplasia with neurodevelopmental abnormalities"", ""Neurodevelopmental disorder with or without anomalies of the brain, eye, or heart"", ""Glutaric acidemia type I"", ""Smith-Lemli-Opitz syndrome"", ""Gaucher disease"", ""Niemann-Pick disease type C"", ""Dyggve-Melchior-Clausen disease"", ""GM1-gangliosidosis, type III""]",Galactosialidosis,"[""Galactosialidosis"", ""GM1-gangliosidosis, type III"", ""Niemann-Pick disease type C"", ""Gaucher disease"", ""Neurodegeneration with brain iron accumulation 2B"", ""Dyggve-Melchior-Clausen disease"", ""Pseudoachondroplasia"", ""Osteogenesis imperfecta, type XI"", ""Osteogenesis imperfecta"", ""Kufor-Rakeb syndrome""]",TBCK-related intellectual disability syndrome,1.0,0.05340080656166246,False,Galactosialidosis,1.0,0.5816395663956639,6,False,True,locked_llm_graph_agreement,4,universal_confidence_stop,[],not_applicable,False,,[],0.0,0.0,1.0,False,0,0,2.4273621001922328,4,False,0.85,4,True,universal_confidence_stop,False,False,False,10,11,True,27577,1294,9,True
rarebench,rarebench:LIRICAL:149,15,profile_adapter_branching_resolver,"GM1-gangliosidosis, type III",Galactosialidosis,"[""Galactosialidosis"", ""Immunoskeletal dysplasia with neurodevelopmental abnormalities"", ""TBCK-related intellectual disability syndrome"", ""Ataxia-pancytopenia syndrome"", ""Gaucher disease"", ""Neurodevelopmental disorder with or without anomalies of the brain, eye, or heart"", ""Glutaric acidemia type I"", ""Smith-Lemli-Opitz syndrome"", ""Dyggve-Melchior-Clausen disease"", ""Retinitis pigmentosa""]",Galactosialidosis,"[""Galactosialidosis"", ""GM1-gangliosidosis, type III"", ""Gaucher disease"", ""Neurodegeneration with brain iron accumulation 2B"", ""Dyggve-Melchior-Clausen disease"", ""Pseudoachondroplasia"", ""Osteogenesis imperfecta, type XI"", ""Osteogenesis imperfecta"", ""Kufor-Rakeb syndrome"", ""Choreoacanthocytosis""]",TBCK-related intellectual disability syndrome,1.0,0.07497922571584892,False,Galactosialidosis,1.0,0.5816395663956639,6,False,True,locked_llm_graph_agreement,5,universal_confidence_stop,[],not_applicable,False,,[],0.0,0.0,1.0,False,0,0,2.3608466831461232,4,False,0.85,5,True,universal_confidence_stop,False,False,False,11,11,False,33373,1527,11,True
rarebench,rarebench:HMS:14,5,profile_adapter_branching_resolver,Granulomatosis with polyangiitis,Granulomatosis with polyangiitis,"[""Granulomatosis with polyangiitis"", ""Antisynthetase syndrome"", ""Takayasu arteritis"", ""Relapsing polychondritis"", ""Spondyloarthropathy"", ""Sarcoidosis"", ""Systemic lupus erythematosus"", ""Cryopyrin-associated periodic syndrome"", ""Familial Mediterranean fever"", ""Cryoglobulinemic vasculitis""]",Granulomatosis with polyangiitis,"[""Granulomatosis with polyangiitis"", ""Relapsing polychondritis"", ""Sarcoidosis"", ""Antisynthetase syndrome"", ""Systemic lupus erythematosus"", ""Takayasu arteritis"", ""Cryopyrin-associated periodic syndrome"", ""Spondyloarthropathy"", ""Familial Mediterranean fever"", ""Cryoglobulinemic vasculitis""]",Granulomatosis with polyangiitis,1.0,0.1771663713810936,False,Granulomatosis with polyangiitis,1.0,0.5837290281734726,14,False,True,locked_llm_graph_agreement,3,universal_confidence_stop,[],not_applicable,False,,[],0.0,0.0,1.0,False,0,0,1.6877553567382453,4,False,0.85,3,True,universal_confidence_stop,True,True,True,1,4,True,9880,1016,7,True
rarebench,rarebench:HMS:14,10,profile_adapter_branching_resolver,Granulomatosis with polyangiitis,Granulomatosis with polyangiitis,"[""Granulomatosis with polyangiitis"", ""Antisynthetase syndrome"", ""Relapsing polychondritis"", ""Takayasu arteritis"", ""Spondyloarthropathy"", ""Systemic lupus erythematosus"", ""Sarcoidosis"", ""Familial Mediterranean fever"", ""Cryoglobulinemic vasculitis"", ""Immunoglobulin A vasculitis""]",Granulomatosis with polyangiitis,"[""Granulomatosis with polyangiitis"", ""Relapsing polychondritis"", ""Antisynthetase syndrome"", ""Spondyloarthropathy"", ""Cryoglobulinemic vasculitis"", ""Sarcoidosis"", ""Systemic lupus erythematosus"", ""Takayasu arteritis"", ""Cryopyrin-associated periodic syndrome"", ""Beh\u00e7et disease""]",Granulomatosis with polyangiitis,1.0,0.30896235367688984,False,Granulomatosis with polyangiitis,1.0,0.5837290281734726,14,False,True,locked_llm_graph_agreement,4,universal_confidence_stop,[],not_applicable,False,,[],0.0,0.0,1.0,False,0,0,1.7931921425748822,4,False,0.85,4,True,universal_confidence_stop,True,True,True,1,4,True,13033,1278,9,True
rarebench,rarebench:HMS:14,15,profile_adapter_branching_resolver,Granulomatosis with polyangiitis,Granulomatosis with polyangiitis,"[""Granulomatosis with polyangiitis"", ""Antisynthetase syndrome"", ""Takayasu arteritis"", ""Relapsing polychondritis"", ""Spondyloarthropathy"", ""Systemic lupus erythematosus"", ""Sarcoidosis"", ""Cryopyrin-associated periodic syndrome"", ""Familial Mediterranean fever"", ""Cryoglobulinemic vasculitis""]",Granulomatosis with polyangiitis,"[""Granulomatosis with polyangiitis"", ""Relapsing polychondritis"", ""Systemic lupus erythematosus"", ""Sarcoidosis"", ""Antisynthetase syndrome"", ""Takayasu arteritis"", ""Spondyloarthropathy"", ""Cryopyrin-associated periodic syndrome"", ""Beh\u00e7et disease"", ""Cryoglobulinemic vasculitis""]",Granulomatosis with polyangiitis,1.0,0.15015047902896383,False,Granulomatosis with polyangiitis,1.0,0.5837290281734726,14,False,True,locked_llm_graph_agreement,5,universal_confidence_stop,[],not_applicable,False,,[],0.0,0.0,1.0,False,0,0,1.6661426428565413,4,False,0.85,5,True,universal_confidence_stop,True,True,True,1,4,True,16958,1573,11,True
rarebench,rarebench:RAMEDIS:263,5,profile_adapter_branching_resolver,Phenylketonuria,Phenylketonuria,"[""Phenylketonuria"", ""Smith-Lemli-Opitz syndrome"", ""Tyrosinemia type 1"", ""Galactosemia"", ""Hyperphenylalaninemia"", ""Propionic acidemia"", ""Tyrosinemia type III"", ""3-Methylglutaconic aciduria type I"", ""Succinic semialdehyde dehydrogenase deficiency"", ""Citrullinemia type I""]",Phenylketonuria,"[""Phenylketonuria"", ""Tyrosinemia type 1"", ""Hyperphenylalaninemia"", ""3-Methylglutaconic aciduria type I"", ""Smith-Lemli-Opitz syndrome"", ""Galactosemia"", ""Citrullinemia type I"", ""Succinic semialdehyde dehydrogenase deficiency"", ""Methylmalonic acidemia"", ""Argininosuccinic aciduria""]",Phenylketonuria,1.0,0.33548187329297074,False,Phenylketonuria,1.0,0.4487748276568151,9,False,True,locked_llm_graph_agreement,4,universal_confidence_stop,[],not_applicable,False,,[],0.0,0.0,1.0,False,0,0,1.7848733299338102,4,False,0.85,4,True,universal_confidence_stop,True,True,True,1,1,False,16833,1245,9,True
rarebench,rarebench:RAMEDIS:263,10,profile_adapter_branching_resolver,Phenylketonuria,Phenylketonuria,"[""Phenylketonuria"", ""Tyrosinemia type 1"", ""Hyperphenylalaninemia"", ""Galactosemia"", ""Smith-Lemli-Opitz syndrome"", ""Propionic acidemia"", ""Tyrosinemia type III"", ""3-Methylglutaconic aciduria type I"", ""Citrullinemia type I"", ""Succinic semialdehyde dehydrogenase deficiency""]",Phenylketonuria,"[""Phenylketonuria"", ""Tyrosinemia type 1"", ""Hyperphenylalaninemia"", ""Galactosemia"", ""Citrullinemia type I"", ""3-Methylglutaconic aciduria type I"", ""Succinic semialdehyde dehydrogenase deficiency"", ""Smith-Lemli-Opitz syndrome"", ""Methylmalonic acidemia"", ""Glutaric acidemia type I""]",Phenylketonuria,1.0,0.29508082716995254,False,Phenylketonuria,1.0,0.4487748276568151,9,False,True,locked_llm_graph_agreement,9,continue,[],not_applicable,False,,[],0.0,0.0,1.0,False,0,0,2.1371342382944354,4,False,0.85,10,False,budget_exhausted_forced_final,True,True,True,1,1,False,44922,2870,21,True
rarebench,rarebench:RAMEDIS:263,15,profile_adapter_branching_resolver,Phenylketonuria,Phenylketonuria,"[""Phenylketonuria"", ""Smith-Lemli-Opitz syndrome"", ""Tyrosinemia type 1"", ""Hyperphenylalaninemia"", ""Galactosemia"", ""Propionic acidemia"", ""Tyrosinemia type III"", ""3-Methylglutaconic aciduria type I"", ""Citrullinemia type I"", ""Succinic semialdehyde dehydrogenase deficiency""]",Phenylketonuria,"[""Phenylketonuria"", ""Tyrosinemia type 1"", ""Galactosemia"", ""Citrullinemia type I"", ""3-Methylglutaconic aciduria type I"", ""Hyperphenylalaninemia"", ""Smith-Lemli-Opitz syndrome"", ""Succinic semialdehyde dehydrogenase deficiency"", ""Methylmalonic acidemia"", ""Argininosuccinic aciduria""]",Phenylketonuria,1.0,0.3257118346426122,False,Phenylketonuria,1.0,0.4487748276568151,9,False,True,locked_llm_graph_agreement,5,universal_confidence_stop,[],not_applicable,False,,[],0.0,0.0,1.0,False,0,0,1.9828537262318995,4,False,0.85,5,True,universal_confidence_stop,True,True,True,1,1,False,21190,1512,11,True
rarebench,rarebench:RAMEDIS:121,5,profile_adapter_branching_resolver,Phenylketonuria,Phenylketonuria,"[""Phenylketonuria"", ""Tyrosinemia type III"", ""Maple syrup urine disease"", ""Medium chain acyl-CoA dehydrogenase deficiency"", ""Tyrosinemia type 1"", ""Biotinidase deficiency"", ""Isovaleric acidemia"", ""Hyperphenylalaninemia"", ""Citrullinemia type II"", ""Citrullinemia type I""]",Phenylketonuria,"[""Phenylketonuria"", ""Tyrosinemia type III"", ""Tyrosinemia type 1"", ""Maple syrup urine disease"", ""Isovaleric acidemia"", ""Medium chain acyl-CoA dehydrogenase deficiency"", ""Citrullinemia type II"", ""Hyperphenylalaninemia"", ""Methylmalonic acidemia"", ""3-Hydroxy-3-methylglutaryl-CoA lyase deficiency""]",Phenylketonuria,1.0,0.33228931337820056,False,Phenylketonuria,1.0,0.23351158645276293,10,False,True,locked_llm_graph_agreement,4,continue,[],not_applicable,False,,[],0.0,0.0,1.0,False,0,0,1.958538324420677,4,False,0.9,5,False,budget_exhausted_forced_final,True,True,True,1,11,True,20297,1535,11,True
rarebench,rarebench:RAMEDIS:121,10,profile_adapter_branching_resolver,Phenylketonuria,Phenylketonuria,"[""Phenylketonuria"", ""Tyrosinemia type III"", ""Maple syrup urine disease"", ""Medium chain acyl-CoA dehydrogenase deficiency"", ""Tyrosinemia type 1"", ""Biotinidase deficiency"", ""Isovaleric acidemia"", ""Hyperphenylalaninemia"", ""Citrullinemia type II"", ""Citrullinemia type I""]",Phenylketonuria,"[""Phenylketonuria"", ""Tyrosinemia type III"", ""Tyrosinemia type 1"", ""Maple syrup urine disease"", ""Isovaleric acidemia"", ""Medium chain acyl-CoA dehydrogenase deficiency"", ""Citrullinemia type II"", ""Hyperphenylalaninemia"", ""3-Hydroxy-3-methylglutaryl-CoA lyase deficiency"", ""Glutaric acidemia type I""]",Phenylketonuria,1.0,0.37642005064328976,False,Phenylketonuria,1.0,0.23351158645276293,10,False,True,locked_llm_graph_agreement,4,universal_confidence_stop,[],not_applicable,False,,[],0.0,0.0,1.0,False,0,0,1.941038324420677,4,False,0.85,4,True,universal_confidence_stop,True,True,True,1,11,True,16298,1222,9,True
rarebench,rarebench:RAMEDIS:121,15,profile_adapter_branching_resolver,Phenylketonuria,Phenylketonuria,"[""Phenylketonuria"", ""Tyrosinemia type III"", ""Maple syrup urine disease"", ""Medium chain acyl-CoA dehydrogenase deficiency"", ""Tyrosinemia type 1"", ""Biotinidase deficiency"", ""Isovaleric acidemia"", ""Hyperphenylalaninemia"", ""Citrullinemia type II"", ""Citrullinemia type I""]",Phenylketonuria,"[""Phenylketonuria"", ""Tyrosinemia type III"", ""Tyrosinemia type 1"", ""Maple syrup urine disease"", ""Isovaleric acidemia"", ""Medium chain acyl-CoA dehydrogenase deficiency"", ""Citrullinemia type II"", ""Hyperphenylalaninemia"", ""Ornithine transcarbamylase deficiency"", ""3-Hydroxy-3-methylglutaryl-CoA lyase deficiency""]",Phenylketonuria,1.0,0.3759882640007045,False,Phenylketonuria,1.0,0.23351158645276293,10,False,True,locked_llm_graph_agreement,5,universal_confidence_stop,[],not_applicable,False,,[],0.0,0.0,1.0,False,0,0,1.941038324420677,4,False,0.85,5,True,universal_confidence_stop,True,True,True,1,11,True,20233,1488,11,True
rarebench,rarebench:MME:1,5,profile_adapter_branching_resolver,Microcephaly-capillary malformation syndrome,Alacrimia-choreoathetosis-liver dysfunction syndrome,"[""Alacrimia-choreoathetosis-liver dysfunction syndrome"", ""Mandibulofacial dysostosis-microcephaly syndrome"", ""Cerebellar ataxia-areflexia-pes cavus-optic atrophy-sensorineural hearing loss syndrome"", ""Spondylometaphyseal dysplasia, Sedaghatian type"", ""Methylmalonate semialdehyde dehydrogenase deficiency"", ""Poretti-Boltshauser syndrome"", ""Perrault syndrome"", ""Cataract-growth hormone deficiency-sensory neuropathy-sensorineural hearing loss-skeletal dysplasia syndrome"", ""Cerebrocostomandibular syndrome"", ""Epilepsy, focal, with speech disorder and mental retardation""]",Microcephaly-capillary malformation syndrome,"[""Microcephaly-capillary malformation syndrome"", ""Alacrimia-choreoathetosis-liver dysfunction syndrome"", ""Mandibulofacial dysostosis-microcephaly syndrome"", ""Spondylometaphyseal dysplasia, Sedaghatian type"", ""Cataract-growth hormone deficiency-sensory neuropathy-sensorineural hearing loss-skeletal dysplasia syndrome"", ""Poretti-Boltshauser syndrome"", ""Autosomal recessive primary microcephaly"", ""Cerebellar ataxia-areflexia-pes cavus-optic atrophy-sensorineural hearing loss syndrome"", ""Beaulieu-Boycott-Innes syndrome"", ""Perrault syndrome""]",Alacrimia-choreoathetosis-liver dysfunction syndrome,1.0,0.3674074320484074,True,Cerebellar ataxia-areflexia-pes cavus-optic atrophy-sensorineural hearing loss syndrome,1.0,0.09033355621196604,13,False,True,locked_llm_graph_agreement,4,continue,[],not_applicable,False,,[],0.0,0.0,1.0,False,0,0,1.420655581901075,4,False,0.65,5,False,budget_exhausted_forced_final,False,False,False,11,11,False,16126,1988,11,True
rarebench,rarebench:MME:1,10,profile_adapter_branching_resolver,Microcephaly-capillary malformation syndrome,Alacrimia-choreoathetosis-liver dysfunction syndrome,"[""Alacrimia-choreoathetosis-liver dysfunction syndrome"", ""Cerebellar ataxia-areflexia-pes cavus-optic atrophy-sensorineural hearing loss syndrome"", ""Mandibulofacial dysostosis-microcephaly syndrome"", ""Spondylometaphyseal dysplasia, Sedaghatian type"", ""Methylmalonate semialdehyde dehydrogenase deficiency"", ""Perrault syndrome"", ""Poretti-Boltshauser syndrome"", ""Cataract-growth hormone deficiency-sensory neuropathy-sensorineural hearing loss-skeletal dysplasia syndrome"", ""Cerebrocostomandibular syndrome"", ""Epilepsy, focal, with speech disorder and mental retardation""]",Microcephaly-capillary malformation syndrome,"[""Microcephaly-capillary malformation syndrome"", ""Mandibulofacial dysostosis-microcephaly syndrome"", ""Alacrimia-choreoathetosis-liver dysfunction syndrome"", ""Spondylometaphyseal dysplasia, Sedaghatian type"", ""Autosomal recessive primary microcephaly"", ""Cerebellar ataxia-areflexia-pes cavus-optic atrophy-sensorineural hearing loss syndrome"", ""Cataract-growth hormone deficiency-sensory neuropathy-sensorineural hearing loss-skeletal dysplasia syndrome"", ""Poretti-Boltshauser syndrome"", ""Cerebrocostomandibular syndrome"", ""Perrault syndrome""]",Alacrimia-choreoathetosis-liver dysfunction syndrome,1.0,0.25428593176735625,True,Cerebellar ataxia-areflexia-pes cavus-optic atrophy-sensorineural hearing loss syndrome,1.0,0.09033355621196604,13,False,True,locked_llm_graph_agreement,9,continue,[],not_applicable,False,,[],0.0,0.0,1.0,False,0,0,1.2566470200219646,4,False,0.75,10,False,budget_exhausted_forced_final,False,False,False,11,11,False,34761,3663,21,True
rarebench,rarebench:MME:1,15,profile_adapter_branching_resolver,Microcephaly-capillary malformation syndrome,Alacrimia-choreoathetosis-liver dysfunction syndrome,"[""Alacrimia-choreoathetosis-liver dysfunction syndrome"", ""Cerebellar ataxia-areflexia-pes cavus-optic atrophy-sensorineural hearing loss syndrome"", ""Mandibulofacial dysostosis-microcephaly syndrome"", ""Spondylometaphyseal dysplasia, Sedaghatian type"", ""Methylmalonate semialdehyde dehydrogenase deficiency"", ""Cerebrocostomandibular syndrome"", ""Poretti-Boltshauser syndrome"", ""Perrault syndrome"", ""Cataract-growth hormone deficiency-sensory neuropathy-sensorineural hearing loss-skeletal dysplasia syndrome"", ""Epilepsy, focal, with speech disorder and mental retardation""]",Microcephaly-capillary malformation syndrome,"[""Microcephaly-capillary malformation syndrome"", ""Mandibulofacial dysostosis-microcephaly syndrome"", ""Spondylometaphyseal dysplasia, Sedaghatian type"", ""Alacrimia-choreoathetosis-liver dysfunction syndrome"", ""Cerebrocostomandibular syndrome"", ""Cataract-growth hormone deficiency-sensory neuropathy-sensorineural hearing loss-skeletal dysplasia syndrome"", ""Perrault syndrome"", ""Poretti-Boltshauser syndrome"", ""Autosomal recessive primary microcephaly"", ""Cerebellar ataxia-areflexia-pes cavus-optic atrophy-sensorineural hearing loss syndrome""]",Alacrimia-choreoathetosis-liver dysfunction syndrome,1.0,0.2726644642991667,True,Cerebellar ataxia-areflexia-pes cavus-optic atrophy-sensorineural hearing loss syndrome,1.0,0.09033355621196604,13,False,True,locked_llm_graph_agreement,14,continue,[],not_applicable,False,,[],0.0,0.0,1.0,False,0,0,1.2302311683887774,4,False,0.7,15,False,budget_exhausted_forced_final,False,False,False,11,11,False,57823,5240,31,True
rarebench,rarebench:RAMEDIS:148,5,profile_adapter_branching_resolver,L-2-hydroxyglutaric aciduria,L-2-hydroxyglutaric aciduria,"[""L-2-hydroxyglutaric aciduria"", ""Phenylketonuria"", ""PMM2-CDG"", ""Glutaric acidemia type I"", ""Medium chain acyl-CoA dehydrogenase deficiency"", ""Biotinidase deficiency"", ""Galactosemia"", ""Citrullinemia type I"", ""Citrullinemia type II"", ""Hyperphenylalaninemia""]",L-2-hydroxyglutaric aciduria,"[""L-2-hydroxyglutaric aciduria"", ""Phenylketonuria"", ""PMM2-CDG"", ""Glutaric acidemia type I"", ""Medium chain acyl-CoA dehydrogenase deficiency"", ""Citrullinemia type II"", ""Citrullinemia type I"", ""Hyperphenylalaninemia"", ""Canavan disease"", ""Neuronal ceroid lipofuscinosis""]",Phenylketonuria,1.0,0.28414408837546123,True,L-2-hydroxyglutaric aciduria,1.0,0.32543554006968645,9,True,True,accepted,3,universal_confidence_stop,[],not_applicable,False,,[],0.0,0.0,1.0,False,0,0,0.9318181467093845,4,False,0.95,3,True,universal_confidence_stop,True,True,True,1,3,True,11667,1016,7,True
rarebench,rarebench:RAMEDIS:148,10,profile_adapter_branching_resolver,L-2-hydroxyglutaric aciduria,L-2-hydroxyglutaric aciduria,"[""L-2-hydroxyglutaric aciduria"", ""Phenylketonuria"", ""PMM2-CDG"", ""Glutaric acidemia type I"", ""Medium chain acyl-CoA dehydrogenase deficiency"", ""Biotinidase deficiency"", ""Hyperphenylalaninemia"", ""Citrullinemia type I"", ""Citrullinemia type II"", ""Tyrosinemia type III""]",L-2-hydroxyglutaric aciduria,"[""L-2-hydroxyglutaric aciduria"", ""Phenylketonuria"", ""PMM2-CDG"", ""Glutaric acidemia type I"", ""Medium chain acyl-CoA dehydrogenase deficiency"", ""Citrullinemia type II"", ""Citrullinemia type I"", ""Hyperphenylalaninemia"", ""Methylmalonic acidemia"", ""Canavan disease""]",Phenylketonuria,1.0,0.2822561043963372,True,L-2-hydroxyglutaric aciduria,1.0,0.32543554006968645,9,True,True,accepted,4,universal_confidence_stop,[],not_applicable,False,,[],0.0,0.0,1.0,False,0,0,0.937096464471689,4,False,0.95,4,True,universal_confidence_stop,True,True,True,1,3,True,15801,1293,9,True
rarebench,rarebench:RAMEDIS:148,15,profile_adapter_branching_resolver,L-2-hydroxyglutaric aciduria,L-2-hydroxyglutaric aciduria,"[""L-2-hydroxyglutaric aciduria"", ""Phenylketonuria"", ""PMM2-CDG"", ""Glutaric acidemia type I"", ""Medium chain acyl-CoA dehydrogenase deficiency"", ""Hyperphenylalaninemia"", ""Citrullinemia type I"", ""Citrullinemia type II"", ""Methylmalonic acidemia"", ""Tyrosinemia type III""]",L-2-hydroxyglutaric aciduria,"[""L-2-hydroxyglutaric aciduria"", ""Phenylketonuria"", ""PMM2-CDG"", ""Glutaric acidemia type I"", ""Medium chain acyl-CoA dehydrogenase deficiency"", ""Citrullinemia type II"", ""Citrullinemia type I"", ""Hyperphenylalaninemia"", ""Methylmalonic acidemia"", ""Ornithine transcarbamylase deficiency""]",Phenylketonuria,1.0,0.2496897301586819,True,L-2-hydroxyglutaric aciduria,1.0,0.32543554006968645,9,True,True,accepted,5,universal_confidence_stop,[],not_applicable,False,,[],0.0,0.0,1.0,False,0,0,0.9111872550101148,4,False,0.95,5,True,universal_confidence_stop,True,True,True,1,3,True,19651,1564,11,True
rarebench,rarebench:RAMEDIS:524,5,profile_adapter_branching_resolver,Propionic acidemia,Propionic acidemia,"[""Propionic acidemia"", ""Methylmalonic acidemia"", ""Ornithine transcarbamylase deficiency"", ""Medium chain acyl-CoA dehydrogenase deficiency"", ""Biotinidase deficiency"", ""Maple syrup urine disease"", ""Glutaric acidemia type I"", ""Isovaleric acidemia"", ""Carbamoyl-phosphate synthetase 1 deficiency"", ""Dihydropyrimidine dehydrogenase deficiency""]",Propionic acidemia,"[""Propionic acidemia"", ""Methylmalonic acidemia"", ""Ornithine transcarbamylase deficiency"", ""Carbamoyl-phosphate synthetase 1 deficiency"", ""Biotinidase deficiency"", ""Maple syrup urine disease"", ""Isovaleric acidemia"", ""Medium chain acyl-CoA dehydrogenase deficiency"", ""3-Methylglutaconic aciduria type I"", ""3-Methylglutaconic aciduria type IV""]",Phenylketonuria,1.0,0.028127950620657982,False,Propionic acidemia,1.0,0.10567716060673804,16,False,True,locked_llm_graph_agreement,3,universal_confidence_stop,[],not_applicable,False,,[],0.0,0.0,1.0,False,0,0,1.3049371921183839,4,False,0.85,3,True,universal_confidence_stop,True,True,True,1,11,True,12687,1030,7,True
rarebench,rarebench:RAMEDIS:524,10,profile_adapter_branching_resolver,Propionic acidemia,Propionic acidemia,"[""Propionic acidemia"", ""Ornithine transcarbamylase deficiency"", ""Medium chain acyl-CoA dehydrogenase deficiency"", ""Methylmalonic acidemia"", ""Biotinidase deficiency"", ""Maple syrup urine disease"", ""Glutaric acidemia type I"", ""3-Hydroxy-3-methylglutaryl-CoA lyase deficiency"", ""Carbamoyl-phosphate synthetase 1 deficiency"", ""Isovaleric acidemia""]",Propionic acidemia,"[""Propionic acidemia"", ""Methylmalonic acidemia"", ""Ornithine transcarbamylase deficiency"", ""Medium chain acyl-CoA dehydrogenase deficiency"", ""Carbamoyl-phosphate synthetase 1 deficiency"", ""Isovaleric acidemia"", ""Biotinidase deficiency"", ""Maple syrup urine disease"", ""3-Methylglutaconic aciduria type I"", ""Beta-ketothiolase deficiency""]",Phenylketonuria,1.0,0.16572968616434203,False,Propionic acidemia,1.0,0.10759203430852193,19,False,True,locked_llm_graph_agreement,4,universal_confidence_stop,[],not_applicable,False,,[],0.0,0.0,1.0,False,0,0,1.0818026602191417,4,False,0.85,4,True,universal_confidence_stop,True,True,True,1,11,True,17012,1280,9,True
rarebench,rarebench:RAMEDIS:524,15,profile_adapter_branching_resolver,Propionic acidemia,Propionic acidemia,"[""Propionic acidemia"", ""Methylmalonic acidemia"", ""Ornithine transcarbamylase deficiency"", ""Biotinidase deficiency"", ""Medium chain acyl-CoA dehydrogenase deficiency"", ""Maple syrup urine disease"", ""Glutaric acidemia type I"", ""Isovaleric acidemia"", ""Carbamoyl-phosphate synthetase 1 deficiency"", ""Dihydropyrimidine dehydrogenase deficiency""]",Propionic acidemia,"[""Propionic acidemia"", ""Methylmalonic acidemia"", ""Ornithine transcarbamylase deficiency"", ""Carbamoyl-phosphate synthetase 1 deficiency"", ""Isovaleric acidemia"", ""Medium chain acyl-CoA dehydrogenase deficiency"", ""Biotinidase deficiency"", ""Maple syrup urine disease"", ""3-Methylglutaconic aciduria type I"", ""3-Methylglutaconic aciduria type IV""]",Phenylketonuria,1.0,0.0022908391833216246,False,Propionic acidemia,1.0,0.10567716060673804,16,False,True,locked_llm_graph_agreement,5,universal_confidence_stop,[],not_applicable,False,,[],0.0,0.0,1.0,False,0,0,1.2181195565866698,4,False,0.85,5,True,universal_confidence_stop,True,True,True,1,11,True,20868,1582,11,True
rarebench,rarebench:RAMEDIS:322,5,profile_adapter_branching_resolver,Phenylketonuria,Phenylketonuria,"[""Phenylketonuria"", ""Tyrosinemia type III"", ""Tyrosinemia type 1"", ""Medium chain acyl-CoA dehydrogenase deficiency"", ""Biotinidase deficiency"", ""Citrullinemia type I"", ""Citrullinemia type II"", ""Galactosemia"", ""Homocystinuria"", ""Isovaleric acidemia""]",Phenylketonuria,"[""Phenylketonuria"", ""Tyrosinemia type III"", ""Tyrosinemia type 1"", ""Medium chain acyl-CoA dehydrogenase deficiency"", ""Citrullinemia type II"", ""Biotinidase deficiency"", ""Citrullinemia type I"", ""Homocystinuria"", ""Methylmalonic acidemia"", ""Glutaric acidemia type I""]",Phenylketonuria,1.0,0.34909531359491786,False,Phenylketonuria,1.0,0.0,6,False,True,locked_llm_graph_agreement,4,universal_confidence_stop,[],not_applicable,False,,[],0.0,0.0,1.0,False,0,0,1.7074999999999998,4,False,0.95,4,True,universal_confidence_stop,True,True,True,1,1,False,16398,1217,9,True
rarebench,rarebench:RAMEDIS:322,10,profile_adapter_branching_resolver,Phenylketonuria,Phenylketonuria,"[""Phenylketonuria"", ""Tyrosinemia type III"", ""Tyrosinemia type 1"", ""Medium chain acyl-CoA dehydrogenase deficiency"", ""Biotinidase deficiency"", ""Citrullinemia type I"", ""Citrullinemia type II"", ""Galactosemia"", ""Homocystinuria"", ""Isovaleric acidemia""]",Phenylketonuria,"[""Phenylketonuria"", ""Tyrosinemia type III"", ""Tyrosinemia type 1"", ""Medium chain acyl-CoA dehydrogenase deficiency"", ""Citrullinemia type II"", ""Biotinidase deficiency"", ""Citrullinemia type I"", ""Homocystinuria"", ""Methylmalonic acidemia"", ""Glutaric acidemia type I""]",Phenylketonuria,1.0,0.35024942988237484,False,Phenylketonuria,1.0,0.0,6,False,True,locked_llm_graph_agreement,5,universal_confidence_stop,[],not_applicable,False,,[],0.0,0.0,1.0,False,0,0,1.6899999999999997,4,False,0.9,5,True,universal_confidence_stop,True,True,True,1,1,False,20459,1476,11,True
rarebench,rarebench:RAMEDIS:322,15,profile_adapter_branching_resolver,Phenylketonuria,Phenylketonuria,"[""Phenylketonuria"", ""Tyrosinemia type III"", ""Tyrosinemia type 1"", ""Medium chain acyl-CoA dehydrogenase deficiency"", ""Biotinidase deficiency"", ""Citrullinemia type I"", ""Citrullinemia type II"", ""Galactosemia"", ""Homocystinuria"", ""Isovaleric acidemia""]",Phenylketonuria,"[""Phenylketonuria"", ""Tyrosinemia type III"", ""Tyrosinemia type 1"", ""Medium chain acyl-CoA dehydrogenase deficiency"", ""Citrullinemia type II"", ""Biotinidase deficiency"", ""Citrullinemia type I"", ""Homocystinuria"", ""Methylmalonic acidemia"", ""Glutaric acidemia type I""]",Phenylketonuria,1.0,0.3541766400001145,False,Phenylketonuria,1.0,0.0,6,False,True,locked_llm_graph_agreement,5,universal_confidence_stop,[],not_applicable,False,,[],0.0,0.0,1.0,False,0,0,1.7074999999999998,4,False,0.95,5,True,universal_confidence_stop,True,True,True,1,1,False,20465,1470,11,True
rarebench,rarebench:HMS:22,5,profile_adapter_branching_resolver,Behçet disease,Behçet disease,"[""Beh\u00e7et disease"", ""Granulomatosis with polyangiitis"", ""Cryoglobulinemic vasculitis"", ""Antisynthetase syndrome"", ""Sj\u00f6gren syndrome"", ""Spondyloarthropathy"", ""Relapsing polychondritis"", ""IgG4-related disease"", ""Sarcoidosis"", ""Systemic sclerosis""]",Behçet disease,"[""Beh\u00e7et disease"", ""Granulomatosis with polyangiitis"", ""Cryoglobulinemic vasculitis"", ""Systemic sclerosis"", ""Relapsing polychondritis"", ""IgG4-related disease"", ""Sarcoidosis"", ""Sj\u00f6gren syndrome"", ""Antiphospholipid syndrome"", ""Whipple disease""]",Granulomatosis with polyangiitis,1.0,0.034131993979055086,False,Granulomatosis with polyangiitis,1.0,0.054989983237254236,17,True,True,blocked_weak_graph_override,3,universal_confidence_stop,[],not_applicable,False,,[],0.0,0.0,1.0,True,1,2,0.4261136798358085,4,False,0.85,5,False,budget_exhausted_forced_final,True,True,True,1,11,True,13122,1321,10,True
rarebench,rarebench:HMS:22,10,profile_adapter_branching_resolver,Behçet disease,Behçet disease,"[""Beh\u00e7et disease"", ""Systemic sclerosis"", ""Takayasu arteritis"", ""Antisynthetase syndrome"", ""Sj\u00f6gren syndrome"", ""Cryoglobulinemic vasculitis"", ""Relapsing polychondritis"", ""Spondyloarthropathy"", ""Granulomatosis with polyangiitis"", ""Familial Mediterranean fever""]",Behçet disease,"[""Beh\u00e7et disease"", ""Systemic sclerosis"", ""Takayasu arteritis"", ""Cryoglobulinemic vasculitis"", ""Relapsing polychondritis"", ""Sj\u00f6gren syndrome"", ""Antisynthetase syndrome"", ""SAPHO syndrome"", ""Granulomatosis with polyangiitis"", ""Antiphospholipid syndrome""]",Spondyloarthropathy,1.0,0.00010172446808009994,False,Behçet disease,1.0,0.14438773953212414,22,False,True,locked_llm_graph_agreement,4,universal_confidence_stop,[],not_applicable,False,,[],0.0,0.0,1.0,False,0,0,0.4656176956794722,3,False,0.85,4,True,universal_confidence_stop,True,True,True,1,11,True,14007,1169,9,True
rarebench,rarebench:HMS:22,15,profile_adapter_branching_resolver,Behçet disease,Behçet disease,"[""Beh\u00e7et disease"", ""Antisynthetase syndrome"", ""Systemic sclerosis"", ""Familial Mediterranean fever"", ""Spondyloarthropathy"", ""Sj\u00f6gren syndrome"", ""Takayasu arteritis"", ""Cryoglobulinemic vasculitis"", ""Relapsing polychondritis"", ""Whipple disease""]",Behçet disease,"[""Beh\u00e7et disease"", ""Antisynthetase syndrome"", ""Systemic sclerosis"", ""Familial Mediterranean fever"", ""Sj\u00f6gren syndrome"", ""Spondyloarthropathy"", ""Takayasu arteritis"", ""Whipple disease"", ""Granulomatosis with polyangiitis"", ""Cryoglobulinemic vasculitis""]",Spondyloarthropathy,1.0,0.08076335076406305,False,Behçet disease,1.0,0.09067116783820439,26,False,True,locked_llm_graph_agreement,5,universal_confidence_stop,[],not_applicable,False,,[],0.0,0.0,1.0,False,0,0,0.9761425988217485,4,False,0.85,5,True,universal_confidence_stop,True,True,True,1,11,True,17522,1394,11,True
rarebench,rarebench:RAMEDIS:17,5,profile_adapter_branching_resolver,Methylmalonic acidemia,Methylmalonic acidemia,"[""Methylmalonic acidemia"", ""Biotinidase deficiency"", ""Glutaric acidemia type I"", ""Propionic acidemia"", ""Maple syrup urine disease"", ""Phenylketonuria"", ""Glycogen storage disease type Ia"", ""Carbamoyl-phosphate synthetase 1 deficiency"", ""Smith-Lemli-Opitz syndrome"", ""3-Hydroxy-3-methylglutaryl-CoA lyase deficiency""]",Methylmalonic acidemia,"[""Methylmalonic acidemia"", ""Propionic acidemia"", ""Biotinidase deficiency"", ""Glycogen storage disease type Ia"", ""Maple syrup urine disease"", ""Glutaric acidemia type I"", ""Carbamoyl-phosphate synthetase 1 deficiency"", ""Smith-Lemli-Opitz syndrome"", ""3-Methylglutaconic aciduria type I"", ""3-Methylglutaconic aciduria type IV""]",Methylmalonic acidemia,1.0,0.00437864289730816,False,Methylmalonic acidemia,1.0,0.09285714285714275,11,False,True,locked_llm_graph_agreement,3,universal_confidence_stop,[],not_applicable,False,,[],0.0,0.0,1.0,False,0,0,1.2753733015102573,4,False,0.95,3,True,universal_confidence_stop,True,True,True,1,2,True,11142,999,7,True
rarebench,rarebench:RAMEDIS:17,10,profile_adapter_branching_resolver,Methylmalonic acidemia,Methylmalonic acidemia,"[""Methylmalonic acidemia"", ""Biotinidase deficiency"", ""Glutaric acidemia type I"", ""Propionic acidemia"", ""Maple syrup urine disease"", ""Phenylketonuria"", ""Carbamoyl-phosphate synthetase 1 deficiency"", ""Glycogen storage disease type Ia"", ""3-Hydroxy-3-methylglutaryl-CoA lyase deficiency"", ""Smith-Lemli-Opitz syndrome""]",Methylmalonic acidemia,"[""Methylmalonic acidemia"", ""Biotinidase deficiency"", ""Glycogen storage disease type Ia"", ""Propionic acidemia"", ""Glutaric acidemia type I"", ""Carbamoyl-phosphate synthetase 1 deficiency"", ""Maple syrup urine disease"", ""Smith-Lemli-Opitz syndrome"", ""3-Methylglutaconic aciduria type I"", ""3-Methylglutaconic aciduria type IV""]",Methylmalonic acidemia,1.0,0.03664843439811738,False,Methylmalonic acidemia,1.0,0.09285714285714275,11,False,True,locked_llm_graph_agreement,4,universal_confidence_stop,[],not_applicable,False,,[],0.0,0.0,1.0,False,0,0,1.2572203577622605,4,False,0.95,4,True,universal_confidence_stop,True,True,True,1,2,True,14783,1250,9,True
rarebench,rarebench:RAMEDIS:17,15,profile_adapter_branching_resolver,Methylmalonic acidemia,Methylmalonic acidemia,"[""Methylmalonic acidemia"", ""Biotinidase deficiency"", ""Glutaric acidemia type I"", ""Propionic acidemia"", ""Maple syrup urine disease"", ""Phenylketonuria"", ""Carbamoyl-phosphate synthetase 1 deficiency"", ""Glycogen storage disease type Ia"", ""3-Hydroxy-3-methylglutaryl-CoA lyase deficiency"", ""Smith-Lemli-Opitz syndrome""]",Methylmalonic acidemia,"[""Methylmalonic acidemia"", ""Propionic acidemia"", ""Biotinidase deficiency"", ""Carbamoyl-phosphate synthetase 1 deficiency"", ""Maple syrup urine disease"", ""Glutaric acidemia type I"", ""Glycogen storage disease type Ia"", ""Smith-Lemli-Opitz syndrome"", ""3-Hydroxy-3-methylglutaryl-CoA lyase deficiency"", ""3-Methylcrotonyl-CoA carboxylase deficiency""]",Methylmalonic acidemia,1.0,0.005316015929431428,False,Methylmalonic acidemia,1.0,0.09285714285714275,11,False,True,locked_llm_graph_agreement,5,universal_confidence_stop,[],not_applicable,False,,[],0.0,0.0,1.0,False,0,0,1.2660124098682242,4,False,0.95,5,True,universal_confidence_stop,True,True,True,1,2,True,18669,1526,11,True
rarebench,rarebench:RAMEDIS:335,5,profile_adapter_branching_resolver,Carbamoyl-phosphate synthetase 1 deficiency,Carbamoyl-phosphate synthetase 1 deficiency,"[""Carbamoyl-phosphate synthetase 1 deficiency"", ""Methylmalonic acidemia"", ""Maple syrup urine disease"", ""Ornithine transcarbamylase deficiency"", ""Biotinidase deficiency"", ""Medium chain acyl-CoA dehydrogenase deficiency"", ""Glutaric acidemia type I"", ""Citrullinemia type I"", ""Mitochondrial complex IV deficiency"", ""Isovaleric acidemia""]",Carbamoyl-phosphate synthetase 1 deficiency,"[""Carbamoyl-phosphate synthetase 1 deficiency"", ""Ornithine transcarbamylase deficiency"", ""Methylmalonic acidemia"", ""Maple syrup urine disease"", ""Citrullinemia type I"", ""Biotinidase deficiency"", ""Medium chain acyl-CoA dehydrogenase deficiency"", ""Mitochondrial complex IV deficiency"", ""Argininosuccinic aciduria"", ""3-Methylglutaconic aciduria type I""]",Phenylketonuria,1.0,0.06772034367730473,False,Carbamoyl-phosphate synthetase 1 deficiency,1.0,0.11937817315900623,11,False,True,locked_llm_graph_agreement,3,universal_confidence_stop,[],not_applicable,False,,[],0.0,0.0,1.0,False,0,0,0.8120748397000366,4,False,0.85,3,True,universal_confidence_stop,True,True,True,1,11,True,11138,1050,7,True
rarebench,rarebench:RAMEDIS:335,10,profile_adapter_branching_resolver,Carbamoyl-phosphate synthetase 1 deficiency,Carbamoyl-phosphate synthetase 1 deficiency,"[""Carbamoyl-phosphate synthetase 1 deficiency"", ""Methylmalonic acidemia"", ""Maple syrup urine disease"", ""Ornithine transcarbamylase deficiency"", ""Biotinidase deficiency"", ""Medium chain acyl-CoA dehydrogenase deficiency"", ""Glutaric acidemia type I"", ""Citrullinemia type I"", ""Mitochondrial complex IV deficiency"", ""Isovaleric acidemia""]",Carbamoyl-phosphate synthetase 1 deficiency,"[""Carbamoyl-phosphate synthetase 1 deficiency"", ""Ornithine transcarbamylase deficiency"", ""Methylmalonic acidemia"", ""Maple syrup urine disease"", ""Biotinidase deficiency"", ""Medium chain acyl-CoA dehydrogenase deficiency"", ""Citrullinemia type I"", ""Mitochondrial complex IV deficiency"", ""Argininosuccinic aciduria"", ""3-Methylglutaconic aciduria type I""]",Phenylketonuria,1.0,0.09378330907069765,False,Carbamoyl-phosphate synthetase 1 deficiency,1.0,0.11937817315900623,11,False,True,locked_llm_graph_agreement,4,universal_confidence_stop,[],not_applicable,False,,[],0.0,0.0,1.0,False,0,0,0.8046044288598506,4,False,0.85,4,True,universal_confidence_stop,True,True,True,1,11,True,14645,1294,9,True
rarebench,rarebench:RAMEDIS:335,15,profile_adapter_branching_resolver,Carbamoyl-phosphate synthetase 1 deficiency,Carbamoyl-phosphate synthetase 1 deficiency,"[""Carbamoyl-phosphate synthetase 1 deficiency"", ""Methylmalonic acidemia"", ""Maple syrup urine disease"", ""Ornithine transcarbamylase deficiency"", ""Biotinidase deficiency"", ""Medium chain acyl-CoA dehydrogenase deficiency"", ""Glutaric acidemia type I"", ""Citrullinemia type I"", ""Mitochondrial complex IV deficiency"", ""Isovaleric acidemia""]",Carbamoyl-phosphate synthetase 1 deficiency,"[""Carbamoyl-phosphate synthetase 1 deficiency"", ""Ornithine transcarbamylase deficiency"", ""Citrullinemia type I"", ""Methylmalonic acidemia"", ""Maple syrup urine disease"", ""Medium chain acyl-CoA dehydrogenase deficiency"", ""Biotinidase deficiency"", ""3-Methylglutaconic aciduria type I"", ""Argininosuccinic aciduria"", ""3-Hydroxy-3-methylglutaryl-CoA lyase deficiency""]",Phenylketonuria,1.0,0.10203836364531271,False,Carbamoyl-phosphate synthetase 1 deficiency,1.0,0.11937817315900623,11,False,True,locked_llm_graph_agreement,5,universal_confidence_stop,[],not_applicable,False,,[],0.0,0.0,1.0,False,0,0,0.8029740090391146,4,False,0.85,5,True,universal_confidence_stop,True,True,True,1,11,True,18162,1602,11,True
rarebench,rarebench:LIRICAL:236,5,profile_adapter_branching_resolver,Long QT syndrome 15,Sick sinus syndrome,"[""Sick sinus syndrome"", ""Jervell and Lange-Nielsen syndrome"", ""Long QT syndrome 14"", ""TBCK-related intellectual disability syndrome"", ""Recurrent metabolic encephalomyopathic crises-rhabdomyolysis-cardiac arrhythmia-intellectual disability syndrome"", ""Immunoskeletal dysplasia with neurodevelopmental abnormalities"", ""Dilated cardiomyopathy 1G"", ""Smith-Lemli-Opitz syndrome"", ""Neurodevelopmental disorder with or without anomalies of the brain, eye, or heart"", ""Cockayne syndrome""]",Sick sinus syndrome,"[""Sick sinus syndrome"", ""Jervell and Lange-Nielsen syndrome"", ""Long QT syndrome 14"", ""Recurrent metabolic encephalomyopathic crises-rhabdomyolysis-cardiac arrhythmia-intellectual disability syndrome"", ""Dilated cardiomyopathy 1G"", ""Cardiofaciocutaneous syndrome"", ""Amyotrophic lateral sclerosis"", ""Bartter syndrome"", ""Bardet-Biedl syndrome"", ""Bethlem myopathy""]",TBCK-related intellectual disability syndrome,1.0,0.22398543247991287,False,Sick sinus syndrome,1.0,0.6337662337662338,4,False,True,locked_llm_graph_agreement,3,universal_confidence_stop,[],not_applicable,False,,[],0.0,0.0,1.0,False,0,0,1.8048295998133086,4,False,0.85,3,True,universal_confidence_stop,False,False,False,11,11,False,19713,998,7,True
rarebench,rarebench:LIRICAL:236,10,profile_adapter_branching_resolver,Long QT syndrome 15,Sick sinus syndrome,"[""Sick sinus syndrome"", ""Jervell and Lange-Nielsen syndrome"", ""Long QT syndrome 14"", ""Recurrent metabolic encephalomyopathic crises-rhabdomyolysis-cardiac arrhythmia-intellectual disability syndrome"", ""TBCK-related intellectual disability syndrome"", ""Neurodevelopmental disorder with or without anomalies of the brain, eye, or heart"", ""Immunoskeletal dysplasia with neurodevelopmental abnormalities"", ""Dilated cardiomyopathy 1G"", ""Catecholaminergic polymorphic ventricular tachycardia"", ""Cockayne syndrome""]",Sick sinus syndrome,"[""Sick sinus syndrome"", ""Jervell and Lange-Nielsen syndrome"", ""Long QT syndrome 14"", ""Dilated cardiomyopathy 1G"", ""Recurrent metabolic encephalomyopathic crises-rhabdomyolysis-cardiac arrhythmia-intellectual disability syndrome"", ""Brugada Syndrome"", ""Catecholaminergic polymorphic ventricular tachycardia"", ""Amyotrophic lateral sclerosis"", ""Emery-Dreifuss muscular dystrophy"", ""Bartter syndrome""]",TBCK-related intellectual disability syndrome,1.0,0.03136656466672938,False,Sick sinus syndrome,1.0,0.6337662337662338,4,False,True,locked_llm_graph_agreement,4,universal_confidence_stop,[],not_applicable,False,,[],0.0,0.0,1.0,False,0,0,1.805039579584604,4,False,0.85,4,True,universal_confidence_stop,False,False,False,11,11,False,25973,1299,9,True
rarebench,rarebench:LIRICAL:236,15,profile_adapter_branching_resolver,Long QT syndrome 15,Sick sinus syndrome,"[""Sick sinus syndrome"", ""Long QT syndrome 14"", ""TBCK-related intellectual disability syndrome"", ""Recurrent metabolic encephalomyopathic crises-rhabdomyolysis-cardiac arrhythmia-intellectual disability syndrome"", ""Jervell and Lange-Nielsen syndrome"", ""Smith-Lemli-Opitz syndrome"", ""Dilated cardiomyopathy 1G"", ""Immunoskeletal dysplasia with neurodevelopmental abnormalities"", ""Neurodevelopmental disorder with or without anomalies of the brain, eye, or heart"", ""Homocystinuria""]",Sick sinus syndrome,"[""Sick sinus syndrome"", ""Jervell and Lange-Nielsen syndrome"", ""Long QT syndrome 14"", ""Dilated cardiomyopathy 1G"", ""Recurrent metabolic encephalomyopathic crises-rhabdomyolysis-cardiac arrhythmia-intellectual disability syndrome"", ""TBCK-related intellectual disability syndrome"", ""Neurodevelopmental disorder with or without anomalies of the brain, eye, or heart"", ""Smith-Lemli-Opitz syndrome"", ""Immunoskeletal dysplasia with neurodevelopmental abnormalities"", ""Homocystinuria""]",TBCK-related intellectual disability syndrome,1.0,0.20037961293400686,True,Sick sinus syndrome,1.0,0.6337662337662338,4,True,True,accepted,5,universal_confidence_stop,[],not_applicable,False,,[],0.0,0.0,1.0,False,0,0,1.6013311688311687,3,False,0.85,5,True,universal_confidence_stop,False,False,False,11,11,False,33199,1597,11,True
rarebench,rarebench:RAMEDIS:282,5,profile_adapter_branching_resolver,Galactosemia,Galactosemia,"[""Galactosemia"", ""Phenylketonuria"", ""Medium chain acyl-CoA dehydrogenase deficiency"", ""Maple syrup urine disease"", ""Biotinidase deficiency"", ""Citrullinemia type II"", ""Citrullinemia type I"", ""Isovaleric acidemia"", ""Very long-chain acyl-CoA dehydrogenase deficiency"", ""Primary carnitine deficiency""]",Galactosemia,"[""Galactosemia"", ""Phenylketonuria"", ""Citrullinemia type I"", ""Citrullinemia type II"", ""Isovaleric acidemia"", ""Medium chain acyl-CoA dehydrogenase deficiency"", ""Methylmalonic acidemia"", ""Ornithine transcarbamylase deficiency"", ""Biotinidase deficiency"", ""Maple syrup urine disease""]",Phenylketonuria,1.0,0.27517571160159726,False,Galactosemia,1.0,0.2761904761904761,13,False,True,locked_llm_graph_agreement,3,universal_confidence_stop,[],not_applicable,False,,[],0.0,0.0,1.0,False,0,0,1.0049784783377698,4,False,0.95,3,True,universal_confidence_stop,True,True,True,1,4,True,13643,954,7,True
rarebench,rarebench:RAMEDIS:282,10,profile_adapter_branching_resolver,Galactosemia,Galactosemia,"[""Galactosemia"", ""Phenylketonuria"", ""Propionic acidemia"", ""Medium chain acyl-CoA dehydrogenase deficiency"", ""Citrullinemia type I"", ""Biotinidase deficiency"", ""Maple syrup urine disease"", ""Very long-chain acyl-CoA dehydrogenase deficiency"", ""Primary carnitine deficiency"", ""Methylmalonic acidemia""]",Galactosemia,"[""Galactosemia"", ""Phenylketonuria"", ""Propionic acidemia"", ""Medium chain acyl-CoA dehydrogenase deficiency"", ""Maple syrup urine disease"", ""Citrullinemia type I"", ""Very long-chain acyl-CoA dehydrogenase deficiency"", ""Primary carnitine deficiency"", ""Methylmalonic acidemia"", ""Tyrosinemia type 1""]",Phenylketonuria,1.0,0.23708545437609208,False,Galactosemia,1.0,0.48108108108108105,9,False,True,locked_llm_graph_agreement,4,universal_confidence_stop,[],not_applicable,False,,[],0.0,0.0,1.0,False,0,0,1.462741546409036,4,False,0.95,4,True,universal_confidence_stop,True,True,True,1,4,True,17550,1189,9,True
rarebench,rarebench:RAMEDIS:282,15,profile_adapter_branching_resolver,Galactosemia,Galactosemia,"[""Galactosemia"", ""Phenylketonuria"", ""Maple syrup urine disease"", ""Medium chain acyl-CoA dehydrogenase deficiency"", ""Biotinidase deficiency"", ""Citrullinemia type II"", ""3-Hydroxy-3-methylglutaryl-CoA lyase deficiency"", ""Citrullinemia type I"", ""Isovaleric acidemia"", ""Very long-chain acyl-CoA dehydrogenase deficiency""]",Galactosemia,"[""Galactosemia"", ""Phenylketonuria"", ""Citrullinemia type I"", ""Citrullinemia type II"", ""Maple syrup urine disease"", ""Medium chain acyl-CoA dehydrogenase deficiency"", ""Isovaleric acidemia"", ""Biotinidase deficiency"", ""3-Methylglutaconic aciduria type I"", ""3-Methylglutaconic aciduria type IV""]",Phenylketonuria,1.0,0.2855631301069814,False,Galactosemia,1.0,0.2761904761904761,13,False,True,locked_llm_graph_agreement,5,universal_confidence_stop,[],not_applicable,False,,[],0.0,0.0,1.0,False,0,0,0.9833304866690762,4,False,0.95,5,True,universal_confidence_stop,True,True,True,1,4,True,22859,1479,11,True
rarebench,rarebench:RAMEDIS:89,5,profile_adapter_branching_resolver,Phenylketonuria,Phenylketonuria,"[""Phenylketonuria"", ""Tyrosinemia type 1"", ""Propionic acidemia"", ""Medium chain acyl-CoA dehydrogenase deficiency"", ""Biotinidase deficiency"", ""3-Hydroxy-3-methylglutaryl-CoA lyase deficiency"", ""Maple syrup urine disease"", ""Tyrosinemia type III"", ""Isovaleric acidemia"", ""Dopa-responsive dystonia""]",Phenylketonuria,"[""Phenylketonuria"", ""Tyrosinemia type 1"", ""Propionic acidemia"", ""Isovaleric acidemia"", ""Dopa-responsive dystonia"", ""Medium chain acyl-CoA dehydrogenase deficiency"", ""Biotinidase deficiency"", ""3-Hydroxy-3-methylglutaryl-CoA lyase deficiency"", ""Methylmalonic acidemia"", ""Glutaric acidemia type I""]",Phenylketonuria,1.0,0.43716710282658533,False,Phenylketonuria,1.0,0.611390284757119,10,False,True,locked_llm_graph_agreement,3,universal_confidence_stop,[],not_applicable,False,,[],0.0,0.0,1.0,False,0,0,2.1589138208797287,4,False,0.95,3,True,universal_confidence_stop,True,True,True,1,1,False,12536,984,7,True
rarebench,rarebench:RAMEDIS:89,10,profile_adapter_branching_resolver,Phenylketonuria,Phenylketonuria,"[""Phenylketonuria"", ""Tyrosinemia type 1"", ""Propionic acidemia"", ""Medium chain acyl-CoA dehydrogenase deficiency"", ""Biotinidase deficiency"", ""3-Hydroxy-3-methylglutaryl-CoA lyase deficiency"", ""Maple syrup urine disease"", ""Isovaleric acidemia"", ""Tyrosinemia type III"", ""Dopa-responsive dystonia""]",Phenylketonuria,"[""Phenylketonuria"", ""Tyrosinemia type 1"", ""Propionic acidemia"", ""Isovaleric acidemia"", ""Dopa-responsive dystonia"", ""Medium chain acyl-CoA dehydrogenase deficiency"", ""Biotinidase deficiency"", ""3-Hydroxy-3-methylglutaryl-CoA lyase deficiency"", ""Methylmalonic acidemia"", ""Glutaric acidemia type I""]",Phenylketonuria,1.0,0.3947621545786165,False,Phenylketonuria,1.0,0.611390284757119,10,False,True,locked_llm_graph_agreement,4,universal_confidence_stop,[],not_applicable,False,,[],0.0,0.0,1.0,False,0,0,2.1168483187666514,4,False,0.85,4,True,universal_confidence_stop,True,True,True,1,1,False,16407,1242,9,True
rarebench,rarebench:RAMEDIS:89,15,profile_adapter_branching_resolver,Phenylketonuria,Phenylketonuria,"[""Phenylketonuria"", ""Tyrosinemia type 1"", ""Propionic acidemia"", ""Medium chain acyl-CoA dehydrogenase deficiency"", ""Biotinidase deficiency"", ""3-Hydroxy-3-methylglutaryl-CoA lyase deficiency"", ""Maple syrup urine disease"", ""Tyrosinemia type III"", ""Isovaleric acidemia"", ""Dopa-responsive dystonia""]",Phenylketonuria,"[""Phenylketonuria"", ""Tyrosinemia type 1"", ""Propionic acidemia"", ""Isovaleric acidemia"", ""Dopa-responsive dystonia"", ""Medium chain acyl-CoA dehydrogenase deficiency"", ""Biotinidase deficiency"", ""3-Hydroxy-3-methylglutaryl-CoA lyase deficiency"", ""Glutaric acidemia type I"", ""Tyrosinemia type III""]",Phenylketonuria,1.0,0.385438275171639,False,Phenylketonuria,1.0,0.611390284757119,10,False,True,locked_llm_graph_agreement,5,universal_confidence_stop,[],not_applicable,False,,[],0.0,0.0,1.0,False,0,0,2.1176546358684254,4,False,0.85,5,True,universal_confidence_stop,True,True,True,1,1,False,20719,1533,11,True
rarebench,rarebench:RAMEDIS:46,5,profile_adapter_branching_resolver,Phenylketonuria,Phenylketonuria,"[""Phenylketonuria"", ""Propionic acidemia"", ""Succinic semialdehyde dehydrogenase deficiency"", ""Citrullinemia type I"", ""Galactosemia"", ""Glutaric acidemia type I"", ""Maple syrup urine disease"", ""Homocystinuria"", ""PMM2-CDG"", ""Methylmalonic acidemia""]",Phenylketonuria,"[""Phenylketonuria"", ""Propionic acidemia"", ""Succinic semialdehyde dehydrogenase deficiency"", ""3-Hydroxy-3-methylglutaryl-CoA lyase deficiency"", ""Methylmalonic acidemia"", ""Glutaric acidemia type I"", ""Biotinidase deficiency"", ""Citrullinemia type I"", ""Homocystinuria"", ""PMM2-CDG""]",Phenylketonuria,1.0,0.4081214822781055,False,Phenylketonuria,1.0,0.26453488372093026,6,False,True,locked_llm_graph_agreement,3,universal_confidence_stop,[],not_applicable,False,,[],0.0,0.0,1.0,False,0,0,1.8732413333768134,4,False,0.85,3,True,universal_confidence_stop,True,True,True,1,1,False,11998,953,7,True
rarebench,rarebench:RAMEDIS:46,10,profile_adapter_branching_resolver,Phenylketonuria,Phenylketonuria,"[""Phenylketonuria"", ""Propionic acidemia"", ""Succinic semialdehyde dehydrogenase deficiency"", ""PMM2-CDG"", ""Citrullinemia type I"", ""Galactosemia"", ""Glutaric acidemia type I"", ""Maple syrup urine disease"", ""Homocystinuria"", ""Methylmalonic acidemia""]",Phenylketonuria,"[""Phenylketonuria"", ""Propionic acidemia"", ""Methylmalonic acidemia"", ""3-Hydroxy-3-methylglutaryl-CoA lyase deficiency"", ""Glutaric acidemia type I"", ""Biotinidase deficiency"", ""Succinic semialdehyde dehydrogenase deficiency"", ""Citrullinemia type I"", ""Homocystinuria"", ""PMM2-CDG""]",Phenylketonuria,1.0,0.40286782848161995,False,Phenylketonuria,1.0,0.26453488372093026,6,False,True,locked_llm_graph_agreement,4,universal_confidence_stop,[],not_applicable,False,,[],0.0,0.0,1.0,False,0,0,1.8711402336332035,4,False,0.85,4,True,universal_confidence_stop,True,True,True,1,1,False,15820,1203,9,True
rarebench,rarebench:RAMEDIS:46,15,profile_adapter_branching_resolver,Phenylketonuria,Phenylketonuria,"[""Phenylketonuria"", ""Tyrosinemia type 1"", ""Biotinidase deficiency"", ""Succinic semialdehyde dehydrogenase deficiency"", ""Propionic acidemia"", ""Methylmalonic acidemia"", ""Citrullinemia type I"", ""Tyrosinemia type 2"", ""Galactosemia"", ""Ornithine transcarbamylase deficiency""]",Phenylketonuria,"[""Phenylketonuria"", ""Tyrosinemia type 1"", ""Tyrosinemia type 2"", ""Biotinidase deficiency"", ""Citrullinemia type I"", ""Succinic semialdehyde dehydrogenase deficiency"", ""Galactosemia"", ""Methylmalonic acidemia"", ""Propionic acidemia"", ""Ornithine transcarbamylase deficiency""]",Phenylketonuria,1.0,0.4346058334403664,False,Phenylketonuria,1.0,0.42450607214065617,11,False,True,locked_llm_graph_agreement,5,universal_confidence_stop,[],not_applicable,False,,[],0.0,0.0,1.0,False,0,0,1.9791167351610452,4,False,0.95,5,True,universal_confidence_stop,True,True,True,1,1,False,20125,1528,11,True
rarebench,rarebench:LIRICAL:288,5,profile_adapter_branching_resolver,"Neurodevelopmental disorder with or without anomalies of the brain, eye, or heart","Neurodevelopmental disorder with or without anomalies of the brain, eye, or heart","[""Neurodevelopmental disorder with or without anomalies of the brain, eye, or heart"", ""Hypomyelinating leukodystrophy"", ""Smith-Magenis syndrome"", ""Cockayne syndrome"", ""Stankiewicz-Isidor syndrome"", ""Weill-Marchesani syndrome"", ""TBCK-related intellectual disability syndrome"", ""Hajdu-Cheney syndrome"", ""Galactosialidosis"", ""Noonan syndrome""]","Neurodevelopmental disorder with or without anomalies of the brain, eye, or heart","[""Neurodevelopmental disorder with or without anomalies of the brain, eye, or heart"", ""Smith-Magenis syndrome"", ""Cockayne syndrome"", ""Weill-Marchesani syndrome"", ""Hajdu-Cheney syndrome"", ""Galactosialidosis"", ""Noonan syndrome"", ""TBCK-related intellectual disability syndrome"", ""Smith-Lemli-Opitz syndrome"", ""Glutaric acidemia type I""]","Neurodevelopmental disorder with or without anomalies of the brain, eye, or heart",1.0,0.1590879923208841,False,"Neurodevelopmental disorder with or without anomalies of the brain, eye, or heart",1.0,0.2632472427753735,16,False,True,locked_llm_graph_agreement,3,universal_confidence_stop,[],not_applicable,False,,[],0.0,0.0,1.0,False,0,0,1.915512510044424,4,False,0.85,3,True,universal_confidence_stop,True,True,True,1,1,False,21721,1040,7,True
rarebench,rarebench:LIRICAL:288,10,profile_adapter_branching_resolver,"Neurodevelopmental disorder with or without anomalies of the brain, eye, or heart","Neurodevelopmental disorder with or without anomalies of the brain, eye, or heart","[""Neurodevelopmental disorder with or without anomalies of the brain, eye, or heart"", ""Stankiewicz-Isidor syndrome"", ""Hypomyelinating leukodystrophy"", ""Cockayne syndrome"", ""Smith-Magenis syndrome"", ""Microcephaly 3, primary, autosomal recessive"", ""Skraban-Deardorff syndrome"", ""Weill-Marchesani syndrome"", ""TBCK-related intellectual disability syndrome"", ""Smith-Lemli-Opitz syndrome""]","Neurodevelopmental disorder with or without anomalies of the brain, eye, or heart","[""Neurodevelopmental disorder with or without anomalies of the brain, eye, or heart"", ""Stankiewicz-Isidor syndrome"", ""Skraban-Deardorff syndrome"", ""Cockayne syndrome"", ""Smith-Magenis syndrome"", ""Hypomyelinating leukodystrophy"", ""Weill-Marchesani syndrome"", ""TBCK-related intellectual disability syndrome"", ""Smith-Lemli-Opitz syndrome"", ""Glutaric acidemia type I""]","Neurodevelopmental disorder with or without anomalies of the brain, eye, or heart",1.0,0.22191293939786183,False,"Neurodevelopmental disorder with or without anomalies of the brain, eye, or heart",1.0,0.2958654920173678,20,False,True,locked_llm_graph_agreement,4,universal_confidence_stop,[],not_applicable,False,,[],0.0,0.0,1.0,False,0,0,1.6845536701390185,4,False,0.85,4,True,universal_confidence_stop,True,True,True,1,1,False,29401,1339,9,True
rarebench,rarebench:LIRICAL:288,15,profile_adapter_branching_resolver,"Neurodevelopmental disorder with or without anomalies of the brain, eye, or heart","Neurodevelopmental disorder with or without anomalies of the brain, eye, or heart","[""Neurodevelopmental disorder with or without anomalies of the brain, eye, or heart"", ""Smith-Magenis syndrome"", ""Stankiewicz-Isidor syndrome"", ""Hypomyelinating leukodystrophy"", ""Cockayne syndrome"", ""Skraban-Deardorff syndrome"", ""Weill-Marchesani syndrome"", ""Retinitis pigmentosa"", ""Microcephaly 3, primary, autosomal recessive"", ""TBCK-related intellectual disability syndrome""]","Neurodevelopmental disorder with or without anomalies of the brain, eye, or heart","[""Neurodevelopmental disorder with or without anomalies of the brain, eye, or heart"", ""Smith-Magenis syndrome"", ""Skraban-Deardorff syndrome"", ""Stankiewicz-Isidor syndrome"", ""Cockayne syndrome"", ""Hypomyelinating leukodystrophy"", ""Microcephaly 3, primary, autosomal recessive"", ""TBCK-related intellectual disability syndrome"", ""Smith-Lemli-Opitz syndrome"", ""Immunoskeletal dysplasia with neurodevelopmental abnormalities""]","Neurodevelopmental disorder with or without anomalies of the brain, eye, or heart",1.0,0.234677718315364,False,"Neurodevelopmental disorder with or without anomalies of the brain, eye, or heart",1.0,0.06733729712357361,24,False,True,locked_llm_graph_agreement,5,universal_confidence_stop,[],not_applicable,False,,[],0.0,0.0,1.0,False,0,0,1.7499378916921093,4,False,0.85,5,True,universal_confidence_stop,True,True,True,1,1,False,37661,1658,11,True
rarebench,rarebench:MME:13,5,profile_adapter_branching_resolver,Cerebrocostomandibular syndrome,Cerebrocostomandibular syndrome,"[""Cerebrocostomandibular syndrome"", ""Alacrimia-choreoathetosis-liver dysfunction syndrome"", ""Mandibulofacial dysostosis-microcephaly syndrome"", ""Poretti-Boltshauser syndrome"", ""Cataract-growth hormone deficiency-sensory neuropathy-sensorineural hearing loss-skeletal dysplasia syndrome"", ""Spondylometaphyseal dysplasia, Sedaghatian type"", ""Shprintzen-Goldberg syndrome"", ""Autosomal recessive primary microcephaly"", ""Epilepsy, focal, with speech disorder and mental retardation"", ""Methylmalonate semialdehyde dehydrogenase deficiency""]",Cerebrocostomandibular syndrome,"[""Cerebrocostomandibular syndrome"", ""Alacrimia-choreoathetosis-liver dysfunction syndrome"", ""Mandibulofacial dysostosis-microcephaly syndrome"", ""Cataract-growth hormone deficiency-sensory neuropathy-sensorineural hearing loss-skeletal dysplasia syndrome"", ""Shprintzen-Goldberg syndrome"", ""Spondylometaphyseal dysplasia, Sedaghatian type"", ""Poretti-Boltshauser syndrome"", ""Microcephaly-capillary malformation syndrome"", ""Beaulieu-Boycott-Innes syndrome"", ""Combined immunodeficiency-enteropathy spectrum""]",Cerebrocostomandibular syndrome,1.0,0.5224142223927949,False,Cerebrocostomandibular syndrome,1.0,0.8045002616431188,9,False,True,locked_llm_graph_agreement,3,universal_confidence_stop,[],not_applicable,False,,[],0.0,0.0,1.0,False,0,0,2.2156066788038222,4,False,0.85,3,True,universal_confidence_stop,True,True,True,1,1,False,7933,1189,7,True
rarebench,rarebench:MME:13,10,profile_adapter_branching_resolver,Cerebrocostomandibular syndrome,Cerebrocostomandibular syndrome,"[""Cerebrocostomandibular syndrome"", ""Alacrimia-choreoathetosis-liver dysfunction syndrome"", ""Mandibulofacial dysostosis-microcephaly syndrome"", ""Cataract-growth hormone deficiency-sensory neuropathy-sensorineural hearing loss-skeletal dysplasia syndrome"", ""Spondylometaphyseal dysplasia, Sedaghatian type"", ""Poretti-Boltshauser syndrome"", ""Combined immunodeficiency-enteropathy spectrum"", ""Perrault syndrome"", ""Beaulieu-Boycott-Innes syndrome"", ""Microcephaly-capillary malformation syndrome""]",Cerebrocostomandibular syndrome,"[""Cerebrocostomandibular syndrome"", ""Alacrimia-choreoathetosis-liver dysfunction syndrome"", ""Mandibulofacial dysostosis-microcephaly syndrome"", ""Cataract-growth hormone deficiency-sensory neuropathy-sensorineural hearing loss-skeletal dysplasia syndrome"", ""Spondylometaphyseal dysplasia, Sedaghatian type"", ""Poretti-Boltshauser syndrome"", ""Beaulieu-Boycott-Innes syndrome"", ""Microcephaly-capillary malformation syndrome"", ""Epilepsy, focal, with speech disorder and mental retardation"", ""Short syndrome""]",Cerebrocostomandibular syndrome,1.0,0.6651791532817615,False,Cerebrocostomandibular syndrome,1.0,0.8045002616431188,9,False,True,locked_llm_graph_agreement,4,universal_confidence_stop,[],not_applicable,False,,[],0.0,0.0,1.0,False,0,0,2.3298186235149956,4,False,0.85,4,True,universal_confidence_stop,True,True,True,1,1,False,10531,1497,9,True
rarebench,rarebench:MME:13,15,profile_adapter_branching_resolver,Cerebrocostomandibular syndrome,Cerebrocostomandibular syndrome,"[""Cerebrocostomandibular syndrome"", ""Alacrimia-choreoathetosis-liver dysfunction syndrome"", ""Mandibulofacial dysostosis-microcephaly syndrome"", ""Poretti-Boltshauser syndrome"", ""Cataract-growth hormone deficiency-sensory neuropathy-sensorineural hearing loss-skeletal dysplasia syndrome"", ""Spondylometaphyseal dysplasia, Sedaghatian type"", ""Perrault syndrome"", ""Methylmalonate semialdehyde dehydrogenase deficiency"", ""Shprintzen-Goldberg syndrome"", ""Autosomal recessive primary microcephaly""]",Cerebrocostomandibular syndrome,"[""Cerebrocostomandibular syndrome"", ""Alacrimia-choreoathetosis-liver dysfunction syndrome"", ""Mandibulofacial dysostosis-microcephaly syndrome"", ""Cataract-growth hormone deficiency-sensory neuropathy-sensorineural hearing loss-skeletal dysplasia syndrome"", ""Spondylometaphyseal dysplasia, Sedaghatian type"", ""Poretti-Boltshauser syndrome"", ""Microcephaly-capillary malformation syndrome"", ""Beaulieu-Boycott-Innes syndrome"", ""Perrault syndrome"", ""Epilepsy, focal, with speech disorder and mental retardation""]",Cerebrocostomandibular syndrome,1.0,0.5027157890297451,False,Cerebrocostomandibular syndrome,1.0,0.8045002616431188,9,False,True,locked_llm_graph_agreement,5,universal_confidence_stop,[],not_applicable,False,,[],0.0,0.0,1.0,False,0,0,2.199847932113382,4,False,0.85,5,True,universal_confidence_stop,True,True,True,1,1,False,13367,1843,11,True
rarebench,rarebench:LIRICAL:189,5,profile_adapter_branching_resolver,"Neurodevelopmental disorder with or without anomalies of the brain, eye, or heart","Neurodevelopmental disorder with or without anomalies of the brain, eye, or heart","[""Neurodevelopmental disorder with or without anomalies of the brain, eye, or heart"", ""Smith-Lemli-Opitz syndrome"", ""Townes-Brocks syndrome"", ""Cutis laxa, autosomal recessive, type IID"", ""Galloway-Mowat syndrome"", ""Freeman-Sheldon syndrome"", ""TBCK-related intellectual disability syndrome"", ""Apert syndrome"", ""Noonan syndrome"", ""Geleophysic dysplasia""]",Townes-Brocks syndrome,"[""Townes-Brocks syndrome"", ""Neurodevelopmental disorder with or without anomalies of the brain, eye, or heart"", ""Smith-Lemli-Opitz syndrome"", ""Noonan syndrome"", ""Galloway-Mowat syndrome"", ""Freeman-Sheldon syndrome"", ""Apert syndrome"", ""Geleophysic dysplasia"", ""Congenital disorder of glycosylation, type Il"", ""TBCK-related intellectual disability syndrome""]","Neurodevelopmental disorder with or without anomalies of the brain, eye, or heart",1.0,0.25670254378559454,True,Townes-Brocks syndrome,1.0,0.05295493845997368,24,True,True,blocked_weak_graph_override,4,continue,[],not_applicable,False,,[],0.0,0.0,1.0,False,0,0,0.09764437861307718,3,False,0.85,5,False,budget_exhausted_forced_final,True,True,True,1,2,True,36972,1556,11,True
rarebench,rarebench:LIRICAL:189,10,profile_adapter_branching_resolver,"Neurodevelopmental disorder with or without anomalies of the brain, eye, or heart","Neurodevelopmental disorder with or without anomalies of the brain, eye, or heart","[""Neurodevelopmental disorder with or without anomalies of the brain, eye, or heart"", ""Stankiewicz-Isidor syndrome"", ""Smith-Lemli-Opitz syndrome"", ""Cutis laxa, autosomal recessive, type IID"", ""Apert syndrome"", ""Heterotaxy syndrome"", ""Townes-Brocks syndrome"", ""TBCK-related intellectual disability syndrome"", ""Immunoskeletal dysplasia with neurodevelopmental abnormalities"", ""Glutaric acidemia type I""]","Neurodevelopmental disorder with or without anomalies of the brain, eye, or heart","[""Neurodevelopmental disorder with or without anomalies of the brain, eye, or heart"", ""Stankiewicz-Isidor syndrome"", ""Townes-Brocks syndrome"", ""Smith-Lemli-Opitz syndrome"", ""TBCK-related intellectual disability syndrome"", ""Cutis laxa, autosomal recessive, type IID"", ""Heterotaxy syndrome"", ""Fanconi anemia"", ""Apert syndrome"", ""Smith-Kingsmore syndrome""]","Neurodevelopmental disorder with or without anomalies of the brain, eye, or heart",1.0,0.3008607902052022,False,"Neurodevelopmental disorder with or without anomalies of the brain, eye, or heart",1.0,0.004585058498298933,32,True,True,blocked_unsupported_third_option,7,universal_confidence_stop,[],not_applicable,False,,[],0.0,0.0,1.0,False,0,0,1.6692110348539795,4,False,0.85,7,True,universal_confidence_stop,True,True,True,1,2,True,53570,2120,15,True
rarebench,rarebench:LIRICAL:189,15,profile_adapter_branching_resolver,"Neurodevelopmental disorder with or without anomalies of the brain, eye, or heart","Neurodevelopmental disorder with or without anomalies of the brain, eye, or heart","[""Neurodevelopmental disorder with or without anomalies of the brain, eye, or heart"", ""Smith-Lemli-Opitz syndrome"", ""Stankiewicz-Isidor syndrome"", ""Cutis laxa, autosomal recessive, type IID"", ""Apert syndrome"", ""Heterotaxy syndrome"", ""TBCK-related intellectual disability syndrome"", ""Townes-Brocks syndrome"", ""Immunoskeletal dysplasia with neurodevelopmental abnormalities"", ""Smith-Kingsmore syndrome""]","Neurodevelopmental disorder with or without anomalies of the brain, eye, or heart","[""Neurodevelopmental disorder with or without anomalies of the brain, eye, or heart"", ""Stankiewicz-Isidor syndrome"", ""Smith-Lemli-Opitz syndrome"", ""TBCK-related intellectual disability syndrome"", ""Cutis laxa, autosomal recessive, type IID"", ""Heterotaxy syndrome"", ""Fanconi anemia"", ""Smith-Kingsmore syndrome"", ""Apert syndrome"", ""Townes-Brocks syndrome""]","Neurodevelopmental disorder with or without anomalies of the brain, eye, or heart",1.0,0.31220441809250954,False,"Neurodevelopmental disorder with or without anomalies of the brain, eye, or heart",1.0,0.004585058498298933,32,True,True,blocked_unsupported_third_option,7,universal_confidence_stop,[],not_applicable,False,,[],0.0,0.0,1.0,False,0,0,1.714149420779707,4,False,0.85,7,True,universal_confidence_stop,True,True,True,1,2,True,54631,2068,15,True
rarebench,rarebench:RAMEDIS:404,5,profile_adapter_branching_resolver,Phenylketonuria,Phenylketonuria,"[""Phenylketonuria"", ""Tyrosinemia type III"", ""Biotinidase deficiency"", ""Tyrosinemia type 1"", ""Medium chain acyl-CoA dehydrogenase deficiency"", ""Glutaric acidemia type I"", ""Citrullinemia type I"", ""Very long-chain acyl-CoA dehydrogenase deficiency"", ""Galactosemia"", ""Hyperphenylalaninemia""]",Phenylketonuria,"[""Phenylketonuria"", ""Tyrosinemia type 1"", ""Tyrosinemia type III"", ""Biotinidase deficiency"", ""Medium chain acyl-CoA dehydrogenase deficiency"", ""Very long-chain acyl-CoA dehydrogenase deficiency"", ""Citrullinemia type II"", ""Hyperphenylalaninemia"", ""Methylmalonic acidemia"", ""Glutaric acidemia type I""]",Phenylketonuria,1.0,0.38434122490186395,False,Phenylketonuria,1.0,0.15909090909090917,5,False,True,locked_llm_graph_agreement,3,universal_confidence_stop,[],not_applicable,False,,[],0.0,0.0,1.0,False,0,0,1.8904545454545452,4,False,0.95,3,True,universal_confidence_stop,True,True,True,1,1,False,12319,954,7,True
rarebench,rarebench:RAMEDIS:404,10,profile_adapter_branching_resolver,Phenylketonuria,Phenylketonuria,"[""Phenylketonuria"", ""Tyrosinemia type III"", ""Tyrosinemia type 1"", ""Biotinidase deficiency"", ""Medium chain acyl-CoA dehydrogenase deficiency"", ""Glutaric acidemia type I"", ""Citrullinemia type I"", ""Very long-chain acyl-CoA dehydrogenase deficiency"", ""Hyperphenylalaninemia"", ""Citrullinemia type II""]",Phenylketonuria,"[""Phenylketonuria"", ""Tyrosinemia type 1"", ""Tyrosinemia type III"", ""Biotinidase deficiency"", ""Medium chain acyl-CoA dehydrogenase deficiency"", ""Very long-chain acyl-CoA dehydrogenase deficiency"", ""Citrullinemia type II"", ""Hyperphenylalaninemia"", ""Methylmalonic acidemia"", ""Glutaric acidemia type I""]",Phenylketonuria,1.0,0.37293134126906935,False,Phenylketonuria,1.0,0.15909090909090917,5,False,True,locked_llm_graph_agreement,4,universal_confidence_stop,[],not_applicable,False,,[],0.0,0.0,1.0,False,0,0,1.8904545454545452,4,False,0.95,4,True,universal_confidence_stop,True,True,True,1,1,False,16215,1226,9,True
rarebench,rarebench:RAMEDIS:404,15,profile_adapter_branching_resolver,Phenylketonuria,Phenylketonuria,"[""Phenylketonuria"", ""Tyrosinemia type III"", ""Tyrosinemia type 1"", ""Biotinidase deficiency"", ""Medium chain acyl-CoA dehydrogenase deficiency"", ""Glutaric acidemia type I"", ""Citrullinemia type I"", ""Very long-chain acyl-CoA dehydrogenase deficiency"", ""Hyperphenylalaninemia"", ""Citrullinemia type II""]",Phenylketonuria,"[""Phenylketonuria"", ""Tyrosinemia type III"", ""Tyrosinemia type 1"", ""Biotinidase deficiency"", ""Medium chain acyl-CoA dehydrogenase deficiency"", ""Very long-chain acyl-CoA dehydrogenase deficiency"", ""Citrullinemia type II"", ""Hyperphenylalaninemia"", ""Methylmalonic acidemia"", ""Glutaric acidemia type I""]",Phenylketonuria,1.0,0.3752869864935945,False,Phenylketonuria,1.0,0.15909090909090917,5,False,True,locked_llm_graph_agreement,5,universal_confidence_stop,[],not_applicable,False,,[],0.0,0.0,1.0,False,0,0,1.8904545454545452,4,False,0.95,5,True,universal_confidence_stop,True,True,True,1,1,False,20260,1471,11,True
rarebench,rarebench:LIRICAL:205,5,profile_adapter_branching_resolver,Nemaline myopathy,Spondylocostal dysostosis,"[""Spondylocostal dysostosis"", ""Congenital myasthenic syndrome"", ""TBCK-related intellectual disability syndrome"", ""Aarskog-Scott syndrome"", ""Microcephaly 5, primary, autosomal recessive"", ""Bethlem myopathy"", ""Intellectual developmental disorder with dysmorphic facies and ptosis"", ""Mental retardation, autosomal recessive 38"", ""Neurodevelopmental disorder with or without anomalies of the brain, eye, or heart"", ""Nemaline myopathy""]",Congenital myasthenic syndrome,"[""Congenital myasthenic syndrome"", ""Bethlem myopathy"", ""Centronuclear myopathy"", ""Nemaline myopathy"", ""Amyotrophic lateral sclerosis"", ""Limb-girdle muscular dystrophy"", ""Intellectual developmental disorder with dysmorphic facies and ptosis"", ""Aarskog-Scott syndrome"", ""Microcephaly 5, primary, autosomal recessive"", ""Mental retardation, autosomal recessive 38""]",TBCK-related intellectual disability syndrome,1.0,0.0906089174045197,False,Spondylocostal dysostosis,1.0,0.17460317460317465,11,True,True,blocked_weak_graph_override,4,universal_confidence_stop,[],not_applicable,False,,[],0.0,0.0,1.0,False,0,0,0.9245548196852238,3,False,0.85,4,True,universal_confidence_stop,False,False,False,10,1,False,27510,1273,9,True
rarebench,rarebench:LIRICAL:205,10,profile_adapter_branching_resolver,Nemaline myopathy,Bethlem myopathy,"[""Bethlem myopathy"", ""Congenital myasthenic syndrome"", ""TBCK-related intellectual disability syndrome"", ""Spondylocostal dysostosis"", ""Aarskog-Scott syndrome"", ""Mental retardation, autosomal recessive 38"", ""Microcephaly 5, primary, autosomal recessive"", ""Intellectual developmental disorder with dysmorphic facies and ptosis"", ""Spinocerebellar ataxia, autosomal recessive 20"", ""Van den Ende-Gupta syndrome""]",Bethlem myopathy,"[""Bethlem myopathy"", ""Congenital myasthenic syndrome"", ""Larsen syndrome"", ""Aarskog-Scott syndrome"", ""Mental retardation, autosomal recessive 38"", ""Microcephaly 5, primary, autosomal recessive"", ""Intellectual developmental disorder with dysmorphic facies and ptosis"", ""TBCK-related intellectual disability syndrome"", ""Van den Ende-Gupta syndrome"", ""Spondylocostal dysostosis""]",TBCK-related intellectual disability syndrome,1.0,0.09087253537135553,False,Spondylocostal dysostosis,1.0,0.17460317460317465,11,True,True,blocked_unsupported_third_option,4,universal_confidence_stop,[],not_applicable,False,,[],0.0,0.0,1.0,True,2,4,0.4177069719240225,5,False,0.85,8,True,universal_confidence_stop,False,False,False,11,1,False,45650,2047,15,True
rarebench,rarebench:LIRICAL:205,15,profile_adapter_branching_resolver,Nemaline myopathy,Congenital myasthenic syndrome,"[""Congenital myasthenic syndrome"", ""Bethlem myopathy"", ""TBCK-related intellectual disability syndrome"", ""Centronuclear myopathy"", ""Spondylocostal dysostosis"", ""Mental retardation, autosomal recessive 38"", ""Microcephaly 5, primary, autosomal recessive"", ""Aarskog-Scott syndrome"", ""Intellectual developmental disorder with dysmorphic facies and ptosis"", ""Nemaline myopathy""]",Congenital myasthenic syndrome,"[""Congenital myasthenic syndrome"", ""Bethlem myopathy"", ""Centronuclear myopathy"", ""Nemaline myopathy"", ""Amyotrophic lateral sclerosis"", ""Limb-girdle muscular dystrophy"", ""Intellectual developmental disorder with dysmorphic facies and ptosis"", ""Aarskog-Scott syndrome"", ""Microcephaly 5, primary, autosomal recessive"", ""Mental retardation, autosomal recessive 38""]",TBCK-related intellectual disability syndrome,1.0,0.0782610125170583,False,Spondylocostal dysostosis,1.0,0.17460317460317465,11,True,True,blocked_unsupported_third_option,5,universal_confidence_stop,[],not_applicable,False,,[],0.0,0.0,1.0,True,2,4,2.117626149195531,6,False,0.85,9,True,universal_confidence_stop,False,False,False,10,1,False,52533,2270,17,True
rarebench,rarebench:RAMEDIS:384,5,profile_adapter_branching_resolver,PMM2-CDG,PMM2-CDG,"[""PMM2-CDG"", ""Phenylketonuria"", ""Glycerol kinase deficiency"", ""Succinic semialdehyde dehydrogenase deficiency"", ""Glutaric acidemia type I"", ""Primary carnitine deficiency"", ""Tyrosinemia type 1"", ""Citrullinemia type I"", ""Methylmalonic acidemia"", ""Ornithine transcarbamylase deficiency""]",PMM2-CDG,"[""PMM2-CDG"", ""Methylmalonic acidemia"", ""Glutaric acidemia type I"", ""Ornithine transcarbamylase deficiency"", ""Citrullinemia type I"", ""Phenylketonuria"", ""Primary carnitine deficiency"", ""Succinic semialdehyde dehydrogenase deficiency"", ""Mitochondrial DNA depletion syndrome 3"", ""Glycerol kinase deficiency""]",PMM2-CDG,1.0,0.2830202109110622,False,PMM2-CDG,1.0,0.5890660592255124,7,False,True,locked_llm_graph_agreement,3,universal_confidence_stop,[],not_applicable,False,,[],0.0,0.0,1.0,False,0,0,2.339802200632821,4,False,0.85,3,True,universal_confidence_stop,True,True,True,1,1,False,12106,981,7,True
rarebench,rarebench:RAMEDIS:384,10,profile_adapter_branching_resolver,PMM2-CDG,PMM2-CDG,"[""PMM2-CDG"", ""Phenylketonuria"", ""Galactosemia"", ""Glutaric acidemia type I"", ""Methylmalonic acidemia"", ""Biotinidase deficiency"", ""Medium chain acyl-CoA dehydrogenase deficiency"", ""Citrullinemia type I"", ""Maple syrup urine disease"", ""Carbamoyl-phosphate synthetase 1 deficiency""]",PMM2-CDG,"[""PMM2-CDG"", ""Phenylketonuria"", ""Galactosemia"", ""Glutaric acidemia type I"", ""Biotinidase deficiency"", ""Citrullinemia type I"", ""Methylmalonic acidemia"", ""Medium chain acyl-CoA dehydrogenase deficiency"", ""Succinic semialdehyde dehydrogenase deficiency"", ""Canavan disease""]",Phenylketonuria,1.0,0.15655786560269092,False,PMM2-CDG,1.0,0.47955092221331197,10,False,True,locked_llm_graph_agreement,4,universal_confidence_stop,[],not_applicable,False,,[],0.0,0.0,1.0,False,0,0,1.4904039347298226,4,False,0.85,4,True,universal_confidence_stop,True,True,True,1,1,False,15445,1228,9,True
rarebench,rarebench:RAMEDIS:384,15,profile_adapter_branching_resolver,PMM2-CDG,PMM2-CDG,"[""PMM2-CDG"", ""Phenylketonuria"", ""Glutaric acidemia type I"", ""Methylmalonic acidemia"", ""Citrullinemia type I"", ""Biotinidase deficiency"", ""Medium chain acyl-CoA dehydrogenase deficiency"", ""Galactosemia"", ""Maple syrup urine disease"", ""Carbamoyl-phosphate synthetase 1 deficiency""]",PMM2-CDG,"[""PMM2-CDG"", ""Phenylketonuria"", ""Galactosemia"", ""Glutaric acidemia type I"", ""Biotinidase deficiency"", ""Citrullinemia type I"", ""Methylmalonic acidemia"", ""Medium chain acyl-CoA dehydrogenase deficiency"", ""3-Methylglutaconic aciduria type I"", ""Ornithine transcarbamylase deficiency""]",Phenylketonuria,1.0,0.18795037997251296,False,PMM2-CDG,1.0,0.47955092221331197,10,False,True,locked_llm_graph_agreement,5,universal_confidence_stop,[],not_applicable,False,,[],0.0,0.0,1.0,False,0,0,1.4652899232339651,4,False,0.85,5,True,universal_confidence_stop,True,True,True,1,1,False,19943,1507,11,True
rarebench,rarebench:RAMEDIS:510,5,profile_adapter_branching_resolver,Hawkinsinuria,Hawkinsinuria,"[""Hawkinsinuria"", ""Maple syrup urine disease"", ""Phenylketonuria"", ""Medium chain acyl-CoA dehydrogenase deficiency"", ""Glutaric acidemia type I"", ""Biotinidase deficiency"", ""3-Methylcrotonyl-CoA carboxylase deficiency"", ""PMM2-CDG"", ""3-Hydroxy-3-methylglutaryl-CoA lyase deficiency"", ""Propionic acidemia""]",Hawkinsinuria,"[""Hawkinsinuria"", ""Phenylketonuria"", ""3-Methylcrotonyl-CoA carboxylase deficiency"", ""Biotinidase deficiency"", ""Maple syrup urine disease"", ""Glutaric acidemia type I"", ""Medium chain acyl-CoA dehydrogenase deficiency"", ""Methylmalonic acidemia"", ""Beta-ketothiolase deficiency"", ""Tyrosinemia type 1""]",Phenylketonuria,1.0,0.2659738069514149,True,Hawkinsinuria,1.0,0.5569823434991974,8,True,True,accepted,3,universal_confidence_stop,[],not_applicable,False,,[],0.0,0.0,1.0,False,0,0,1.4320404835015323,4,False,0.85,3,True,universal_confidence_stop,True,True,True,1,3,True,11287,945,7,True
rarebench,rarebench:RAMEDIS:510,10,profile_adapter_branching_resolver,Hawkinsinuria,Hawkinsinuria,"[""Hawkinsinuria"", ""Maple syrup urine disease"", ""Phenylketonuria"", ""Medium chain acyl-CoA dehydrogenase deficiency"", ""Glutaric acidemia type I"", ""Biotinidase deficiency"", ""3-Hydroxy-3-methylglutaryl-CoA lyase deficiency"", ""3-Methylcrotonyl-CoA carboxylase deficiency"", ""PMM2-CDG"", ""Propionic acidemia""]",Hawkinsinuria,"[""Hawkinsinuria"", ""Phenylketonuria"", ""3-Methylcrotonyl-CoA carboxylase deficiency"", ""Biotinidase deficiency"", ""Maple syrup urine disease"", ""Glutaric acidemia type I"", ""Medium chain acyl-CoA dehydrogenase deficiency"", ""PMM2-CDG"", ""3-Hydroxy-3-methylglutaryl-CoA lyase deficiency"", ""Tyrosinemia type 1""]",Phenylketonuria,1.0,0.26598326702343866,True,Hawkinsinuria,1.0,0.5569823434991974,8,True,True,accepted,4,universal_confidence_stop,[],not_applicable,False,,[],0.0,0.0,1.0,False,0,0,0.9789456848019267,3,False,0.85,4,True,universal_confidence_stop,True,True,True,1,3,True,14339,1205,9,True
rarebench,rarebench:RAMEDIS:510,15,profile_adapter_branching_resolver,Hawkinsinuria,Hawkinsinuria,"[""Hawkinsinuria"", ""Maple syrup urine disease"", ""Phenylketonuria"", ""Medium chain acyl-CoA dehydrogenase deficiency"", ""Glutaric acidemia type I"", ""Biotinidase deficiency"", ""3-Hydroxy-3-methylglutaryl-CoA lyase deficiency"", ""3-Methylcrotonyl-CoA carboxylase deficiency"", ""PMM2-CDG"", ""Propionic acidemia""]",Hawkinsinuria,"[""Hawkinsinuria"", ""Tyrosinemia type 1"", ""Phenylketonuria"", ""3-Methylcrotonyl-CoA carboxylase deficiency"", ""Biotinidase deficiency"", ""Medium chain acyl-CoA dehydrogenase deficiency"", ""Glutaric acidemia type I"", ""3-Hydroxy-3-methylglutaryl-CoA lyase deficiency"", ""Maple syrup urine disease"", ""PMM2-CDG""]",Phenylketonuria,1.0,0.25855670044340884,True,Hawkinsinuria,1.0,0.5569823434991974,8,True,True,accepted,5,universal_confidence_stop,[],not_applicable,False,,[],0.0,0.0,1.0,False,0,0,0.9772391073173847,3,False,0.85,5,True,universal_confidence_stop,True,True,True,1,3,True,18846,1505,11,True
rarebench,rarebench:RAMEDIS:599,5,profile_adapter_branching_resolver,Dihydropyrimidinuria,Dihydropyrimidine dehydrogenase deficiency,"[""Dihydropyrimidine dehydrogenase deficiency"", ""Phenylketonuria"", ""Methylmalonic acidemia"", ""Biotinidase deficiency"", ""Glycerol kinase deficiency"", ""Canavan disease"", ""D-2-hydroxyglutaric aciduria"", ""Succinic semialdehyde dehydrogenase deficiency"", ""Glutaric acidemia type I"", ""Medium chain acyl-CoA dehydrogenase deficiency""]",Dihydropyrimidine dehydrogenase deficiency,"[""Dihydropyrimidine dehydrogenase deficiency"", ""Dihydropyrimidinuria"", ""Succinic semialdehyde dehydrogenase deficiency"", ""Canavan disease"", ""Biotinidase deficiency"", ""Methylmalonic acidemia"", ""Glycerol kinase deficiency"", ""Phenylketonuria"", ""D-2-hydroxyglutaric aciduria"", ""3-Methylglutaconic aciduria type I""]",Phenylketonuria,1.0,0.11473183648935803,False,Dihydropyrimidine dehydrogenase deficiency,1.0,0.5204678362573099,5,False,True,locked_llm_graph_agreement,3,universal_confidence_stop,[],not_applicable,False,,[],0.0,0.0,1.0,False,0,0,1.0055376129718232,3,False,0.85,3,True,universal_confidence_stop,False,False,False,11,11,False,12032,1030,7,True
rarebench,rarebench:RAMEDIS:599,10,profile_adapter_branching_resolver,Dihydropyrimidinuria,Dihydropyrimidine dehydrogenase deficiency,"[""Dihydropyrimidine dehydrogenase deficiency"", ""Phenylketonuria"", ""Methylmalonic acidemia"", ""Biotinidase deficiency"", ""Tyrosinemia type 1"", ""Medium chain acyl-CoA dehydrogenase deficiency"", ""D-2-hydroxyglutaric aciduria"", ""Succinic semialdehyde dehydrogenase deficiency"", ""L-2-hydroxyglutaric aciduria"", ""Citrullinemia type I""]",Dihydropyrimidine dehydrogenase deficiency,"[""Dihydropyrimidine dehydrogenase deficiency"", ""Phenylketonuria"", ""D-2-hydroxyglutaric aciduria"", ""Succinic semialdehyde dehydrogenase deficiency"", ""Methylmalonic acidemia"", ""Biotinidase deficiency"", ""Citrullinemia type I"", ""Ornithine transcarbamylase deficiency"", ""Glutaric acidemia type I"", ""Medium chain acyl-CoA dehydrogenase deficiency""]",Phenylketonuria,1.0,0.214103973259695,True,Dihydropyrimidine dehydrogenase deficiency,1.0,0.5091563716932993,6,True,True,accepted,4,universal_confidence_stop,[],not_applicable,False,,[],0.0,0.0,1.0,False,0,0,0.658029827447294,3,False,0.85,4,True,universal_confidence_stop,False,False,False,11,11,False,15786,1324,9,True
rarebench,rarebench:RAMEDIS:599,15,profile_adapter_branching_resolver,Dihydropyrimidinuria,Dihydropyrimidine dehydrogenase deficiency,"[""Dihydropyrimidine dehydrogenase deficiency"", ""Phenylketonuria"", ""Methylmalonic acidemia"", ""Biotinidase deficiency"", ""Tyrosinemia type 1"", ""Medium chain acyl-CoA dehydrogenase deficiency"", ""D-2-hydroxyglutaric aciduria"", ""Succinic semialdehyde dehydrogenase deficiency"", ""L-2-hydroxyglutaric aciduria"", ""Citrullinemia type I""]",Dihydropyrimidine dehydrogenase deficiency,"[""Dihydropyrimidine dehydrogenase deficiency"", ""Phenylketonuria"", ""D-2-hydroxyglutaric aciduria"", ""Succinic semialdehyde dehydrogenase deficiency"", ""L-2-hydroxyglutaric aciduria"", ""Methylmalonic acidemia"", ""Biotinidase deficiency"", ""Citrullinemia type I"", ""Ornithine transcarbamylase deficiency"", ""Argininosuccinic aciduria""]",Phenylketonuria,1.0,0.20220912946250635,True,Dihydropyrimidine dehydrogenase deficiency,1.0,0.5091563716932993,6,True,True,accepted,5,universal_confidence_stop,[],not_applicable,False,,[],0.0,0.0,1.0,False,0,0,0.658029827447294,3,False,0.85,5,True,universal_confidence_stop,False,False,False,11,11,False,20049,1618,11,True
rarebench,rarebench:RAMEDIS:298,5,profile_adapter_branching_resolver,Ornithine transcarbamylase deficiency,Ornithine transcarbamylase deficiency,"[""Ornithine transcarbamylase deficiency"", ""Phenylketonuria"", ""Carbamoyl-phosphate synthetase 1 deficiency"", ""Methylmalonic acidemia"", ""Propionic acidemia"", ""Medium chain acyl-CoA dehydrogenase deficiency"", ""Biotinidase deficiency"", ""Citrullinemia type I"", ""Short chain acyl-CoA dehydrogenase deficiency"", ""Isovaleric acidemia""]",Ornithine transcarbamylase deficiency,"[""Ornithine transcarbamylase deficiency"", ""Carbamoyl-phosphate synthetase 1 deficiency"", ""Citrullinemia type I"", ""Methylmalonic acidemia"", ""Propionic acidemia"", ""Biotinidase deficiency"", ""Short chain acyl-CoA dehydrogenase deficiency"", ""Phenylketonuria"", ""Isovaleric acidemia"", ""3-Methylglutaconic aciduria type I""]",Phenylketonuria,1.0,0.12412619624904575,False,Ornithine transcarbamylase deficiency,1.0,0.29720191580539446,10,False,True,locked_llm_graph_agreement,3,universal_confidence_stop,[],not_applicable,False,,[],0.0,0.0,1.0,False,0,0,1.8437748638793685,4,False,0.85,3,True,universal_confidence_stop,True,True,True,1,1,False,11910,1036,7,True
rarebench,rarebench:RAMEDIS:298,10,profile_adapter_branching_resolver,Ornithine transcarbamylase deficiency,Ornithine transcarbamylase deficiency,"[""Ornithine transcarbamylase deficiency"", ""Phenylketonuria"", ""Carbamoyl-phosphate synthetase 1 deficiency"", ""Methylmalonic acidemia"", ""Medium chain acyl-CoA dehydrogenase deficiency"", ""Biotinidase deficiency"", ""Propionic acidemia"", ""Short chain acyl-CoA dehydrogenase deficiency"", ""Acute intermittent porphyria"", ""Maturity-onset diabetes of the young""]",Ornithine transcarbamylase deficiency,"[""Ornithine transcarbamylase deficiency"", ""Citrullinemia type I"", ""Carbamoyl-phosphate synthetase 1 deficiency"", ""Acute intermittent porphyria"", ""Phenylketonuria"", ""Methylmalonic acidemia"", ""Biotinidase deficiency"", ""Medium chain acyl-CoA dehydrogenase deficiency"", ""3-Methylglutaconic aciduria type I"", ""3-Methylglutaconic aciduria type IV""]",Phenylketonuria,1.0,0.15298016854797702,False,Ornithine transcarbamylase deficiency,1.0,0.3539915966386554,11,False,True,locked_llm_graph_agreement,4,universal_confidence_stop,[],not_applicable,False,,[],0.0,0.0,1.0,False,0,0,1.5663448993642253,4,False,0.85,4,True,universal_confidence_stop,True,True,True,1,1,False,16230,1338,9,True
rarebench,rarebench:RAMEDIS:298,15,profile_adapter_branching_resolver,Ornithine transcarbamylase deficiency,Ornithine transcarbamylase deficiency,"[""Ornithine transcarbamylase deficiency"", ""Phenylketonuria"", ""Carbamoyl-phosphate synthetase 1 deficiency"", ""Methylmalonic acidemia"", ""Medium chain acyl-CoA dehydrogenase deficiency"", ""Biotinidase deficiency"", ""Propionic acidemia"", ""Short chain acyl-CoA dehydrogenase deficiency"", ""Acute intermittent porphyria"", ""Maturity-onset diabetes of the young""]",Ornithine transcarbamylase deficiency,"[""Ornithine transcarbamylase deficiency"", ""Carbamoyl-phosphate synthetase 1 deficiency"", ""Citrullinemia type I"", ""Acute intermittent porphyria"", ""Phenylketonuria"", ""Methylmalonic acidemia"", ""Biotinidase deficiency"", ""Medium chain acyl-CoA dehydrogenase deficiency"", ""Short chain acyl-CoA dehydrogenase deficiency"", ""3-Methylglutaconic aciduria type I""]",Phenylketonuria,1.0,0.15663410737150618,False,Ornithine transcarbamylase deficiency,1.0,0.3539915966386554,11,False,True,locked_llm_graph_agreement,5,universal_confidence_stop,[],not_applicable,False,,[],0.0,0.0,1.0,False,0,0,1.5609444854716772,4,False,0.85,5,True,universal_confidence_stop,True,True,True,1,1,False,20661,1626,11,True
rarebench,rarebench:RAMEDIS:577,5,profile_adapter_branching_resolver,Homocystinuria,Homocystinuria,"[""Homocystinuria"", ""Phenylketonuria"", ""PMM2-CDG"", ""Smith-Lemli-Opitz syndrome"", ""Glycerol kinase deficiency"", ""Galactosemia"", ""Citrullinemia type I"", ""Methylmalonic acidemia"", ""L-2-hydroxyglutaric aciduria"", ""Glutaric acidemia type I""]",Homocystinuria,"[""Homocystinuria"", ""Phenylketonuria"", ""PMM2-CDG"", ""Citrullinemia type I"", ""Galactosemia"", ""Glycerol kinase deficiency"", ""L-2-hydroxyglutaric aciduria"", ""Smith-Lemli-Opitz syndrome"", ""Glutaric acidemia type I"", ""Methylmalonic acidemia""]",Phenylketonuria,1.0,0.3378856635071207,True,Homocystinuria,1.0,0.48527486910994766,15,True,True,accepted,3,universal_confidence_stop,[],not_applicable,False,,[],0.0,0.0,1.0,False,0,0,1.1034613109210274,4,False,0.85,3,True,universal_confidence_stop,True,True,True,1,11,True,12230,949,7,True
rarebench,rarebench:RAMEDIS:577,10,profile_adapter_branching_resolver,Homocystinuria,Homocystinuria,"[""Homocystinuria"", ""Phenylketonuria"", ""PMM2-CDG"", ""Smith-Lemli-Opitz syndrome"", ""Glycerol kinase deficiency"", ""Galactosemia"", ""Citrullinemia type I"", ""L-2-hydroxyglutaric aciduria"", ""Mitochondrial complex IV deficiency"", ""N-acetylglutamate synthase deficiency""]",Homocystinuria,"[""Homocystinuria"", ""Phenylketonuria"", ""Argininosuccinic aciduria"", ""Citrullinemia type I"", ""Glutaric acidemia type I"", ""PMM2-CDG"", ""Glycerol kinase deficiency"", ""L-2-hydroxyglutaric aciduria"", ""Smith-Lemli-Opitz syndrome"", ""Ornithine transcarbamylase deficiency""]",Phenylketonuria,1.0,0.3106847805015309,True,Homocystinuria,1.0,0.48527486910994766,15,True,True,accepted,4,universal_confidence_stop,[],not_applicable,False,,[],0.0,0.0,1.0,False,0,0,1.1172165685787392,4,False,0.85,4,True,universal_confidence_stop,True,True,True,1,11,True,16230,1221,9,True
rarebench,rarebench:RAMEDIS:577,15,profile_adapter_branching_resolver,Homocystinuria,Homocystinuria,"[""Homocystinuria"", ""Phenylketonuria"", ""Glycerol kinase deficiency"", ""PMM2-CDG"", ""Methylmalonic acidemia"", ""Smith-Lemli-Opitz syndrome"", ""Biotinidase deficiency"", ""Citrullinemia type I"", ""L-2-hydroxyglutaric aciduria"", ""Succinic semialdehyde dehydrogenase deficiency""]",Homocystinuria,"[""Homocystinuria"", ""Phenylketonuria"", ""Citrullinemia type I"", ""Glutaric acidemia type I"", ""PMM2-CDG"", ""L-2-hydroxyglutaric aciduria"", ""Succinic semialdehyde dehydrogenase deficiency"", ""Glycerol kinase deficiency"", ""3-Methylglutaconic aciduria type I"", ""Gyrate atrophy of choroid and retina""]",Phenylketonuria,1.0,0.33737407992128643,True,Homocystinuria,1.0,0.41168191414496824,16,True,True,accepted,5,universal_confidence_stop,[],not_applicable,False,,[],0.0,0.0,1.0,False,0,0,1.0250900818898812,4,False,0.85,5,True,universal_confidence_stop,True,True,True,1,11,True,20331,1503,11,True
rarebench,rarebench:RAMEDIS:579,5,profile_adapter_branching_resolver,Ornithine transcarbamylase deficiency,Ornithine transcarbamylase deficiency,"[""Ornithine transcarbamylase deficiency"", ""Argininemia"", ""Citrullinemia type I"", ""Glutaric acidemia type I"", ""Methylmalonic acidemia"", ""Argininosuccinic aciduria"", ""Canavan disease"", ""Carbamoyl-phosphate synthetase 1 deficiency"", ""Dihydropyrimidine dehydrogenase deficiency"", ""Citrullinemia type II""]",Ornithine transcarbamylase deficiency,"[""Ornithine transcarbamylase deficiency"", ""Argininemia"", ""Argininosuccinic aciduria"", ""Citrullinemia type I"", ""Citrullinemia type II"", ""Dihydropyrimidine dehydrogenase deficiency"", ""Carbamoyl-phosphate synthetase 1 deficiency"", ""Very long-chain acyl-CoA dehydrogenase deficiency"", ""Methylmalonic acidemia"", ""Glutaric acidemia type I""]",Phenylketonuria,1.0,0.12424329000365153,False,Ornithine transcarbamylase deficiency,1.0,0.07613064749523402,22,False,True,locked_llm_graph_agreement,4,universal_confidence_stop,[],not_applicable,False,,[],0.0,0.0,1.0,False,0,0,1.685155612616598,4,False,0.92,4,True,universal_confidence_stop,True,True,True,1,3,True,18018,1337,9,True
rarebench,rarebench:RAMEDIS:579,10,profile_adapter_branching_resolver,Ornithine transcarbamylase deficiency,Ornithine transcarbamylase deficiency,"[""Ornithine transcarbamylase deficiency"", ""Citrullinemia type I"", ""Argininemia"", ""Glutaric acidemia type I"", ""Argininosuccinic aciduria"", ""Canavan disease"", ""Propionic acidemia"", ""Carbamoyl-phosphate synthetase 1 deficiency"", ""Phenylketonuria"", ""Isovaleric acidemia""]",Ornithine transcarbamylase deficiency,"[""Ornithine transcarbamylase deficiency"", ""Argininosuccinic aciduria"", ""Argininemia"", ""Citrullinemia type I"", ""Carbamoyl-phosphate synthetase 1 deficiency"", ""Glutaric acidemia type I"", ""Isovaleric acidemia"", ""Very long-chain acyl-CoA dehydrogenase deficiency"", ""Methylmalonic acidemia"", ""Medium chain acyl-CoA dehydrogenase deficiency""]",Phenylketonuria,1.0,0.1269558464829722,False,Ornithine transcarbamylase deficiency,1.0,0.11118036618620952,21,False,True,locked_llm_graph_agreement,4,universal_confidence_stop,[],not_applicable,False,,[],0.0,0.0,1.0,False,0,0,1.6527025854464825,4,False,0.85,4,True,universal_confidence_stop,True,True,True,1,3,True,18380,1313,9,True
rarebench,rarebench:RAMEDIS:579,15,profile_adapter_branching_resolver,Ornithine transcarbamylase deficiency,Ornithine transcarbamylase deficiency,"[""Ornithine transcarbamylase deficiency"", ""Citrullinemia type I"", ""Argininemia"", ""Glutaric acidemia type I"", ""Propionic acidemia"", ""3-Hydroxy-3-methylglutaryl-CoA lyase deficiency"", ""Maple syrup urine disease"", ""Isovaleric acidemia"", ""Carbamoyl-phosphate synthetase 1 deficiency"", ""Argininosuccinic aciduria""]",Ornithine transcarbamylase deficiency,"[""Ornithine transcarbamylase deficiency"", ""Argininemia"", ""Argininosuccinic aciduria"", ""Citrullinemia type I"", ""Carbamoyl-phosphate synthetase 1 deficiency"", ""Dihydropyrimidine dehydrogenase deficiency"", ""Isovaleric acidemia"", ""Glutaric acidemia type I"", ""3-Hydroxy-3-methylglutaryl-CoA lyase deficiency"", ""Very long-chain acyl-CoA dehydrogenase deficiency""]",Phenylketonuria,1.0,0.10581329354789637,False,Ornithine transcarbamylase deficiency,1.0,0.03151224192820701,26,False,True,locked_llm_graph_agreement,5,universal_confidence_stop,[],not_applicable,False,,[],0.0,0.0,1.0,False,0,0,1.5560870977451389,4,False,0.85,5,True,universal_confidence_stop,True,True,True,1,3,True,22165,1615,11,True
rarebench,rarebench:RAMEDIS:411,5,profile_adapter_branching_resolver,Mucopolysaccharidosis type II,Phenylketonuria,"[""Phenylketonuria"", ""Methylmalonic acidemia"", ""Wilson disease"", ""Succinic semialdehyde dehydrogenase deficiency"", ""Biotinidase deficiency"", ""Maple syrup urine disease"", ""Propionic acidemia"", ""Citrullinemia type I"", ""Acute intermittent porphyria"", ""Maturity-onset diabetes of the young""]",Wilson disease,"[""Wilson disease"", ""Phenylketonuria"", ""Methylmalonic acidemia"", ""Citrullinemia type I"", ""Succinic semialdehyde dehydrogenase deficiency"", ""Biotinidase deficiency"", ""Acute intermittent porphyria"", ""Maturity-onset diabetes of the young"", ""Glutaric acidemia type I"", ""Ornithine transcarbamylase deficiency""]",Phenylketonuria,1.0,0.22598210412232533,True,Phenylketonuria,1.0,0.0,10,False,True,locked_llm_graph_agreement,4,continue,[],not_applicable,False,,[],0.0,0.0,1.0,False,0,0,1.6138722474689828,4,False,0.85,5,False,budget_exhausted_forced_final,False,False,False,11,11,False,20749,1471,11,True
rarebench,rarebench:RAMEDIS:411,10,profile_adapter_branching_resolver,Mucopolysaccharidosis type II,Phenylketonuria,"[""Phenylketonuria"", ""Methylmalonic acidemia"", ""Wilson disease"", ""Citrullinemia type I"", ""Succinic semialdehyde dehydrogenase deficiency"", ""Maple syrup urine disease"", ""Propionic acidemia"", ""Biotinidase deficiency"", ""Acute intermittent porphyria"", ""Maturity-onset diabetes of the young""]",Wilson disease,"[""Wilson disease"", ""Phenylketonuria"", ""Methylmalonic acidemia"", ""Citrullinemia type I"", ""Succinic semialdehyde dehydrogenase deficiency"", ""Biotinidase deficiency"", ""Acute intermittent porphyria"", ""Maturity-onset diabetes of the young"", ""Glutaric acidemia type I"", ""Propionic acidemia""]",Phenylketonuria,1.0,0.14503734577497585,True,Phenylketonuria,1.0,0.0,10,False,True,locked_llm_graph_agreement,9,continue,[],not_applicable,False,,[],0.0,0.0,1.0,False,0,0,1.6066164407911034,4,False,0.85,10,False,budget_exhausted_forced_final,False,False,False,11,11,False,43708,2809,21,True
rarebench,rarebench:RAMEDIS:411,15,profile_adapter_branching_resolver,Mucopolysaccharidosis type II,Methylmalonic acidemia,"[""Methylmalonic acidemia"", ""Phenylketonuria"", ""Wilson disease"", ""Maple syrup urine disease"", ""Biotinidase deficiency"", ""Propionic acidemia"", ""Succinic semialdehyde dehydrogenase deficiency"", ""Citrullinemia type I"", ""Maturity-onset diabetes of the young"", ""Acute intermittent porphyria""]",Wilson disease,"[""Wilson disease"", ""Methylmalonic acidemia"", ""Citrullinemia type I"", ""Phenylketonuria"", ""Succinic semialdehyde dehydrogenase deficiency"", ""Biotinidase deficiency"", ""Acute intermittent porphyria"", ""Maturity-onset diabetes of the young"", ""Glutaric acidemia type I"", ""Medium chain acyl-CoA dehydrogenase deficiency""]",Phenylketonuria,1.0,0.16565997528997145,True,Phenylketonuria,1.0,0.0,10,True,True,blocked_unsupported_third_option,5,universal_confidence_stop,[],not_applicable,False,,[],0.0,0.0,1.0,False,0,0,0.46688545559689976,4,False,0.85,5,True,universal_confidence_stop,False,False,False,11,11,False,20430,1497,11,True
rarebench,rarebench:LIRICAL:201,5,profile_adapter_branching_resolver,Diamond-Blackfan anemia,"Cutis laxa, autosomal recessive, type IIC","[""Cutis laxa, autosomal recessive, type IIC"", ""Leukocyte adhesion deficiency type II"", ""Neurodevelopmental disorder with or without anomalies of the brain, eye, or heart"", ""Hyperekplexia"", ""Cutis laxa, autosomal recessive, type IID"", ""Hereditary sensory and autonomic neuropathy type IIB"", ""TBCK-related intellectual disability syndrome"", ""Myhre syndrome"", ""Progressive familial intrahepatic cholestasis 4"", ""Immunoskeletal dysplasia with neurodevelopmental abnormalities""]",Leukocyte adhesion deficiency type II,"[""Leukocyte adhesion deficiency type II"", ""Cutis laxa, autosomal recessive, type IIC"", ""Cutis laxa, autosomal recessive, type IID"", ""Neurodevelopmental disorder with or without anomalies of the brain, eye, or heart"", ""Myhre syndrome"", ""Progressive familial intrahepatic cholestasis 4"", ""Hyperekplexia"", ""Hereditary sensory and autonomic neuropathy type IIB"", ""Diamond-Blackfan anemia"", ""Bernard-Soulier syndrome""]","Neurodevelopmental disorder with or without anomalies of the brain, eye, or heart",1.0,0.04511094380941294,False,"Cutis laxa, autosomal recessive, type IIC",1.0,0.11111111111111116,5,True,True,blocked_weak_graph_override,4,continue,[],not_applicable,False,,[],0.0,0.0,1.0,False,0,0,0.35716819739628436,3,True,0.7,5,False,budget_exhausted_forced_final,False,False,False,11,11,False,33578,1638,11,True
rarebench,rarebench:LIRICAL:201,10,profile_adapter_branching_resolver,Diamond-Blackfan anemia,"Cutis laxa, autosomal recessive, type IIC","[""Cutis laxa, autosomal recessive, type IIC"", ""Neurodevelopmental disorder with or without anomalies of the brain, eye, or heart"", ""Hyperekplexia"", ""Cutis laxa, autosomal recessive, type IID"", ""Hereditary sensory and autonomic neuropathy type IIB"", ""TBCK-related intellectual disability syndrome"", ""Progressive familial intrahepatic cholestasis 4"", ""Myhre syndrome"", ""Smith-Lemli-Opitz syndrome"", ""Immunoskeletal dysplasia with neurodevelopmental abnormalities""]","Cutis laxa, autosomal recessive, type IIC","[""Cutis laxa, autosomal recessive, type IIC"", ""Cutis laxa, autosomal recessive, type IID"", ""Neurodevelopmental disorder with or without anomalies of the brain, eye, or heart"", ""Leukocyte adhesion deficiency type II"", ""Myhre syndrome"", ""Progressive familial intrahepatic cholestasis 4"", ""Hyperekplexia"", ""Hereditary sensory and autonomic neuropathy type IIB"", ""Bernard-Soulier syndrome"", ""Thrombocytopenia 3""]","Neurodevelopmental disorder with or without anomalies of the brain, eye, or heart",1.0,0.03852820527625056,False,"Cutis laxa, autosomal recessive, type IIC",1.0,0.11111111111111116,5,False,True,locked_llm_graph_agreement,9,continue,[],not_applicable,False,,[],0.0,0.0,1.0,False,0,0,1.1090889830508472,3,False,0.7,10,False,budget_exhausted_forced_final,False,False,False,11,11,False,68549,3085,21,True
rarebench,rarebench:LIRICAL:201,15,profile_adapter_branching_resolver,Diamond-Blackfan anemia,"Neurodevelopmental disorder with or without anomalies of the brain, eye, or heart","[""Neurodevelopmental disorder with or without anomalies of the brain, eye, or heart"", ""Cutis laxa, autosomal recessive, type IIC"", ""Hyperekplexia"", ""Myhre syndrome"", ""Cutis laxa, autosomal recessive, type IID"", ""Hereditary sensory and autonomic neuropathy type IIB"", ""TBCK-related intellectual disability syndrome"", ""Progressive familial intrahepatic cholestasis 4"", ""Leukocyte adhesion deficiency type II"", ""Smith-Lemli-Opitz syndrome""]","Neurodevelopmental disorder with or without anomalies of the brain, eye, or heart","[""Neurodevelopmental disorder with or without anomalies of the brain, eye, or heart"", ""Myhre syndrome"", ""Cutis laxa, autosomal recessive, type IIC"", ""Cutis laxa, autosomal recessive, type IID"", ""Leukocyte adhesion deficiency type II"", ""Progressive familial intrahepatic cholestasis 4"", ""Hyperekplexia"", ""Hereditary sensory and autonomic neuropathy type IIB"", ""Diamond-Blackfan anemia"", ""Bernard-Soulier syndrome""]","Neurodevelopmental disorder with or without anomalies of the brain, eye, or heart",1.0,0.09144535514362584,False,"Cutis laxa, autosomal recessive, type IIC",1.0,0.11111111111111116,5,True,True,blocked_weak_graph_override,14,continue,[],not_applicable,False,,[],0.0,0.0,1.0,False,0,0,1.1538276836158192,4,False,0.7,15,False,budget_exhausted_forced_final,False,False,False,11,11,False,108392,4454,31,True
rarebench,rarebench:LIRICAL:85,5,profile_adapter_branching_resolver,Waardenburg syndrome type 3,Tietz syndrome,"[""Tietz syndrome"", ""Microcephaly 3, primary, autosomal recessive"", ""Neurodevelopmental disorder with or without anomalies of the brain, eye, or heart"", ""Oculocutaneous albinism type 2"", ""Immunoskeletal dysplasia with neurodevelopmental abnormalities"", ""TBCK-related intellectual disability syndrome"", ""Cornelia de Lange syndrome"", ""Smith-Lemli-Opitz syndrome"", ""Cutis laxa, autosomal recessive, type IID"", ""Stankiewicz-Isidor syndrome""]",Tietz syndrome,"[""Tietz syndrome"", ""Oculocutaneous albinism type 2"", ""Microcephaly 3, primary, autosomal recessive"", ""Neurodevelopmental disorder with or without anomalies of the brain, eye, or heart"", ""Waardenburg syndrome type 3"", ""Aarskog-Scott syndrome"", ""Cornelia de Lange syndrome"", ""Immunoskeletal dysplasia with neurodevelopmental abnormalities"", ""Smith-Magenis syndrome"", ""Al Kaissi syndrome""]","Neurodevelopmental disorder with or without anomalies of the brain, eye, or heart",1.0,0.03737459279984523,False,Tietz syndrome,1.0,0.6535008976660681,8,False,True,locked_llm_graph_agreement,3,universal_confidence_stop,[],not_applicable,False,,[],0.0,0.0,1.0,False,0,0,1.9494861238904677,4,False,0.85,3,True,universal_confidence_stop,False,False,False,11,11,False,19580,998,7,True
rarebench,rarebench:LIRICAL:85,10,profile_adapter_branching_resolver,Waardenburg syndrome type 3,Tietz syndrome,"[""Tietz syndrome"", ""Neurodevelopmental disorder with or without anomalies of the brain, eye, or heart"", ""Oculocutaneous albinism type 2"", ""Smith-Lemli-Opitz syndrome"", ""Smith-Magenis syndrome"", ""TBCK-related intellectual disability syndrome"", ""Microcephaly 3, primary, autosomal recessive"", ""Stankiewicz-Isidor syndrome"", ""Immunoskeletal dysplasia with neurodevelopmental abnormalities"", ""Cockayne syndrome""]",Tietz syndrome,"[""Tietz syndrome"", ""Oculocutaneous albinism type 2"", ""Neurodevelopmental disorder with or without anomalies of the brain, eye, or heart"", ""Microcephaly 3, primary, autosomal recessive"", ""Smith-Magenis syndrome"", ""Smith-Lemli-Opitz syndrome"", ""Stankiewicz-Isidor syndrome"", ""Aarskog-Scott syndrome"", ""Bardet-Biedl syndrome"", ""CHARGE syndrome""]","Neurodevelopmental disorder with or without anomalies of the brain, eye, or heart",1.0,0.07169369734206821,False,Tietz syndrome,1.0,0.6535008976660681,8,False,True,locked_llm_graph_agreement,4,universal_confidence_stop,[],not_applicable,False,,[],0.0,0.0,1.0,False,0,0,1.5742577456507814,3,False,0.85,4,True,universal_confidence_stop,False,False,False,11,11,False,25209,1189,9,True
rarebench,rarebench:LIRICAL:85,15,profile_adapter_branching_resolver,Waardenburg syndrome type 3,Tietz syndrome,"[""Tietz syndrome"", ""Neurodevelopmental disorder with or without anomalies of the brain, eye, or heart"", ""Oculocutaneous albinism type 2"", ""Smith-Lemli-Opitz syndrome"", ""TBCK-related intellectual disability syndrome"", ""Smith-Magenis syndrome"", ""Microcephaly 3, primary, autosomal recessive"", ""Stankiewicz-Isidor syndrome"", ""Retinitis pigmentosa"", ""Immunoskeletal dysplasia with neurodevelopmental abnormalities""]",Tietz syndrome,"[""Tietz syndrome"", ""Oculocutaneous albinism type 2"", ""Neurodevelopmental disorder with or without anomalies of the brain, eye, or heart"", ""Microcephaly 3, primary, autosomal recessive"", ""Smith-Magenis syndrome"", ""Smith-Lemli-Opitz syndrome"", ""Stankiewicz-Isidor syndrome"", ""Retinitis pigmentosa"", ""Aarskog-Scott syndrome"", ""Cornelia de Lange syndrome""]","Neurodevelopmental disorder with or without anomalies of the brain, eye, or heart",1.0,0.008277871168605122,False,Tietz syndrome,1.0,0.6535008976660681,8,False,True,locked_llm_graph_agreement,5,universal_confidence_stop,[],not_applicable,False,,[],0.0,0.0,1.0,False,0,0,1.5742577456507814,3,False,0.85,5,True,universal_confidence_stop,False,False,False,11,11,False,31954,1510,11,True
rarebench,rarebench:RAMEDIS:595,5,profile_adapter_branching_resolver,Methylmalonic acidemia,Ornithine transcarbamylase deficiency,"[""Ornithine transcarbamylase deficiency"", ""Glutaric acidemia type I"", ""Medium chain acyl-CoA dehydrogenase deficiency"", ""Methylmalonic acidemia"", ""3-Methylcrotonyl-CoA carboxylase deficiency"", ""Succinic semialdehyde dehydrogenase deficiency"", ""Biotinidase deficiency"", ""3-Hydroxy-3-methylglutaryl-CoA lyase deficiency"", ""Holocarboxylase synthetase deficiency"", ""Phenylketonuria""]",Methylmalonic acidemia,"[""Methylmalonic acidemia"", ""Glutaric acidemia type I"", ""Holocarboxylase synthetase deficiency"", ""Succinic semialdehyde dehydrogenase deficiency"", ""Medium chain acyl-CoA dehydrogenase deficiency"", ""3-Methylcrotonyl-CoA carboxylase deficiency"", ""Biotinidase deficiency"", ""Ornithine transcarbamylase deficiency"", ""Maple syrup urine disease"", ""3-Hydroxy-3-methylglutaryl-CoA lyase deficiency""]",Phenylketonuria,1.0,0.019889586790153957,False,Ornithine transcarbamylase deficiency,1.0,0.2252066115702479,7,True,True,accepted,3,universal_confidence_stop,[],not_applicable,False,,[],0.0,0.0,1.0,False,0,0,1.0675567915466715,4,False,0.85,3,True,universal_confidence_stop,False,False,True,4,11,True,11434,1090,7,True
rarebench,rarebench:RAMEDIS:595,10,profile_adapter_branching_resolver,Methylmalonic acidemia,Ornithine transcarbamylase deficiency,"[""Ornithine transcarbamylase deficiency"", ""Glutaric acidemia type I"", ""Methylmalonic acidemia"", ""Medium chain acyl-CoA dehydrogenase deficiency"", ""3-Hydroxy-3-methylglutaryl-CoA lyase deficiency"", ""Biotinidase deficiency"", ""Holocarboxylase synthetase deficiency"", ""Maple syrup urine disease"", ""3-Methylcrotonyl-CoA carboxylase deficiency"", ""Propionic acidemia""]",Methylmalonic acidemia,"[""Methylmalonic acidemia"", ""Holocarboxylase synthetase deficiency"", ""Glutaric acidemia type I"", ""Succinic semialdehyde dehydrogenase deficiency"", ""Ornithine transcarbamylase deficiency"", ""Medium chain acyl-CoA dehydrogenase deficiency"", ""Biotinidase deficiency"", ""Maple syrup urine disease"", ""3-Hydroxy-3-methylglutaryl-CoA lyase deficiency"", ""Carnitine-acylcarnitine translocase deficiency""]",Glutaric acidemia type I,1.0,0.06720193347767933,False,Ornithine transcarbamylase deficiency,1.0,0.23186813186813193,6,True,True,accepted,4,universal_confidence_stop,[],not_applicable,False,,[],0.0,0.0,1.0,False,0,0,1.1209118988318045,4,False,0.85,4,True,universal_confidence_stop,False,True,True,3,11,True,16014,1371,9,True
rarebench,rarebench:RAMEDIS:595,15,profile_adapter_branching_resolver,Methylmalonic acidemia,Ornithine transcarbamylase deficiency,"[""Ornithine transcarbamylase deficiency"", ""Glutaric acidemia type I"", ""Methylmalonic acidemia"", ""Medium chain acyl-CoA dehydrogenase deficiency"", ""Biotinidase deficiency"", ""Succinic semialdehyde dehydrogenase deficiency"", ""3-Hydroxy-3-methylglutaryl-CoA lyase deficiency"", ""3-Methylcrotonyl-CoA carboxylase deficiency"", ""Holocarboxylase synthetase deficiency"", ""Phenylketonuria""]",Methylmalonic acidemia,"[""Methylmalonic acidemia"", ""Holocarboxylase synthetase deficiency"", ""3-Hydroxy-3-methylglutaryl-CoA lyase deficiency"", ""Glutaric acidemia type I"", ""Succinic semialdehyde dehydrogenase deficiency"", ""Medium chain acyl-CoA dehydrogenase deficiency"", ""3-Methylcrotonyl-CoA carboxylase deficiency"", ""Biotinidase deficiency"", ""Ornithine transcarbamylase deficiency"", ""Maple syrup urine disease""]",Phenylketonuria,1.0,0.021140016065964273,False,Ornithine transcarbamylase deficiency,1.0,0.2252066115702479,7,True,True,accepted,5,universal_confidence_stop,[],not_applicable,False,,[],0.0,0.0,1.0,False,0,0,1.1707194067388258,4,False,0.85,5,True,universal_confidence_stop,False,True,True,3,11,True,19042,1661,11,True
rarebench,rarebench:RAMEDIS:4,5,profile_adapter_branching_resolver,Maple syrup urine disease,Maple syrup urine disease,"[""Maple syrup urine disease"", ""Methylmalonic acidemia"", ""Citrullinemia type I"", ""Phenylketonuria"", ""Galactosemia"", ""Succinic semialdehyde dehydrogenase deficiency"", ""Smith-Lemli-Opitz syndrome"", ""Glutaric acidemia type I"", ""Beta-ketothiolase deficiency"", ""Isovaleric acidemia""]",Maple syrup urine disease,"[""Maple syrup urine disease"", ""Methylmalonic acidemia"", ""Beta-ketothiolase deficiency"", ""Succinic semialdehyde dehydrogenase deficiency"", ""Citrullinemia type I"", ""Galactosemia"", ""Smith-Lemli-Opitz syndrome"", ""Isovaleric acidemia"", ""Biotinidase deficiency"", ""Medium chain acyl-CoA dehydrogenase deficiency""]",Phenylketonuria,1.0,0.329633473910831,False,Maple syrup urine disease,1.0,0.1390880676594961,16,False,True,locked_llm_graph_agreement,3,universal_confidence_stop,[],not_applicable,False,,[],0.0,0.0,1.0,False,0,0,0.9628801844475499,4,False,0.85,3,True,universal_confidence_stop,True,True,True,1,11,True,12921,966,7,True
rarebench,rarebench:RAMEDIS:4,10,profile_adapter_branching_resolver,Maple syrup urine disease,Maple syrup urine disease,"[""Maple syrup urine disease"", ""Citrullinemia type I"", ""Galactosemia"", ""Phenylketonuria"", ""Smith-Lemli-Opitz syndrome"", ""Argininosuccinic aciduria"", ""Methylmalonic acidemia"", ""D-2-hydroxyglutaric aciduria"", ""Biotinidase deficiency"", ""Succinic semialdehyde dehydrogenase deficiency""]",Maple syrup urine disease,"[""Maple syrup urine disease"", ""Citrullinemia type I"", ""Argininosuccinic aciduria"", ""Phenylketonuria"", ""Galactosemia"", ""Succinic semialdehyde dehydrogenase deficiency"", ""Smith-Lemli-Opitz syndrome"", ""D-2-hydroxyglutaric aciduria"", ""Beta-ketothiolase deficiency"", ""3-Methylglutaconic aciduria type I""]",Phenylketonuria,1.0,0.32302160065544505,False,Citrullinemia type I,1.0,0.05483774038461542,19,False,True,locked_llm_graph_agreement,4,universal_confidence_stop,[],not_applicable,False,,[],0.0,0.0,1.0,True,2,4,0.4412391677068803,6,False,0.85,8,True,universal_confidence_stop,True,True,True,1,11,True,26932,1934,15,True
rarebench,rarebench:RAMEDIS:4,15,profile_adapter_branching_resolver,Maple syrup urine disease,Maple syrup urine disease,"[""Maple syrup urine disease"", ""Galactosemia"", ""Citrullinemia type I"", ""Phenylketonuria"", ""Smith-Lemli-Opitz syndrome"", ""Methylmalonic acidemia"", ""Argininosuccinic aciduria"", ""D-2-hydroxyglutaric aciduria"", ""Biotinidase deficiency"", ""Succinic semialdehyde dehydrogenase deficiency""]",Maple syrup urine disease,"[""Maple syrup urine disease"", ""Citrullinemia type I"", ""Phenylketonuria"", ""Argininosuccinic aciduria"", ""Galactosemia"", ""Succinic semialdehyde dehydrogenase deficiency"", ""Smith-Lemli-Opitz syndrome"", ""D-2-hydroxyglutaric aciduria"", ""Glutaric acidemia type I"", ""Biotinidase deficiency""]",Phenylketonuria,1.0,0.3047524342593706,False,Citrullinemia type I,1.0,0.05483774038461542,19,False,True,locked_llm_graph_agreement,5,universal_confidence_stop,[],not_applicable,False,,[],0.0,0.0,1.0,True,2,4,1.4549634686335429,6,False,0.92,9,True,universal_confidence_stop,True,True,True,1,11,True,31928,2189,17,True
rarebench,rarebench:RAMEDIS:261,5,profile_adapter_branching_resolver,Citrullinemia type II,Citrullinemia type II,"[""Citrullinemia type II"", ""Citrullinemia type I"", ""Medium chain acyl-CoA dehydrogenase deficiency"", ""Phenylketonuria"", ""Biotinidase deficiency"", ""Galactosemia"", ""Tyrosinemia type III"", ""Tyrosinemia type 1"", ""Homocystinuria"", ""Isovaleric acidemia""]",Citrullinemia type II,"[""Citrullinemia type II"", ""Citrullinemia type I"", ""Medium chain acyl-CoA dehydrogenase deficiency"", ""Biotinidase deficiency"", ""Phenylketonuria"", ""Tyrosinemia type III"", ""Homocystinuria"", ""Isovaleric acidemia"", ""Methylmalonic acidemia"", ""Glutaric acidemia type I""]",Phenylketonuria,1.0,0.2506677445140886,False,Citrullinemia type II,1.0,0.1351351351351351,5,False,True,locked_llm_graph_agreement,3,universal_confidence_stop,[],not_applicable,False,,[],0.0,0.0,1.0,False,0,0,0.9136212964410171,4,False,0.85,3,True,universal_confidence_stop,True,True,True,1,6,True,12137,914,7,True
rarebench,rarebench:RAMEDIS:261,10,profile_adapter_branching_resolver,Citrullinemia type II,Citrullinemia type II,"[""Citrullinemia type II"", ""Citrullinemia type I"", ""Medium chain acyl-CoA dehydrogenase deficiency"", ""Phenylketonuria"", ""Biotinidase deficiency"", ""Tyrosinemia type III"", ""Tyrosinemia type 1"", ""Homocystinuria"", ""Isovaleric acidemia"", ""Very long-chain acyl-CoA dehydrogenase deficiency""]",Citrullinemia type II,"[""Citrullinemia type II"", ""Citrullinemia type I"", ""Argininosuccinic aciduria"", ""Medium chain acyl-CoA dehydrogenase deficiency"", ""Biotinidase deficiency"", ""Phenylketonuria"", ""Tyrosinemia type III"", ""Homocystinuria"", ""Isovaleric acidemia"", ""Glutaric acidemia type I""]",Phenylketonuria,1.0,0.24475395930968658,False,Citrullinemia type II,1.0,0.1351351351351351,5,False,True,locked_llm_graph_agreement,4,universal_confidence_stop,[],not_applicable,False,,[],0.0,0.0,1.0,False,0,0,0.9202150379479108,4,False,0.9,4,True,universal_confidence_stop,True,True,True,1,6,True,16367,1185,9,True
rarebench,rarebench:RAMEDIS:261,15,profile_adapter_branching_resolver,Citrullinemia type II,Phenylketonuria,"[""Phenylketonuria"", ""Citrullinemia type I"", ""Medium chain acyl-CoA dehydrogenase deficiency"", ""Biotinidase deficiency"", ""Citrullinemia type II"", ""Tyrosinemia type 1"", ""Tyrosinemia type III"", ""Isovaleric acidemia"", ""Homocystinuria"", ""Very long-chain acyl-CoA dehydrogenase deficiency""]",Citrullinemia type II,"[""Citrullinemia type II"", ""Citrullinemia type I"", ""Argininosuccinic aciduria"", ""Medium chain acyl-CoA dehydrogenase deficiency"", ""Biotinidase deficiency"", ""Phenylketonuria"", ""Tyrosinemia type III"", ""Homocystinuria"", ""Isovaleric acidemia"", ""Glutaric acidemia type I""]",Phenylketonuria,1.0,0.25918774003730216,True,Citrullinemia type II,1.0,0.1351351351351351,5,True,True,blocked_weak_graph_override,5,universal_confidence_stop,[],not_applicable,False,,[],0.0,0.0,1.0,False,0,0,1.0005895129215179,4,False,0.9,5,True,universal_confidence_stop,False,False,True,5,6,True,20599,1495,11,True
rarebench,rarebench:RAMEDIS:258,5,profile_adapter_branching_resolver,Phenylketonuria,Phenylketonuria,"[""Phenylketonuria"", ""Tyrosinemia type 1"", ""Glutaric acidemia type I"", ""Hyperphenylalaninemia"", ""L-2-hydroxyglutaric aciduria"", ""Smith-Lemli-Opitz syndrome"", ""Galactosemia"", ""PMM2-CDG"", ""Homocystinuria"", ""Carbamoyl-phosphate synthetase 1 deficiency""]",Phenylketonuria,"[""Phenylketonuria"", ""Tyrosinemia type 1"", ""Hyperphenylalaninemia"", ""Glutaric acidemia type I"", ""Homocystinuria"", ""Carbamoyl-phosphate synthetase 1 deficiency"", ""Succinic semialdehyde dehydrogenase deficiency"", ""Methylmalonic acidemia"", ""Biotinidase deficiency"", ""Smith-Lemli-Opitz syndrome""]",Phenylketonuria,1.0,0.4036013314736647,False,Phenylketonuria,1.0,0.3554370507767215,10,False,True,locked_llm_graph_agreement,3,universal_confidence_stop,[],not_applicable,False,,[],0.0,0.0,1.0,False,0,0,1.7926677058923686,4,False,0.9,3,True,universal_confidence_stop,True,True,True,1,2,True,12400,1012,7,True
rarebench,rarebench:RAMEDIS:258,10,profile_adapter_branching_resolver,Phenylketonuria,Phenylketonuria,"[""Phenylketonuria"", ""Tyrosinemia type 1"", ""Glutaric acidemia type I"", ""Hyperphenylalaninemia"", ""Smith-Lemli-Opitz syndrome"", ""L-2-hydroxyglutaric aciduria"", ""Galactosemia"", ""Homocystinuria"", ""Carbamoyl-phosphate synthetase 1 deficiency"", ""Succinic semialdehyde dehydrogenase deficiency""]",Phenylketonuria,"[""Phenylketonuria"", ""Tyrosinemia type 1"", ""Hyperphenylalaninemia"", ""Glutaric acidemia type I"", ""L-2-hydroxyglutaric aciduria"", ""Homocystinuria"", ""Carbamoyl-phosphate synthetase 1 deficiency"", ""Succinic semialdehyde dehydrogenase deficiency"", ""Methylmalonic acidemia"", ""Biotinidase deficiency""]",Phenylketonuria,1.0,0.38045211157190073,False,Phenylketonuria,1.0,0.3554370507767215,10,False,True,locked_llm_graph_agreement,4,universal_confidence_stop,[],not_applicable,False,,[],0.0,0.0,1.0,False,0,0,1.7754453563956911,4,False,0.85,4,True,universal_confidence_stop,True,True,True,1,2,True,16565,1298,9,True
rarebench,rarebench:RAMEDIS:258,15,profile_adapter_branching_resolver,Phenylketonuria,Phenylketonuria,"[""Phenylketonuria"", ""Glutaric acidemia type I"", ""Tyrosinemia type 1"", ""Hyperphenylalaninemia"", ""Smith-Lemli-Opitz syndrome"", ""L-2-hydroxyglutaric aciduria"", ""Galactosemia"", ""Homocystinuria"", ""Carbamoyl-phosphate synthetase 1 deficiency"", ""Succinic semialdehyde dehydrogenase deficiency""]",Tyrosinemia type 1,"[""Tyrosinemia type 1"", ""Phenylketonuria"", ""Hyperphenylalaninemia"", ""Glutaric acidemia type I"", ""Homocystinuria"", ""Carbamoyl-phosphate synthetase 1 deficiency"", ""Succinic semialdehyde dehydrogenase deficiency"", ""Methylmalonic acidemia"", ""Smith-Lemli-Opitz syndrome"", ""Propionic acidemia""]",Phenylketonuria,1.0,0.35911996539397406,True,Phenylketonuria,1.0,0.3554370507767215,10,False,True,locked_llm_graph_agreement,6,universal_confidence_stop,[],not_applicable,False,,[],0.0,0.0,1.0,False,0,0,1.9679185960481136,4,False,0.85,6,True,universal_confidence_stop,True,True,True,1,2,True,24518,1846,13,True
rarebench,rarebench:RAMEDIS:616,5,profile_adapter_branching_resolver,Phenylketonuria,Phenylketonuria,"[""Phenylketonuria"", ""Tyrosinemia type III"", ""Tyrosinemia type 1"", ""Methylmalonic acidemia"", ""Homocystinuria"", ""Hyperphenylalaninemia"", ""Dopa-responsive dystonia"", ""Maturity-onset diabetes of the young"", ""Maple syrup urine disease"", ""Glutaric acidemia type I""]",Tyrosinemia type 1,"[""Tyrosinemia type 1"", ""Phenylketonuria"", ""Tyrosinemia type III"", ""Hyperphenylalaninemia"", ""Methylmalonic acidemia"", ""Dopa-responsive dystonia"", ""Homocystinuria"", ""Glutaric acidemia type I"", ""PMM2-CDG"", ""Maturity-onset diabetes of the young""]",Phenylketonuria,1.0,0.5613068122085381,True,Phenylketonuria,1.0,0.6948051948051949,3,False,True,locked_llm_graph_agreement,4,universal_confidence_stop,[],not_applicable,False,,[],0.0,0.0,1.0,False,0,0,2.4715259740259734,4,False,0.85,4,True,universal_confidence_stop,True,True,True,1,1,False,14667,1185,9,True
rarebench,rarebench:RAMEDIS:616,10,profile_adapter_branching_resolver,Phenylketonuria,Phenylketonuria,"[""Phenylketonuria"", ""Tyrosinemia type III"", ""Tyrosinemia type 1"", ""Methylmalonic acidemia"", ""Homocystinuria"", ""Dopa-responsive dystonia"", ""Glutaric acidemia type I"", ""Hyperphenylalaninemia"", ""Maturity-onset diabetes of the young"", ""Maple syrup urine disease""]",Tyrosinemia type 1,"[""Tyrosinemia type 1"", ""Tyrosinemia type III"", ""Hyperphenylalaninemia"", ""Phenylketonuria"", ""Methylmalonic acidemia"", ""Homocystinuria"", ""Dopa-responsive dystonia"", ""Maturity-onset diabetes of the young"", ""Glutaric acidemia type I"", ""PMM2-CDG""]",Phenylketonuria,1.0,0.5611412086381741,True,Phenylketonuria,1.0,0.6948051948051949,3,False,True,locked_llm_graph_agreement,4,universal_confidence_stop,[],not_applicable,False,,[],0.0,0.0,1.0,False,0,0,2.4715259740259734,4,False,0.85,4,True,universal_confidence_stop,True,True,True,1,1,False,14651,1179,9,True
rarebench,rarebench:RAMEDIS:616,15,profile_adapter_branching_resolver,Phenylketonuria,Phenylketonuria,"[""Phenylketonuria"", ""Tyrosinemia type III"", ""Tyrosinemia type 1"", ""Methylmalonic acidemia"", ""Homocystinuria"", ""Hyperphenylalaninemia"", ""Dopa-responsive dystonia"", ""Maturity-onset diabetes of the young"", ""Maple syrup urine disease"", ""Glutaric acidemia type I""]",Tyrosinemia type 1,"[""Tyrosinemia type 1"", ""Phenylketonuria"", ""Tyrosinemia type III"", ""Hyperphenylalaninemia"", ""Methylmalonic acidemia"", ""Dopa-responsive dystonia"", ""Homocystinuria"", ""Maturity-onset diabetes of the young"", ""Glutaric acidemia type I"", ""PMM2-CDG""]",Phenylketonuria,1.0,0.5562434561115412,True,Phenylketonuria,1.0,0.6948051948051949,3,False,True,locked_llm_graph_agreement,5,universal_confidence_stop,[],not_applicable,False,,[],0.0,0.0,1.0,False,0,0,2.4715259740259734,4,False,0.85,5,True,universal_confidence_stop,True,True,True,1,1,False,18347,1430,11,True
rarebench,rarebench:RAMEDIS:149,5,profile_adapter_branching_resolver,3-Hydroxy-3-methylglutaryl-CoA lyase deficiency,Glycogen storage disease type Ia,"[""Glycogen storage disease type Ia"", ""Methylmalonic acidemia"", ""Phenylketonuria"", ""3-Hydroxy-3-methylglutaryl-CoA lyase deficiency"", ""Biotinidase deficiency"", ""Maple syrup urine disease"", ""Glutaric acidemia type I"", ""3-Methylcrotonyl-CoA carboxylase deficiency"", ""D-2-hydroxyglutaric aciduria"", ""Canavan disease""]",3-Hydroxy-3-methylglutaryl-CoA lyase deficiency,"[""3-Hydroxy-3-methylglutaryl-CoA lyase deficiency"", ""Methylmalonic acidemia"", ""Biotinidase deficiency"", ""Maple syrup urine disease"", ""Phenylketonuria"", ""Canavan disease"", ""D-2-hydroxyglutaric aciduria"", ""Mitochondrial complex IV deficiency"", ""3-Methylglutaconic aciduria type IV"", ""3-Methylglutaconic aciduria type I""]",Phenylketonuria,1.0,0.22168535837090453,False,Glycogen storage disease type Ia,1.0,0.07685736814438382,11,True,True,blocked_weak_graph_override,4,universal_confidence_stop,[],not_applicable,False,,[],0.0,0.0,1.0,False,0,0,0.621175165967794,3,False,0.85,4,True,universal_confidence_stop,False,False,True,4,11,True,14840,1386,9,True
rarebench,rarebench:RAMEDIS:149,10,profile_adapter_branching_resolver,3-Hydroxy-3-methylglutaryl-CoA lyase deficiency,Glycogen storage disease type Ia,"[""Glycogen storage disease type Ia"", ""Phenylketonuria"", ""Methylmalonic acidemia"", ""Biotinidase deficiency"", ""Glutaric acidemia type I"", ""Maple syrup urine disease"", ""3-Hydroxy-3-methylglutaryl-CoA lyase deficiency"", ""D-2-hydroxyglutaric aciduria"", ""Canavan disease"", ""Mitochondrial complex IV deficiency""]",3-Methylglutaconic aciduria type IV,"[""3-Methylglutaconic aciduria type IV"", ""3-Methylglutaconic aciduria type I"", ""Biotinidase deficiency"", ""Methylmalonic acidemia"", ""Phenylketonuria"", ""Canavan disease"", ""D-2-hydroxyglutaric aciduria"", ""Maple syrup urine disease"", ""Glutaric acidemia type I"", ""3-Hydroxy-3-methylglutaryl-CoA lyase deficiency""]",Phenylketonuria,1.0,0.19479818991639009,True,Glycogen storage disease type Ia,1.0,0.07685736814438382,11,True,True,blocked_weak_graph_override,9,continue,[],not_applicable,False,,[],0.0,0.0,1.0,False,0,0,0.3560706150341679,3,False,0.85,10,False,budget_exhausted_forced_final,False,False,False,7,11,True,42449,3033,21,True
rarebench,rarebench:RAMEDIS:149,15,profile_adapter_branching_resolver,3-Hydroxy-3-methylglutaryl-CoA lyase deficiency,Glycogen storage disease type Ia,"[""Glycogen storage disease type Ia"", ""Phenylketonuria"", ""Methylmalonic acidemia"", ""Biotinidase deficiency"", ""Maple syrup urine disease"", ""Glutaric acidemia type I"", ""3-Hydroxy-3-methylglutaryl-CoA lyase deficiency"", ""D-2-hydroxyglutaric aciduria"", ""Canavan disease"", ""Mitochondrial complex IV deficiency""]",3-Methylglutaconic aciduria type IV,"[""3-Methylglutaconic aciduria type IV"", ""3-Methylglutaconic aciduria type I"", ""Methylmalonic acidemia"", ""Biotinidase deficiency"", ""Glycogen storage disease type Ia"", ""Maple syrup urine disease"", ""Phenylketonuria"", ""Canavan disease"", ""3-Hydroxy-3-methylglutaryl-CoA lyase deficiency"", ""Mitochondrial complex IV deficiency""]",Phenylketonuria,1.0,0.16178725831565843,True,Glycogen storage disease type Ia,1.0,0.07685736814438382,11,True,True,blocked_weak_graph_override,7,universal_confidence_stop,[],not_applicable,False,,[],0.0,0.0,1.0,False,0,0,0.3560706150341679,3,False,0.85,7,True,universal_confidence_stop,False,False,False,7,11,True,27897,2147,15,True
rarebench,rarebench:LIRICAL:170,5,profile_adapter_branching_resolver,Immunoskeletal dysplasia with neurodevelopmental abnormalities,Robinow syndrome,"[""Robinow syndrome"", ""Immunoskeletal dysplasia with neurodevelopmental abnormalities"", ""TBCK-related intellectual disability syndrome"", ""Aarskog-Scott syndrome"", ""Cockayne syndrome"", ""Vici syndrome"", ""Skraban-Deardorff syndrome"", ""Neurodevelopmental disorder with or without anomalies of the brain, eye, or heart"", ""Hypomyelinating leukodystrophy"", ""Stickler syndrome""]",Robinow syndrome,"[""Robinow syndrome"", ""Immunoskeletal dysplasia with neurodevelopmental abnormalities"", ""Aarskog-Scott syndrome"", ""Vici syndrome"", ""Stickler syndrome"", ""Skraban-Deardorff syndrome"", ""TBCK-related intellectual disability syndrome"", ""Congenital disorder of glycosylation, type IIh"", ""Microcephaly, primary autosomal recessive, 6"", ""Microcephaly 3, primary, autosomal recessive""]","Neurodevelopmental disorder with or without anomalies of the brain, eye, or heart",1.0,0.05982094734683874,False,Robinow syndrome,1.0,0.3363220091598714,22,False,True,locked_llm_graph_agreement,4,universal_confidence_stop,[],not_applicable,False,,[],0.0,0.0,1.0,False,0,0,0.6506093659066643,3,False,0.85,4,True,universal_confidence_stop,False,True,True,2,11,True,28057,1225,9,True
rarebench,rarebench:LIRICAL:170,10,profile_adapter_branching_resolver,Immunoskeletal dysplasia with neurodevelopmental abnormalities,Robinow syndrome,"[""Robinow syndrome"", ""TBCK-related intellectual disability syndrome"", ""Immunoskeletal dysplasia with neurodevelopmental abnormalities"", ""Neurodevelopmental disorder with or without anomalies of the brain, eye, or heart"", ""Cockayne syndrome"", ""Aarskog-Scott syndrome"", ""Smith-Lemli-Opitz syndrome"", ""Hypomyelinating leukodystrophy"", ""Skraban-Deardorff syndrome"", ""Vici syndrome""]",Robinow syndrome,"[""Robinow syndrome"", ""Skraban-Deardorff syndrome"", ""Immunoskeletal dysplasia with neurodevelopmental abnormalities"", ""TBCK-related intellectual disability syndrome"", ""Aarskog-Scott syndrome"", ""Stickler syndrome"", ""Vici syndrome"", ""Cockayne syndrome"", ""Hypomyelinating leukodystrophy"", ""Smith-Lemli-Opitz syndrome""]","Neurodevelopmental disorder with or without anomalies of the brain, eye, or heart",1.0,0.12311405818375676,True,Robinow syndrome,1.0,0.4995934829230819,20,True,True,accepted,4,universal_confidence_stop,[],not_applicable,False,,[],0.0,0.0,1.0,False,0,0,0.9671148471810249,3,False,0.85,4,True,universal_confidence_stop,False,True,True,3,11,True,28912,1159,9,True
rarebench,rarebench:LIRICAL:170,15,profile_adapter_branching_resolver,Immunoskeletal dysplasia with neurodevelopmental abnormalities,Robinow syndrome,"[""Robinow syndrome"", ""Immunoskeletal dysplasia with neurodevelopmental abnormalities"", ""Hypomyelinating leukodystrophy"", ""TBCK-related intellectual disability syndrome"", ""Aarskog-Scott syndrome"", ""Neurodevelopmental disorder with or without anomalies of the brain, eye, or heart"", ""Skraban-Deardorff syndrome"", ""Camurati-Engelmann disease"", ""Smith-Lemli-Opitz syndrome"", ""Glutaric acidemia type I""]",Robinow syndrome,"[""Robinow syndrome"", ""Immunoskeletal dysplasia with neurodevelopmental abnormalities"", ""Hypomyelinating leukodystrophy"", ""Aarskog-Scott syndrome"", ""Camurati-Engelmann disease"", ""Vici syndrome"", ""Stickler syndrome"", ""Skraban-Deardorff syndrome"", ""Al Kaissi syndrome"", ""Myhre syndrome""]","Neurodevelopmental disorder with or without anomalies of the brain, eye, or heart",1.0,0.09710444057985423,False,Robinow syndrome,1.0,0.47683123488184564,25,False,True,locked_llm_graph_agreement,5,universal_confidence_stop,[],not_applicable,False,,[],0.0,0.0,1.0,False,0,0,0.8361204749545901,3,False,0.85,5,True,universal_confidence_stop,False,True,True,2,11,True,35400,1399,11,True
rarebench,rarebench:LIRICAL:333,5,profile_adapter_branching_resolver,Hereditary spherocytosis,Hereditary spherocytosis,"[""Hereditary spherocytosis"", ""TBCK-related intellectual disability syndrome"", ""Elliptocytosis 2"", ""Immunoskeletal dysplasia with neurodevelopmental abnormalities"", ""Homocystinuria"", ""Neurodevelopmental disorder with or without anomalies of the brain, eye, or heart"", ""Smith-Lemli-Opitz syndrome"", ""Glutaric acidemia type I"", ""Recurrent metabolic encephalomyopathic crises-rhabdomyolysis-cardiac arrhythmia-intellectual disability syndrome"", ""Congenital disorder of glycosylation, type IIP""]",Hereditary spherocytosis,"[""Hereditary spherocytosis"", ""Elliptocytosis 2"", ""Autoimmune lymphoproliferative syndrome"", ""Autoimmune polyendocrinopathy type 1"", ""Diamond-Blackfan anemia"", ""Fanconi anemia"", ""Gaucher disease"", ""Hemophagocytic lymphohistiocytosis"", ""Thrombocytopenia 3"", ""Ch\u00e9diak-Higashi syndrome""]",Hereditary spherocytosis,1.0,0.23866775734086343,False,Hereditary spherocytosis,1.0,1.0,3,False,True,locked_llm_graph_agreement,3,universal_confidence_stop,[],not_applicable,False,,[],0.0,0.0,1.0,False,0,0,2.440100872539357,4,False,0.95,3,True,universal_confidence_stop,True,True,True,1,1,False,18436,1017,7,True
rarebench,rarebench:LIRICAL:333,10,profile_adapter_branching_resolver,Hereditary spherocytosis,Hereditary spherocytosis,"[""Hereditary spherocytosis"", ""Elliptocytosis 2"", ""TBCK-related intellectual disability syndrome"", ""Immunoskeletal dysplasia with neurodevelopmental abnormalities"", ""Neurodevelopmental disorder with or without anomalies of the brain, eye, or heart"", ""Autoimmune lymphoproliferative syndrome"", ""Smith-Lemli-Opitz syndrome"", ""Homocystinuria"", ""Glutaric acidemia type I"", ""Recurrent metabolic encephalomyopathic crises-rhabdomyolysis-cardiac arrhythmia-intellectual disability syndrome""]",Hereditary spherocytosis,"[""Hereditary spherocytosis"", ""Elliptocytosis 2"", ""Autoimmune lymphoproliferative syndrome"", ""Autoimmune polyendocrinopathy type 1"", ""Diamond-Blackfan anemia"", ""Fanconi anemia"", ""Gaucher disease"", ""Hemophagocytic lymphohistiocytosis"", ""Thrombocytopenia 3"", ""Ch\u00e9diak-Higashi syndrome""]",TBCK-related intellectual disability syndrome,1.0,0.04356347150686979,False,Hereditary spherocytosis,1.0,1.0,3,False,True,locked_llm_graph_agreement,4,universal_confidence_stop,[],not_applicable,False,,[],0.0,0.0,1.0,False,0,0,2.4750579615323147,4,False,0.95,4,True,universal_confidence_stop,True,True,True,1,1,False,24428,1262,9,True
rarebench,rarebench:LIRICAL:333,15,profile_adapter_branching_resolver,Hereditary spherocytosis,Hereditary spherocytosis,"[""Hereditary spherocytosis"", ""Immunoskeletal dysplasia with neurodevelopmental abnormalities"", ""TBCK-related intellectual disability syndrome"", ""Neurodevelopmental disorder with or without anomalies of the brain, eye, or heart"", ""Smith-Lemli-Opitz syndrome"", ""Autoimmune lymphoproliferative syndrome"", ""Glutaric acidemia type I"", ""Homocystinuria"", ""Geleophysic dysplasia"", ""Ataxia-pancytopenia syndrome""]",Hereditary spherocytosis,"[""Hereditary spherocytosis"", ""Autoimmune lymphoproliferative syndrome"", ""Autoimmune polyendocrinopathy type 1"", ""Diamond-Blackfan anemia"", ""Fanconi anemia"", ""Bernard-Soulier syndrome"", ""Bleeding disorder, platelet-type, 15"", ""Bleeding disorder, platelet-type, 17"", ""Hemophagocytic lymphohistiocytosis"", ""Ch\u00e9diak-Higashi syndrome""]",Immunoskeletal dysplasia with neurodevelopmental abnormalities,1.0,0.03523389976997726,False,Hereditary spherocytosis,1.0,1.0,3,False,True,locked_llm_graph_agreement,5,universal_confidence_stop,[],not_applicable,False,,[],0.0,0.0,1.0,False,0,0,2.5840312959328307,4,False,0.95,5,True,universal_confidence_stop,True,True,True,1,1,False,30604,1521,11,True
rarebench,rarebench:RAMEDIS:193,5,profile_adapter_branching_resolver,Biotinidase deficiency,Methylmalonic acidemia,"[""Methylmalonic acidemia"", ""Glutaric acidemia type I"", ""Carbamoyl-phosphate synthetase 1 deficiency"", ""Maple syrup urine disease"", ""Citrullinemia type I"", ""Glycogen storage disease type Ia"", ""Biotinidase deficiency"", ""Carnitine-acylcarnitine translocase deficiency"", ""Ornithine transcarbamylase deficiency"", ""Citrullinemia type II""]",Methylmalonic acidemia,"[""Methylmalonic acidemia"", ""Carbamoyl-phosphate synthetase 1 deficiency"", ""Glycogen storage disease type Ia"", ""Glutaric acidemia type I"", ""Citrullinemia type I"", ""Maple syrup urine disease"", ""Carnitine-acylcarnitine translocase deficiency"", ""Ornithine transcarbamylase deficiency"", ""Beta-ketothiolase deficiency"", ""3-Hydroxy-3-methylglutaryl-CoA lyase deficiency""]",Phenylketonuria,1.0,0.10957218640667477,False,Methylmalonic acidemia,1.0,0.09002433090024331,6,False,True,locked_llm_graph_agreement,3,universal_confidence_stop,[],not_applicable,False,,[],0.0,0.0,1.0,False,0,0,1.0711912448260321,4,False,0.85,3,True,universal_confidence_stop,False,False,False,7,3,False,11283,967,7,True
rarebench,rarebench:RAMEDIS:193,10,profile_adapter_branching_resolver,Biotinidase deficiency,Methylmalonic acidemia,"[""Methylmalonic acidemia"", ""Glutaric acidemia type I"", ""Carbamoyl-phosphate synthetase 1 deficiency"", ""Maple syrup urine disease"", ""Citrullinemia type I"", ""Ornithine transcarbamylase deficiency"", ""Biotinidase deficiency"", ""Glycogen storage disease type Ia"", ""Carnitine-acylcarnitine translocase deficiency"", ""Citrullinemia type II""]",Methylmalonic acidemia,"[""Methylmalonic acidemia"", ""Glutaric acidemia type I"", ""Carbamoyl-phosphate synthetase 1 deficiency"", ""Glycogen storage disease type Ia"", ""Citrullinemia type I"", ""Maple syrup urine disease"", ""Carnitine-acylcarnitine translocase deficiency"", ""Ornithine transcarbamylase deficiency"", ""Beta-ketothiolase deficiency"", ""Argininosuccinic aciduria""]",Phenylketonuria,1.0,0.12512653800329443,False,Methylmalonic acidemia,1.0,0.09002433090024331,6,False,True,locked_llm_graph_agreement,4,universal_confidence_stop,[],not_applicable,False,,[],0.0,0.0,1.0,False,0,0,1.0710320879324455,4,False,0.85,4,True,universal_confidence_stop,False,False,False,7,3,False,14562,1242,9,True
rarebench,rarebench:RAMEDIS:193,15,profile_adapter_branching_resolver,Biotinidase deficiency,Methylmalonic acidemia,"[""Methylmalonic acidemia"", ""Glutaric acidemia type I"", ""Carbamoyl-phosphate synthetase 1 deficiency"", ""Maple syrup urine disease"", ""Citrullinemia type I"", ""Ornithine transcarbamylase deficiency"", ""Biotinidase deficiency"", ""Glycogen storage disease type Ia"", ""Carnitine-acylcarnitine translocase deficiency"", ""Citrullinemia type II""]",Methylmalonic acidemia,"[""Methylmalonic acidemia"", ""Beta-ketothiolase deficiency"", ""Carbamoyl-phosphate synthetase 1 deficiency"", ""Glycogen storage disease type Ia"", ""Maple syrup urine disease"", ""Carnitine-acylcarnitine translocase deficiency"", ""Ornithine transcarbamylase deficiency"", ""Citrullinemia type I"", ""Glutaric acidemia type I"", ""Argininosuccinic aciduria""]",Phenylketonuria,1.0,0.11534828079542114,False,Methylmalonic acidemia,1.0,0.09002433090024331,6,False,True,locked_llm_graph_agreement,5,universal_confidence_stop,[],not_applicable,False,,[],0.0,0.0,1.0,False,0,0,1.0813846306172183,4,False,0.85,5,True,universal_confidence_stop,False,False,False,7,3,False,17862,1505,11,True
rarebench,rarebench:LIRICAL:256,5,profile_adapter_branching_resolver,"Neurodevelopmental disorder with or without anomalies of the brain, eye, or heart","Neurodevelopmental disorder with or without anomalies of the brain, eye, or heart","[""Neurodevelopmental disorder with or without anomalies of the brain, eye, or heart"", ""Microcephaly 5, primary, autosomal recessive"", ""Freeman-Sheldon syndrome"", ""Cockayne syndrome"", ""Alpha-thalassemia-X-linked intellectual disability syndrome"", ""TBCK-related intellectual disability syndrome"", ""Aarskog-Scott syndrome"", ""Noonan syndrome"", ""Ehlers-Danlos syndrome"", ""Smith-Lemli-Opitz syndrome""]","Neurodevelopmental disorder with or without anomalies of the brain, eye, or heart","[""Neurodevelopmental disorder with or without anomalies of the brain, eye, or heart"", ""TBCK-related intellectual disability syndrome"", ""Smith-Lemli-Opitz syndrome"", ""Immunoskeletal dysplasia with neurodevelopmental abnormalities"", ""Glutaric acidemia type I"", ""Hypomyelinating leukodystrophy"", ""Aarskog-Scott syndrome"", ""Alpha-thalassemia-X-linked intellectual disability syndrome"", ""Noonan syndrome"", ""Ehlers-Danlos syndrome""]","Neurodevelopmental disorder with or without anomalies of the brain, eye, or heart",1.0,0.3987211438737268,False,"Neurodevelopmental disorder with or without anomalies of the brain, eye, or heart",1.0,0.6076731295460392,33,False,True,locked_llm_graph_agreement,3,universal_confidence_stop,[],not_applicable,False,,[],0.0,0.0,1.0,False,0,0,2.4063240989779446,4,False,0.95,3,True,universal_confidence_stop,True,True,True,1,1,False,27386,1034,7,True
rarebench,rarebench:LIRICAL:256,10,profile_adapter_branching_resolver,"Neurodevelopmental disorder with or without anomalies of the brain, eye, or heart","Neurodevelopmental disorder with or without anomalies of the brain, eye, or heart","[""Neurodevelopmental disorder with or without anomalies of the brain, eye, or heart"", ""Microcephaly 5, primary, autosomal recessive"", ""Freeman-Sheldon syndrome"", ""Cockayne syndrome"", ""Alpha-thalassemia-X-linked intellectual disability syndrome"", ""TBCK-related intellectual disability syndrome"", ""Aarskog-Scott syndrome"", ""Noonan syndrome"", ""Smith-Lemli-Opitz syndrome"", ""Ehlers-Danlos syndrome""]","Neurodevelopmental disorder with or without anomalies of the brain, eye, or heart","[""Neurodevelopmental disorder with or without anomalies of the brain, eye, or heart"", ""TBCK-related intellectual disability syndrome"", ""Smith-Lemli-Opitz syndrome"", ""Immunoskeletal dysplasia with neurodevelopmental abnormalities"", ""Glutaric acidemia type I"", ""Hypomyelinating leukodystrophy"", ""Aarskog-Scott syndrome"", ""Alpha-thalassemia-X-linked intellectual disability syndrome"", ""Freeman-Sheldon syndrome"", ""Noonan syndrome""]","Neurodevelopmental disorder with or without anomalies of the brain, eye, or heart",1.0,0.4802682011168615,False,"Neurodevelopmental disorder with or without anomalies of the brain, eye, or heart",1.0,0.6980334240186553,38,False,True,locked_llm_graph_agreement,4,universal_confidence_stop,[],not_applicable,False,,[],0.0,0.0,1.0,False,0,0,2.475238437621453,4,False,0.85,4,True,universal_confidence_stop,True,True,True,1,1,False,36470,1323,9,True
rarebench,rarebench:LIRICAL:256,15,profile_adapter_branching_resolver,"Neurodevelopmental disorder with or without anomalies of the brain, eye, or heart","Neurodevelopmental disorder with or without anomalies of the brain, eye, or heart","[""Neurodevelopmental disorder with or without anomalies of the brain, eye, or heart"", ""Microcephaly 5, primary, autosomal recessive"", ""Cockayne syndrome"", ""TBCK-related intellectual disability syndrome"", ""Freeman-Sheldon syndrome"", ""Smith-Lemli-Opitz syndrome"", ""Alpha-thalassemia-X-linked intellectual disability syndrome"", ""Immunoskeletal dysplasia with neurodevelopmental abnormalities"", ""Aarskog-Scott syndrome"", ""Intellectual developmental disorder with dysmorphic facies, seizures, and distal limb anomalies""]","Neurodevelopmental disorder with or without anomalies of the brain, eye, or heart","[""Neurodevelopmental disorder with or without anomalies of the brain, eye, or heart"", ""TBCK-related intellectual disability syndrome"", ""Smith-Lemli-Opitz syndrome"", ""Immunoskeletal dysplasia with neurodevelopmental abnormalities"", ""Glutaric acidemia type I"", ""Hypomyelinating leukodystrophy"", ""Aarskog-Scott syndrome"", ""Alpha-thalassemia-X-linked intellectual disability syndrome"", ""Cockayne syndrome"", ""Intellectual developmental disorder with dysmorphic facies, seizures, and distal limb anomalies""]","Neurodevelopmental disorder with or without anomalies of the brain, eye, or heart",1.0,0.47892358922661504,False,"Neurodevelopmental disorder with or without anomalies of the brain, eye, or heart",1.0,0.7251713290641502,40,False,True,locked_llm_graph_agreement,5,universal_confidence_stop,[],not_applicable,False,,[],0.0,0.0,1.0,False,0,0,2.5064470284237723,4,False,0.85,5,True,universal_confidence_stop,True,True,True,1,1,False,45664,1722,11,True
rarebench,rarebench:LIRICAL:3,5,profile_adapter_branching_resolver,Galactosialidosis,"GM1-gangliosidosis, type III","[""GM1-gangliosidosis, type III"", ""Osteogenesis imperfecta, type XI"", ""Ataxia-pancytopenia syndrome"", ""Immunoskeletal dysplasia with neurodevelopmental abnormalities"", ""Neurodevelopmental disorder with or without anomalies of the brain, eye, or heart"", ""Noonan syndrome"", ""TBCK-related intellectual disability syndrome"", ""Smith-Lemli-Opitz syndrome"", ""Glutaric acidemia type I"", ""Townes-Brocks syndrome""]","GM1-gangliosidosis, type III","[""GM1-gangliosidosis, type III"", ""Neurodevelopmental disorder with or without anomalies of the brain, eye, or heart"", ""Smith-Lemli-Opitz syndrome"", ""Glutaric acidemia type I"", ""Immunoskeletal dysplasia with neurodevelopmental abnormalities"", ""Noonan syndrome"", ""Ataxia-pancytopenia syndrome"", ""Townes-Brocks syndrome"", ""Treacher Collins syndrome"", ""Leukocyte adhesion deficiency type II""]","Neurodevelopmental disorder with or without anomalies of the brain, eye, or heart",1.0,0.12163188999542007,False,"GM1-gangliosidosis, type III",1.0,0.602214377406932,13,False,True,locked_llm_graph_agreement,3,universal_confidence_stop,[],not_applicable,False,,[],0.0,0.0,1.0,False,0,0,2.075564328784946,4,False,0.85,3,True,universal_confidence_stop,False,False,False,11,11,False,20871,1008,7,True
rarebench,rarebench:LIRICAL:3,10,profile_adapter_branching_resolver,Galactosialidosis,"GM1-gangliosidosis, type III","[""GM1-gangliosidosis, type III"", ""Osteogenesis imperfecta, type XI"", ""Immunoskeletal dysplasia with neurodevelopmental abnormalities"", ""Ataxia-pancytopenia syndrome"", ""Neurodevelopmental disorder with or without anomalies of the brain, eye, or heart"", ""Smith-Lemli-Opitz syndrome"", ""Noonan syndrome"", ""TBCK-related intellectual disability syndrome"", ""Townes-Brocks syndrome"", ""Glutaric acidemia type I""]","GM1-gangliosidosis, type III","[""GM1-gangliosidosis, type III"", ""Neurodevelopmental disorder with or without anomalies of the brain, eye, or heart"", ""Smith-Lemli-Opitz syndrome"", ""Glutaric acidemia type I"", ""Immunoskeletal dysplasia with neurodevelopmental abnormalities"", ""Noonan syndrome"", ""Ataxia-pancytopenia syndrome"", ""Townes-Brocks syndrome"", ""Treacher Collins syndrome"", ""Leukocyte adhesion deficiency type II""]","Neurodevelopmental disorder with or without anomalies of the brain, eye, or heart",1.0,0.13642384680631436,True,"GM1-gangliosidosis, type III",1.0,0.602214377406932,13,True,True,accepted,4,universal_confidence_stop,[],not_applicable,False,,[],0.0,0.0,1.0,False,0,0,2.0412499840641765,4,False,0.85,4,True,universal_confidence_stop,False,False,False,11,11,False,28045,1276,9,True
rarebench,rarebench:LIRICAL:3,15,profile_adapter_branching_resolver,Galactosialidosis,"GM1-gangliosidosis, type III","[""GM1-gangliosidosis, type III"", ""Osteogenesis imperfecta, type XI"", ""Neurodevelopmental disorder with or without anomalies of the brain, eye, or heart"", ""Immunoskeletal dysplasia with neurodevelopmental abnormalities"", ""Noonan syndrome"", ""TBCK-related intellectual disability syndrome"", ""Smith-Lemli-Opitz syndrome"", ""Townes-Brocks syndrome"", ""Glutaric acidemia type I"", ""Leukocyte adhesion deficiency type II""]","GM1-gangliosidosis, type III","[""GM1-gangliosidosis, type III"", ""Neurodevelopmental disorder with or without anomalies of the brain, eye, or heart"", ""Smith-Magenis syndrome"", ""Noonan syndrome"", ""Ataxia-pancytopenia syndrome"", ""Leukocyte adhesion deficiency type II"", ""Townes-Brocks syndrome"", ""Treacher Collins syndrome"", ""Immunoskeletal dysplasia with neurodevelopmental abnormalities"", ""Glutaric acidemia type I""]","Neurodevelopmental disorder with or without anomalies of the brain, eye, or heart",1.0,0.1729220194726816,True,"GM1-gangliosidosis, type III",1.0,0.602214377406932,13,True,True,accepted,5,universal_confidence_stop,[],not_applicable,False,,[],0.0,0.0,1.0,False,0,0,2.0060620349326106,4,False,0.85,5,True,universal_confidence_stop,False,False,False,11,11,False,35066,1536,11,True
rarebench,rarebench:RAMEDIS:491,5,profile_adapter_branching_resolver,Propionic acidemia,Methylmalonic acidemia,"[""Methylmalonic acidemia"", ""Propionic acidemia"", ""Medium chain acyl-CoA dehydrogenase deficiency"", ""Phenylketonuria"", ""Ornithine transcarbamylase deficiency"", ""Tyrosinemia type 1"", ""Maple syrup urine disease"", ""Galactosemia"", ""Isovaleric acidemia"", ""Citrullinemia type I""]",Methylmalonic acidemia,"[""Methylmalonic acidemia"", ""Propionic acidemia"", ""Isovaleric acidemia"", ""Medium chain acyl-CoA dehydrogenase deficiency"", ""Tyrosinemia type 1"", ""Ornithine transcarbamylase deficiency"", ""Citrullinemia type I"", ""Maple syrup urine disease"", ""Beta-ketothiolase deficiency"", ""3-Methylglutaconic aciduria type I""]",Phenylketonuria,1.0,0.1377356873136687,False,Propionic acidemia,1.0,0.0,23,True,True,blocked_weak_graph_override,4,continue,[],not_applicable,False,,[],0.0,0.0,1.0,False,0,0,0.8501418965044913,4,False,0.85,5,False,budget_exhausted_forced_final,False,True,True,2,11,True,20676,1482,11,True
rarebench,rarebench:RAMEDIS:491,10,profile_adapter_branching_resolver,Propionic acidemia,Propionic acidemia,"[""Propionic acidemia"", ""Methylmalonic acidemia"", ""Medium chain acyl-CoA dehydrogenase deficiency"", ""Ornithine transcarbamylase deficiency"", ""Maple syrup urine disease"", ""Biotinidase deficiency"", ""Isovaleric acidemia"", ""Argininemia"", ""Citrullinemia type I"", ""Tyrosinemia type 1""]",Propionic acidemia,"[""Propionic acidemia"", ""Methylmalonic acidemia"", ""Ornithine transcarbamylase deficiency"", ""Medium chain acyl-CoA dehydrogenase deficiency"", ""Isovaleric acidemia"", ""Argininemia"", ""Citrullinemia type I"", ""Maple syrup urine disease"", ""Beta-ketothiolase deficiency"", ""3-Methylglutaconic aciduria type I""]",Phenylketonuria,1.0,0.04132864965946437,False,Propionic acidemia,1.0,0.018478521718262475,22,False,True,locked_llm_graph_agreement,6,universal_confidence_stop,[],not_applicable,False,,[],0.0,0.0,1.0,False,0,0,0.7456199958920964,4,False,0.85,6,True,universal_confidence_stop,True,True,True,1,11,True,26258,1758,13,True
rarebench,rarebench:RAMEDIS:491,15,profile_adapter_branching_resolver,Propionic acidemia,Methylmalonic acidemia,"[""Methylmalonic acidemia"", ""Medium chain acyl-CoA dehydrogenase deficiency"", ""Propionic acidemia"", ""Maple syrup urine disease"", ""Ornithine transcarbamylase deficiency"", ""Citrullinemia type I"", ""Isovaleric acidemia"", ""Galactosemia"", ""Tyrosinemia type 1"", ""Beta-ketothiolase deficiency""]",Methylmalonic acidemia,"[""Methylmalonic acidemia"", ""Medium chain acyl-CoA dehydrogenase deficiency"", ""Propionic acidemia"", ""Isovaleric acidemia"", ""Ornithine transcarbamylase deficiency"", ""Citrullinemia type I"", ""Maple syrup urine disease"", ""Tyrosinemia type 1"", ""Beta-ketothiolase deficiency"", ""3-Methylglutaconic aciduria type I""]",Phenylketonuria,1.0,0.0961702184806088,False,Medium chain acyl-CoA dehydrogenase deficiency,1.0,0.0275616275616275,24,True,True,blocked_weak_graph_override,6,universal_confidence_stop,[],not_applicable,False,,[],0.0,0.0,1.0,True,2,4,0.39562847687415825,6,False,0.85,10,True,universal_confidence_stop,False,True,True,3,11,True,34462,2426,19,True
rarebench,rarebench:RAMEDIS:381,5,profile_adapter_branching_resolver,Tyrosinemia type III,Phenylketonuria,"[""Phenylketonuria"", ""Tyrosinemia type 1"", ""Medium chain acyl-CoA dehydrogenase deficiency"", ""Biotinidase deficiency"", ""Citrullinemia type I"", ""Citrullinemia type II"", ""Galactosemia"", ""Homocystinuria"", ""Isovaleric acidemia"", ""Very long-chain acyl-CoA dehydrogenase deficiency""]",Phenylketonuria,"[""Phenylketonuria"", ""Tyrosinemia type 1"", ""Medium chain acyl-CoA dehydrogenase deficiency"", ""Citrullinemia type II"", ""Biotinidase deficiency"", ""Citrullinemia type I"", ""Homocystinuria"", ""Isovaleric acidemia"", ""Methylmalonic acidemia"", ""Glutaric acidemia type I""]",Phenylketonuria,1.0,0.34831882889982424,False,Phenylketonuria,1.0,0.38181818181818183,6,False,True,locked_llm_graph_agreement,3,universal_confidence_stop,[],not_applicable,False,,[],0.0,0.0,1.0,False,0,0,1.7553555045807552,4,False,0.95,3,True,universal_confidence_stop,False,False,False,11,11,False,12061,953,7,True
rarebench,rarebench:RAMEDIS:381,10,profile_adapter_branching_resolver,Tyrosinemia type III,Phenylketonuria,"[""Phenylketonuria"", ""Tyrosinemia type 1"", ""Medium chain acyl-CoA dehydrogenase deficiency"", ""Biotinidase deficiency"", ""Citrullinemia type I"", ""Citrullinemia type II"", ""Galactosemia"", ""Homocystinuria"", ""Isovaleric acidemia"", ""Very long-chain acyl-CoA dehydrogenase deficiency""]",Phenylketonuria,"[""Phenylketonuria"", ""Tyrosinemia type 1"", ""Medium chain acyl-CoA dehydrogenase deficiency"", ""Citrullinemia type II"", ""Biotinidase deficiency"", ""Citrullinemia type I"", ""Homocystinuria"", ""Isovaleric acidemia"", ""Methylmalonic acidemia"", ""Glutaric acidemia type I""]",Phenylketonuria,1.0,0.34944608372926567,False,Phenylketonuria,1.0,0.38181818181818183,6,False,True,locked_llm_graph_agreement,4,universal_confidence_stop,[],not_applicable,False,,[],0.0,0.0,1.0,False,0,0,1.7555681062398185,4,False,0.95,4,True,universal_confidence_stop,False,False,False,11,11,False,16005,1198,9,True
rarebench,rarebench:RAMEDIS:381,15,profile_adapter_branching_resolver,Tyrosinemia type III,Phenylketonuria,"[""Phenylketonuria"", ""Tyrosinemia type 1"", ""Medium chain acyl-CoA dehydrogenase deficiency"", ""Biotinidase deficiency"", ""Citrullinemia type I"", ""Citrullinemia type II"", ""Galactosemia"", ""Homocystinuria"", ""Isovaleric acidemia"", ""Very long-chain acyl-CoA dehydrogenase deficiency""]",Phenylketonuria,"[""Phenylketonuria"", ""Tyrosinemia type 1"", ""Medium chain acyl-CoA dehydrogenase deficiency"", ""Citrullinemia type II"", ""Biotinidase deficiency"", ""Citrullinemia type I"", ""Homocystinuria"", ""Isovaleric acidemia"", ""Methylmalonic acidemia"", ""Glutaric acidemia type I""]",Phenylketonuria,1.0,0.36117663907864406,False,Phenylketonuria,1.0,0.38181818181818183,6,False,True,locked_llm_graph_agreement,5,universal_confidence_stop,[],not_applicable,False,,[],0.0,0.0,1.0,False,0,0,1.7075383964979576,4,False,0.85,5,True,universal_confidence_stop,False,False,False,11,11,False,19960,1467,11,True
rarebench,rarebench:RAMEDIS:589,5,profile_adapter_branching_resolver,Glutaric acidemia type I,Glutaric acidemia type I,"[""Glutaric acidemia type I"", ""Medium chain acyl-CoA dehydrogenase deficiency"", ""Methylmalonic acidemia"", ""Phenylketonuria"", ""3-Methylcrotonyl-CoA carboxylase deficiency"", ""Galactosemia"", ""3-Hydroxy-3-methylglutaryl-CoA lyase deficiency"", ""Biotinidase deficiency"", ""L-2-hydroxyglutaric aciduria"", ""Citrullinemia type II""]",Glutaric acidemia type I,"[""Glutaric acidemia type I"", ""Medium chain acyl-CoA dehydrogenase deficiency"", ""Methylmalonic acidemia"", ""3-Methylcrotonyl-CoA carboxylase deficiency"", ""Galactosemia"", ""L-2-hydroxyglutaric aciduria"", ""Phenylketonuria"", ""Citrullinemia type II"", ""3-Methylglutaconic aciduria type I"", ""3-Methylglutaconic aciduria type IV""]",Phenylketonuria,1.0,0.07319753508315963,False,Medium chain acyl-CoA dehydrogenase deficiency,1.0,0.16895604395604402,9,True,True,blocked_weak_graph_override,3,universal_confidence_stop,[],not_applicable,False,,[],0.0,0.0,1.0,True,1,2,0.10888851945028621,5,False,0.85,5,False,budget_exhausted_forced_final,True,True,True,1,1,False,15549,1439,10,True
rarebench,rarebench:RAMEDIS:589,10,profile_adapter_branching_resolver,Glutaric acidemia type I,Glutaric acidemia type I,"[""Glutaric acidemia type I"", ""Medium chain acyl-CoA dehydrogenase deficiency"", ""Methylmalonic acidemia"", ""Phenylketonuria"", ""3-Methylcrotonyl-CoA carboxylase deficiency"", ""3-Hydroxy-3-methylglutaryl-CoA lyase deficiency"", ""Galactosemia"", ""L-2-hydroxyglutaric aciduria"", ""Biotinidase deficiency"", ""Citrullinemia type II""]",Glutaric acidemia type I,"[""Glutaric acidemia type I"", ""Medium chain acyl-CoA dehydrogenase deficiency"", ""Methylmalonic acidemia"", ""3-Methylcrotonyl-CoA carboxylase deficiency"", ""Galactosemia"", ""L-2-hydroxyglutaric aciduria"", ""Phenylketonuria"", ""Citrullinemia type II"", ""3-Hydroxy-3-methylglutaryl-CoA lyase deficiency"", ""Argininosuccinic aciduria""]",Phenylketonuria,1.0,0.08188716729766243,False,Medium chain acyl-CoA dehydrogenase deficiency,1.0,0.16895604395604402,9,True,True,blocked_weak_graph_override,4,universal_confidence_stop,[],not_applicable,False,,[],0.0,0.0,1.0,True,2,4,2.20372339557528,6,False,0.85,8,True,universal_confidence_stop,True,True,True,1,1,False,24094,2132,15,True
rarebench,rarebench:RAMEDIS:589,15,profile_adapter_branching_resolver,Glutaric acidemia type I,Glutaric acidemia type I,"[""Glutaric acidemia type I"", ""Medium chain acyl-CoA dehydrogenase deficiency"", ""Methylmalonic acidemia"", ""Phenylketonuria"", ""3-Methylcrotonyl-CoA carboxylase deficiency"", ""3-Hydroxy-3-methylglutaryl-CoA lyase deficiency"", ""Galactosemia"", ""Biotinidase deficiency"", ""L-2-hydroxyglutaric aciduria"", ""Citrullinemia type II""]",Glutaric acidemia type I,"[""Glutaric acidemia type I"", ""Medium chain acyl-CoA dehydrogenase deficiency"", ""Methylmalonic acidemia"", ""3-Methylcrotonyl-CoA carboxylase deficiency"", ""Galactosemia"", ""L-2-hydroxyglutaric aciduria"", ""Phenylketonuria"", ""Citrullinemia type II"", ""3-Methylglutaconic aciduria type I"", ""3-Hydroxy-3-methylglutaryl-CoA lyase deficiency""]",Phenylketonuria,1.0,0.08898780041427279,False,Medium chain acyl-CoA dehydrogenase deficiency,1.0,0.16895604395604402,9,True,True,blocked_weak_graph_override,5,universal_confidence_stop,[],not_applicable,False,,[],0.0,0.0,1.0,True,2,4,2.199975404521365,6,False,0.85,9,True,universal_confidence_stop,True,True,True,1,1,False,28281,2427,17,True
rarebench,rarebench:RAMEDIS:439,5,profile_adapter_branching_resolver,Neuronal ceroid lipofuscinosis,Phenylketonuria,"[""Phenylketonuria"", ""Glutaric acidemia type I"", ""Homocystinuria"", ""Galactosemia"", ""Maple syrup urine disease"", ""Glutathione synthetase deficiency"", ""D-2-hydroxyglutaric aciduria"", ""Succinic semialdehyde dehydrogenase deficiency"", ""Krabbe disease"", ""Mitochondrial complex IV deficiency""]",Glutathione synthetase deficiency,"[""Glutathione synthetase deficiency"", ""Krabbe disease"", ""Glutaric acidemia type I"", ""Galactosemia"", ""Mitochondrial complex IV deficiency"", ""D-2-hydroxyglutaric aciduria"", ""Homocystinuria"", ""Succinic semialdehyde dehydrogenase deficiency"", ""PMM2-CDG"", ""Phenylketonuria""]",Phenylketonuria,1.0,0.29818368060097533,True,D-2-hydroxyglutaric aciduria,1.0,0.03558565822716753,20,True,True,blocked_unsupported_third_option,4,continue,[],not_applicable,False,,[],0.0,0.0,1.0,False,0,0,1.0541639320677736,4,False,0.85,5,False,budget_exhausted_forced_final,False,False,False,11,11,False,19655,1522,11,True
rarebench,rarebench:RAMEDIS:439,10,profile_adapter_branching_resolver,Neuronal ceroid lipofuscinosis,Glutaric acidemia type I,"[""Glutaric acidemia type I"", ""Glutathione synthetase deficiency"", ""Mitochondrial complex IV deficiency"", ""Maple syrup urine disease"", ""Krabbe disease"", ""Homocystinuria"", ""PMM2-CDG"", ""Alkaptonuria"", ""Methylmalonic acidemia"", ""L-2-hydroxyglutaric aciduria""]",Glutaric acidemia type I,"[""Glutaric acidemia type I"", ""Glutathione synthetase deficiency"", ""Krabbe disease"", ""Homocystinuria"", ""Mitochondrial complex IV deficiency"", ""Alkaptonuria"", ""L-2-hydroxyglutaric aciduria"", ""Maple syrup urine disease"", ""PMM2-CDG"", ""Phenylketonuria""]",Glutaric acidemia type I,1.0,0.1274856646588044,False,Glutaric acidemia type I,1.0,0.1149833518312986,15,False,True,locked_llm_graph_agreement,4,universal_confidence_stop,[],not_applicable,False,,[],0.0,0.0,1.0,False,0,0,1.804730854605993,4,False,0.85,4,True,universal_confidence_stop,False,False,False,11,11,False,16193,1190,9,True
rarebench,rarebench:RAMEDIS:439,15,profile_adapter_branching_resolver,Neuronal ceroid lipofuscinosis,Phenylketonuria,"[""Phenylketonuria"", ""Homocystinuria"", ""Glutaric acidemia type I"", ""Galactosemia"", ""Maple syrup urine disease"", ""D-2-hydroxyglutaric aciduria"", ""Succinic semialdehyde dehydrogenase deficiency"", ""Glutathione synthetase deficiency"", ""Krabbe disease"", ""Mitochondrial complex IV deficiency""]",D-2-hydroxyglutaric aciduria,"[""D-2-hydroxyglutaric aciduria"", ""Homocystinuria"", ""Succinic semialdehyde dehydrogenase deficiency"", ""Glutathione synthetase deficiency"", ""Krabbe disease"", ""Glutaric acidemia type I"", ""Galactosemia"", ""Mitochondrial complex IV deficiency"", ""Phenylketonuria"", ""Methylmalonic acidemia""]",Phenylketonuria,1.0,0.2864560424620092,True,D-2-hydroxyglutaric aciduria,1.0,0.03558565822716753,20,True,True,blocked_weak_graph_override,5,universal_confidence_stop,[],not_applicable,False,,[],0.0,0.0,1.0,False,0,0,0.984382989254525,4,False,0.85,5,True,universal_confidence_stop,False,False,False,11,11,False,20240,1524,11,True
rarebench,rarebench:MME:6,5,profile_adapter_branching_resolver,Poretti-Boltshauser syndrome,Poretti-Boltshauser syndrome,"[""Poretti-Boltshauser syndrome"", ""Cerebrocostomandibular syndrome"", ""Alacrimia-choreoathetosis-liver dysfunction syndrome"", ""Cerebellar ataxia-areflexia-pes cavus-optic atrophy-sensorineural hearing loss syndrome"", ""Epilepsy, focal, with speech disorder and mental retardation"", ""Mandibulofacial dysostosis-microcephaly syndrome"", ""Perrault syndrome"", ""Beaulieu-Boycott-Innes syndrome"", ""Spondylometaphyseal dysplasia, Sedaghatian type"", ""Microcephaly-capillary malformation syndrome""]",Poretti-Boltshauser syndrome,"[""Poretti-Boltshauser syndrome"", ""Alacrimia-choreoathetosis-liver dysfunction syndrome"", ""Perrault syndrome"", ""Mandibulofacial dysostosis-microcephaly syndrome"", ""Cerebrocostomandibular syndrome"", ""Cerebellar ataxia-areflexia-pes cavus-optic atrophy-sensorineural hearing loss syndrome"", ""Epilepsy, focal, with speech disorder and mental retardation"", ""Beaulieu-Boycott-Innes syndrome"", ""Autosomal recessive primary microcephaly"", ""Microcephaly-capillary malformation syndrome""]",Poretti-Boltshauser syndrome,1.0,0.552540019667092,False,Poretti-Boltshauser syndrome,1.0,0.8837241764377443,10,False,True,locked_llm_graph_agreement,3,universal_confidence_stop,[],not_applicable,False,,[],0.0,0.0,1.0,False,0,0,2.5662477389112257,4,False,0.95,3,True,universal_confidence_stop,True,True,True,1,1,False,9829,1247,7,True
rarebench,rarebench:MME:6,10,profile_adapter_branching_resolver,Poretti-Boltshauser syndrome,Poretti-Boltshauser syndrome,"[""Poretti-Boltshauser syndrome"", ""Cerebrocostomandibular syndrome"", ""Cerebellar ataxia-areflexia-pes cavus-optic atrophy-sensorineural hearing loss syndrome"", ""Alacrimia-choreoathetosis-liver dysfunction syndrome"", ""Epilepsy, focal, with speech disorder and mental retardation"", ""Mandibulofacial dysostosis-microcephaly syndrome"", ""Perrault syndrome"", ""Spondylometaphyseal dysplasia, Sedaghatian type"", ""Beaulieu-Boycott-Innes syndrome"", ""Methylmalonate semialdehyde dehydrogenase deficiency""]",Poretti-Boltshauser syndrome,"[""Poretti-Boltshauser syndrome"", ""Alacrimia-choreoathetosis-liver dysfunction syndrome"", ""Perrault syndrome"", ""Cerebrocostomandibular syndrome"", ""Cerebellar ataxia-areflexia-pes cavus-optic atrophy-sensorineural hearing loss syndrome"", ""Epilepsy, focal, with speech disorder and mental retardation"", ""Mandibulofacial dysostosis-microcephaly syndrome"", ""Beaulieu-Boycott-Innes syndrome"", ""Spondylometaphyseal dysplasia, Sedaghatian type"", ""Autosomal recessive primary microcephaly""]",Poretti-Boltshauser syndrome,1.0,0.5371320120927384,False,Poretti-Boltshauser syndrome,1.0,0.8837241764377443,10,False,True,locked_llm_graph_agreement,4,universal_confidence_stop,[],not_applicable,False,,[],0.0,0.0,1.0,False,0,0,2.5003903109331276,4,False,0.85,4,True,universal_confidence_stop,True,True,True,1,1,False,13163,1554,9,True
rarebench,rarebench:MME:6,15,profile_adapter_branching_resolver,Poretti-Boltshauser syndrome,Poretti-Boltshauser syndrome,"[""Poretti-Boltshauser syndrome"", ""Cerebrocostomandibular syndrome"", ""Alacrimia-choreoathetosis-liver dysfunction syndrome"", ""Cerebellar ataxia-areflexia-pes cavus-optic atrophy-sensorineural hearing loss syndrome"", ""Mandibulofacial dysostosis-microcephaly syndrome"", ""Perrault syndrome"", ""Epilepsy, focal, with speech disorder and mental retardation"", ""Spondylometaphyseal dysplasia, Sedaghatian type"", ""Autosomal recessive primary microcephaly"", ""Beaulieu-Boycott-Innes syndrome""]",Poretti-Boltshauser syndrome,"[""Poretti-Boltshauser syndrome"", ""Alacrimia-choreoathetosis-liver dysfunction syndrome"", ""Perrault syndrome"", ""Cerebrocostomandibular syndrome"", ""Cerebellar ataxia-areflexia-pes cavus-optic atrophy-sensorineural hearing loss syndrome"", ""Epilepsy, focal, with speech disorder and mental retardation"", ""Mandibulofacial dysostosis-microcephaly syndrome"", ""Beaulieu-Boycott-Innes syndrome"", ""Spondylometaphyseal dysplasia, Sedaghatian type"", ""Autosomal recessive primary microcephaly""]",Poretti-Boltshauser syndrome,1.0,0.5317001770196876,False,Poretti-Boltshauser syndrome,1.0,0.8837241764377443,10,False,True,locked_llm_graph_agreement,5,universal_confidence_stop,[],not_applicable,False,,[],0.0,0.0,1.0,False,0,0,2.504947454884258,4,False,0.95,5,True,universal_confidence_stop,True,True,True,1,1,False,16468,1908,11,True
rarebench,rarebench:RAMEDIS:213,5,profile_adapter_branching_resolver,Tyrosinemia type 1,Tyrosinemia type 1,"[""Tyrosinemia type 1"", ""Phenylketonuria"", ""Tyrosinemia type III"", ""Medium chain acyl-CoA dehydrogenase deficiency"", ""Biotinidase deficiency"", ""Citrullinemia type I"", ""Hyperphenylalaninemia"", ""Citrullinemia type II"", ""Homocystinuria"", ""Isovaleric acidemia""]",Tyrosinemia type 1,"[""Tyrosinemia type 1"", ""Phenylketonuria"", ""Tyrosinemia type III"", ""Hyperphenylalaninemia"", ""Biotinidase deficiency"", ""Medium chain acyl-CoA dehydrogenase deficiency"", ""Citrullinemia type II"", ""Citrullinemia type I"", ""Methylmalonic acidemia"", ""Glutaric acidemia type I""]",Phenylketonuria,1.0,0.31264821166693335,False,Tyrosinemia type 1,1.0,0.058787740512586506,10,False,True,locked_llm_graph_agreement,3,universal_confidence_stop,[],not_applicable,False,,[],0.0,0.0,1.0,False,0,0,0.7082226678304391,4,False,0.95,3,True,universal_confidence_stop,True,True,True,1,11,True,13559,1026,7,True
rarebench,rarebench:RAMEDIS:213,10,profile_adapter_branching_resolver,Tyrosinemia type 1,Tyrosinemia type 1,"[""Tyrosinemia type 1"", ""Phenylketonuria"", ""Tyrosinemia type III"", ""Medium chain acyl-CoA dehydrogenase deficiency"", ""Biotinidase deficiency"", ""Citrullinemia type I"", ""Hyperphenylalaninemia"", ""Citrullinemia type II"", ""Homocystinuria"", ""Isovaleric acidemia""]",Tyrosinemia type 1,"[""Tyrosinemia type 1"", ""Phenylketonuria"", ""Tyrosinemia type III"", ""Hyperphenylalaninemia"", ""Medium chain acyl-CoA dehydrogenase deficiency"", ""Citrullinemia type II"", ""Biotinidase deficiency"", ""Citrullinemia type I"", ""Methylmalonic acidemia"", ""Glutaric acidemia type I""]",Phenylketonuria,1.0,0.3106436170819219,False,Tyrosinemia type 1,1.0,0.058787740512586506,10,False,True,locked_llm_graph_agreement,4,universal_confidence_stop,[],not_applicable,False,,[],0.0,0.0,1.0,False,0,0,0.6923513844778482,4,False,0.95,4,True,universal_confidence_stop,True,True,True,1,11,True,18039,1326,9,True
rarebench,rarebench:RAMEDIS:213,15,profile_adapter_branching_resolver,Tyrosinemia type 1,Tyrosinemia type 1,"[""Tyrosinemia type 1"", ""Phenylketonuria"", ""Tyrosinemia type III"", ""Medium chain acyl-CoA dehydrogenase deficiency"", ""Biotinidase deficiency"", ""Citrullinemia type I"", ""Hyperphenylalaninemia"", ""Citrullinemia type II"", ""Homocystinuria"", ""Isovaleric acidemia""]",Tyrosinemia type 1,"[""Tyrosinemia type 1"", ""Phenylketonuria"", ""Tyrosinemia type III"", ""Hyperphenylalaninemia"", ""Biotinidase deficiency"", ""Medium chain acyl-CoA dehydrogenase deficiency"", ""Citrullinemia type II"", ""Citrullinemia type I"", ""Methylmalonic acidemia"", ""Glutaric acidemia type I""]",Phenylketonuria,1.0,0.302979129221714,False,Tyrosinemia type 1,1.0,0.058787740512586506,10,False,True,locked_llm_graph_agreement,5,universal_confidence_stop,[],not_applicable,False,,[],0.0,0.0,1.0,False,0,0,0.6934266529349795,4,False,0.95,5,True,universal_confidence_stop,True,True,True,1,11,True,22686,1552,11,True
rarebench,rarebench:LIRICAL:307,5,profile_adapter_branching_resolver,Intellectual developmental disorder with dysmorphic facies and behavioral abnormalities,Aarskog-Scott syndrome,"[""Aarskog-Scott syndrome"", ""TBCK-related intellectual disability syndrome"", ""Larsen syndrome"", ""Smith-Magenis syndrome"", ""Noonan syndrome"", ""Hypomyelinating leukodystrophy"", ""Alagille syndrome"", ""CEDNIK syndrome"", ""Al Kaissi syndrome"", ""Rubinstein-Taybi syndrome""]",Aarskog-Scott syndrome,"[""Aarskog-Scott syndrome"", ""Noonan syndrome"", ""Smith-Magenis syndrome"", ""Alagille syndrome"", ""CEDNIK syndrome"", ""Al Kaissi syndrome"", ""Larsen syndrome"", ""TBCK-related intellectual disability syndrome"", ""Rubinstein-Taybi syndrome"", ""Cornelia de Lange syndrome""]",TBCK-related intellectual disability syndrome,1.0,0.0661862837186854,False,Aarskog-Scott syndrome,1.0,0.08110717734148687,16,False,True,locked_llm_graph_agreement,3,universal_confidence_stop,[],not_applicable,False,,[],0.0,0.0,1.0,False,0,0,0.3574399206093761,3,False,0.85,3,True,universal_confidence_stop,False,False,False,11,11,False,20403,949,7,True
rarebench,rarebench:LIRICAL:307,10,profile_adapter_branching_resolver,Intellectual developmental disorder with dysmorphic facies and behavioral abnormalities,Smith-Magenis syndrome,"[""Smith-Magenis syndrome"", ""TBCK-related intellectual disability syndrome"", ""Neurodevelopmental disorder with or without anomalies of the brain, eye, or heart"", ""Developmental and epileptic encephalopathy 14"", ""Stankiewicz-Isidor syndrome"", ""Cerebral creatine deficiency syndrome"", ""Rett syndrome"", ""Noonan syndrome"", ""Spinocerebellar ataxia, autosomal recessive 20"", ""CEDNIK syndrome""]",Smith-Magenis syndrome,"[""Smith-Magenis syndrome"", ""TBCK-related intellectual disability syndrome"", ""Neurodevelopmental disorder with or without anomalies of the brain, eye, or heart"", ""Rett syndrome"", ""Stankiewicz-Isidor syndrome"", ""Noonan syndrome"", ""Developmental and epileptic encephalopathy 14"", ""Cerebral creatine deficiency syndrome"", ""Rubinstein-Taybi syndrome"", ""Kabuki syndrome""]","Neurodevelopmental disorder with or without anomalies of the brain, eye, or heart",1.0,0.002738379692978743,False,Developmental and epileptic encephalopathy 14,1.0,0.013590203106332077,23,True,True,blocked_weak_graph_override,6,universal_confidence_stop,[],not_applicable,False,,[],0.0,0.0,1.0,True,2,4,0.06816238292202037,5,False,0.85,10,False,budget_exhausted_forced_final,False,False,False,11,11,False,59062,2469,19,True
rarebench,rarebench:LIRICAL:307,15,profile_adapter_branching_resolver,Intellectual developmental disorder with dysmorphic facies and behavioral abnormalities,TBCK-related intellectual disability syndrome,"[""TBCK-related intellectual disability syndrome"", ""Smith-Magenis syndrome"", ""Developmental and epileptic encephalopathy 14"", ""Neurodevelopmental disorder with or without anomalies of the brain, eye, or heart"", ""Stankiewicz-Isidor syndrome"", ""Cerebral creatine deficiency syndrome"", ""Rett syndrome"", ""Noonan syndrome"", ""Spinocerebellar ataxia, autosomal recessive 20"", ""CEDNIK syndrome""]",Smith-Magenis syndrome,"[""Smith-Magenis syndrome"", ""TBCK-related intellectual disability syndrome"", ""Developmental and epileptic encephalopathy 14"", ""Neurodevelopmental disorder with or without anomalies of the brain, eye, or heart"", ""Rett syndrome"", ""Stankiewicz-Isidor syndrome"", ""Noonan syndrome"", ""Cerebral creatine deficiency syndrome"", ""Rubinstein-Taybi syndrome"", ""Kabuki syndrome""]",TBCK-related intellectual disability syndrome,1.0,0.00034262940374074624,False,Developmental and epileptic encephalopathy 14,1.0,0.013590203106332077,23,True,True,blocked_weak_graph_override,6,universal_confidence_stop,[],not_applicable,False,,[],0.0,0.0,1.0,True,2,4,0.37941399181755386,5,True,0.85,10,True,universal_confidence_stop,False,False,False,11,11,False,59213,2554,19,True
