budget,num_cases,source_accuracy,refined_state_accuracy,mean_refined_margin,accuracy_gain
1,10,0.3,0.2,1.0462819249032642,-0.09999999999999998
3,10,0.2,0.4,1.2137221837169534,0.2
5,10,0.1,0.5,1.679326229168181,0.4
8,10,0.2,0.6,1.756238396625821,0.39999999999999997
