case_id,dataset_name,initial_patient_info,hidden_full_profile,ground_truth_diagnosis,candidate_disease_list,metadata
test:100196,ddxplus,"Age: 24
Sex: F
Initial finding: Do you have a cough? Answer: yes.","Age: 24.
Sex: F.
Known patient findings from the hidden profile:
- Do you have chronic pancreatitis? Answer: yes.
- Have you had diarrhea or an increase in stool frequency? Answer: yes.
- Do you have pain somewhere, related to your reason for consulting? Answer: yes.
- Characterize your pain: Answer: sensitive.
- Characterize your pain: Answer: a cramp.
- Do you feel pain somewhere? Answer: belly.
- Do you feel pain somewhere? Answer: epigastric.
- How intense is the pain? Answer: 6.
- Does the pain radiate to another location? Answer: thoracic spine.
- How precisely is the pain located? Answer: 0.
- How fast did the pain appear? Answer: 2.
- Do you have diabetes? Answer: yes.
- Are you significantly overweight compared to people of the same height as you? Answer: yes.
- Do you smoke cigarettes? Answer: yes.
- Do you constantly feel fatigued or do you have non-restful sleep? Answer: yes.
- Do you have any lesions, redness or problems on your skin that you believe are related to the condition you are consulting for? Answer: yes.
- What color is the rash? Answer: yellow.
- Do your lesions peel off? Answer: N.
- Is the rash swollen? Answer: 3.
- Where is the affected region located? Answer: epigastric.
- How intense is the pain caused by the rash? Answer: 1.
- Is the lesion (or are the lesions) larger than 1cm? Answer: Y.
- How severe is the itching? Answer: 0.
- Are you feeling nauseous or do you feel like vomiting? Answer: yes.
- Do you have pale stools and dark urine? Answer: yes.
- Do you have a cough? Answer: yes.
- Have you traveled out of the country in the last 4 weeks? Answer: N.",Pancreatic neoplasm,"[""Acute COPD exacerbation / infection"", ""Acute dystonic reactions"", ""Acute laryngitis"", ""Acute otitis media"", ""Acute pulmonary edema"", ""Acute rhinosinusitis"", ""Allergic sinusitis"", ""Anaphylaxis"", ""Anemia"", ""Atrial fibrillation"", ""Boerhaave"", ""Bronchiectasis"", ""Bronchiolitis"", ""Bronchitis"", ""Bronchospasm / acute asthma exacerbation"", ""Chagas"", ""Chronic rhinosinusitis"", ""Cluster headache"", ""Croup"", ""Ebola"", ""Epiglottitis"", ""GERD"", ""Guillain-Barr\u00e9 syndrome"", ""HIV (initial infection)"", ""Influenza"", ""Inguinal hernia"", ""Larygospasm"", ""Localized edema"", ""Myasthenia gravis"", ""Myocarditis"", ""PSVT"", ""Pancreatic neoplasm"", ""Panic attack"", ""Pericarditis"", ""Pneumonia"", ""Possible NSTEMI / STEMI"", ""Pulmonary embolism"", ""Pulmonary neoplasm"", ""SLE"", ""Sarcoidosis"", ""Scombroid food poisoning"", ""Spontaneous pneumothorax"", ""Spontaneous rib fracture"", ""Stable angina"", ""Tuberculosis"", ""URTI"", ""Unstable angina"", ""Viral pharyngitis"", ""Whooping cough""]","{""age"": 24, ""sex"": ""F"", ""official_differential"": [""Pancreatic neoplasm"", ""GERD"", ""Boerhaave"", ""Scombroid food poisoning"", ""Bronchitis"", ""Possible NSTEMI / STEMI"", ""Anemia"", ""Unstable angina""], ""initial_evidence"": ""E_201"", ""source"": ""ddxplus_structured_to_profile_v1""}"
test:117980,ddxplus,"Age: 65
Sex: F
Initial finding: Do you have a cough? Answer: yes.","Age: 65.
Sex: F.
Known patient findings from the hidden profile:
- Have you been in contact with a person with similar symptoms in the past 2 weeks? Answer: yes.
- Do you live with 4 or more people? Answer: yes.
- Do you have pain somewhere, related to your reason for consulting? Answer: yes.
- Characterize your pain: Answer: sensitive.
- Characterize your pain: Answer: burning.
- Do you feel pain somewhere? Answer: tonsil(R).
- Do you feel pain somewhere? Answer: tonsil(L).
- Do you feel pain somewhere? Answer: thyroid cartilage.
- Do you feel pain somewhere? Answer: palace.
- Do you feel pain somewhere? Answer: pharynx.
- How intense is the pain? Answer: 9.
- Does the pain radiate to another location? Answer: nowhere.
- How precisely is the pain located? Answer: 8.
- How fast did the pain appear? Answer: 3.
- Do you smoke cigarettes? Answer: yes.
- Do you have a cough? Answer: yes.
- Have you traveled out of the country in the last 4 weeks? Answer: N.
- Are you immunosuppressed? Answer: yes.",Viral pharyngitis,"[""Acute COPD exacerbation / infection"", ""Acute dystonic reactions"", ""Acute laryngitis"", ""Acute otitis media"", ""Acute pulmonary edema"", ""Acute rhinosinusitis"", ""Allergic sinusitis"", ""Anaphylaxis"", ""Anemia"", ""Atrial fibrillation"", ""Boerhaave"", ""Bronchiectasis"", ""Bronchiolitis"", ""Bronchitis"", ""Bronchospasm / acute asthma exacerbation"", ""Chagas"", ""Chronic rhinosinusitis"", ""Cluster headache"", ""Croup"", ""Ebola"", ""Epiglottitis"", ""GERD"", ""Guillain-Barr\u00e9 syndrome"", ""HIV (initial infection)"", ""Influenza"", ""Inguinal hernia"", ""Larygospasm"", ""Localized edema"", ""Myasthenia gravis"", ""Myocarditis"", ""PSVT"", ""Pancreatic neoplasm"", ""Panic attack"", ""Pericarditis"", ""Pneumonia"", ""Possible NSTEMI / STEMI"", ""Pulmonary embolism"", ""Pulmonary neoplasm"", ""SLE"", ""Sarcoidosis"", ""Scombroid food poisoning"", ""Spontaneous pneumothorax"", ""Spontaneous rib fracture"", ""Stable angina"", ""Tuberculosis"", ""URTI"", ""Unstable angina"", ""Viral pharyngitis"", ""Whooping cough""]","{""age"": 65, ""sex"": ""F"", ""official_differential"": [""Bronchitis"", ""Viral pharyngitis"", ""Possible NSTEMI / STEMI"", ""Unstable angina"", ""Stable angina""], ""initial_evidence"": ""E_201"", ""source"": ""ddxplus_structured_to_profile_v1""}"
test:12248,ddxplus,"Age: 28
Sex: F
Initial finding: Do you feel your heart is beating fast (racing), irregularly (missing a beat) or do you feel palpitations? Answer: yes.","Age: 28.
Sex: F.
Known patient findings from the hidden profile:
- Do you feel anxious? Answer: yes.
- Do any members of your immediate family have a psychiatric illness? Answer: yes.
- Do you have pain somewhere, related to your reason for consulting? Answer: yes.
- Characterize your pain: Answer: a cramp.
- Do you feel pain somewhere? Answer: side of the chest(R).
- Do you feel pain somewhere? Answer: side of the chest(L).
- Do you feel pain somewhere? Answer: flank(R).
- Do you feel pain somewhere? Answer: flank(L).
- Do you feel pain somewhere? Answer: belly.
- How intense is the pain? Answer: 2.
- Does the pain radiate to another location? Answer: nowhere.
- How precisely is the pain located? Answer: 6.
- How fast did the pain appear? Answer: 7.
- Have you ever been diagnosed with depression? Answer: yes.
- Do you suffer from chronic anxiety? Answer: yes.
- Do you feel lightheaded and dizzy or do you feel like you are about to faint? Answer: yes.
- Do you have asthma or have you ever had to use a bronchodilator in the past? Answer: yes.
- Do you suffer from fibromyalgia? Answer: yes.
- Do you feel your heart is beating fast (racing), irregularly (missing a beat) or do you feel palpitations? Answer: yes.
- Do you feel like you are detached from your own body or your surroundings? Answer: yes.
- Have you traveled out of the country in the last 4 weeks? Answer: N.",Panic attack,"[""Acute COPD exacerbation / infection"", ""Acute dystonic reactions"", ""Acute laryngitis"", ""Acute otitis media"", ""Acute pulmonary edema"", ""Acute rhinosinusitis"", ""Allergic sinusitis"", ""Anaphylaxis"", ""Anemia"", ""Atrial fibrillation"", ""Boerhaave"", ""Bronchiectasis"", ""Bronchiolitis"", ""Bronchitis"", ""Bronchospasm / acute asthma exacerbation"", ""Chagas"", ""Chronic rhinosinusitis"", ""Cluster headache"", ""Croup"", ""Ebola"", ""Epiglottitis"", ""GERD"", ""Guillain-Barr\u00e9 syndrome"", ""HIV (initial infection)"", ""Influenza"", ""Inguinal hernia"", ""Larygospasm"", ""Localized edema"", ""Myasthenia gravis"", ""Myocarditis"", ""PSVT"", ""Pancreatic neoplasm"", ""Panic attack"", ""Pericarditis"", ""Pneumonia"", ""Possible NSTEMI / STEMI"", ""Pulmonary embolism"", ""Pulmonary neoplasm"", ""SLE"", ""Sarcoidosis"", ""Scombroid food poisoning"", ""Spontaneous pneumothorax"", ""Spontaneous rib fracture"", ""Stable angina"", ""Tuberculosis"", ""URTI"", ""Unstable angina"", ""Viral pharyngitis"", ""Whooping cough""]","{""age"": 28, ""sex"": ""F"", ""official_differential"": [""PSVT"", ""Panic attack"", ""Anaphylaxis"", ""Possible NSTEMI / STEMI"", ""GERD"", ""Unstable angina"", ""Anemia"", ""Scombroid food poisoning"", ""Pancreatic neoplasm"", ""Stable angina""], ""initial_evidence"": ""E_155"", ""source"": ""ddxplus_structured_to_profile_v1""}"
test:126130,ddxplus,"Age: 40
Sex: F
Initial finding: Do you have pain somewhere, related to your reason for consulting? Answer: yes.","Age: 40.
Sex: F.
Known patient findings from the hidden profile:
- Do you have pain somewhere, related to your reason for consulting? Answer: yes.
- Characterize your pain: Answer: sensitive.
- Characterize your pain: Answer: burning.
- Do you feel pain somewhere? Answer: lower chest.
- Do you feel pain somewhere? Answer: side of the chest(R).
- Do you feel pain somewhere? Answer: side of the chest(L).
- Do you feel pain somewhere? Answer: breast(R).
- Do you feel pain somewhere? Answer: posterior chest wall(R).
- How intense is the pain? Answer: 1.
- Does the pain radiate to another location? Answer: nowhere.
- How precisely is the pain located? Answer: 4.
- How fast did the pain appear? Answer: 0.
- Are you experiencing shortness of breath or difficulty breathing in a significant way? Answer: yes.
- Do you have a cough that produces colored or more abundant sputum than usual? Answer: yes.
- Do you smoke cigarettes? Answer: yes.
- Do you have a fever (either felt or measured with a thermometer)? Answer: yes.
- Have you traveled out of the country in the last 4 weeks? Answer: N.
- Are your symptoms more prominent at night? Answer: yes.",Bronchitis,"[""Acute COPD exacerbation / infection"", ""Acute dystonic reactions"", ""Acute laryngitis"", ""Acute otitis media"", ""Acute pulmonary edema"", ""Acute rhinosinusitis"", ""Allergic sinusitis"", ""Anaphylaxis"", ""Anemia"", ""Atrial fibrillation"", ""Boerhaave"", ""Bronchiectasis"", ""Bronchiolitis"", ""Bronchitis"", ""Bronchospasm / acute asthma exacerbation"", ""Chagas"", ""Chronic rhinosinusitis"", ""Cluster headache"", ""Croup"", ""Ebola"", ""Epiglottitis"", ""GERD"", ""Guillain-Barr\u00e9 syndrome"", ""HIV (initial infection)"", ""Influenza"", ""Inguinal hernia"", ""Larygospasm"", ""Localized edema"", ""Myasthenia gravis"", ""Myocarditis"", ""PSVT"", ""Pancreatic neoplasm"", ""Panic attack"", ""Pericarditis"", ""Pneumonia"", ""Possible NSTEMI / STEMI"", ""Pulmonary embolism"", ""Pulmonary neoplasm"", ""SLE"", ""Sarcoidosis"", ""Scombroid food poisoning"", ""Spontaneous pneumothorax"", ""Spontaneous rib fracture"", ""Stable angina"", ""Tuberculosis"", ""URTI"", ""Unstable angina"", ""Viral pharyngitis"", ""Whooping cough""]","{""age"": 40, ""sex"": ""F"", ""official_differential"": [""Pneumonia"", ""Bronchitis"", ""Pulmonary neoplasm"", ""Bronchiectasis"", ""Panic attack"", ""Acute COPD exacerbation / infection"", ""Possible NSTEMI / STEMI"", ""GERD"", ""Tuberculosis"", ""Unstable angina""], ""initial_evidence"": ""E_53"", ""source"": ""ddxplus_structured_to_profile_v1""}"
test:13043,ddxplus,"Age: 55
Sex: F
Initial finding: Have you been in contact with or ate something that you have an allergy to? Answer: yes.","Age: 55.
Sex: F.
Known patient findings from the hidden profile:
- Do you have a known severe food allergy? Answer: yes.
- Have you been in contact with or ate something that you have an allergy to? Answer: yes.
- Have you had diarrhea or an increase in stool frequency? Answer: yes.
- Do you have pain somewhere, related to your reason for consulting? Answer: yes.
- Characterize your pain: Answer: a cramp.
- Characterize your pain: Answer: sharp.
- Do you feel pain somewhere? Answer: flank(L).
- Do you feel pain somewhere? Answer: hypochondrium(R).
- Do you feel pain somewhere? Answer: hypochondrium(L).
- Do you feel pain somewhere? Answer: pubis.
- How intense is the pain? Answer: 7.
- Does the pain radiate to another location? Answer: nowhere.
- How precisely is the pain located? Answer: 3.
- How fast did the pain appear? Answer: 6.
- Are you experiencing shortness of breath or difficulty breathing in a significant way? Answer: yes.
- Do you have any lesions, redness or problems on your skin that you believe are related to the condition you are consulting for? Answer: yes.
- What color is the rash? Answer: pink.
- Do your lesions peel off? Answer: N.
- Is the rash swollen? Answer: 1.
- Where is the affected region located? Answer: back of the neck.
- Where is the affected region located? Answer: biceps(L).
- Where is the affected region located? Answer: thyroid cartilage.
- Where is the affected region located? Answer: ankle(R).
- Where is the affected region located? Answer: ankle(L).
- How intense is the pain caused by the rash? Answer: 0.
- Is the lesion (or are the lesions) larger than 1cm? Answer: Y.
- How severe is the itching? Answer: 8.
- Do you have swelling in one or more areas of your body? Answer: yes.
- Where is the swelling located? Answer: forehead.
- Where is the swelling located? Answer: cheek(R).
- Where is the swelling located? Answer: cheek(L).
- Where is the swelling located? Answer: nose.
- Did you lose consciousness? Answer: yes.
- Have you traveled out of the country in the last 4 weeks? Answer: N.
- Are you more likely to develop common allergies than the general population? Answer: yes.",Anaphylaxis,"[""Acute COPD exacerbation / infection"", ""Acute dystonic reactions"", ""Acute laryngitis"", ""Acute otitis media"", ""Acute pulmonary edema"", ""Acute rhinosinusitis"", ""Allergic sinusitis"", ""Anaphylaxis"", ""Anemia"", ""Atrial fibrillation"", ""Boerhaave"", ""Bronchiectasis"", ""Bronchiolitis"", ""Bronchitis"", ""Bronchospasm / acute asthma exacerbation"", ""Chagas"", ""Chronic rhinosinusitis"", ""Cluster headache"", ""Croup"", ""Ebola"", ""Epiglottitis"", ""GERD"", ""Guillain-Barr\u00e9 syndrome"", ""HIV (initial infection)"", ""Influenza"", ""Inguinal hernia"", ""Larygospasm"", ""Localized edema"", ""Myasthenia gravis"", ""Myocarditis"", ""PSVT"", ""Pancreatic neoplasm"", ""Panic attack"", ""Pericarditis"", ""Pneumonia"", ""Possible NSTEMI / STEMI"", ""Pulmonary embolism"", ""Pulmonary neoplasm"", ""SLE"", ""Sarcoidosis"", ""Scombroid food poisoning"", ""Spontaneous pneumothorax"", ""Spontaneous rib fracture"", ""Stable angina"", ""Tuberculosis"", ""URTI"", ""Unstable angina"", ""Viral pharyngitis"", ""Whooping cough""]","{""age"": 55, ""sex"": ""F"", ""official_differential"": [""Anaphylaxis"", ""Acute pulmonary edema"", ""Pulmonary embolism"", ""Pancreatic neoplasm"", ""Guillain-Barr\u00e9 syndrome"", ""Atrial fibrillation"", ""Myocarditis"", ""Chagas"", ""Acute dystonic reactions"", ""Myasthenia gravis""], ""initial_evidence"": ""E_42"", ""source"": ""ddxplus_structured_to_profile_v1""}"
test:15022,ddxplus,"Age: 39
Sex: F
Initial finding: Do you have pain somewhere, related to your reason for consulting? Answer: yes.","Age: 39.
Sex: F.
Known patient findings from the hidden profile:
- Do you have swollen or painful lymph nodes? Answer: yes.
- Have you ever had a sexually transmitted infection? Answer: yes.
- Have you had significantly increased sweating? Answer: yes.
- Have you had diarrhea or an increase in stool frequency? Answer: yes.
- Do you have pain somewhere, related to your reason for consulting? Answer: yes.
- Characterize your pain: Answer: tedious.
- Characterize your pain: Answer: sensitive.
- Characterize your pain: Answer: exhausting.
- Do you feel pain somewhere? Answer: back of the neck.
- Do you feel pain somewhere? Answer: top of the head.
- Do you feel pain somewhere? Answer: forehead.
- Do you feel pain somewhere? Answer: temple(R).
- Do you feel pain somewhere? Answer: temple(L).
- How intense is the pain? Answer: 2.
- Does the pain radiate to another location? Answer: nowhere.
- How precisely is the pain located? Answer: 4.
- How fast did the pain appear? Answer: 1.
- Do you feel so tired that you are unable to do your usual activities or are you stuck in your bed all day long? Answer: yes.
- Do you have a fever (either felt or measured with a thermometer)? Answer: yes.
- Do you have a sore throat? Answer: yes.
- Have you had unprotected sex with more than one partner in the last 6 months? Answer: yes.
- Do you have any lesions, redness or problems on your skin that you believe are related to the condition you are consulting for? Answer: yes.
- What color is the rash? Answer: pale.
- Do your lesions peel off? Answer: N.
- Is the rash swollen? Answer: 0.
- Where is the affected region located? Answer: labia majora(L).
- Where is the affected region located? Answer: internal cheek(R).
- Where is the affected region located? Answer: bottom lip(R).
- Where is the affected region located? Answer: upper lip(R).
- Where is the affected region located? Answer: palace.
- How intense is the pain caused by the rash? Answer: 4.
- Is the lesion (or are the lesions) larger than 1cm? Answer: Y.
- How severe is the itching? Answer: 0.
- Do you have diffuse (widespread) muscle pain? Answer: yes.
- Are you feeling nauseous or do you feel like vomiting? Answer: yes.
- Have you had sexual intercourse with an HIV-positive partner in the past 12 months? Answer: yes.
- Have you traveled out of the country in the last 4 weeks? Answer: N.",HIV (initial infection),"[""Acute COPD exacerbation / infection"", ""Acute dystonic reactions"", ""Acute laryngitis"", ""Acute otitis media"", ""Acute pulmonary edema"", ""Acute rhinosinusitis"", ""Allergic sinusitis"", ""Anaphylaxis"", ""Anemia"", ""Atrial fibrillation"", ""Boerhaave"", ""Bronchiectasis"", ""Bronchiolitis"", ""Bronchitis"", ""Bronchospasm / acute asthma exacerbation"", ""Chagas"", ""Chronic rhinosinusitis"", ""Cluster headache"", ""Croup"", ""Ebola"", ""Epiglottitis"", ""GERD"", ""Guillain-Barr\u00e9 syndrome"", ""HIV (initial infection)"", ""Influenza"", ""Inguinal hernia"", ""Larygospasm"", ""Localized edema"", ""Myasthenia gravis"", ""Myocarditis"", ""PSVT"", ""Pancreatic neoplasm"", ""Panic attack"", ""Pericarditis"", ""Pneumonia"", ""Possible NSTEMI / STEMI"", ""Pulmonary embolism"", ""Pulmonary neoplasm"", ""SLE"", ""Sarcoidosis"", ""Scombroid food poisoning"", ""Spontaneous pneumothorax"", ""Spontaneous rib fracture"", ""Stable angina"", ""Tuberculosis"", ""URTI"", ""Unstable angina"", ""Viral pharyngitis"", ""Whooping cough""]","{""age"": 39, ""sex"": ""F"", ""official_differential"": [""HIV (initial infection)"", ""Influenza"", ""Chagas"", ""Anemia"", ""Scombroid food poisoning"", ""Sarcoidosis""], ""initial_evidence"": ""E_53"", ""source"": ""ddxplus_structured_to_profile_v1""}"
test:18312,ddxplus,"Age: 0
Sex: F
Initial finding: Have you had significantly increased sweating? Answer: yes.","Age: 0.
Sex: F.
Known patient findings from the hidden profile:
- Have you had significantly increased sweating? Answer: yes.
- Do you have pain somewhere, related to your reason for consulting? Answer: yes.
- Characterize your pain: Answer: sensitive.
- Characterize your pain: Answer: heavy.
- Characterize your pain: Answer: exhausting.
- Do you feel pain somewhere? Answer: back of the neck.
- Do you feel pain somewhere? Answer: side of the neck(R).
- Do you feel pain somewhere? Answer: side of the neck(L).
- Do you feel pain somewhere? Answer: top of the head.
- Do you feel pain somewhere? Answer: occiput.
- How intense is the pain? Answer: 6.
- Does the pain radiate to another location? Answer: nowhere.
- How precisely is the pain located? Answer: 6.
- How fast did the pain appear? Answer: 2.
- Do you smoke cigarettes? Answer: yes.
- Do you feel so tired that you are unable to do your usual activities or are you stuck in your bed all day long? Answer: yes.
- Do you have a fever (either felt or measured with a thermometer)? Answer: yes.
- Do you have a sore throat? Answer: yes.
- What color is the rash? Answer: NA.
- Do your lesions peel off? Answer: N.
- Is the rash swollen? Answer: 0.
- Where is the affected region located? Answer: nowhere.
- How intense is the pain caused by the rash? Answer: 0.
- Is the lesion (or are the lesions) larger than 1cm? Answer: N.
- How severe is the itching? Answer: 0.
- Do you have diffuse (widespread) muscle pain? Answer: yes.
- Have you recently had a loss of appetite or do you get full more quickly then usually? Answer: yes.
- Do you have a cough? Answer: yes.
- Have you traveled out of the country in the last 4 weeks? Answer: N.
- Are you immunosuppressed? Answer: yes.",Influenza,"[""Acute COPD exacerbation / infection"", ""Acute dystonic reactions"", ""Acute laryngitis"", ""Acute otitis media"", ""Acute pulmonary edema"", ""Acute rhinosinusitis"", ""Allergic sinusitis"", ""Anaphylaxis"", ""Anemia"", ""Atrial fibrillation"", ""Boerhaave"", ""Bronchiectasis"", ""Bronchiolitis"", ""Bronchitis"", ""Bronchospasm / acute asthma exacerbation"", ""Chagas"", ""Chronic rhinosinusitis"", ""Cluster headache"", ""Croup"", ""Ebola"", ""Epiglottitis"", ""GERD"", ""Guillain-Barr\u00e9 syndrome"", ""HIV (initial infection)"", ""Influenza"", ""Inguinal hernia"", ""Larygospasm"", ""Localized edema"", ""Myasthenia gravis"", ""Myocarditis"", ""PSVT"", ""Pancreatic neoplasm"", ""Panic attack"", ""Pericarditis"", ""Pneumonia"", ""Possible NSTEMI / STEMI"", ""Pulmonary embolism"", ""Pulmonary neoplasm"", ""SLE"", ""Sarcoidosis"", ""Scombroid food poisoning"", ""Spontaneous pneumothorax"", ""Spontaneous rib fracture"", ""Stable angina"", ""Tuberculosis"", ""URTI"", ""Unstable angina"", ""Viral pharyngitis"", ""Whooping cough""]","{""age"": 0, ""sex"": ""F"", ""official_differential"": [""Influenza"", ""Pneumonia"", ""URTI"", ""HIV (initial infection)"", ""Bronchitis"", ""Acute otitis media"", ""Chagas"", ""Tuberculosis"", ""Anemia""], ""initial_evidence"": ""E_50"", ""source"": ""ddxplus_structured_to_profile_v1""}"
test:20785,ddxplus,"Age: 61
Sex: M
Initial finding: Do you have pain somewhere, related to your reason for consulting? Answer: yes.","Age: 61.
Sex: M.
Known patient findings from the hidden profile:
- Have you been in contact with a person with similar symptoms in the past 2 weeks? Answer: yes.
- Do you attend or work in a daycare? Answer: yes.
- Do you have pain somewhere, related to your reason for consulting? Answer: yes.
- Characterize your pain: Answer: sensitive.
- Characterize your pain: Answer: burning.
- Do you feel pain somewhere? Answer: tonsil(R).
- Do you feel pain somewhere? Answer: tonsil(L).
- Do you feel pain somewhere? Answer: palace.
- Do you feel pain somewhere? Answer: pharynx.
- Do you feel pain somewhere? Answer: under the jaw.
- How intense is the pain? Answer: 5.
- Does the pain radiate to another location? Answer: nowhere.
- How precisely is the pain located? Answer: 9.
- How fast did the pain appear? Answer: 1.
- Do you have nasal congestion or a clear runny nose? Answer: yes.
- Do you have a cough? Answer: yes.
- Have you traveled out of the country in the last 4 weeks? Answer: N.",Viral pharyngitis,"[""Acute COPD exacerbation / infection"", ""Acute dystonic reactions"", ""Acute laryngitis"", ""Acute otitis media"", ""Acute pulmonary edema"", ""Acute rhinosinusitis"", ""Allergic sinusitis"", ""Anaphylaxis"", ""Anemia"", ""Atrial fibrillation"", ""Boerhaave"", ""Bronchiectasis"", ""Bronchiolitis"", ""Bronchitis"", ""Bronchospasm / acute asthma exacerbation"", ""Chagas"", ""Chronic rhinosinusitis"", ""Cluster headache"", ""Croup"", ""Ebola"", ""Epiglottitis"", ""GERD"", ""Guillain-Barr\u00e9 syndrome"", ""HIV (initial infection)"", ""Influenza"", ""Inguinal hernia"", ""Larygospasm"", ""Localized edema"", ""Myasthenia gravis"", ""Myocarditis"", ""PSVT"", ""Pancreatic neoplasm"", ""Panic attack"", ""Pericarditis"", ""Pneumonia"", ""Possible NSTEMI / STEMI"", ""Pulmonary embolism"", ""Pulmonary neoplasm"", ""SLE"", ""Sarcoidosis"", ""Scombroid food poisoning"", ""Spontaneous pneumothorax"", ""Spontaneous rib fracture"", ""Stable angina"", ""Tuberculosis"", ""URTI"", ""Unstable angina"", ""Viral pharyngitis"", ""Whooping cough""]","{""age"": 61, ""sex"": ""M"", ""official_differential"": [""Viral pharyngitis"", ""Bronchitis"", ""Acute laryngitis"", ""URTI"", ""Possible NSTEMI / STEMI"", ""Unstable angina"", ""Stable angina""], ""initial_evidence"": ""E_53"", ""source"": ""ddxplus_structured_to_profile_v1""}"
test:21703,ddxplus,"Age: 6
Sex: M
Initial finding: Do you have greenish or yellowish nasal discharge? Answer: yes.","Age: 6.
Sex: M.
Known patient findings from the hidden profile:
- Do you have pain somewhere, related to your reason for consulting? Answer: yes.
- Characterize your pain: Answer: burning.
- Characterize your pain: Answer: sharp.
- Do you feel pain somewhere? Answer: forehead.
- Do you feel pain somewhere? Answer: cheek(R).
- Do you feel pain somewhere? Answer: cheek(L).
- Do you feel pain somewhere? Answer: eye(L).
- How intense is the pain? Answer: 4.
- Does the pain radiate to another location? Answer: back of head.
- Does the pain radiate to another location? Answer: forehead.
- Does the pain radiate to another location? Answer: nose.
- Does the pain radiate to another location? Answer: temple(L).
- How precisely is the pain located? Answer: 3.
- How fast did the pain appear? Answer: 0.
- Do you smoke cigarettes? Answer: yes.
- Have you lost your sense of smell? Answer: yes.
- Have you had a cold in the last 2 weeks? Answer: yes.
- Have you ever had pneumonia? Answer: yes.
- Do you have polyps in your nose? Answer: yes.
- Do you have a deviated nasal septum? Answer: yes.
- Do you have asthma or have you ever had to use a bronchodilator in the past? Answer: yes.
- Do you have greenish or yellowish nasal discharge? Answer: yes.
- Do you have a cough? Answer: yes.
- Have you traveled out of the country in the last 4 weeks? Answer: N.
- Are you more likely to develop common allergies than the general population? Answer: yes.",Acute rhinosinusitis,"[""Acute COPD exacerbation / infection"", ""Acute dystonic reactions"", ""Acute laryngitis"", ""Acute otitis media"", ""Acute pulmonary edema"", ""Acute rhinosinusitis"", ""Allergic sinusitis"", ""Anaphylaxis"", ""Anemia"", ""Atrial fibrillation"", ""Boerhaave"", ""Bronchiectasis"", ""Bronchiolitis"", ""Bronchitis"", ""Bronchospasm / acute asthma exacerbation"", ""Chagas"", ""Chronic rhinosinusitis"", ""Cluster headache"", ""Croup"", ""Ebola"", ""Epiglottitis"", ""GERD"", ""Guillain-Barr\u00e9 syndrome"", ""HIV (initial infection)"", ""Influenza"", ""Inguinal hernia"", ""Larygospasm"", ""Localized edema"", ""Myasthenia gravis"", ""Myocarditis"", ""PSVT"", ""Pancreatic neoplasm"", ""Panic attack"", ""Pericarditis"", ""Pneumonia"", ""Possible NSTEMI / STEMI"", ""Pulmonary embolism"", ""Pulmonary neoplasm"", ""SLE"", ""Sarcoidosis"", ""Scombroid food poisoning"", ""Spontaneous pneumothorax"", ""Spontaneous rib fracture"", ""Stable angina"", ""Tuberculosis"", ""URTI"", ""Unstable angina"", ""Viral pharyngitis"", ""Whooping cough""]","{""age"": 6, ""sex"": ""M"", ""official_differential"": [""Chronic rhinosinusitis"", ""Acute rhinosinusitis"", ""Bronchitis"", ""Pneumonia"", ""Chagas"", ""Anemia""], ""initial_evidence"": ""E_182"", ""source"": ""ddxplus_structured_to_profile_v1""}"
test:44092,ddxplus,"Age: 44
Sex: F
Initial finding: Are your symptoms worse when lying down and alleviated while sitting up? Answer: yes.","Age: 44.
Sex: F.
Known patient findings from the hidden profile:
- Have you ever had fluid in your lungs? Answer: yes.
- Do you currently undergo dialysis? Answer: yes.
- Have you had significantly increased sweating? Answer: yes.
- Do you have pain somewhere, related to your reason for consulting? Answer: yes.
- Characterize your pain: Answer: sensitive.
- Characterize your pain: Answer: tugging.
- Characterize your pain: Answer: heavy.
- Do you feel pain somewhere? Answer: lower chest.
- Do you feel pain somewhere? Answer: ankle(R).
- Do you feel pain somewhere? Answer: side of the chest(L).
- Do you feel pain somewhere? Answer: calf(R).
- Do you feel pain somewhere? Answer: posterior chest wall(R).
- How intense is the pain? Answer: 7.
- Does the pain radiate to another location? Answer: biceps(L).
- Does the pain radiate to another location? Answer: chin.
- Does the pain radiate to another location? Answer: jaw.
- Does the pain radiate to another location? Answer: triceps(R).
- How precisely is the pain located? Answer: 8.
- How fast did the pain appear? Answer: 1.
- Are you experiencing shortness of breath or difficulty breathing in a significant way? Answer: yes.
- Do you have bouts of choking or shortness of breath that wake you up at night? Answer: yes.
- Do you have high blood pressure or do you take medications to treat high blood pressure? Answer: yes.
- Have you ever had a heart attack or do you have angina (chest pain)? Answer: yes.
- Do you have heart failure? Answer: yes.
- Do you have swelling in one or more areas of your body? Answer: yes.
- Where is the swelling located? Answer: ankle(R).
- Where is the swelling located? Answer: ankle(L).
- Where is the swelling located? Answer: calf(L).
- Where is the swelling located? Answer: tibia(R).
- Where is the swelling located? Answer: tibia(L).
- Have you noticed any new fatigue, generalized and vague discomfort, diffuse (widespread) muscle aches or a change in your general well-being related to your consultation today? Answer: yes.
- Have you traveled out of the country in the last 4 weeks? Answer: N.
- Are your symptoms worse when lying down and alleviated while sitting up? Answer: yes.
- Do you have symptoms that are increased with physical exertion but alleviated with rest? Answer: yes.",Acute pulmonary edema,"[""Acute COPD exacerbation / infection"", ""Acute dystonic reactions"", ""Acute laryngitis"", ""Acute otitis media"", ""Acute pulmonary edema"", ""Acute rhinosinusitis"", ""Allergic sinusitis"", ""Anaphylaxis"", ""Anemia"", ""Atrial fibrillation"", ""Boerhaave"", ""Bronchiectasis"", ""Bronchiolitis"", ""Bronchitis"", ""Bronchospasm / acute asthma exacerbation"", ""Chagas"", ""Chronic rhinosinusitis"", ""Cluster headache"", ""Croup"", ""Ebola"", ""Epiglottitis"", ""GERD"", ""Guillain-Barr\u00e9 syndrome"", ""HIV (initial infection)"", ""Influenza"", ""Inguinal hernia"", ""Larygospasm"", ""Localized edema"", ""Myasthenia gravis"", ""Myocarditis"", ""PSVT"", ""Pancreatic neoplasm"", ""Panic attack"", ""Pericarditis"", ""Pneumonia"", ""Possible NSTEMI / STEMI"", ""Pulmonary embolism"", ""Pulmonary neoplasm"", ""SLE"", ""Sarcoidosis"", ""Scombroid food poisoning"", ""Spontaneous pneumothorax"", ""Spontaneous rib fracture"", ""Stable angina"", ""Tuberculosis"", ""URTI"", ""Unstable angina"", ""Viral pharyngitis"", ""Whooping cough""]","{""age"": 44, ""sex"": ""F"", ""official_differential"": [""Acute pulmonary edema"", ""Unstable angina"", ""Pulmonary embolism"", ""Pericarditis"", ""Possible NSTEMI / STEMI"", ""Myocarditis"", ""Panic attack"", ""Stable angina"", ""SLE"", ""Anaphylaxis""], ""initial_evidence"": ""E_217"", ""source"": ""ddxplus_structured_to_profile_v1""}"
test:51518,ddxplus,"Age: 33
Sex: F
Initial finding: Have you had significantly increased sweating? Answer: yes.","Age: 33.
Sex: F.
Known patient findings from the hidden profile:
- Have you ever had fluid in your lungs? Answer: yes.
- Do you currently undergo dialysis? Answer: yes.
- Have you had significantly increased sweating? Answer: yes.
- Do you have pain somewhere, related to your reason for consulting? Answer: yes.
- Characterize your pain: Answer: tedious.
- Characterize your pain: Answer: heavy.
- Do you feel pain somewhere? Answer: lower chest.
- Do you feel pain somewhere? Answer: side of the chest(L).
- Do you feel pain somewhere? Answer: breast(R).
- Do you feel pain somewhere? Answer: posterior chest wall(R).
- Do you feel pain somewhere? Answer: posterior chest wall(L).
- How intense is the pain? Answer: 5.
- Does the pain radiate to another location? Answer: biceps(R).
- Does the pain radiate to another location? Answer: chin.
- Does the pain radiate to another location? Answer: jaw.
- Does the pain radiate to another location? Answer: shoulder(R).
- Does the pain radiate to another location? Answer: shoulder(L).
- How precisely is the pain located? Answer: 5.
- How fast did the pain appear? Answer: 8.
- Are you experiencing shortness of breath or difficulty breathing in a significant way? Answer: yes.
- Do you have bouts of choking or shortness of breath that wake you up at night? Answer: yes.
- Have you ever had a heart attack or do you have angina (chest pain)? Answer: yes.
- Do you have heart failure? Answer: yes.
- Do you have swelling in one or more areas of your body? Answer: yes.
- Where is the swelling located? Answer: ankle(L).
- Where is the swelling located? Answer: calf(R).
- Where is the swelling located? Answer: calf(L).
- Where is the swelling located? Answer: tibia(R).
- Have you traveled out of the country in the last 4 weeks? Answer: N.
- Are your symptoms worse when lying down and alleviated while sitting up? Answer: yes.
- Do you have symptoms that are increased with physical exertion but alleviated with rest? Answer: yes.",Acute pulmonary edema,"[""Acute COPD exacerbation / infection"", ""Acute dystonic reactions"", ""Acute laryngitis"", ""Acute otitis media"", ""Acute pulmonary edema"", ""Acute rhinosinusitis"", ""Allergic sinusitis"", ""Anaphylaxis"", ""Anemia"", ""Atrial fibrillation"", ""Boerhaave"", ""Bronchiectasis"", ""Bronchiolitis"", ""Bronchitis"", ""Bronchospasm / acute asthma exacerbation"", ""Chagas"", ""Chronic rhinosinusitis"", ""Cluster headache"", ""Croup"", ""Ebola"", ""Epiglottitis"", ""GERD"", ""Guillain-Barr\u00e9 syndrome"", ""HIV (initial infection)"", ""Influenza"", ""Inguinal hernia"", ""Larygospasm"", ""Localized edema"", ""Myasthenia gravis"", ""Myocarditis"", ""PSVT"", ""Pancreatic neoplasm"", ""Panic attack"", ""Pericarditis"", ""Pneumonia"", ""Possible NSTEMI / STEMI"", ""Pulmonary embolism"", ""Pulmonary neoplasm"", ""SLE"", ""Sarcoidosis"", ""Scombroid food poisoning"", ""Spontaneous pneumothorax"", ""Spontaneous rib fracture"", ""Stable angina"", ""Tuberculosis"", ""URTI"", ""Unstable angina"", ""Viral pharyngitis"", ""Whooping cough""]","{""age"": 33, ""sex"": ""F"", ""official_differential"": [""Acute pulmonary edema"", ""Unstable angina"", ""Pericarditis"", ""Possible NSTEMI / STEMI"", ""Pulmonary embolism"", ""Panic attack"", ""Myocarditis"", ""Stable angina"", ""Anaphylaxis"", ""Spontaneous pneumothorax""], ""initial_evidence"": ""E_50"", ""source"": ""ddxplus_structured_to_profile_v1""}"
test:51945,ddxplus,"Age: 38
Sex: M
Initial finding: Do you have pain somewhere, related to your reason for consulting? Answer: yes.","Age: 38.
Sex: M.
Known patient findings from the hidden profile:
- Have you had significantly increased sweating? Answer: yes.
- Do you have pain somewhere, related to your reason for consulting? Answer: yes.
- Characterize your pain: Answer: heavy.
- Do you feel pain somewhere? Answer: top of the head.
- Do you feel pain somewhere? Answer: cheek(R).
- Do you feel pain somewhere? Answer: cheek(L).
- Do you feel pain somewhere? Answer: occiput.
- How intense is the pain? Answer: 7.
- Does the pain radiate to another location? Answer: nowhere.
- How precisely is the pain located? Answer: 4.
- How fast did the pain appear? Answer: 3.
- Do you smoke cigarettes? Answer: yes.
- Do you have a fever (either felt or measured with a thermometer)? Answer: yes.
- Do you have a sore throat? Answer: yes.
- Do you have diffuse (widespread) muscle pain? Answer: yes.
- Do you have nasal congestion or a clear runny nose? Answer: yes.
- Have you traveled out of the country in the last 4 weeks? Answer: N.
- Are you exposed to secondhand cigarette smoke on a daily basis? Answer: yes.",URTI,"[""Acute COPD exacerbation / infection"", ""Acute dystonic reactions"", ""Acute laryngitis"", ""Acute otitis media"", ""Acute pulmonary edema"", ""Acute rhinosinusitis"", ""Allergic sinusitis"", ""Anaphylaxis"", ""Anemia"", ""Atrial fibrillation"", ""Boerhaave"", ""Bronchiectasis"", ""Bronchiolitis"", ""Bronchitis"", ""Bronchospasm / acute asthma exacerbation"", ""Chagas"", ""Chronic rhinosinusitis"", ""Cluster headache"", ""Croup"", ""Ebola"", ""Epiglottitis"", ""GERD"", ""Guillain-Barr\u00e9 syndrome"", ""HIV (initial infection)"", ""Influenza"", ""Inguinal hernia"", ""Larygospasm"", ""Localized edema"", ""Myasthenia gravis"", ""Myocarditis"", ""PSVT"", ""Pancreatic neoplasm"", ""Panic attack"", ""Pericarditis"", ""Pneumonia"", ""Possible NSTEMI / STEMI"", ""Pulmonary embolism"", ""Pulmonary neoplasm"", ""SLE"", ""Sarcoidosis"", ""Scombroid food poisoning"", ""Spontaneous pneumothorax"", ""Spontaneous rib fracture"", ""Stable angina"", ""Tuberculosis"", ""URTI"", ""Unstable angina"", ""Viral pharyngitis"", ""Whooping cough""]","{""age"": 38, ""sex"": ""M"", ""official_differential"": [""URTI"", ""Influenza"", ""HIV (initial infection)"", ""Chagas""], ""initial_evidence"": ""E_53"", ""source"": ""ddxplus_structured_to_profile_v1""}"
test:56012,ddxplus,"Age: 53
Sex: F
Initial finding: Do you have pain somewhere, related to your reason for consulting? Answer: yes.","Age: 53.
Sex: F.
Known patient findings from the hidden profile:
- Do you have a known issue with one of your heart valves? Answer: yes.
- Do you take corticosteroids? Answer: yes.
- Do you have pain somewhere, related to your reason for consulting? Answer: yes.
- Characterize your pain: Answer: tedious.
- Characterize your pain: Answer: tugging.
- Characterize your pain: Answer: heavy.
- Do you feel pain somewhere? Answer: ankle(L).
- Do you feel pain somewhere? Answer: lateral side of the foot(R).
- Do you feel pain somewhere? Answer: lateral side of the foot(L).
- Do you feel pain somewhere? Answer: thigh(L).
- Do you feel pain somewhere? Answer: dorsal aspect of the foot(R).
- How intense is the pain? Answer: 3.
- Does the pain radiate to another location? Answer: nowhere.
- How precisely is the pain located? Answer: 2.
- How fast did the pain appear? Answer: 7.
- Have you gained weight recently? Answer: yes.
- Do you have heart failure? Answer: yes.
- Have you ever had deep vein thrombosis (DVT)? Answer: yes.
- Do you have swelling in one or more areas of your body? Answer: yes.
- Where is the swelling located? Answer: ankle(R).
- Where is the swelling located? Answer: lateral side of the foot(R).
- Where is the swelling located? Answer: thigh(L).
- Where is the swelling located? Answer: sole(R).
- Where is the swelling located? Answer: sole(L).
- Were you diagnosed with endocrine disease or a hormone dysfunction? Answer: yes.
- Have you ever been diagnosed with obstructive sleep apnea (OSA)? Answer: yes.
- Have you traveled out of the country in the last 4 weeks? Answer: N.",Localized edema,"[""Acute COPD exacerbation / infection"", ""Acute dystonic reactions"", ""Acute laryngitis"", ""Acute otitis media"", ""Acute pulmonary edema"", ""Acute rhinosinusitis"", ""Allergic sinusitis"", ""Anaphylaxis"", ""Anemia"", ""Atrial fibrillation"", ""Boerhaave"", ""Bronchiectasis"", ""Bronchiolitis"", ""Bronchitis"", ""Bronchospasm / acute asthma exacerbation"", ""Chagas"", ""Chronic rhinosinusitis"", ""Cluster headache"", ""Croup"", ""Ebola"", ""Epiglottitis"", ""GERD"", ""Guillain-Barr\u00e9 syndrome"", ""HIV (initial infection)"", ""Influenza"", ""Inguinal hernia"", ""Larygospasm"", ""Localized edema"", ""Myasthenia gravis"", ""Myocarditis"", ""PSVT"", ""Pancreatic neoplasm"", ""Panic attack"", ""Pericarditis"", ""Pneumonia"", ""Possible NSTEMI / STEMI"", ""Pulmonary embolism"", ""Pulmonary neoplasm"", ""SLE"", ""Sarcoidosis"", ""Scombroid food poisoning"", ""Spontaneous pneumothorax"", ""Spontaneous rib fracture"", ""Stable angina"", ""Tuberculosis"", ""URTI"", ""Unstable angina"", ""Viral pharyngitis"", ""Whooping cough""]","{""age"": 53, ""sex"": ""F"", ""official_differential"": [""Localized edema"", ""Pulmonary embolism"", ""Chagas"", ""Anaphylaxis"", ""SLE""], ""initial_evidence"": ""E_53"", ""source"": ""ddxplus_structured_to_profile_v1""}"
test:6707,ddxplus,"Age: 4
Sex: F
Initial finding: Have you lost your sense of smell? Answer: yes.","Age: 4.
Sex: F.
Known patient findings from the hidden profile:
- Do you have pain somewhere, related to your reason for consulting? Answer: yes.
- Characterize your pain: Answer: burning.
- Characterize your pain: Answer: sharp.
- Do you feel pain somewhere? Answer: forehead.
- Do you feel pain somewhere? Answer: cheek(R).
- Do you feel pain somewhere? Answer: cheek(L).
- Do you feel pain somewhere? Answer: eye(R).
- Do you feel pain somewhere? Answer: eye(L).
- How intense is the pain? Answer: 8.
- Does the pain radiate to another location? Answer: back of head.
- Does the pain radiate to another location? Answer: nose.
- Does the pain radiate to another location? Answer: temple(R).
- How precisely is the pain located? Answer: 5.
- How fast did the pain appear? Answer: 6.
- Do you smoke cigarettes? Answer: yes.
- Have you lost your sense of smell? Answer: yes.
- Have you had a cold in the last 2 weeks? Answer: yes.
- Have you ever had pneumonia? Answer: yes.
- Do you have polyps in your nose? Answer: yes.
- Do you have asthma or have you ever had to use a bronchodilator in the past? Answer: yes.
- Have you ever been diagnosed with gastroesophageal reflux? Answer: yes.
- Do you have nasal congestion or a clear runny nose? Answer: yes.
- Do you have a cough? Answer: yes.
- Have you traveled out of the country in the last 4 weeks? Answer: N.
- Are you more likely to develop common allergies than the general population? Answer: yes.",Acute rhinosinusitis,"[""Acute COPD exacerbation / infection"", ""Acute dystonic reactions"", ""Acute laryngitis"", ""Acute otitis media"", ""Acute pulmonary edema"", ""Acute rhinosinusitis"", ""Allergic sinusitis"", ""Anaphylaxis"", ""Anemia"", ""Atrial fibrillation"", ""Boerhaave"", ""Bronchiectasis"", ""Bronchiolitis"", ""Bronchitis"", ""Bronchospasm / acute asthma exacerbation"", ""Chagas"", ""Chronic rhinosinusitis"", ""Cluster headache"", ""Croup"", ""Ebola"", ""Epiglottitis"", ""GERD"", ""Guillain-Barr\u00e9 syndrome"", ""HIV (initial infection)"", ""Influenza"", ""Inguinal hernia"", ""Larygospasm"", ""Localized edema"", ""Myasthenia gravis"", ""Myocarditis"", ""PSVT"", ""Pancreatic neoplasm"", ""Panic attack"", ""Pericarditis"", ""Pneumonia"", ""Possible NSTEMI / STEMI"", ""Pulmonary embolism"", ""Pulmonary neoplasm"", ""SLE"", ""Sarcoidosis"", ""Scombroid food poisoning"", ""Spontaneous pneumothorax"", ""Spontaneous rib fracture"", ""Stable angina"", ""Tuberculosis"", ""URTI"", ""Unstable angina"", ""Viral pharyngitis"", ""Whooping cough""]","{""age"": 4, ""sex"": ""F"", ""official_differential"": [""Chronic rhinosinusitis"", ""Bronchitis"", ""URTI"", ""Acute rhinosinusitis"", ""Chagas"", ""Anemia""], ""initial_evidence"": ""E_103"", ""source"": ""ddxplus_structured_to_profile_v1""}"
test:73343,ddxplus,"Age: 61
Sex: M
Initial finding: Do you feel so tired that you are unable to do your usual activities or are you stuck in your bed all day long? Answer: yes.","Age: 61.
Sex: M.
Known patient findings from the hidden profile:
- Do you have swollen or painful lymph nodes? Answer: yes.
- Have you ever had a sexually transmitted infection? Answer: yes.
- Have you had significantly increased sweating? Answer: yes.
- Have you had diarrhea or an increase in stool frequency? Answer: yes.
- Do you have pain somewhere, related to your reason for consulting? Answer: yes.
- Characterize your pain: Answer: sensitive.
- Characterize your pain: Answer: exhausting.
- Do you feel pain somewhere? Answer: back of head.
- Do you feel pain somewhere? Answer: back of the neck.
- Do you feel pain somewhere? Answer: cervical spine.
- Do you feel pain somewhere? Answer: temple(R).
- Do you feel pain somewhere? Answer: temple(L).
- How intense is the pain? Answer: 7.
- Does the pain radiate to another location? Answer: nowhere.
- How precisely is the pain located? Answer: 8.
- How fast did the pain appear? Answer: 2.
- Are you currently using intravenous drugs? Answer: yes.
- Do you feel so tired that you are unable to do your usual activities or are you stuck in your bed all day long? Answer: yes.
- Do you have a fever (either felt or measured with a thermometer)? Answer: yes.
- Have you had unprotected sex with more than one partner in the last 6 months? Answer: yes.
- Do you have any lesions, redness or problems on your skin that you believe are related to the condition you are consulting for? Answer: yes.
- What color is the rash? Answer: pale.
- Do your lesions peel off? Answer: N.
- Is the rash swollen? Answer: 4.
- Where is the affected region located? Answer: lower gum.
- Where is the affected region located? Answer: upper gum.
- Where is the affected region located? Answer: labia majora(R).
- Where is the affected region located? Answer: labia majora(L).
- Where is the affected region located? Answer: internal cheek(R).
- How intense is the pain caused by the rash? Answer: 8.
- Is the lesion (or are the lesions) larger than 1cm? Answer: Y.
- How severe is the itching? Answer: 0.
- Do you have diffuse (widespread) muscle pain? Answer: yes.
- Are you feeling nauseous or do you feel like vomiting? Answer: yes.
- Have you traveled out of the country in the last 4 weeks? Answer: N.",HIV (initial infection),"[""Acute COPD exacerbation / infection"", ""Acute dystonic reactions"", ""Acute laryngitis"", ""Acute otitis media"", ""Acute pulmonary edema"", ""Acute rhinosinusitis"", ""Allergic sinusitis"", ""Anaphylaxis"", ""Anemia"", ""Atrial fibrillation"", ""Boerhaave"", ""Bronchiectasis"", ""Bronchiolitis"", ""Bronchitis"", ""Bronchospasm / acute asthma exacerbation"", ""Chagas"", ""Chronic rhinosinusitis"", ""Cluster headache"", ""Croup"", ""Ebola"", ""Epiglottitis"", ""GERD"", ""Guillain-Barr\u00e9 syndrome"", ""HIV (initial infection)"", ""Influenza"", ""Inguinal hernia"", ""Larygospasm"", ""Localized edema"", ""Myasthenia gravis"", ""Myocarditis"", ""PSVT"", ""Pancreatic neoplasm"", ""Panic attack"", ""Pericarditis"", ""Pneumonia"", ""Possible NSTEMI / STEMI"", ""Pulmonary embolism"", ""Pulmonary neoplasm"", ""SLE"", ""Sarcoidosis"", ""Scombroid food poisoning"", ""Spontaneous pneumothorax"", ""Spontaneous rib fracture"", ""Stable angina"", ""Tuberculosis"", ""URTI"", ""Unstable angina"", ""Viral pharyngitis"", ""Whooping cough""]","{""age"": 61, ""sex"": ""M"", ""official_differential"": [""HIV (initial infection)"", ""Influenza"", ""Chagas"", ""Scombroid food poisoning"", ""Anemia"", ""Sarcoidosis""], ""initial_evidence"": ""E_88"", ""source"": ""ddxplus_structured_to_profile_v1""}"
test:91037,ddxplus,"Age: 22
Sex: F
Initial finding: Have you had an involuntary weight loss over the last 3 months? Answer: yes.","Age: 22.
Sex: F.
Known patient findings from the hidden profile:
- Do you have chronic pancreatitis? Answer: yes.
- Do you have pain somewhere, related to your reason for consulting? Answer: yes.
- Characterize your pain: Answer: sensitive.
- Do you feel pain somewhere? Answer: belly.
- Do you feel pain somewhere? Answer: epigastric.
- How intense is the pain? Answer: 2.
- Does the pain radiate to another location? Answer: thoracic spine.
- How precisely is the pain located? Answer: 0.
- How fast did the pain appear? Answer: 5.
- Are you significantly overweight compared to people of the same height as you? Answer: yes.
- Do you constantly feel fatigued or do you have non-restful sleep? Answer: yes.
- What color is the rash? Answer: NA.
- Do your lesions peel off? Answer: N.
- Is the rash swollen? Answer: 0.
- Where is the affected region located? Answer: nowhere.
- How intense is the pain caused by the rash? Answer: 0.
- Is the lesion (or are the lesions) larger than 1cm? Answer: N.
- How severe is the itching? Answer: 0.
- Have you had an involuntary weight loss over the last 3 months? Answer: yes.
- Do you have pale stools and dark urine? Answer: yes.
- Have you traveled out of the country in the last 4 weeks? Answer: N.
- Are there members of your family who have been diagnosed with pancreatic cancer? Answer: yes.",Pancreatic neoplasm,"[""Acute COPD exacerbation / infection"", ""Acute dystonic reactions"", ""Acute laryngitis"", ""Acute otitis media"", ""Acute pulmonary edema"", ""Acute rhinosinusitis"", ""Allergic sinusitis"", ""Anaphylaxis"", ""Anemia"", ""Atrial fibrillation"", ""Boerhaave"", ""Bronchiectasis"", ""Bronchiolitis"", ""Bronchitis"", ""Bronchospasm / acute asthma exacerbation"", ""Chagas"", ""Chronic rhinosinusitis"", ""Cluster headache"", ""Croup"", ""Ebola"", ""Epiglottitis"", ""GERD"", ""Guillain-Barr\u00e9 syndrome"", ""HIV (initial infection)"", ""Influenza"", ""Inguinal hernia"", ""Larygospasm"", ""Localized edema"", ""Myasthenia gravis"", ""Myocarditis"", ""PSVT"", ""Pancreatic neoplasm"", ""Panic attack"", ""Pericarditis"", ""Pneumonia"", ""Possible NSTEMI / STEMI"", ""Pulmonary embolism"", ""Pulmonary neoplasm"", ""SLE"", ""Sarcoidosis"", ""Scombroid food poisoning"", ""Spontaneous pneumothorax"", ""Spontaneous rib fracture"", ""Stable angina"", ""Tuberculosis"", ""URTI"", ""Unstable angina"", ""Viral pharyngitis"", ""Whooping cough""]","{""age"": 22, ""sex"": ""F"", ""official_differential"": [""Pancreatic neoplasm"", ""Possible NSTEMI / STEMI"", ""Anemia"", ""Chagas"", ""Pericarditis""], ""initial_evidence"": ""E_162"", ""source"": ""ddxplus_structured_to_profile_v1""}"
test:96068,ddxplus,"Age: 28
Sex: F
Initial finding: Do you have symptoms that get worse after eating? Answer: yes.","Age: 28.
Sex: F.
Known patient findings from the hidden profile:
- Characterize your pain: Answer: NA.
- Do you feel pain somewhere? Answer: nowhere.
- How intense is the pain? Answer: 0.
- Does the pain radiate to another location? Answer: nowhere.
- How precisely is the pain located? Answer: 0.
- How fast did the pain appear? Answer: 0.
- Are you significantly overweight compared to people of the same height as you? Answer: yes.
- Do you smoke cigarettes? Answer: yes.
- Do you have asthma or have you ever had to use a bronchodilator in the past? Answer: yes.
- Do you think you are pregnant or are you currently pregnant? Answer: yes.
- Do you have a burning sensation that starts in your stomach then goes up into your throat, and can be associated with a bitter taste in your mouth? Answer: yes.
- Have you traveled out of the country in the last 4 weeks? Answer: N.
- Do you have symptoms that get worse after eating? Answer: yes.
- Are your symptoms worse when lying down and alleviated while sitting up? Answer: yes.",GERD,"[""Acute COPD exacerbation / infection"", ""Acute dystonic reactions"", ""Acute laryngitis"", ""Acute otitis media"", ""Acute pulmonary edema"", ""Acute rhinosinusitis"", ""Allergic sinusitis"", ""Anaphylaxis"", ""Anemia"", ""Atrial fibrillation"", ""Boerhaave"", ""Bronchiectasis"", ""Bronchiolitis"", ""Bronchitis"", ""Bronchospasm / acute asthma exacerbation"", ""Chagas"", ""Chronic rhinosinusitis"", ""Cluster headache"", ""Croup"", ""Ebola"", ""Epiglottitis"", ""GERD"", ""Guillain-Barr\u00e9 syndrome"", ""HIV (initial infection)"", ""Influenza"", ""Inguinal hernia"", ""Larygospasm"", ""Localized edema"", ""Myasthenia gravis"", ""Myocarditis"", ""PSVT"", ""Pancreatic neoplasm"", ""Panic attack"", ""Pericarditis"", ""Pneumonia"", ""Possible NSTEMI / STEMI"", ""Pulmonary embolism"", ""Pulmonary neoplasm"", ""SLE"", ""Sarcoidosis"", ""Scombroid food poisoning"", ""Spontaneous pneumothorax"", ""Spontaneous rib fracture"", ""Stable angina"", ""Tuberculosis"", ""URTI"", ""Unstable angina"", ""Viral pharyngitis"", ""Whooping cough""]","{""age"": 28, ""sex"": ""F"", ""official_differential"": [""GERD""], ""initial_evidence"": ""E_215"", ""source"": ""ddxplus_structured_to_profile_v1""}"
icraft_md:1,icraft_md,"Age: 51 years
Sex: male
Chief complaint: A 51-year-old white man presents to the clinic with a 2-year history of a painful, recurrent rash on his fingers","- A 51-year-old white man presents to the clinic with a 2-year history of a painful, recurrent rash on his fingers
- He initially noticed redness, irritation, and pustules around his nails that he thought were caused by an infection
- However, the rash progressed to affect the nail bed, eventually destroying his nails
- On examination, well-demarcated, scaly plaques with associated pustules and nail atrophy are present on the right second and third distal digits
- He is otherwise healthy.
- 1. The patient is a 51-year-old white man.
- 2. The patient presents to the clinic with a rash.
- 3. The rash has been present for 2 years.
- 4. The rash is painful.
- 5. The rash is recurrent.
- 6. The rash is located on the patient's fingers.
- 7. The patient initially noticed redness around his nails.
- 8. The patient initially noticed irritation around his nails.
- 9. The patient initially noticed pustules around his nails.
- 10. The patient thought the rash was caused by an infection.
- 11. The rash progressed to affect the nail bed.
- 12. The rash eventually destroyed the patient's nails.
- 13. On examination, well-demarcated, scaly plaques are present.
- 14. On examination, associated pustules are present.
- 15. On examination, nail atrophy is present.
- 16. The affected areas are the right second and third distal digits.
- 17. The patient is otherwise healthy.",Acute contact dermatitis,"[""AELE unrelated to zinc deficiency"", ""Abscesses"", ""Acanthoma fissuratum"", ""Acanthosis nigricans"", ""Acne rosacea"", ""Acne vulgaris"", ""Acquired digital fibrokeratoma (ADFK)"", ""Acral lentiginous melanoma"", ""Acral melanoma"", ""Acral nevi"", ""Acrochordon"", ""Acrodermatitis continua of Hallopeau"", ""Acrodermatitis continua supperativa"", ""Acrodermatitis enteropathica"", ""Acrodermatitis enteropathica-like eruption (AELE)"", ""Actinic keratosis"", ""Acute Generalized Exanthematous Pustulosis"", ""Acute contact dermatitis"", ""Addison disease"", ""Adult-onset asthma with periocular xanthogranuloma"", ""Adult-onset xanthogranuloma"", ""Allergic contact dermatitis"", ""Alopecia"", ""Alopecia areata"", ""Amelanotic melanoma"", ""Amyloidosis cutis dyschromica"", ""Androgenetic alopecia"", ""Anetoderma"", ""Anetoderma associated with SLE"", ""Angiolipoma"", ""Animal pox infection"", ""Arterial ulcer"", ""Ataxia-telangiectasia"", ""Atopic dermatitis"", ""Atypical fibroxanthoma"", ""Autoimmune bullous dermatoses"", ""Bacillary angiomatosis"", ""Bacterial endocarditis"", ""Bacterial sepsis"", ""Bandler syndrome"", ""Basal cell carcinoma"", ""Bazex-Dupre-Christol syndrome"", ""Becker nevus"", ""Birt-Hogg-Dube syndrome"", ""Blastomycosis"", ""Bloom syndrome"", ""Bowen\u2019s disease"", ""Brittle nails"", ""Bullosis diabeticorum"", ""Bullous arthropod assault"", ""Bullous arthropod bites"", ""Bullous erythema multiforme"", ""Bullous impetigo"", ""Bullous leukocytoclastic vasculitis"", ""Bullous pemphigoid"", ""Caf\u00e9 au lait macules"", ""Calluses"", ""Cellulitis"", ""Central centrifugal cicatricial alopecia"", ""Chancroid"", ""Chemical burn"", ""Chilblains"", ""Cholestatic pruritus"", ""Chondrodermatitis nodularis helicis"", ""Chromomycosis"", ""Chronic eczema"", ""Chronic liver disease"", ""Chronic myelomonocytic leukemia"", ""Chronic paronychia"", ""Confluent and reticulated papillomatosis"", ""Congenital melanocytic nevi"", ""Congenital melanocytic nevus"", ""Congenital nipple inversion"", ""Congenital smooth muscle hamartomas"", ""Conradi-H\u00fcnermann-Happle syndrome"", ""Contact dermatitis"", ""Corticosteroid-induced atrophy"", ""Cryoglobulinemia"", ""Cutaneous Langerhans cell histiocytosis"", ""Cutaneous anthrax"", ""Cutaneous horn"", ""Cutaneous leishmaniasis"", ""Cutaneous lupus"", ""Cutaneous lupus erythematosus"", ""Cutaneous sarcoidosis"", ""Cutis laxa"", ""Cystic pleomorphic adenomas"", ""DNA Repair Syndromes"", ""Darier disease"", ""Dermatitis"", ""Dermatofibroma"", ""Dermatofibrosarcoma protuberans"", ""Dermatomyositis"", ""Dermatosis papulosa nigra"", ""Diabetic dermopathy"", ""Discoid lupus"", ""Discoid lupus erythematosus"", ""Disseminated intravascular coagulation"", ""Dowling-Degos disease"", ""Drug reaction with eosinophilia and systemic symptoms"", ""Drug-induced hypersensitivity syndrome"", ""Drug-induced photosensitivity"", ""Drug-induced pigmentation"", ""Duct ectasia"", ""Dyshidrosis"", ""Dyshidrotic eczema"", ""Dysplastic nevi"", ""Dysplastic nevus"", ""EBS-Dowling Meara"", ""ENPP1-mediated premature arterial calcification"", ""Eczema"", ""Eczema coxsackium"", ""Eczema herpeticum"", ""Ehlers Danlos Syndrome"", ""Ehlers-Danlos syndrome"", ""Epidermal nevus"", ""Epidermodysplasia verruciformis"", ""Epidermolysis bullosa"", ""Epidermolytic hyperkeratosis"", ""Equestrian perniosis"", ""Erdheim-Chester disease"", ""Erysipelas"", ""Erythema dyschromicum perstans"", ""Erythema induratum"", ""Erythema migrans"", ""Erythema multiforme major"", ""Erythema nodosum"", ""Erythrasma"", ""Extramammary Paget disease"", ""Facial demodicosis"", ""Familial dyskeratotic comedones"", ""Fibrous papule"", ""Fixed drug eruption"", ""Foreign body granuloma"", ""Fragile X Syndrome"", ""Frostbite"", ""Fungal infection"", ""GGXC-mediated coagulation factor deficiency"", ""Ganglion cyst"", ""Gangrene"", ""Geographic tongue"", ""Gianotti-Crosti syndrome"", ""Glomus tumor"", ""Glomus tumors"", ""Granuloma annulare"", ""Grover disease"", ""Guttate lichen sclerosus"", ""Guttate psoriasis"", ""Hailey-Hailey Disease"", ""Hailey-Hailey disease"", ""Hair-thread tourniquet syndrome"", ""Halo nevus"", ""Hematomas"", ""Henoch-Scholein vasculitis"", ""Hereditary hemorrhagic telangiectasia"", ""Herpes"", ""Herpes simplex viral lesions"", ""Herpes virus infection"", ""Herpes zoster"", ""Herpetic gingivostomatitis"", ""Herpetic whitlow"", ""Hidradenitis suppurativa"", ""Hidrocystoma"", ""Hidrocystomas"", ""Histoplasmosis"", ""Hodgkin lymphoma"", ""Hydroxychloroquine-induced hyperpigmentation"", ""Hypertrophic lichen planus"", ""Hypertrophic scar"", ""Hypohidrotic ectodermal dysplasia"", ""Ichthyosis vulgaris"", ""IgA vasculitis"", ""IgA-mediated small vessel vasculitis"", ""Immunobullous disease"", ""Impetigo"", ""Inflamed sebacous cysts"", ""Intertrigo"", ""Intradermal nevus"", ""Inverse psoriasis"", ""Irritant contact dermatitis"", ""Jacquet's dermatitis"", ""Junctional EB"", ""Juvenile dermatomyositis"", ""Juvenile spring eruption"", ""Juvenile xanthogranuloma"", ""Kaposi sarcoma"", ""Keloid"", ""Keloids"", ""Keratoacanthoma"", ""Keratoderma blenorrhagicum"", ""Keratoderma climactericum"", ""Keratolysis exfoliativa"", ""Keratosis pilaris"", ""Lamellar ichthyosis"", ""Langerhans cell histiocytosis"", ""Laugier-Hunziker syndrome"", ""Leishmaniasis"", ""Lentigines"", ""Leprosy"", ""Levamisole-induced antineutrophil cytoplasmic antibody vasculitis"", ""Lichen amyloidosis"", ""Lichen nitidus"", ""Lichen planus"", ""Lichen sclerosus"", ""Lichen sclerosus et atrophicus"", ""Lichen simplex chronicus"", ""Lichen striatus"", ""Lichenoid drug eruption"", ""Lipodermatosclerosis"", ""Lipoma"", ""Lobular capillary hemangioma"", ""Localized granuloma annulare"", ""Localized pruritus"", ""Lupus"", ""Lupus erythematosus"", ""Lupus profundus"", ""Lymphogranuloma venereum"", ""Lymphomatoid papulosis"", ""Macular amyloidosis"", ""Maculopapular drug eruption"", ""Marshall syndrome"", ""Mastocytoma"", ""McCune-Albright Syndrome"", ""McCune-Albright syndrome"", ""Median rhomboid glossitis"", ""Medication induced hyperpigmentation"", ""Melanocytic nevi"", ""Melanoma"", ""Melanonychia"", ""Melasma"", ""Meningococcemia"", ""Mid-dermal elastolysis"", ""Molluscum contagiosum"", ""Morbilliform eruption"", ""Morphea"", ""Mucous retention cysts"", ""Multiple endocrine neoplasia type 1"", ""Mycoplasma pneumoniae-induced rash and mucositis"", ""Mycosis fungoides"", ""Myiasis"", ""Necrobiosis lipoidica"", ""Necrobiosis lipoidica diabeticorum"", ""Necrobiotic xanthogranuloma (NXG)"", ""Nephrogenic systemic fibrosis"", ""Neurofibromatosis Type I"", ""Neurofibromatosis Type II"", ""Neurofibromatosis type 1"", ""Nevus comedonicus"", ""Nevus depigmentosus"", ""Nevus sebaceous"", ""Nicolau-Balus syndrome"", ""Nipple hyperkeratosis"", ""Nipple inversion secondary to neglected malignancy"", ""Nocardiosis"", ""Nodulocystic basal cell carcinoma"", ""Noonan Syndrome"", ""Nummular Eczema"", ""Nummular dermatitis"", ""Nummular eczema"", ""Onychomycosis"", ""Palmar lichen planus"", ""Palmar plantar pustulosis"", ""Paresthetica"", ""Paronychia"", ""Pellagra"", ""Pemphigus foliaceus"", ""Pemphigus vegetans"", ""Pemphigus vulgaris"", ""Periductal mastitis"", ""Perifollicular elastolysis"", ""Perioral dermatitis"", ""Perniosis"", ""Peutz-Jeghers syndrome"", ""Photoallergic skin reaction"", ""Photodermatitis"", ""Photolichenoid drug eruption"", ""Phototoxic skin reaction"", ""Phytophotodermatitis"", ""Pigmented purpuric dermatoses"", ""Pigmented villonodular synovitis"", ""Pilar cyst"", ""Pilomatricoma"", ""Pityriasis lichenoides chronica"", ""Pityriasis lichenoides et varioliformis acuta"", ""Pityriasis lichenoides et varioliformis acuta (PLEVA)"", ""Pityriasis rosea"", ""Plexiform neurofibroma"", ""Poison ivy allergic contact dermatitis"", ""Polymorphous light eruption"", ""Post-inflammatory elastolysis"", ""Post-inflammatory hyperpigmentation"", ""Postinflammatory hyperpigmentation"", ""Postinflammatory hypomelanosis"", ""Pressure bullae (coma bullae)"", ""Pretibial myxedema"", ""Proderma gangraneosum"", ""Prurigo nodular"", ""Prurigo nodularis"", ""Prurigo pigmentosa"", ""Pseudoainhum"", ""Pseudomonas nail infection"", ""Pseudoxanthoma elasticum"", ""Psoriasis"", ""Psoriasis vulgaris"", ""Pustular psoriasis"", ""Pyoderma"", ""Pyoderma grangrenosum"", ""Pyogenic granuloma"", ""Raynaud disease"", ""Renal pruritus"", ""Rheumatoid arthritis"", ""Rombo syndrome"", ""Rosacea"", ""Sarcoidosis"", ""Scabies"", ""Scabies infestation"", ""Schnitzler syndrome"", ""Schwannomas"", ""Sch\u00f6pf-Schulz-Passarge syndrome"", ""Scleredema"", ""Scleroderma"", ""Scleroderma (systemic sclerosis)"", ""Scleromyxedema"", ""Scurvy"", ""Seborrheic dermatitis"", ""Seborrheic keratosis"", ""Secondary syphilis"", ""Segmental acne"", ""Senile nails"", ""Severe recessive dystrophic EB"", ""Shingles"", ""Shoe dermatitis"", ""Small plaque parapsoriasis"", ""Solar lentigo"", ""Solitary mastocytoma"", ""Spiradenoma"", ""Spitz nevus"", ""Squamous cell carcinoma"", ""Squamous cell carcinoma in situ"", ""Staphylococcal infection"", ""Stevens-Johnson syndrome"", ""Stiff-skin syndrome"", ""Subacute cutaneous lupus erythematosus"", ""Subcutaneous panniculitis-like T-cell lymphoma"", ""Subepidermal bullae"", ""Subungual hematoma"", ""Subungual melanoma"", ""Sweet syndrome"", ""Synovial cyst"", ""Synovial sarcoma"", ""Syphilis"", ""Syphilitic alopecia"", ""Syringocystadenoma papilliferum."", ""Systemic lupus erythematosus"", ""Systemic sclerosis"", ""S\u00e9zary syndrome"", ""Telogen effluvium"", ""Thrombocytopenic purpura"", ""Tinea"", ""Tinea capitis"", ""Tinea corporis"", ""Tinea incognito"", ""Tinea nigra"", ""Tinea versicolor"", ""Toxicodendron dermatitis"", ""Trachyonychia"", ""Traumatic lesions"", ""Traumatic wound"", ""Trichodento-osseous syndrome"", ""Trichofolliculoma"", ""Trichotillomania"", ""Tuberous sclerosis complex"", ""Type I minocycline hyperpigmentation"", ""Type II minocycline hyperpigmentation"", ""Type III minocycline hyperpigmentation"", ""Ulceroglandular tularemia"", ""Ulcers"", ""Urticarial vasculitis"", ""Varicella"", ""Varicella zoster virus infection"", ""Vascular hemorrhage"", ""Venous ulcer"", ""Vitiligo"", ""Warfarin-induced skin necrosis"", ""Warthin tumors"", ""Witkop tooth and nail syndrome"", ""X-linked ichthyosis"", ""Xanthelasma"", ""Xanthogranuloma"", ""Zosteriform herpes simplex"", ""neuroma""]","{""source_path"": ""/Users/alfred/Documents/baseline_model/external/meddxagent/ddxdriver/benchmarks/data/icraftmd/all_craft_md.jsonl"", ""source"": ""meddxagent_icraftmd_jsonl_v1"", ""answer_idx"": ""D""}"
icraft_md:102,icraft_md,"Age: 45 years
Sex: female
Chief complaint: A 45-year-old woman presents with 3 months of tender bumps on the shins","- A 45-year-old woman presents with 3 months of tender bumps on the shins
- She says that 4 months ago, she was hospitalized for abdominal pain and was found to be positive for hepatitis B
- She denies ever having tuberculosis
- She denies itching or scratching at the bumps
- She denies any rash on the trunk or extremities
- Physical examination reveals tender, subcutaneous nodules on the bilateral shins.
- 1. The patient is a 45-year-old woman.
- 2. The patient has had tender bumps on her shins for 3 months.
- 3. The patient was hospitalized 4 months ago.
- 4. The hospitalization was due to abdominal pain.
- 5. The patient tested positive for hepatitis B during her hospitalization.
- 6. The patient denies ever having tuberculosis.
- 7. The patient denies itching or scratching at the bumps.
- 8. The patient denies having any rash on the trunk or extremities.
- 9. Physical examination shows tender, subcutaneous nodules on the bilateral shins.",Erythema nodosum,"[""AELE unrelated to zinc deficiency"", ""Abscesses"", ""Acanthoma fissuratum"", ""Acanthosis nigricans"", ""Acne rosacea"", ""Acne vulgaris"", ""Acquired digital fibrokeratoma (ADFK)"", ""Acral lentiginous melanoma"", ""Acral melanoma"", ""Acral nevi"", ""Acrochordon"", ""Acrodermatitis continua of Hallopeau"", ""Acrodermatitis continua supperativa"", ""Acrodermatitis enteropathica"", ""Acrodermatitis enteropathica-like eruption (AELE)"", ""Actinic keratosis"", ""Acute Generalized Exanthematous Pustulosis"", ""Acute contact dermatitis"", ""Addison disease"", ""Adult-onset asthma with periocular xanthogranuloma"", ""Adult-onset xanthogranuloma"", ""Allergic contact dermatitis"", ""Alopecia"", ""Alopecia areata"", ""Amelanotic melanoma"", ""Amyloidosis cutis dyschromica"", ""Androgenetic alopecia"", ""Anetoderma"", ""Anetoderma associated with SLE"", ""Angiolipoma"", ""Animal pox infection"", ""Arterial ulcer"", ""Ataxia-telangiectasia"", ""Atopic dermatitis"", ""Atypical fibroxanthoma"", ""Autoimmune bullous dermatoses"", ""Bacillary angiomatosis"", ""Bacterial endocarditis"", ""Bacterial sepsis"", ""Bandler syndrome"", ""Basal cell carcinoma"", ""Bazex-Dupre-Christol syndrome"", ""Becker nevus"", ""Birt-Hogg-Dube syndrome"", ""Blastomycosis"", ""Bloom syndrome"", ""Bowen\u2019s disease"", ""Brittle nails"", ""Bullosis diabeticorum"", ""Bullous arthropod assault"", ""Bullous arthropod bites"", ""Bullous erythema multiforme"", ""Bullous impetigo"", ""Bullous leukocytoclastic vasculitis"", ""Bullous pemphigoid"", ""Caf\u00e9 au lait macules"", ""Calluses"", ""Cellulitis"", ""Central centrifugal cicatricial alopecia"", ""Chancroid"", ""Chemical burn"", ""Chilblains"", ""Cholestatic pruritus"", ""Chondrodermatitis nodularis helicis"", ""Chromomycosis"", ""Chronic eczema"", ""Chronic liver disease"", ""Chronic myelomonocytic leukemia"", ""Chronic paronychia"", ""Confluent and reticulated papillomatosis"", ""Congenital melanocytic nevi"", ""Congenital melanocytic nevus"", ""Congenital nipple inversion"", ""Congenital smooth muscle hamartomas"", ""Conradi-H\u00fcnermann-Happle syndrome"", ""Contact dermatitis"", ""Corticosteroid-induced atrophy"", ""Cryoglobulinemia"", ""Cutaneous Langerhans cell histiocytosis"", ""Cutaneous anthrax"", ""Cutaneous horn"", ""Cutaneous leishmaniasis"", ""Cutaneous lupus"", ""Cutaneous lupus erythematosus"", ""Cutaneous sarcoidosis"", ""Cutis laxa"", ""Cystic pleomorphic adenomas"", ""DNA Repair Syndromes"", ""Darier disease"", ""Dermatitis"", ""Dermatofibroma"", ""Dermatofibrosarcoma protuberans"", ""Dermatomyositis"", ""Dermatosis papulosa nigra"", ""Diabetic dermopathy"", ""Discoid lupus"", ""Discoid lupus erythematosus"", ""Disseminated intravascular coagulation"", ""Dowling-Degos disease"", ""Drug reaction with eosinophilia and systemic symptoms"", ""Drug-induced hypersensitivity syndrome"", ""Drug-induced photosensitivity"", ""Drug-induced pigmentation"", ""Duct ectasia"", ""Dyshidrosis"", ""Dyshidrotic eczema"", ""Dysplastic nevi"", ""Dysplastic nevus"", ""EBS-Dowling Meara"", ""ENPP1-mediated premature arterial calcification"", ""Eczema"", ""Eczema coxsackium"", ""Eczema herpeticum"", ""Ehlers Danlos Syndrome"", ""Ehlers-Danlos syndrome"", ""Epidermal nevus"", ""Epidermodysplasia verruciformis"", ""Epidermolysis bullosa"", ""Epidermolytic hyperkeratosis"", ""Equestrian perniosis"", ""Erdheim-Chester disease"", ""Erysipelas"", ""Erythema dyschromicum perstans"", ""Erythema induratum"", ""Erythema migrans"", ""Erythema multiforme major"", ""Erythema nodosum"", ""Erythrasma"", ""Extramammary Paget disease"", ""Facial demodicosis"", ""Familial dyskeratotic comedones"", ""Fibrous papule"", ""Fixed drug eruption"", ""Foreign body granuloma"", ""Fragile X Syndrome"", ""Frostbite"", ""Fungal infection"", ""GGXC-mediated coagulation factor deficiency"", ""Ganglion cyst"", ""Gangrene"", ""Geographic tongue"", ""Gianotti-Crosti syndrome"", ""Glomus tumor"", ""Glomus tumors"", ""Granuloma annulare"", ""Grover disease"", ""Guttate lichen sclerosus"", ""Guttate psoriasis"", ""Hailey-Hailey Disease"", ""Hailey-Hailey disease"", ""Hair-thread tourniquet syndrome"", ""Halo nevus"", ""Hematomas"", ""Henoch-Scholein vasculitis"", ""Hereditary hemorrhagic telangiectasia"", ""Herpes"", ""Herpes simplex viral lesions"", ""Herpes virus infection"", ""Herpes zoster"", ""Herpetic gingivostomatitis"", ""Herpetic whitlow"", ""Hidradenitis suppurativa"", ""Hidrocystoma"", ""Hidrocystomas"", ""Histoplasmosis"", ""Hodgkin lymphoma"", ""Hydroxychloroquine-induced hyperpigmentation"", ""Hypertrophic lichen planus"", ""Hypertrophic scar"", ""Hypohidrotic ectodermal dysplasia"", ""Ichthyosis vulgaris"", ""IgA vasculitis"", ""IgA-mediated small vessel vasculitis"", ""Immunobullous disease"", ""Impetigo"", ""Inflamed sebacous cysts"", ""Intertrigo"", ""Intradermal nevus"", ""Inverse psoriasis"", ""Irritant contact dermatitis"", ""Jacquet's dermatitis"", ""Junctional EB"", ""Juvenile dermatomyositis"", ""Juvenile spring eruption"", ""Juvenile xanthogranuloma"", ""Kaposi sarcoma"", ""Keloid"", ""Keloids"", ""Keratoacanthoma"", ""Keratoderma blenorrhagicum"", ""Keratoderma climactericum"", ""Keratolysis exfoliativa"", ""Keratosis pilaris"", ""Lamellar ichthyosis"", ""Langerhans cell histiocytosis"", ""Laugier-Hunziker syndrome"", ""Leishmaniasis"", ""Lentigines"", ""Leprosy"", ""Levamisole-induced antineutrophil cytoplasmic antibody vasculitis"", ""Lichen amyloidosis"", ""Lichen nitidus"", ""Lichen planus"", ""Lichen sclerosus"", ""Lichen sclerosus et atrophicus"", ""Lichen simplex chronicus"", ""Lichen striatus"", ""Lichenoid drug eruption"", ""Lipodermatosclerosis"", ""Lipoma"", ""Lobular capillary hemangioma"", ""Localized granuloma annulare"", ""Localized pruritus"", ""Lupus"", ""Lupus erythematosus"", ""Lupus profundus"", ""Lymphogranuloma venereum"", ""Lymphomatoid papulosis"", ""Macular amyloidosis"", ""Maculopapular drug eruption"", ""Marshall syndrome"", ""Mastocytoma"", ""McCune-Albright Syndrome"", ""McCune-Albright syndrome"", ""Median rhomboid glossitis"", ""Medication induced hyperpigmentation"", ""Melanocytic nevi"", ""Melanoma"", ""Melanonychia"", ""Melasma"", ""Meningococcemia"", ""Mid-dermal elastolysis"", ""Molluscum contagiosum"", ""Morbilliform eruption"", ""Morphea"", ""Mucous retention cysts"", ""Multiple endocrine neoplasia type 1"", ""Mycoplasma pneumoniae-induced rash and mucositis"", ""Mycosis fungoides"", ""Myiasis"", ""Necrobiosis lipoidica"", ""Necrobiosis lipoidica diabeticorum"", ""Necrobiotic xanthogranuloma (NXG)"", ""Nephrogenic systemic fibrosis"", ""Neurofibromatosis Type I"", ""Neurofibromatosis Type II"", ""Neurofibromatosis type 1"", ""Nevus comedonicus"", ""Nevus depigmentosus"", ""Nevus sebaceous"", ""Nicolau-Balus syndrome"", ""Nipple hyperkeratosis"", ""Nipple inversion secondary to neglected malignancy"", ""Nocardiosis"", ""Nodulocystic basal cell carcinoma"", ""Noonan Syndrome"", ""Nummular Eczema"", ""Nummular dermatitis"", ""Nummular eczema"", ""Onychomycosis"", ""Palmar lichen planus"", ""Palmar plantar pustulosis"", ""Paresthetica"", ""Paronychia"", ""Pellagra"", ""Pemphigus foliaceus"", ""Pemphigus vegetans"", ""Pemphigus vulgaris"", ""Periductal mastitis"", ""Perifollicular elastolysis"", ""Perioral dermatitis"", ""Perniosis"", ""Peutz-Jeghers syndrome"", ""Photoallergic skin reaction"", ""Photodermatitis"", ""Photolichenoid drug eruption"", ""Phototoxic skin reaction"", ""Phytophotodermatitis"", ""Pigmented purpuric dermatoses"", ""Pigmented villonodular synovitis"", ""Pilar cyst"", ""Pilomatricoma"", ""Pityriasis lichenoides chronica"", ""Pityriasis lichenoides et varioliformis acuta"", ""Pityriasis lichenoides et varioliformis acuta (PLEVA)"", ""Pityriasis rosea"", ""Plexiform neurofibroma"", ""Poison ivy allergic contact dermatitis"", ""Polymorphous light eruption"", ""Post-inflammatory elastolysis"", ""Post-inflammatory hyperpigmentation"", ""Postinflammatory hyperpigmentation"", ""Postinflammatory hypomelanosis"", ""Pressure bullae (coma bullae)"", ""Pretibial myxedema"", ""Proderma gangraneosum"", ""Prurigo nodular"", ""Prurigo nodularis"", ""Prurigo pigmentosa"", ""Pseudoainhum"", ""Pseudomonas nail infection"", ""Pseudoxanthoma elasticum"", ""Psoriasis"", ""Psoriasis vulgaris"", ""Pustular psoriasis"", ""Pyoderma"", ""Pyoderma grangrenosum"", ""Pyogenic granuloma"", ""Raynaud disease"", ""Renal pruritus"", ""Rheumatoid arthritis"", ""Rombo syndrome"", ""Rosacea"", ""Sarcoidosis"", ""Scabies"", ""Scabies infestation"", ""Schnitzler syndrome"", ""Schwannomas"", ""Sch\u00f6pf-Schulz-Passarge syndrome"", ""Scleredema"", ""Scleroderma"", ""Scleroderma (systemic sclerosis)"", ""Scleromyxedema"", ""Scurvy"", ""Seborrheic dermatitis"", ""Seborrheic keratosis"", ""Secondary syphilis"", ""Segmental acne"", ""Senile nails"", ""Severe recessive dystrophic EB"", ""Shingles"", ""Shoe dermatitis"", ""Small plaque parapsoriasis"", ""Solar lentigo"", ""Solitary mastocytoma"", ""Spiradenoma"", ""Spitz nevus"", ""Squamous cell carcinoma"", ""Squamous cell carcinoma in situ"", ""Staphylococcal infection"", ""Stevens-Johnson syndrome"", ""Stiff-skin syndrome"", ""Subacute cutaneous lupus erythematosus"", ""Subcutaneous panniculitis-like T-cell lymphoma"", ""Subepidermal bullae"", ""Subungual hematoma"", ""Subungual melanoma"", ""Sweet syndrome"", ""Synovial cyst"", ""Synovial sarcoma"", ""Syphilis"", ""Syphilitic alopecia"", ""Syringocystadenoma papilliferum."", ""Systemic lupus erythematosus"", ""Systemic sclerosis"", ""S\u00e9zary syndrome"", ""Telogen effluvium"", ""Thrombocytopenic purpura"", ""Tinea"", ""Tinea capitis"", ""Tinea corporis"", ""Tinea incognito"", ""Tinea nigra"", ""Tinea versicolor"", ""Toxicodendron dermatitis"", ""Trachyonychia"", ""Traumatic lesions"", ""Traumatic wound"", ""Trichodento-osseous syndrome"", ""Trichofolliculoma"", ""Trichotillomania"", ""Tuberous sclerosis complex"", ""Type I minocycline hyperpigmentation"", ""Type II minocycline hyperpigmentation"", ""Type III minocycline hyperpigmentation"", ""Ulceroglandular tularemia"", ""Ulcers"", ""Urticarial vasculitis"", ""Varicella"", ""Varicella zoster virus infection"", ""Vascular hemorrhage"", ""Venous ulcer"", ""Vitiligo"", ""Warfarin-induced skin necrosis"", ""Warthin tumors"", ""Witkop tooth and nail syndrome"", ""X-linked ichthyosis"", ""Xanthelasma"", ""Xanthogranuloma"", ""Zosteriform herpes simplex"", ""neuroma""]","{""source_path"": ""/Users/alfred/Documents/baseline_model/external/meddxagent/ddxdriver/benchmarks/data/icraftmd/all_craft_md.jsonl"", ""source"": ""meddxagent_icraftmd_jsonl_v1"", ""answer_idx"": ""C""}"
icraft_md:105,icraft_md,"Age: 67 years
Sex: male
Chief complaint: A 67-year-old male presents with unrelenting itch present over the last 6 months","- A 67-year-old male presents with unrelenting itch present over the last 6 months
- He endorses weight loss and fatigue
- He denies any liver or kidney disease
- He denies exacerbation of itch with water
- A KOH scraping is performed which is negative for scabies
- Physical examination is significant for numerous punctate and linear erosions consistent with excoriations as well as diffuse shoddy lymphadenopathy.
- 1. The patient is a 67-year-old male.
- 2. The patient has experienced unrelenting itch for the last 6 months.
- 3. The patient endorses weight loss.
- 4. The patient endorses fatigue.
- 5. The patient denies any liver disease.
- 6. The patient denies any kidney disease.
- 7. The patient denies exacerbation of itch with water.
- 8. A KOH scraping was performed on the patient.
- 9. The KOH scraping is negative for scabies.
- 10. The physical examination shows numerous punctate and linear erosions.
- 11. The erosions are consistent with excoriations.
- 12. The physical examination shows diffuse shoddy lymphadenopathy.",Hodgkin lymphoma,"[""AELE unrelated to zinc deficiency"", ""Abscesses"", ""Acanthoma fissuratum"", ""Acanthosis nigricans"", ""Acne rosacea"", ""Acne vulgaris"", ""Acquired digital fibrokeratoma (ADFK)"", ""Acral lentiginous melanoma"", ""Acral melanoma"", ""Acral nevi"", ""Acrochordon"", ""Acrodermatitis continua of Hallopeau"", ""Acrodermatitis continua supperativa"", ""Acrodermatitis enteropathica"", ""Acrodermatitis enteropathica-like eruption (AELE)"", ""Actinic keratosis"", ""Acute Generalized Exanthematous Pustulosis"", ""Acute contact dermatitis"", ""Addison disease"", ""Adult-onset asthma with periocular xanthogranuloma"", ""Adult-onset xanthogranuloma"", ""Allergic contact dermatitis"", ""Alopecia"", ""Alopecia areata"", ""Amelanotic melanoma"", ""Amyloidosis cutis dyschromica"", ""Androgenetic alopecia"", ""Anetoderma"", ""Anetoderma associated with SLE"", ""Angiolipoma"", ""Animal pox infection"", ""Arterial ulcer"", ""Ataxia-telangiectasia"", ""Atopic dermatitis"", ""Atypical fibroxanthoma"", ""Autoimmune bullous dermatoses"", ""Bacillary angiomatosis"", ""Bacterial endocarditis"", ""Bacterial sepsis"", ""Bandler syndrome"", ""Basal cell carcinoma"", ""Bazex-Dupre-Christol syndrome"", ""Becker nevus"", ""Birt-Hogg-Dube syndrome"", ""Blastomycosis"", ""Bloom syndrome"", ""Bowen\u2019s disease"", ""Brittle nails"", ""Bullosis diabeticorum"", ""Bullous arthropod assault"", ""Bullous arthropod bites"", ""Bullous erythema multiforme"", ""Bullous impetigo"", ""Bullous leukocytoclastic vasculitis"", ""Bullous pemphigoid"", ""Caf\u00e9 au lait macules"", ""Calluses"", ""Cellulitis"", ""Central centrifugal cicatricial alopecia"", ""Chancroid"", ""Chemical burn"", ""Chilblains"", ""Cholestatic pruritus"", ""Chondrodermatitis nodularis helicis"", ""Chromomycosis"", ""Chronic eczema"", ""Chronic liver disease"", ""Chronic myelomonocytic leukemia"", ""Chronic paronychia"", ""Confluent and reticulated papillomatosis"", ""Congenital melanocytic nevi"", ""Congenital melanocytic nevus"", ""Congenital nipple inversion"", ""Congenital smooth muscle hamartomas"", ""Conradi-H\u00fcnermann-Happle syndrome"", ""Contact dermatitis"", ""Corticosteroid-induced atrophy"", ""Cryoglobulinemia"", ""Cutaneous Langerhans cell histiocytosis"", ""Cutaneous anthrax"", ""Cutaneous horn"", ""Cutaneous leishmaniasis"", ""Cutaneous lupus"", ""Cutaneous lupus erythematosus"", ""Cutaneous sarcoidosis"", ""Cutis laxa"", ""Cystic pleomorphic adenomas"", ""DNA Repair Syndromes"", ""Darier disease"", ""Dermatitis"", ""Dermatofibroma"", ""Dermatofibrosarcoma protuberans"", ""Dermatomyositis"", ""Dermatosis papulosa nigra"", ""Diabetic dermopathy"", ""Discoid lupus"", ""Discoid lupus erythematosus"", ""Disseminated intravascular coagulation"", ""Dowling-Degos disease"", ""Drug reaction with eosinophilia and systemic symptoms"", ""Drug-induced hypersensitivity syndrome"", ""Drug-induced photosensitivity"", ""Drug-induced pigmentation"", ""Duct ectasia"", ""Dyshidrosis"", ""Dyshidrotic eczema"", ""Dysplastic nevi"", ""Dysplastic nevus"", ""EBS-Dowling Meara"", ""ENPP1-mediated premature arterial calcification"", ""Eczema"", ""Eczema coxsackium"", ""Eczema herpeticum"", ""Ehlers Danlos Syndrome"", ""Ehlers-Danlos syndrome"", ""Epidermal nevus"", ""Epidermodysplasia verruciformis"", ""Epidermolysis bullosa"", ""Epidermolytic hyperkeratosis"", ""Equestrian perniosis"", ""Erdheim-Chester disease"", ""Erysipelas"", ""Erythema dyschromicum perstans"", ""Erythema induratum"", ""Erythema migrans"", ""Erythema multiforme major"", ""Erythema nodosum"", ""Erythrasma"", ""Extramammary Paget disease"", ""Facial demodicosis"", ""Familial dyskeratotic comedones"", ""Fibrous papule"", ""Fixed drug eruption"", ""Foreign body granuloma"", ""Fragile X Syndrome"", ""Frostbite"", ""Fungal infection"", ""GGXC-mediated coagulation factor deficiency"", ""Ganglion cyst"", ""Gangrene"", ""Geographic tongue"", ""Gianotti-Crosti syndrome"", ""Glomus tumor"", ""Glomus tumors"", ""Granuloma annulare"", ""Grover disease"", ""Guttate lichen sclerosus"", ""Guttate psoriasis"", ""Hailey-Hailey Disease"", ""Hailey-Hailey disease"", ""Hair-thread tourniquet syndrome"", ""Halo nevus"", ""Hematomas"", ""Henoch-Scholein vasculitis"", ""Hereditary hemorrhagic telangiectasia"", ""Herpes"", ""Herpes simplex viral lesions"", ""Herpes virus infection"", ""Herpes zoster"", ""Herpetic gingivostomatitis"", ""Herpetic whitlow"", ""Hidradenitis suppurativa"", ""Hidrocystoma"", ""Hidrocystomas"", ""Histoplasmosis"", ""Hodgkin lymphoma"", ""Hydroxychloroquine-induced hyperpigmentation"", ""Hypertrophic lichen planus"", ""Hypertrophic scar"", ""Hypohidrotic ectodermal dysplasia"", ""Ichthyosis vulgaris"", ""IgA vasculitis"", ""IgA-mediated small vessel vasculitis"", ""Immunobullous disease"", ""Impetigo"", ""Inflamed sebacous cysts"", ""Intertrigo"", ""Intradermal nevus"", ""Inverse psoriasis"", ""Irritant contact dermatitis"", ""Jacquet's dermatitis"", ""Junctional EB"", ""Juvenile dermatomyositis"", ""Juvenile spring eruption"", ""Juvenile xanthogranuloma"", ""Kaposi sarcoma"", ""Keloid"", ""Keloids"", ""Keratoacanthoma"", ""Keratoderma blenorrhagicum"", ""Keratoderma climactericum"", ""Keratolysis exfoliativa"", ""Keratosis pilaris"", ""Lamellar ichthyosis"", ""Langerhans cell histiocytosis"", ""Laugier-Hunziker syndrome"", ""Leishmaniasis"", ""Lentigines"", ""Leprosy"", ""Levamisole-induced antineutrophil cytoplasmic antibody vasculitis"", ""Lichen amyloidosis"", ""Lichen nitidus"", ""Lichen planus"", ""Lichen sclerosus"", ""Lichen sclerosus et atrophicus"", ""Lichen simplex chronicus"", ""Lichen striatus"", ""Lichenoid drug eruption"", ""Lipodermatosclerosis"", ""Lipoma"", ""Lobular capillary hemangioma"", ""Localized granuloma annulare"", ""Localized pruritus"", ""Lupus"", ""Lupus erythematosus"", ""Lupus profundus"", ""Lymphogranuloma venereum"", ""Lymphomatoid papulosis"", ""Macular amyloidosis"", ""Maculopapular drug eruption"", ""Marshall syndrome"", ""Mastocytoma"", ""McCune-Albright Syndrome"", ""McCune-Albright syndrome"", ""Median rhomboid glossitis"", ""Medication induced hyperpigmentation"", ""Melanocytic nevi"", ""Melanoma"", ""Melanonychia"", ""Melasma"", ""Meningococcemia"", ""Mid-dermal elastolysis"", ""Molluscum contagiosum"", ""Morbilliform eruption"", ""Morphea"", ""Mucous retention cysts"", ""Multiple endocrine neoplasia type 1"", ""Mycoplasma pneumoniae-induced rash and mucositis"", ""Mycosis fungoides"", ""Myiasis"", ""Necrobiosis lipoidica"", ""Necrobiosis lipoidica diabeticorum"", ""Necrobiotic xanthogranuloma (NXG)"", ""Nephrogenic systemic fibrosis"", ""Neurofibromatosis Type I"", ""Neurofibromatosis Type II"", ""Neurofibromatosis type 1"", ""Nevus comedonicus"", ""Nevus depigmentosus"", ""Nevus sebaceous"", ""Nicolau-Balus syndrome"", ""Nipple hyperkeratosis"", ""Nipple inversion secondary to neglected malignancy"", ""Nocardiosis"", ""Nodulocystic basal cell carcinoma"", ""Noonan Syndrome"", ""Nummular Eczema"", ""Nummular dermatitis"", ""Nummular eczema"", ""Onychomycosis"", ""Palmar lichen planus"", ""Palmar plantar pustulosis"", ""Paresthetica"", ""Paronychia"", ""Pellagra"", ""Pemphigus foliaceus"", ""Pemphigus vegetans"", ""Pemphigus vulgaris"", ""Periductal mastitis"", ""Perifollicular elastolysis"", ""Perioral dermatitis"", ""Perniosis"", ""Peutz-Jeghers syndrome"", ""Photoallergic skin reaction"", ""Photodermatitis"", ""Photolichenoid drug eruption"", ""Phototoxic skin reaction"", ""Phytophotodermatitis"", ""Pigmented purpuric dermatoses"", ""Pigmented villonodular synovitis"", ""Pilar cyst"", ""Pilomatricoma"", ""Pityriasis lichenoides chronica"", ""Pityriasis lichenoides et varioliformis acuta"", ""Pityriasis lichenoides et varioliformis acuta (PLEVA)"", ""Pityriasis rosea"", ""Plexiform neurofibroma"", ""Poison ivy allergic contact dermatitis"", ""Polymorphous light eruption"", ""Post-inflammatory elastolysis"", ""Post-inflammatory hyperpigmentation"", ""Postinflammatory hyperpigmentation"", ""Postinflammatory hypomelanosis"", ""Pressure bullae (coma bullae)"", ""Pretibial myxedema"", ""Proderma gangraneosum"", ""Prurigo nodular"", ""Prurigo nodularis"", ""Prurigo pigmentosa"", ""Pseudoainhum"", ""Pseudomonas nail infection"", ""Pseudoxanthoma elasticum"", ""Psoriasis"", ""Psoriasis vulgaris"", ""Pustular psoriasis"", ""Pyoderma"", ""Pyoderma grangrenosum"", ""Pyogenic granuloma"", ""Raynaud disease"", ""Renal pruritus"", ""Rheumatoid arthritis"", ""Rombo syndrome"", ""Rosacea"", ""Sarcoidosis"", ""Scabies"", ""Scabies infestation"", ""Schnitzler syndrome"", ""Schwannomas"", ""Sch\u00f6pf-Schulz-Passarge syndrome"", ""Scleredema"", ""Scleroderma"", ""Scleroderma (systemic sclerosis)"", ""Scleromyxedema"", ""Scurvy"", ""Seborrheic dermatitis"", ""Seborrheic keratosis"", ""Secondary syphilis"", ""Segmental acne"", ""Senile nails"", ""Severe recessive dystrophic EB"", ""Shingles"", ""Shoe dermatitis"", ""Small plaque parapsoriasis"", ""Solar lentigo"", ""Solitary mastocytoma"", ""Spiradenoma"", ""Spitz nevus"", ""Squamous cell carcinoma"", ""Squamous cell carcinoma in situ"", ""Staphylococcal infection"", ""Stevens-Johnson syndrome"", ""Stiff-skin syndrome"", ""Subacute cutaneous lupus erythematosus"", ""Subcutaneous panniculitis-like T-cell lymphoma"", ""Subepidermal bullae"", ""Subungual hematoma"", ""Subungual melanoma"", ""Sweet syndrome"", ""Synovial cyst"", ""Synovial sarcoma"", ""Syphilis"", ""Syphilitic alopecia"", ""Syringocystadenoma papilliferum."", ""Systemic lupus erythematosus"", ""Systemic sclerosis"", ""S\u00e9zary syndrome"", ""Telogen effluvium"", ""Thrombocytopenic purpura"", ""Tinea"", ""Tinea capitis"", ""Tinea corporis"", ""Tinea incognito"", ""Tinea nigra"", ""Tinea versicolor"", ""Toxicodendron dermatitis"", ""Trachyonychia"", ""Traumatic lesions"", ""Traumatic wound"", ""Trichodento-osseous syndrome"", ""Trichofolliculoma"", ""Trichotillomania"", ""Tuberous sclerosis complex"", ""Type I minocycline hyperpigmentation"", ""Type II minocycline hyperpigmentation"", ""Type III minocycline hyperpigmentation"", ""Ulceroglandular tularemia"", ""Ulcers"", ""Urticarial vasculitis"", ""Varicella"", ""Varicella zoster virus infection"", ""Vascular hemorrhage"", ""Venous ulcer"", ""Vitiligo"", ""Warfarin-induced skin necrosis"", ""Warthin tumors"", ""Witkop tooth and nail syndrome"", ""X-linked ichthyosis"", ""Xanthelasma"", ""Xanthogranuloma"", ""Zosteriform herpes simplex"", ""neuroma""]","{""source_path"": ""/Users/alfred/Documents/baseline_model/external/meddxagent/ddxdriver/benchmarks/data/icraftmd/all_craft_md.jsonl"", ""source"": ""meddxagent_icraftmd_jsonl_v1"", ""answer_idx"": ""D""}"
icraft_md:110,icraft_md,"Age: 25 years
Sex: male
Chief complaint: A 25-year-old male presents with 2 years of pruriginous erythematous plaques with silver scales on elbows, knees and buttocks","- A 25-year-old male presents with 2 years of pruriginous erythematous plaques with silver scales on elbows, knees and buttocks
- He says that his father is known for hand and back arthritis
- He denies personal and family history of dermatology conditions and atopy
- Physical exam reveals pitting on all 10 fingernails.
- 1. The patient is a 25-year-old male.
- 2. The patient has had pruriginous erythematous plaques for 2 years.
- 3. The plaques have silver scales.
- 4. The plaques are located on the patient's elbows.
- 5. The plaques are located on the patient's knees.
- 6. The plaques are located on the patient's buttocks.
- 7. The patient's father has hand arthritis.
- 8. The patient's father has back arthritis.
- 9. The patient denies a personal history of dermatology conditions.
- 10. The patient denies a family history of dermatology conditions.
- 11. The patient denies a personal history of atopy.
- 12. The patient denies a family history of atopy.
- 13. Physical exam reveals pitting on all 10 of the patient's fingernails.",Psoriasis vulgaris,"[""AELE unrelated to zinc deficiency"", ""Abscesses"", ""Acanthoma fissuratum"", ""Acanthosis nigricans"", ""Acne rosacea"", ""Acne vulgaris"", ""Acquired digital fibrokeratoma (ADFK)"", ""Acral lentiginous melanoma"", ""Acral melanoma"", ""Acral nevi"", ""Acrochordon"", ""Acrodermatitis continua of Hallopeau"", ""Acrodermatitis continua supperativa"", ""Acrodermatitis enteropathica"", ""Acrodermatitis enteropathica-like eruption (AELE)"", ""Actinic keratosis"", ""Acute Generalized Exanthematous Pustulosis"", ""Acute contact dermatitis"", ""Addison disease"", ""Adult-onset asthma with periocular xanthogranuloma"", ""Adult-onset xanthogranuloma"", ""Allergic contact dermatitis"", ""Alopecia"", ""Alopecia areata"", ""Amelanotic melanoma"", ""Amyloidosis cutis dyschromica"", ""Androgenetic alopecia"", ""Anetoderma"", ""Anetoderma associated with SLE"", ""Angiolipoma"", ""Animal pox infection"", ""Arterial ulcer"", ""Ataxia-telangiectasia"", ""Atopic dermatitis"", ""Atypical fibroxanthoma"", ""Autoimmune bullous dermatoses"", ""Bacillary angiomatosis"", ""Bacterial endocarditis"", ""Bacterial sepsis"", ""Bandler syndrome"", ""Basal cell carcinoma"", ""Bazex-Dupre-Christol syndrome"", ""Becker nevus"", ""Birt-Hogg-Dube syndrome"", ""Blastomycosis"", ""Bloom syndrome"", ""Bowen\u2019s disease"", ""Brittle nails"", ""Bullosis diabeticorum"", ""Bullous arthropod assault"", ""Bullous arthropod bites"", ""Bullous erythema multiforme"", ""Bullous impetigo"", ""Bullous leukocytoclastic vasculitis"", ""Bullous pemphigoid"", ""Caf\u00e9 au lait macules"", ""Calluses"", ""Cellulitis"", ""Central centrifugal cicatricial alopecia"", ""Chancroid"", ""Chemical burn"", ""Chilblains"", ""Cholestatic pruritus"", ""Chondrodermatitis nodularis helicis"", ""Chromomycosis"", ""Chronic eczema"", ""Chronic liver disease"", ""Chronic myelomonocytic leukemia"", ""Chronic paronychia"", ""Confluent and reticulated papillomatosis"", ""Congenital melanocytic nevi"", ""Congenital melanocytic nevus"", ""Congenital nipple inversion"", ""Congenital smooth muscle hamartomas"", ""Conradi-H\u00fcnermann-Happle syndrome"", ""Contact dermatitis"", ""Corticosteroid-induced atrophy"", ""Cryoglobulinemia"", ""Cutaneous Langerhans cell histiocytosis"", ""Cutaneous anthrax"", ""Cutaneous horn"", ""Cutaneous leishmaniasis"", ""Cutaneous lupus"", ""Cutaneous lupus erythematosus"", ""Cutaneous sarcoidosis"", ""Cutis laxa"", ""Cystic pleomorphic adenomas"", ""DNA Repair Syndromes"", ""Darier disease"", ""Dermatitis"", ""Dermatofibroma"", ""Dermatofibrosarcoma protuberans"", ""Dermatomyositis"", ""Dermatosis papulosa nigra"", ""Diabetic dermopathy"", ""Discoid lupus"", ""Discoid lupus erythematosus"", ""Disseminated intravascular coagulation"", ""Dowling-Degos disease"", ""Drug reaction with eosinophilia and systemic symptoms"", ""Drug-induced hypersensitivity syndrome"", ""Drug-induced photosensitivity"", ""Drug-induced pigmentation"", ""Duct ectasia"", ""Dyshidrosis"", ""Dyshidrotic eczema"", ""Dysplastic nevi"", ""Dysplastic nevus"", ""EBS-Dowling Meara"", ""ENPP1-mediated premature arterial calcification"", ""Eczema"", ""Eczema coxsackium"", ""Eczema herpeticum"", ""Ehlers Danlos Syndrome"", ""Ehlers-Danlos syndrome"", ""Epidermal nevus"", ""Epidermodysplasia verruciformis"", ""Epidermolysis bullosa"", ""Epidermolytic hyperkeratosis"", ""Equestrian perniosis"", ""Erdheim-Chester disease"", ""Erysipelas"", ""Erythema dyschromicum perstans"", ""Erythema induratum"", ""Erythema migrans"", ""Erythema multiforme major"", ""Erythema nodosum"", ""Erythrasma"", ""Extramammary Paget disease"", ""Facial demodicosis"", ""Familial dyskeratotic comedones"", ""Fibrous papule"", ""Fixed drug eruption"", ""Foreign body granuloma"", ""Fragile X Syndrome"", ""Frostbite"", ""Fungal infection"", ""GGXC-mediated coagulation factor deficiency"", ""Ganglion cyst"", ""Gangrene"", ""Geographic tongue"", ""Gianotti-Crosti syndrome"", ""Glomus tumor"", ""Glomus tumors"", ""Granuloma annulare"", ""Grover disease"", ""Guttate lichen sclerosus"", ""Guttate psoriasis"", ""Hailey-Hailey Disease"", ""Hailey-Hailey disease"", ""Hair-thread tourniquet syndrome"", ""Halo nevus"", ""Hematomas"", ""Henoch-Scholein vasculitis"", ""Hereditary hemorrhagic telangiectasia"", ""Herpes"", ""Herpes simplex viral lesions"", ""Herpes virus infection"", ""Herpes zoster"", ""Herpetic gingivostomatitis"", ""Herpetic whitlow"", ""Hidradenitis suppurativa"", ""Hidrocystoma"", ""Hidrocystomas"", ""Histoplasmosis"", ""Hodgkin lymphoma"", ""Hydroxychloroquine-induced hyperpigmentation"", ""Hypertrophic lichen planus"", ""Hypertrophic scar"", ""Hypohidrotic ectodermal dysplasia"", ""Ichthyosis vulgaris"", ""IgA vasculitis"", ""IgA-mediated small vessel vasculitis"", ""Immunobullous disease"", ""Impetigo"", ""Inflamed sebacous cysts"", ""Intertrigo"", ""Intradermal nevus"", ""Inverse psoriasis"", ""Irritant contact dermatitis"", ""Jacquet's dermatitis"", ""Junctional EB"", ""Juvenile dermatomyositis"", ""Juvenile spring eruption"", ""Juvenile xanthogranuloma"", ""Kaposi sarcoma"", ""Keloid"", ""Keloids"", ""Keratoacanthoma"", ""Keratoderma blenorrhagicum"", ""Keratoderma climactericum"", ""Keratolysis exfoliativa"", ""Keratosis pilaris"", ""Lamellar ichthyosis"", ""Langerhans cell histiocytosis"", ""Laugier-Hunziker syndrome"", ""Leishmaniasis"", ""Lentigines"", ""Leprosy"", ""Levamisole-induced antineutrophil cytoplasmic antibody vasculitis"", ""Lichen amyloidosis"", ""Lichen nitidus"", ""Lichen planus"", ""Lichen sclerosus"", ""Lichen sclerosus et atrophicus"", ""Lichen simplex chronicus"", ""Lichen striatus"", ""Lichenoid drug eruption"", ""Lipodermatosclerosis"", ""Lipoma"", ""Lobular capillary hemangioma"", ""Localized granuloma annulare"", ""Localized pruritus"", ""Lupus"", ""Lupus erythematosus"", ""Lupus profundus"", ""Lymphogranuloma venereum"", ""Lymphomatoid papulosis"", ""Macular amyloidosis"", ""Maculopapular drug eruption"", ""Marshall syndrome"", ""Mastocytoma"", ""McCune-Albright Syndrome"", ""McCune-Albright syndrome"", ""Median rhomboid glossitis"", ""Medication induced hyperpigmentation"", ""Melanocytic nevi"", ""Melanoma"", ""Melanonychia"", ""Melasma"", ""Meningococcemia"", ""Mid-dermal elastolysis"", ""Molluscum contagiosum"", ""Morbilliform eruption"", ""Morphea"", ""Mucous retention cysts"", ""Multiple endocrine neoplasia type 1"", ""Mycoplasma pneumoniae-induced rash and mucositis"", ""Mycosis fungoides"", ""Myiasis"", ""Necrobiosis lipoidica"", ""Necrobiosis lipoidica diabeticorum"", ""Necrobiotic xanthogranuloma (NXG)"", ""Nephrogenic systemic fibrosis"", ""Neurofibromatosis Type I"", ""Neurofibromatosis Type II"", ""Neurofibromatosis type 1"", ""Nevus comedonicus"", ""Nevus depigmentosus"", ""Nevus sebaceous"", ""Nicolau-Balus syndrome"", ""Nipple hyperkeratosis"", ""Nipple inversion secondary to neglected malignancy"", ""Nocardiosis"", ""Nodulocystic basal cell carcinoma"", ""Noonan Syndrome"", ""Nummular Eczema"", ""Nummular dermatitis"", ""Nummular eczema"", ""Onychomycosis"", ""Palmar lichen planus"", ""Palmar plantar pustulosis"", ""Paresthetica"", ""Paronychia"", ""Pellagra"", ""Pemphigus foliaceus"", ""Pemphigus vegetans"", ""Pemphigus vulgaris"", ""Periductal mastitis"", ""Perifollicular elastolysis"", ""Perioral dermatitis"", ""Perniosis"", ""Peutz-Jeghers syndrome"", ""Photoallergic skin reaction"", ""Photodermatitis"", ""Photolichenoid drug eruption"", ""Phototoxic skin reaction"", ""Phytophotodermatitis"", ""Pigmented purpuric dermatoses"", ""Pigmented villonodular synovitis"", ""Pilar cyst"", ""Pilomatricoma"", ""Pityriasis lichenoides chronica"", ""Pityriasis lichenoides et varioliformis acuta"", ""Pityriasis lichenoides et varioliformis acuta (PLEVA)"", ""Pityriasis rosea"", ""Plexiform neurofibroma"", ""Poison ivy allergic contact dermatitis"", ""Polymorphous light eruption"", ""Post-inflammatory elastolysis"", ""Post-inflammatory hyperpigmentation"", ""Postinflammatory hyperpigmentation"", ""Postinflammatory hypomelanosis"", ""Pressure bullae (coma bullae)"", ""Pretibial myxedema"", ""Proderma gangraneosum"", ""Prurigo nodular"", ""Prurigo nodularis"", ""Prurigo pigmentosa"", ""Pseudoainhum"", ""Pseudomonas nail infection"", ""Pseudoxanthoma elasticum"", ""Psoriasis"", ""Psoriasis vulgaris"", ""Pustular psoriasis"", ""Pyoderma"", ""Pyoderma grangrenosum"", ""Pyogenic granuloma"", ""Raynaud disease"", ""Renal pruritus"", ""Rheumatoid arthritis"", ""Rombo syndrome"", ""Rosacea"", ""Sarcoidosis"", ""Scabies"", ""Scabies infestation"", ""Schnitzler syndrome"", ""Schwannomas"", ""Sch\u00f6pf-Schulz-Passarge syndrome"", ""Scleredema"", ""Scleroderma"", ""Scleroderma (systemic sclerosis)"", ""Scleromyxedema"", ""Scurvy"", ""Seborrheic dermatitis"", ""Seborrheic keratosis"", ""Secondary syphilis"", ""Segmental acne"", ""Senile nails"", ""Severe recessive dystrophic EB"", ""Shingles"", ""Shoe dermatitis"", ""Small plaque parapsoriasis"", ""Solar lentigo"", ""Solitary mastocytoma"", ""Spiradenoma"", ""Spitz nevus"", ""Squamous cell carcinoma"", ""Squamous cell carcinoma in situ"", ""Staphylococcal infection"", ""Stevens-Johnson syndrome"", ""Stiff-skin syndrome"", ""Subacute cutaneous lupus erythematosus"", ""Subcutaneous panniculitis-like T-cell lymphoma"", ""Subepidermal bullae"", ""Subungual hematoma"", ""Subungual melanoma"", ""Sweet syndrome"", ""Synovial cyst"", ""Synovial sarcoma"", ""Syphilis"", ""Syphilitic alopecia"", ""Syringocystadenoma papilliferum."", ""Systemic lupus erythematosus"", ""Systemic sclerosis"", ""S\u00e9zary syndrome"", ""Telogen effluvium"", ""Thrombocytopenic purpura"", ""Tinea"", ""Tinea capitis"", ""Tinea corporis"", ""Tinea incognito"", ""Tinea nigra"", ""Tinea versicolor"", ""Toxicodendron dermatitis"", ""Trachyonychia"", ""Traumatic lesions"", ""Traumatic wound"", ""Trichodento-osseous syndrome"", ""Trichofolliculoma"", ""Trichotillomania"", ""Tuberous sclerosis complex"", ""Type I minocycline hyperpigmentation"", ""Type II minocycline hyperpigmentation"", ""Type III minocycline hyperpigmentation"", ""Ulceroglandular tularemia"", ""Ulcers"", ""Urticarial vasculitis"", ""Varicella"", ""Varicella zoster virus infection"", ""Vascular hemorrhage"", ""Venous ulcer"", ""Vitiligo"", ""Warfarin-induced skin necrosis"", ""Warthin tumors"", ""Witkop tooth and nail syndrome"", ""X-linked ichthyosis"", ""Xanthelasma"", ""Xanthogranuloma"", ""Zosteriform herpes simplex"", ""neuroma""]","{""source_path"": ""/Users/alfred/Documents/baseline_model/external/meddxagent/ddxdriver/benchmarks/data/icraftmd/all_craft_md.jsonl"", ""source"": ""meddxagent_icraftmd_jsonl_v1"", ""answer_idx"": ""B""}"
icraft_md:111,icraft_md,"Age: 60 years
Sex: female
Chief complaint: A 60-year-old female presents with a non-healing painful ulcer on her right leg for 4 months","- A 60-year-old female presents with a non-healing painful ulcer on her right leg for 4 months
- She says she first noticed it after she accidentally bumped into a chair
- She is known for rheumatoid arthritis and hypertension, and has taken methotrexate and bisoprolol for years
- According to the patient, oral antibiotics and wound debridement have only increase the size of the ulcer
- Physical exam reveals a 5x5 cm fibrinous ulcer with violaceous undermined borders on her right shin.
- 1. The patient is a 60-year-old female.
- 2. The patient presents with a non-healing painful ulcer.
- 3. The ulcer is located on her right leg.
- 4. The ulcer has been present for 4 months.
- 5. The patient first noticed the ulcer after bumping into a chair.
- 6. The patient has a history of rheumatoid arthritis.
- 7. The patient has a history of hypertension.
- 8. The patient has been taking methotrexate for years.
- 9. The patient has been taking bisoprolol for years.
- 10. The patient has tried oral antibiotics for the ulcer.
- 11. The patient has undergone wound debridement for the ulcer.
- 12. The ulcer increased in size after treatments with antibiotics and debridement.
- 13. Physical exam shows the ulcer measures 5x5 cm.
- 14. The ulcer has fibrinous characteristics.
- 15. The ulcer has violaceous undermined borders.
- 16. The ulcer is located on the patient's right shin.",Pyoderma grangrenosum,"[""AELE unrelated to zinc deficiency"", ""Abscesses"", ""Acanthoma fissuratum"", ""Acanthosis nigricans"", ""Acne rosacea"", ""Acne vulgaris"", ""Acquired digital fibrokeratoma (ADFK)"", ""Acral lentiginous melanoma"", ""Acral melanoma"", ""Acral nevi"", ""Acrochordon"", ""Acrodermatitis continua of Hallopeau"", ""Acrodermatitis continua supperativa"", ""Acrodermatitis enteropathica"", ""Acrodermatitis enteropathica-like eruption (AELE)"", ""Actinic keratosis"", ""Acute Generalized Exanthematous Pustulosis"", ""Acute contact dermatitis"", ""Addison disease"", ""Adult-onset asthma with periocular xanthogranuloma"", ""Adult-onset xanthogranuloma"", ""Allergic contact dermatitis"", ""Alopecia"", ""Alopecia areata"", ""Amelanotic melanoma"", ""Amyloidosis cutis dyschromica"", ""Androgenetic alopecia"", ""Anetoderma"", ""Anetoderma associated with SLE"", ""Angiolipoma"", ""Animal pox infection"", ""Arterial ulcer"", ""Ataxia-telangiectasia"", ""Atopic dermatitis"", ""Atypical fibroxanthoma"", ""Autoimmune bullous dermatoses"", ""Bacillary angiomatosis"", ""Bacterial endocarditis"", ""Bacterial sepsis"", ""Bandler syndrome"", ""Basal cell carcinoma"", ""Bazex-Dupre-Christol syndrome"", ""Becker nevus"", ""Birt-Hogg-Dube syndrome"", ""Blastomycosis"", ""Bloom syndrome"", ""Bowen\u2019s disease"", ""Brittle nails"", ""Bullosis diabeticorum"", ""Bullous arthropod assault"", ""Bullous arthropod bites"", ""Bullous erythema multiforme"", ""Bullous impetigo"", ""Bullous leukocytoclastic vasculitis"", ""Bullous pemphigoid"", ""Caf\u00e9 au lait macules"", ""Calluses"", ""Cellulitis"", ""Central centrifugal cicatricial alopecia"", ""Chancroid"", ""Chemical burn"", ""Chilblains"", ""Cholestatic pruritus"", ""Chondrodermatitis nodularis helicis"", ""Chromomycosis"", ""Chronic eczema"", ""Chronic liver disease"", ""Chronic myelomonocytic leukemia"", ""Chronic paronychia"", ""Confluent and reticulated papillomatosis"", ""Congenital melanocytic nevi"", ""Congenital melanocytic nevus"", ""Congenital nipple inversion"", ""Congenital smooth muscle hamartomas"", ""Conradi-H\u00fcnermann-Happle syndrome"", ""Contact dermatitis"", ""Corticosteroid-induced atrophy"", ""Cryoglobulinemia"", ""Cutaneous Langerhans cell histiocytosis"", ""Cutaneous anthrax"", ""Cutaneous horn"", ""Cutaneous leishmaniasis"", ""Cutaneous lupus"", ""Cutaneous lupus erythematosus"", ""Cutaneous sarcoidosis"", ""Cutis laxa"", ""Cystic pleomorphic adenomas"", ""DNA Repair Syndromes"", ""Darier disease"", ""Dermatitis"", ""Dermatofibroma"", ""Dermatofibrosarcoma protuberans"", ""Dermatomyositis"", ""Dermatosis papulosa nigra"", ""Diabetic dermopathy"", ""Discoid lupus"", ""Discoid lupus erythematosus"", ""Disseminated intravascular coagulation"", ""Dowling-Degos disease"", ""Drug reaction with eosinophilia and systemic symptoms"", ""Drug-induced hypersensitivity syndrome"", ""Drug-induced photosensitivity"", ""Drug-induced pigmentation"", ""Duct ectasia"", ""Dyshidrosis"", ""Dyshidrotic eczema"", ""Dysplastic nevi"", ""Dysplastic nevus"", ""EBS-Dowling Meara"", ""ENPP1-mediated premature arterial calcification"", ""Eczema"", ""Eczema coxsackium"", ""Eczema herpeticum"", ""Ehlers Danlos Syndrome"", ""Ehlers-Danlos syndrome"", ""Epidermal nevus"", ""Epidermodysplasia verruciformis"", ""Epidermolysis bullosa"", ""Epidermolytic hyperkeratosis"", ""Equestrian perniosis"", ""Erdheim-Chester disease"", ""Erysipelas"", ""Erythema dyschromicum perstans"", ""Erythema induratum"", ""Erythema migrans"", ""Erythema multiforme major"", ""Erythema nodosum"", ""Erythrasma"", ""Extramammary Paget disease"", ""Facial demodicosis"", ""Familial dyskeratotic comedones"", ""Fibrous papule"", ""Fixed drug eruption"", ""Foreign body granuloma"", ""Fragile X Syndrome"", ""Frostbite"", ""Fungal infection"", ""GGXC-mediated coagulation factor deficiency"", ""Ganglion cyst"", ""Gangrene"", ""Geographic tongue"", ""Gianotti-Crosti syndrome"", ""Glomus tumor"", ""Glomus tumors"", ""Granuloma annulare"", ""Grover disease"", ""Guttate lichen sclerosus"", ""Guttate psoriasis"", ""Hailey-Hailey Disease"", ""Hailey-Hailey disease"", ""Hair-thread tourniquet syndrome"", ""Halo nevus"", ""Hematomas"", ""Henoch-Scholein vasculitis"", ""Hereditary hemorrhagic telangiectasia"", ""Herpes"", ""Herpes simplex viral lesions"", ""Herpes virus infection"", ""Herpes zoster"", ""Herpetic gingivostomatitis"", ""Herpetic whitlow"", ""Hidradenitis suppurativa"", ""Hidrocystoma"", ""Hidrocystomas"", ""Histoplasmosis"", ""Hodgkin lymphoma"", ""Hydroxychloroquine-induced hyperpigmentation"", ""Hypertrophic lichen planus"", ""Hypertrophic scar"", ""Hypohidrotic ectodermal dysplasia"", ""Ichthyosis vulgaris"", ""IgA vasculitis"", ""IgA-mediated small vessel vasculitis"", ""Immunobullous disease"", ""Impetigo"", ""Inflamed sebacous cysts"", ""Intertrigo"", ""Intradermal nevus"", ""Inverse psoriasis"", ""Irritant contact dermatitis"", ""Jacquet's dermatitis"", ""Junctional EB"", ""Juvenile dermatomyositis"", ""Juvenile spring eruption"", ""Juvenile xanthogranuloma"", ""Kaposi sarcoma"", ""Keloid"", ""Keloids"", ""Keratoacanthoma"", ""Keratoderma blenorrhagicum"", ""Keratoderma climactericum"", ""Keratolysis exfoliativa"", ""Keratosis pilaris"", ""Lamellar ichthyosis"", ""Langerhans cell histiocytosis"", ""Laugier-Hunziker syndrome"", ""Leishmaniasis"", ""Lentigines"", ""Leprosy"", ""Levamisole-induced antineutrophil cytoplasmic antibody vasculitis"", ""Lichen amyloidosis"", ""Lichen nitidus"", ""Lichen planus"", ""Lichen sclerosus"", ""Lichen sclerosus et atrophicus"", ""Lichen simplex chronicus"", ""Lichen striatus"", ""Lichenoid drug eruption"", ""Lipodermatosclerosis"", ""Lipoma"", ""Lobular capillary hemangioma"", ""Localized granuloma annulare"", ""Localized pruritus"", ""Lupus"", ""Lupus erythematosus"", ""Lupus profundus"", ""Lymphogranuloma venereum"", ""Lymphomatoid papulosis"", ""Macular amyloidosis"", ""Maculopapular drug eruption"", ""Marshall syndrome"", ""Mastocytoma"", ""McCune-Albright Syndrome"", ""McCune-Albright syndrome"", ""Median rhomboid glossitis"", ""Medication induced hyperpigmentation"", ""Melanocytic nevi"", ""Melanoma"", ""Melanonychia"", ""Melasma"", ""Meningococcemia"", ""Mid-dermal elastolysis"", ""Molluscum contagiosum"", ""Morbilliform eruption"", ""Morphea"", ""Mucous retention cysts"", ""Multiple endocrine neoplasia type 1"", ""Mycoplasma pneumoniae-induced rash and mucositis"", ""Mycosis fungoides"", ""Myiasis"", ""Necrobiosis lipoidica"", ""Necrobiosis lipoidica diabeticorum"", ""Necrobiotic xanthogranuloma (NXG)"", ""Nephrogenic systemic fibrosis"", ""Neurofibromatosis Type I"", ""Neurofibromatosis Type II"", ""Neurofibromatosis type 1"", ""Nevus comedonicus"", ""Nevus depigmentosus"", ""Nevus sebaceous"", ""Nicolau-Balus syndrome"", ""Nipple hyperkeratosis"", ""Nipple inversion secondary to neglected malignancy"", ""Nocardiosis"", ""Nodulocystic basal cell carcinoma"", ""Noonan Syndrome"", ""Nummular Eczema"", ""Nummular dermatitis"", ""Nummular eczema"", ""Onychomycosis"", ""Palmar lichen planus"", ""Palmar plantar pustulosis"", ""Paresthetica"", ""Paronychia"", ""Pellagra"", ""Pemphigus foliaceus"", ""Pemphigus vegetans"", ""Pemphigus vulgaris"", ""Periductal mastitis"", ""Perifollicular elastolysis"", ""Perioral dermatitis"", ""Perniosis"", ""Peutz-Jeghers syndrome"", ""Photoallergic skin reaction"", ""Photodermatitis"", ""Photolichenoid drug eruption"", ""Phototoxic skin reaction"", ""Phytophotodermatitis"", ""Pigmented purpuric dermatoses"", ""Pigmented villonodular synovitis"", ""Pilar cyst"", ""Pilomatricoma"", ""Pityriasis lichenoides chronica"", ""Pityriasis lichenoides et varioliformis acuta"", ""Pityriasis lichenoides et varioliformis acuta (PLEVA)"", ""Pityriasis rosea"", ""Plexiform neurofibroma"", ""Poison ivy allergic contact dermatitis"", ""Polymorphous light eruption"", ""Post-inflammatory elastolysis"", ""Post-inflammatory hyperpigmentation"", ""Postinflammatory hyperpigmentation"", ""Postinflammatory hypomelanosis"", ""Pressure bullae (coma bullae)"", ""Pretibial myxedema"", ""Proderma gangraneosum"", ""Prurigo nodular"", ""Prurigo nodularis"", ""Prurigo pigmentosa"", ""Pseudoainhum"", ""Pseudomonas nail infection"", ""Pseudoxanthoma elasticum"", ""Psoriasis"", ""Psoriasis vulgaris"", ""Pustular psoriasis"", ""Pyoderma"", ""Pyoderma grangrenosum"", ""Pyogenic granuloma"", ""Raynaud disease"", ""Renal pruritus"", ""Rheumatoid arthritis"", ""Rombo syndrome"", ""Rosacea"", ""Sarcoidosis"", ""Scabies"", ""Scabies infestation"", ""Schnitzler syndrome"", ""Schwannomas"", ""Sch\u00f6pf-Schulz-Passarge syndrome"", ""Scleredema"", ""Scleroderma"", ""Scleroderma (systemic sclerosis)"", ""Scleromyxedema"", ""Scurvy"", ""Seborrheic dermatitis"", ""Seborrheic keratosis"", ""Secondary syphilis"", ""Segmental acne"", ""Senile nails"", ""Severe recessive dystrophic EB"", ""Shingles"", ""Shoe dermatitis"", ""Small plaque parapsoriasis"", ""Solar lentigo"", ""Solitary mastocytoma"", ""Spiradenoma"", ""Spitz nevus"", ""Squamous cell carcinoma"", ""Squamous cell carcinoma in situ"", ""Staphylococcal infection"", ""Stevens-Johnson syndrome"", ""Stiff-skin syndrome"", ""Subacute cutaneous lupus erythematosus"", ""Subcutaneous panniculitis-like T-cell lymphoma"", ""Subepidermal bullae"", ""Subungual hematoma"", ""Subungual melanoma"", ""Sweet syndrome"", ""Synovial cyst"", ""Synovial sarcoma"", ""Syphilis"", ""Syphilitic alopecia"", ""Syringocystadenoma papilliferum."", ""Systemic lupus erythematosus"", ""Systemic sclerosis"", ""S\u00e9zary syndrome"", ""Telogen effluvium"", ""Thrombocytopenic purpura"", ""Tinea"", ""Tinea capitis"", ""Tinea corporis"", ""Tinea incognito"", ""Tinea nigra"", ""Tinea versicolor"", ""Toxicodendron dermatitis"", ""Trachyonychia"", ""Traumatic lesions"", ""Traumatic wound"", ""Trichodento-osseous syndrome"", ""Trichofolliculoma"", ""Trichotillomania"", ""Tuberous sclerosis complex"", ""Type I minocycline hyperpigmentation"", ""Type II minocycline hyperpigmentation"", ""Type III minocycline hyperpigmentation"", ""Ulceroglandular tularemia"", ""Ulcers"", ""Urticarial vasculitis"", ""Varicella"", ""Varicella zoster virus infection"", ""Vascular hemorrhage"", ""Venous ulcer"", ""Vitiligo"", ""Warfarin-induced skin necrosis"", ""Warthin tumors"", ""Witkop tooth and nail syndrome"", ""X-linked ichthyosis"", ""Xanthelasma"", ""Xanthogranuloma"", ""Zosteriform herpes simplex"", ""neuroma""]","{""source_path"": ""/Users/alfred/Documents/baseline_model/external/meddxagent/ddxdriver/benchmarks/data/icraftmd/all_craft_md.jsonl"", ""source"": ""meddxagent_icraftmd_jsonl_v1"", ""answer_idx"": ""D""}"
icraft_md:113,icraft_md,"Age: 12 years
Sex: female
Chief complaint: A 12-year-old female presents with hemorrhagic crusts on the lips and erosions of the oral, genital, and conjunctival mucosa for 2 days","- A 12-year-old female presents with hemorrhagic crusts on the lips and erosions of the oral, genital, and conjunctival mucosa for 2 days
- According to the parents, there was a pneumonia outbreak at school
- The patient also had a high fever and cough a week before the onset of cutaneous lesions
- The parents deny any new medication and a history of allergies
- The physical exam reveals no other skin findings.
- 1. The patient is a 12-year-old female.
- 2. The patient presents with hemorrhagic crusts on the lips.
- 3. The patient has erosions of the oral mucosa.
- 4. The patient has erosions of the genital mucosa.
- 5. The patient has erosions of the conjunctival mucosa.
- 6. The symptoms have been present for 2 days.
- 7. There was a pneumonia outbreak at the patient's school.
- 8. The patient had a high fever a week before the onset of cutaneous lesions.
- 9. The patient had a cough a week before the onset of cutaneous lesions.
- 10. The parents deny any new medication for the patient.
- 11. The parents deny a history of allergies for the patient.
- 12. The physical exam reveals no other skin findings.",Mycoplasma pneumoniae-induced rash and mucositis,"[""AELE unrelated to zinc deficiency"", ""Abscesses"", ""Acanthoma fissuratum"", ""Acanthosis nigricans"", ""Acne rosacea"", ""Acne vulgaris"", ""Acquired digital fibrokeratoma (ADFK)"", ""Acral lentiginous melanoma"", ""Acral melanoma"", ""Acral nevi"", ""Acrochordon"", ""Acrodermatitis continua of Hallopeau"", ""Acrodermatitis continua supperativa"", ""Acrodermatitis enteropathica"", ""Acrodermatitis enteropathica-like eruption (AELE)"", ""Actinic keratosis"", ""Acute Generalized Exanthematous Pustulosis"", ""Acute contact dermatitis"", ""Addison disease"", ""Adult-onset asthma with periocular xanthogranuloma"", ""Adult-onset xanthogranuloma"", ""Allergic contact dermatitis"", ""Alopecia"", ""Alopecia areata"", ""Amelanotic melanoma"", ""Amyloidosis cutis dyschromica"", ""Androgenetic alopecia"", ""Anetoderma"", ""Anetoderma associated with SLE"", ""Angiolipoma"", ""Animal pox infection"", ""Arterial ulcer"", ""Ataxia-telangiectasia"", ""Atopic dermatitis"", ""Atypical fibroxanthoma"", ""Autoimmune bullous dermatoses"", ""Bacillary angiomatosis"", ""Bacterial endocarditis"", ""Bacterial sepsis"", ""Bandler syndrome"", ""Basal cell carcinoma"", ""Bazex-Dupre-Christol syndrome"", ""Becker nevus"", ""Birt-Hogg-Dube syndrome"", ""Blastomycosis"", ""Bloom syndrome"", ""Bowen\u2019s disease"", ""Brittle nails"", ""Bullosis diabeticorum"", ""Bullous arthropod assault"", ""Bullous arthropod bites"", ""Bullous erythema multiforme"", ""Bullous impetigo"", ""Bullous leukocytoclastic vasculitis"", ""Bullous pemphigoid"", ""Caf\u00e9 au lait macules"", ""Calluses"", ""Cellulitis"", ""Central centrifugal cicatricial alopecia"", ""Chancroid"", ""Chemical burn"", ""Chilblains"", ""Cholestatic pruritus"", ""Chondrodermatitis nodularis helicis"", ""Chromomycosis"", ""Chronic eczema"", ""Chronic liver disease"", ""Chronic myelomonocytic leukemia"", ""Chronic paronychia"", ""Confluent and reticulated papillomatosis"", ""Congenital melanocytic nevi"", ""Congenital melanocytic nevus"", ""Congenital nipple inversion"", ""Congenital smooth muscle hamartomas"", ""Conradi-H\u00fcnermann-Happle syndrome"", ""Contact dermatitis"", ""Corticosteroid-induced atrophy"", ""Cryoglobulinemia"", ""Cutaneous Langerhans cell histiocytosis"", ""Cutaneous anthrax"", ""Cutaneous horn"", ""Cutaneous leishmaniasis"", ""Cutaneous lupus"", ""Cutaneous lupus erythematosus"", ""Cutaneous sarcoidosis"", ""Cutis laxa"", ""Cystic pleomorphic adenomas"", ""DNA Repair Syndromes"", ""Darier disease"", ""Dermatitis"", ""Dermatofibroma"", ""Dermatofibrosarcoma protuberans"", ""Dermatomyositis"", ""Dermatosis papulosa nigra"", ""Diabetic dermopathy"", ""Discoid lupus"", ""Discoid lupus erythematosus"", ""Disseminated intravascular coagulation"", ""Dowling-Degos disease"", ""Drug reaction with eosinophilia and systemic symptoms"", ""Drug-induced hypersensitivity syndrome"", ""Drug-induced photosensitivity"", ""Drug-induced pigmentation"", ""Duct ectasia"", ""Dyshidrosis"", ""Dyshidrotic eczema"", ""Dysplastic nevi"", ""Dysplastic nevus"", ""EBS-Dowling Meara"", ""ENPP1-mediated premature arterial calcification"", ""Eczema"", ""Eczema coxsackium"", ""Eczema herpeticum"", ""Ehlers Danlos Syndrome"", ""Ehlers-Danlos syndrome"", ""Epidermal nevus"", ""Epidermodysplasia verruciformis"", ""Epidermolysis bullosa"", ""Epidermolytic hyperkeratosis"", ""Equestrian perniosis"", ""Erdheim-Chester disease"", ""Erysipelas"", ""Erythema dyschromicum perstans"", ""Erythema induratum"", ""Erythema migrans"", ""Erythema multiforme major"", ""Erythema nodosum"", ""Erythrasma"", ""Extramammary Paget disease"", ""Facial demodicosis"", ""Familial dyskeratotic comedones"", ""Fibrous papule"", ""Fixed drug eruption"", ""Foreign body granuloma"", ""Fragile X Syndrome"", ""Frostbite"", ""Fungal infection"", ""GGXC-mediated coagulation factor deficiency"", ""Ganglion cyst"", ""Gangrene"", ""Geographic tongue"", ""Gianotti-Crosti syndrome"", ""Glomus tumor"", ""Glomus tumors"", ""Granuloma annulare"", ""Grover disease"", ""Guttate lichen sclerosus"", ""Guttate psoriasis"", ""Hailey-Hailey Disease"", ""Hailey-Hailey disease"", ""Hair-thread tourniquet syndrome"", ""Halo nevus"", ""Hematomas"", ""Henoch-Scholein vasculitis"", ""Hereditary hemorrhagic telangiectasia"", ""Herpes"", ""Herpes simplex viral lesions"", ""Herpes virus infection"", ""Herpes zoster"", ""Herpetic gingivostomatitis"", ""Herpetic whitlow"", ""Hidradenitis suppurativa"", ""Hidrocystoma"", ""Hidrocystomas"", ""Histoplasmosis"", ""Hodgkin lymphoma"", ""Hydroxychloroquine-induced hyperpigmentation"", ""Hypertrophic lichen planus"", ""Hypertrophic scar"", ""Hypohidrotic ectodermal dysplasia"", ""Ichthyosis vulgaris"", ""IgA vasculitis"", ""IgA-mediated small vessel vasculitis"", ""Immunobullous disease"", ""Impetigo"", ""Inflamed sebacous cysts"", ""Intertrigo"", ""Intradermal nevus"", ""Inverse psoriasis"", ""Irritant contact dermatitis"", ""Jacquet's dermatitis"", ""Junctional EB"", ""Juvenile dermatomyositis"", ""Juvenile spring eruption"", ""Juvenile xanthogranuloma"", ""Kaposi sarcoma"", ""Keloid"", ""Keloids"", ""Keratoacanthoma"", ""Keratoderma blenorrhagicum"", ""Keratoderma climactericum"", ""Keratolysis exfoliativa"", ""Keratosis pilaris"", ""Lamellar ichthyosis"", ""Langerhans cell histiocytosis"", ""Laugier-Hunziker syndrome"", ""Leishmaniasis"", ""Lentigines"", ""Leprosy"", ""Levamisole-induced antineutrophil cytoplasmic antibody vasculitis"", ""Lichen amyloidosis"", ""Lichen nitidus"", ""Lichen planus"", ""Lichen sclerosus"", ""Lichen sclerosus et atrophicus"", ""Lichen simplex chronicus"", ""Lichen striatus"", ""Lichenoid drug eruption"", ""Lipodermatosclerosis"", ""Lipoma"", ""Lobular capillary hemangioma"", ""Localized granuloma annulare"", ""Localized pruritus"", ""Lupus"", ""Lupus erythematosus"", ""Lupus profundus"", ""Lymphogranuloma venereum"", ""Lymphomatoid papulosis"", ""Macular amyloidosis"", ""Maculopapular drug eruption"", ""Marshall syndrome"", ""Mastocytoma"", ""McCune-Albright Syndrome"", ""McCune-Albright syndrome"", ""Median rhomboid glossitis"", ""Medication induced hyperpigmentation"", ""Melanocytic nevi"", ""Melanoma"", ""Melanonychia"", ""Melasma"", ""Meningococcemia"", ""Mid-dermal elastolysis"", ""Molluscum contagiosum"", ""Morbilliform eruption"", ""Morphea"", ""Mucous retention cysts"", ""Multiple endocrine neoplasia type 1"", ""Mycoplasma pneumoniae-induced rash and mucositis"", ""Mycosis fungoides"", ""Myiasis"", ""Necrobiosis lipoidica"", ""Necrobiosis lipoidica diabeticorum"", ""Necrobiotic xanthogranuloma (NXG)"", ""Nephrogenic systemic fibrosis"", ""Neurofibromatosis Type I"", ""Neurofibromatosis Type II"", ""Neurofibromatosis type 1"", ""Nevus comedonicus"", ""Nevus depigmentosus"", ""Nevus sebaceous"", ""Nicolau-Balus syndrome"", ""Nipple hyperkeratosis"", ""Nipple inversion secondary to neglected malignancy"", ""Nocardiosis"", ""Nodulocystic basal cell carcinoma"", ""Noonan Syndrome"", ""Nummular Eczema"", ""Nummular dermatitis"", ""Nummular eczema"", ""Onychomycosis"", ""Palmar lichen planus"", ""Palmar plantar pustulosis"", ""Paresthetica"", ""Paronychia"", ""Pellagra"", ""Pemphigus foliaceus"", ""Pemphigus vegetans"", ""Pemphigus vulgaris"", ""Periductal mastitis"", ""Perifollicular elastolysis"", ""Perioral dermatitis"", ""Perniosis"", ""Peutz-Jeghers syndrome"", ""Photoallergic skin reaction"", ""Photodermatitis"", ""Photolichenoid drug eruption"", ""Phototoxic skin reaction"", ""Phytophotodermatitis"", ""Pigmented purpuric dermatoses"", ""Pigmented villonodular synovitis"", ""Pilar cyst"", ""Pilomatricoma"", ""Pityriasis lichenoides chronica"", ""Pityriasis lichenoides et varioliformis acuta"", ""Pityriasis lichenoides et varioliformis acuta (PLEVA)"", ""Pityriasis rosea"", ""Plexiform neurofibroma"", ""Poison ivy allergic contact dermatitis"", ""Polymorphous light eruption"", ""Post-inflammatory elastolysis"", ""Post-inflammatory hyperpigmentation"", ""Postinflammatory hyperpigmentation"", ""Postinflammatory hypomelanosis"", ""Pressure bullae (coma bullae)"", ""Pretibial myxedema"", ""Proderma gangraneosum"", ""Prurigo nodular"", ""Prurigo nodularis"", ""Prurigo pigmentosa"", ""Pseudoainhum"", ""Pseudomonas nail infection"", ""Pseudoxanthoma elasticum"", ""Psoriasis"", ""Psoriasis vulgaris"", ""Pustular psoriasis"", ""Pyoderma"", ""Pyoderma grangrenosum"", ""Pyogenic granuloma"", ""Raynaud disease"", ""Renal pruritus"", ""Rheumatoid arthritis"", ""Rombo syndrome"", ""Rosacea"", ""Sarcoidosis"", ""Scabies"", ""Scabies infestation"", ""Schnitzler syndrome"", ""Schwannomas"", ""Sch\u00f6pf-Schulz-Passarge syndrome"", ""Scleredema"", ""Scleroderma"", ""Scleroderma (systemic sclerosis)"", ""Scleromyxedema"", ""Scurvy"", ""Seborrheic dermatitis"", ""Seborrheic keratosis"", ""Secondary syphilis"", ""Segmental acne"", ""Senile nails"", ""Severe recessive dystrophic EB"", ""Shingles"", ""Shoe dermatitis"", ""Small plaque parapsoriasis"", ""Solar lentigo"", ""Solitary mastocytoma"", ""Spiradenoma"", ""Spitz nevus"", ""Squamous cell carcinoma"", ""Squamous cell carcinoma in situ"", ""Staphylococcal infection"", ""Stevens-Johnson Syndrome"", ""Stevens-Johnson syndrome"", ""Stiff-skin syndrome"", ""Subacute cutaneous lupus erythematosus"", ""Subcutaneous panniculitis-like T-cell lymphoma"", ""Subepidermal bullae"", ""Subungual hematoma"", ""Subungual melanoma"", ""Sweet syndrome"", ""Synovial cyst"", ""Synovial sarcoma"", ""Syphilis"", ""Syphilitic alopecia"", ""Syringocystadenoma papilliferum."", ""Systemic lupus erythematosus"", ""Systemic sclerosis"", ""S\u00e9zary syndrome"", ""Telogen effluvium"", ""Thrombocytopenic purpura"", ""Tinea"", ""Tinea capitis"", ""Tinea corporis"", ""Tinea incognito"", ""Tinea nigra"", ""Tinea versicolor"", ""Toxicodendron dermatitis"", ""Trachyonychia"", ""Traumatic lesions"", ""Traumatic wound"", ""Trichodento-osseous syndrome"", ""Trichofolliculoma"", ""Trichotillomania"", ""Tuberous sclerosis complex"", ""Type I minocycline hyperpigmentation"", ""Type II minocycline hyperpigmentation"", ""Type III minocycline hyperpigmentation"", ""Ulceroglandular tularemia"", ""Ulcers"", ""Urticarial vasculitis"", ""Varicella"", ""Varicella zoster virus infection"", ""Vascular hemorrhage"", ""Venous ulcer"", ""Vitiligo"", ""Warfarin-induced skin necrosis"", ""Warthin tumors"", ""Witkop tooth and nail syndrome"", ""X-linked ichthyosis"", ""Xanthelasma"", ""Xanthogranuloma"", ""Zosteriform herpes simplex"", ""neuroma""]","{""source_path"": ""/Users/alfred/Documents/baseline_model/external/meddxagent/ddxdriver/benchmarks/data/icraftmd/all_craft_md.jsonl"", ""source"": ""meddxagent_icraftmd_jsonl_v1"", ""answer_idx"": ""D""}"
icraft_md:129,icraft_md,"Age: 66 years
Sex: female
Chief complaint: A 66-year-old woman with a past medical history of hypertension and diabetes mellitus type 2 presents to clinic with a mildly painful, pruritic peeling skin on the chest and back that began 4 weeks ago","- A 66-year-old woman with a past medical history of hypertension and diabetes mellitus type 2 presents to clinic with a mildly painful, pruritic peeling skin on the chest and back that began 4 weeks ago
- She denies any new medications, new topical creams or lotions, or laundry detergents
- She has been applying vaseline to the spots
- She also thinks she may have a similar spot on the scalp
- She denies any similar spots in the mouth, and denies forming any blisters on the skin
-   Physical exam demonstrates multiple thinly eroded pink-red oval plaques on the chest, scalp, back with yellow brown corn-flake like scale
- Ocular and oral mucosa are normal.
- 1. The patient is a 66-year-old woman.
- 2. The patient has a past medical history of hypertension.
- 3. The patient has a past medical history of diabetes mellitus type 2.
- 4. The patient presents to the clinic with mildly painful skin.
- 5. The patient's skin is pruritic.
- 6. The patient's skin is peeling.
- 7. The affected skin is located on the chest and back.
- 8. The skin condition began 4 weeks ago.
- 9. The patient denies any new medications.
- 10. The patient denies using new topical creams or lotions.
- 11. The patient denies using new laundry detergents.
- 12. The patient has been applying vaseline to the spots.
- 13. The patient thinks she may have a similar spot on the scalp.
- 14. The patient denies having similar spots in the mouth.
- 15. The patient denies forming any blisters on the skin.
- 16. Physical exam shows multiple thinly eroded pink-red oval plaques.
- 17. The plaques are located on the chest, scalp, and back.
- 18. The plaques have a yellow-brown corn-flake like scale.
- 19. The patient's ocular mucosa is normal.
- 20. The patient's oral mucosa is normal.",Pemphigus foliaceus,"[""AELE unrelated to zinc deficiency"", ""Abscesses"", ""Acanthoma fissuratum"", ""Acanthosis nigricans"", ""Acne rosacea"", ""Acne vulgaris"", ""Acquired digital fibrokeratoma (ADFK)"", ""Acral lentiginous melanoma"", ""Acral melanoma"", ""Acral nevi"", ""Acrochordon"", ""Acrodermatitis continua of Hallopeau"", ""Acrodermatitis continua supperativa"", ""Acrodermatitis enteropathica"", ""Acrodermatitis enteropathica-like eruption (AELE)"", ""Actinic keratosis"", ""Acute Generalized Exanthematous Pustulosis"", ""Acute contact dermatitis"", ""Addison disease"", ""Adult-onset asthma with periocular xanthogranuloma"", ""Adult-onset xanthogranuloma"", ""Allergic contact dermatitis"", ""Alopecia"", ""Alopecia areata"", ""Amelanotic melanoma"", ""Amyloidosis cutis dyschromica"", ""Androgenetic alopecia"", ""Anetoderma"", ""Anetoderma associated with SLE"", ""Angiolipoma"", ""Animal pox infection"", ""Arterial ulcer"", ""Ataxia-telangiectasia"", ""Atopic dermatitis"", ""Atypical fibroxanthoma"", ""Autoimmune bullous dermatoses"", ""Bacillary angiomatosis"", ""Bacterial endocarditis"", ""Bacterial sepsis"", ""Bandler syndrome"", ""Basal cell carcinoma"", ""Bazex-Dupre-Christol syndrome"", ""Becker nevus"", ""Birt-Hogg-Dube syndrome"", ""Blastomycosis"", ""Bloom syndrome"", ""Bowen\u2019s disease"", ""Brittle nails"", ""Bullosis diabeticorum"", ""Bullous arthropod assault"", ""Bullous arthropod bites"", ""Bullous erythema multiforme"", ""Bullous impetigo"", ""Bullous leukocytoclastic vasculitis"", ""Bullous pemphigoid"", ""Caf\u00e9 au lait macules"", ""Calluses"", ""Cellulitis"", ""Central centrifugal cicatricial alopecia"", ""Chancroid"", ""Chemical burn"", ""Chilblains"", ""Cholestatic pruritus"", ""Chondrodermatitis nodularis helicis"", ""Chromomycosis"", ""Chronic eczema"", ""Chronic liver disease"", ""Chronic myelomonocytic leukemia"", ""Chronic paronychia"", ""Confluent and reticulated papillomatosis"", ""Congenital melanocytic nevi"", ""Congenital melanocytic nevus"", ""Congenital nipple inversion"", ""Congenital smooth muscle hamartomas"", ""Conradi-H\u00fcnermann-Happle syndrome"", ""Contact dermatitis"", ""Corticosteroid-induced atrophy"", ""Cryoglobulinemia"", ""Cutaneous Langerhans cell histiocytosis"", ""Cutaneous anthrax"", ""Cutaneous horn"", ""Cutaneous leishmaniasis"", ""Cutaneous lupus"", ""Cutaneous lupus erythematosus"", ""Cutaneous sarcoidosis"", ""Cutis laxa"", ""Cystic pleomorphic adenomas"", ""DNA Repair Syndromes"", ""Darier disease"", ""Dermatitis"", ""Dermatofibroma"", ""Dermatofibrosarcoma protuberans"", ""Dermatomyositis"", ""Dermatosis papulosa nigra"", ""Diabetic dermopathy"", ""Discoid lupus"", ""Discoid lupus erythematosus"", ""Disseminated intravascular coagulation"", ""Dowling-Degos disease"", ""Drug reaction with eosinophilia and systemic symptoms"", ""Drug-induced hypersensitivity syndrome"", ""Drug-induced photosensitivity"", ""Drug-induced pigmentation"", ""Duct ectasia"", ""Dyshidrosis"", ""Dyshidrotic eczema"", ""Dysplastic nevi"", ""Dysplastic nevus"", ""EBS-Dowling Meara"", ""ENPP1-mediated premature arterial calcification"", ""Eczema"", ""Eczema coxsackium"", ""Eczema herpeticum"", ""Ehlers Danlos Syndrome"", ""Ehlers-Danlos syndrome"", ""Epidermal nevus"", ""Epidermodysplasia verruciformis"", ""Epidermolysis bullosa"", ""Epidermolytic hyperkeratosis"", ""Equestrian perniosis"", ""Erdheim-Chester disease"", ""Erysipelas"", ""Erythema dyschromicum perstans"", ""Erythema induratum"", ""Erythema migrans"", ""Erythema multiforme major"", ""Erythema nodosum"", ""Erythrasma"", ""Extramammary Paget disease"", ""Facial demodicosis"", ""Familial dyskeratotic comedones"", ""Fibrous papule"", ""Fixed drug eruption"", ""Foreign body granuloma"", ""Fragile X Syndrome"", ""Frostbite"", ""Fungal infection"", ""GGXC-mediated coagulation factor deficiency"", ""Ganglion cyst"", ""Gangrene"", ""Geographic tongue"", ""Gianotti-Crosti syndrome"", ""Glomus tumor"", ""Glomus tumors"", ""Granuloma annulare"", ""Grover disease"", ""Guttate lichen sclerosus"", ""Guttate psoriasis"", ""Hailey-Hailey Disease"", ""Hailey-Hailey disease"", ""Hair-thread tourniquet syndrome"", ""Halo nevus"", ""Hematomas"", ""Henoch-Scholein vasculitis"", ""Hereditary hemorrhagic telangiectasia"", ""Herpes"", ""Herpes simplex viral lesions"", ""Herpes virus infection"", ""Herpes zoster"", ""Herpetic gingivostomatitis"", ""Herpetic whitlow"", ""Hidradenitis suppurativa"", ""Hidrocystoma"", ""Hidrocystomas"", ""Histoplasmosis"", ""Hodgkin lymphoma"", ""Hydroxychloroquine-induced hyperpigmentation"", ""Hypertrophic lichen planus"", ""Hypertrophic scar"", ""Hypohidrotic ectodermal dysplasia"", ""Ichthyosis vulgaris"", ""IgA vasculitis"", ""IgA-mediated small vessel vasculitis"", ""Immunobullous disease"", ""Impetigo"", ""Inflamed sebacous cysts"", ""Intertrigo"", ""Intradermal nevus"", ""Inverse psoriasis"", ""Irritant contact dermatitis"", ""Jacquet's dermatitis"", ""Junctional EB"", ""Juvenile dermatomyositis"", ""Juvenile spring eruption"", ""Juvenile xanthogranuloma"", ""Kaposi sarcoma"", ""Keloid"", ""Keloids"", ""Keratoacanthoma"", ""Keratoderma blenorrhagicum"", ""Keratoderma climactericum"", ""Keratolysis exfoliativa"", ""Keratosis pilaris"", ""Lamellar ichthyosis"", ""Langerhans cell histiocytosis"", ""Laugier-Hunziker syndrome"", ""Leishmaniasis"", ""Lentigines"", ""Leprosy"", ""Levamisole-induced antineutrophil cytoplasmic antibody vasculitis"", ""Lichen amyloidosis"", ""Lichen nitidus"", ""Lichen planus"", ""Lichen sclerosus"", ""Lichen sclerosus et atrophicus"", ""Lichen simplex chronicus"", ""Lichen striatus"", ""Lichenoid drug eruption"", ""Lipodermatosclerosis"", ""Lipoma"", ""Lobular capillary hemangioma"", ""Localized granuloma annulare"", ""Localized pruritus"", ""Lupus"", ""Lupus erythematosus"", ""Lupus profundus"", ""Lymphogranuloma venereum"", ""Lymphomatoid papulosis"", ""Macular amyloidosis"", ""Maculopapular drug eruption"", ""Marshall syndrome"", ""Mastocytoma"", ""McCune-Albright Syndrome"", ""McCune-Albright syndrome"", ""Median rhomboid glossitis"", ""Medication induced hyperpigmentation"", ""Melanocytic nevi"", ""Melanoma"", ""Melanonychia"", ""Melasma"", ""Meningococcemia"", ""Mid-dermal elastolysis"", ""Molluscum contagiosum"", ""Morbilliform eruption"", ""Morphea"", ""Mucous retention cysts"", ""Multiple endocrine neoplasia type 1"", ""Mycoplasma pneumoniae-induced rash and mucositis"", ""Mycosis fungoides"", ""Myiasis"", ""Necrobiosis lipoidica"", ""Necrobiosis lipoidica diabeticorum"", ""Necrobiotic xanthogranuloma (NXG)"", ""Nephrogenic systemic fibrosis"", ""Neurofibromatosis Type I"", ""Neurofibromatosis Type II"", ""Neurofibromatosis type 1"", ""Nevus comedonicus"", ""Nevus depigmentosus"", ""Nevus sebaceous"", ""Nicolau-Balus syndrome"", ""Nipple hyperkeratosis"", ""Nipple inversion secondary to neglected malignancy"", ""Nocardiosis"", ""Nodulocystic basal cell carcinoma"", ""Noonan Syndrome"", ""Nummular Eczema"", ""Nummular dermatitis"", ""Nummular eczema"", ""Onychomycosis"", ""Palmar lichen planus"", ""Palmar plantar pustulosis"", ""Paresthetica"", ""Paronychia"", ""Pellagra"", ""Pemphigus foliaceous"", ""Pemphigus foliaceus"", ""Pemphigus vegetans"", ""Pemphigus vulgaris"", ""Periductal mastitis"", ""Perifollicular elastolysis"", ""Perioral dermatitis"", ""Perniosis"", ""Peutz-Jeghers syndrome"", ""Photoallergic skin reaction"", ""Photodermatitis"", ""Photolichenoid drug eruption"", ""Phototoxic skin reaction"", ""Phytophotodermatitis"", ""Pigmented purpuric dermatoses"", ""Pigmented villonodular synovitis"", ""Pilar cyst"", ""Pilomatricoma"", ""Pityriasis lichenoides chronica"", ""Pityriasis lichenoides et varioliformis acuta"", ""Pityriasis lichenoides et varioliformis acuta (PLEVA)"", ""Pityriasis rosea"", ""Plexiform neurofibroma"", ""Poison ivy allergic contact dermatitis"", ""Polymorphous light eruption"", ""Post-inflammatory elastolysis"", ""Post-inflammatory hyperpigmentation"", ""Postinflammatory hyperpigmentation"", ""Postinflammatory hypomelanosis"", ""Pressure bullae (coma bullae)"", ""Pretibial myxedema"", ""Proderma gangraneosum"", ""Prurigo nodular"", ""Prurigo nodularis"", ""Prurigo pigmentosa"", ""Pseudoainhum"", ""Pseudomonas nail infection"", ""Pseudoxanthoma elasticum"", ""Psoriasis"", ""Psoriasis vulgaris"", ""Pustular psoriasis"", ""Pyoderma"", ""Pyoderma grangrenosum"", ""Pyogenic granuloma"", ""Raynaud disease"", ""Renal pruritus"", ""Rheumatoid arthritis"", ""Rombo syndrome"", ""Rosacea"", ""Sarcoidosis"", ""Scabies"", ""Scabies infestation"", ""Schnitzler syndrome"", ""Schwannomas"", ""Sch\u00f6pf-Schulz-Passarge syndrome"", ""Scleredema"", ""Scleroderma"", ""Scleroderma (systemic sclerosis)"", ""Scleromyxedema"", ""Scurvy"", ""Seborrheic dermatitis"", ""Seborrheic keratosis"", ""Secondary syphilis"", ""Segmental acne"", ""Senile nails"", ""Severe recessive dystrophic EB"", ""Shingles"", ""Shoe dermatitis"", ""Small plaque parapsoriasis"", ""Solar lentigo"", ""Solitary mastocytoma"", ""Spiradenoma"", ""Spitz nevus"", ""Squamous cell carcinoma"", ""Squamous cell carcinoma in situ"", ""Staphylococcal infection"", ""Stevens-Johnson syndrome"", ""Stiff-skin syndrome"", ""Subacute cutaneous lupus erythematosus"", ""Subcutaneous panniculitis-like T-cell lymphoma"", ""Subepidermal bullae"", ""Subungual hematoma"", ""Subungual melanoma"", ""Sweet syndrome"", ""Synovial cyst"", ""Synovial sarcoma"", ""Syphilis"", ""Syphilitic alopecia"", ""Syringocystadenoma papilliferum."", ""Systemic lupus erythematosus"", ""Systemic sclerosis"", ""S\u00e9zary syndrome"", ""Telogen effluvium"", ""Thrombocytopenic purpura"", ""Tinea"", ""Tinea capitis"", ""Tinea corporis"", ""Tinea incognito"", ""Tinea nigra"", ""Tinea versicolor"", ""Toxicodendron dermatitis"", ""Trachyonychia"", ""Traumatic lesions"", ""Traumatic wound"", ""Trichodento-osseous syndrome"", ""Trichofolliculoma"", ""Trichotillomania"", ""Tuberous sclerosis complex"", ""Type I minocycline hyperpigmentation"", ""Type II minocycline hyperpigmentation"", ""Type III minocycline hyperpigmentation"", ""Ulceroglandular tularemia"", ""Ulcers"", ""Urticarial vasculitis"", ""Varicella"", ""Varicella zoster virus infection"", ""Vascular hemorrhage"", ""Venous ulcer"", ""Vitiligo"", ""Warfarin-induced skin necrosis"", ""Warthin tumors"", ""Witkop tooth and nail syndrome"", ""X-linked ichthyosis"", ""Xanthelasma"", ""Xanthogranuloma"", ""Zosteriform herpes simplex"", ""neuroma""]","{""source_path"": ""/Users/alfred/Documents/baseline_model/external/meddxagent/ddxdriver/benchmarks/data/icraftmd/all_craft_md.jsonl"", ""source"": ""meddxagent_icraftmd_jsonl_v1"", ""answer_idx"": ""B""}"
icraft_md:134,icraft_md,"Age: 65 years
Sex: male
Chief complaint: A 65-year-old African American man presents to dermatology clinic for multiple non-painful, non-itchy brown spots on the face","- A 65-year-old African American man presents to dermatology clinic for multiple non-painful, non-itchy brown spots on the face
- He notes they started developing when he was 42 years old, and they have increased in number and size
- Sometimes he tries to remove them with a needle, but they will bleed
-   Physical exam reveals multiple dark, flat topped ovoid papules, and few pedunculated brown-black papules on the bilateral zygomatic cheeks.
- 1. The patient is a 65-year-old African American man.
- 2. The patient presents to a dermatology clinic.
- 3. The patient has multiple non-painful brown spots on his face.
- 4. The brown spots on the patient's face are non-itchy.
- 5. The brown spots started developing when the patient was 42 years old.
- 6. The number and size of the brown spots have increased over time.
- 7. The patient sometimes tries to remove the spots with a needle.
- 8. The spots bleed when the patient tries to remove them with a needle.
- 9. The physical exam reveals multiple dark papules on the patient's face.
- 10. The dark papules on the patient's face are flat topped.
- 11. The dark papules on the patient's face are ovoid.
- 12. The physical exam reveals few pedunculated papules on the patient's face.
- 13. The pedunculated papules on the patient's face are brown-black.
- 14. The papules are located on the bilateral zygomatic cheeks.",Dermatosis papulosa nigra,"[""AELE unrelated to zinc deficiency"", ""Abscesses"", ""Acanthoma fissuratum"", ""Acanthosis nigricans"", ""Acne rosacea"", ""Acne vulgaris"", ""Acquired digital fibrokeratoma (ADFK)"", ""Acral lentiginous melanoma"", ""Acral melanoma"", ""Acral nevi"", ""Acrochordon"", ""Acrodermatitis continua of Hallopeau"", ""Acrodermatitis continua supperativa"", ""Acrodermatitis enteropathica"", ""Acrodermatitis enteropathica-like eruption (AELE)"", ""Actinic keratosis"", ""Acute Generalized Exanthematous Pustulosis"", ""Acute contact dermatitis"", ""Addison disease"", ""Adult-onset asthma with periocular xanthogranuloma"", ""Adult-onset xanthogranuloma"", ""Allergic contact dermatitis"", ""Alopecia"", ""Alopecia areata"", ""Amelanotic melanoma"", ""Amyloidosis cutis dyschromica"", ""Androgenetic alopecia"", ""Anetoderma"", ""Anetoderma associated with SLE"", ""Angiolipoma"", ""Animal pox infection"", ""Arterial ulcer"", ""Ataxia-telangiectasia"", ""Atopic dermatitis"", ""Atypical fibroxanthoma"", ""Autoimmune bullous dermatoses"", ""Bacillary angiomatosis"", ""Bacterial endocarditis"", ""Bacterial sepsis"", ""Bandler syndrome"", ""Basal cell carcinoma"", ""Bazex-Dupre-Christol syndrome"", ""Becker nevus"", ""Birt-Hogg-Dube syndrome"", ""Blastomycosis"", ""Bloom syndrome"", ""Bowen\u2019s disease"", ""Brittle nails"", ""Bullosis diabeticorum"", ""Bullous arthropod assault"", ""Bullous arthropod bites"", ""Bullous erythema multiforme"", ""Bullous impetigo"", ""Bullous leukocytoclastic vasculitis"", ""Bullous pemphigoid"", ""Caf\u00e9 au lait macules"", ""Calluses"", ""Cellulitis"", ""Central centrifugal cicatricial alopecia"", ""Chancroid"", ""Chemical burn"", ""Chilblains"", ""Cholestatic pruritus"", ""Chondrodermatitis nodularis helicis"", ""Chromomycosis"", ""Chronic eczema"", ""Chronic liver disease"", ""Chronic myelomonocytic leukemia"", ""Chronic paronychia"", ""Confluent and reticulated papillomatosis"", ""Congenital melanocytic nevi"", ""Congenital melanocytic nevus"", ""Congenital nipple inversion"", ""Congenital smooth muscle hamartomas"", ""Conradi-H\u00fcnermann-Happle syndrome"", ""Contact dermatitis"", ""Corticosteroid-induced atrophy"", ""Cryoglobulinemia"", ""Cutaneous Langerhans cell histiocytosis"", ""Cutaneous anthrax"", ""Cutaneous horn"", ""Cutaneous leishmaniasis"", ""Cutaneous lupus"", ""Cutaneous lupus erythematosus"", ""Cutaneous sarcoidosis"", ""Cutis laxa"", ""Cystic pleomorphic adenomas"", ""DNA Repair Syndromes"", ""Darier disease"", ""Dermatitis"", ""Dermatofibroma"", ""Dermatofibrosarcoma protuberans"", ""Dermatomyositis"", ""Dermatosis papulosa nigra"", ""Diabetic dermopathy"", ""Discoid lupus"", ""Discoid lupus erythematosus"", ""Disseminated intravascular coagulation"", ""Dowling-Degos disease"", ""Drug reaction with eosinophilia and systemic symptoms"", ""Drug-induced hypersensitivity syndrome"", ""Drug-induced photosensitivity"", ""Drug-induced pigmentation"", ""Duct ectasia"", ""Dyshidrosis"", ""Dyshidrotic eczema"", ""Dysplastic nevi"", ""Dysplastic nevus"", ""EBS-Dowling Meara"", ""ENPP1-mediated premature arterial calcification"", ""Eczema"", ""Eczema coxsackium"", ""Eczema herpeticum"", ""Ehlers Danlos Syndrome"", ""Ehlers-Danlos syndrome"", ""Epidermal nevus"", ""Epidermodysplasia verruciformis"", ""Epidermolysis bullosa"", ""Epidermolytic hyperkeratosis"", ""Equestrian perniosis"", ""Erdheim-Chester disease"", ""Erysipelas"", ""Erythema dyschromicum perstans"", ""Erythema induratum"", ""Erythema migrans"", ""Erythema multiforme major"", ""Erythema nodosum"", ""Erythrasma"", ""Extramammary Paget disease"", ""Facial demodicosis"", ""Familial dyskeratotic comedones"", ""Fibrous papule"", ""Fixed drug eruption"", ""Foreign body granuloma"", ""Fragile X Syndrome"", ""Frostbite"", ""Fungal infection"", ""GGXC-mediated coagulation factor deficiency"", ""Ganglion cyst"", ""Gangrene"", ""Geographic tongue"", ""Gianotti-Crosti syndrome"", ""Glomus tumor"", ""Glomus tumors"", ""Granuloma annulare"", ""Grover disease"", ""Guttate lichen sclerosus"", ""Guttate psoriasis"", ""Hailey-Hailey Disease"", ""Hailey-Hailey disease"", ""Hair-thread tourniquet syndrome"", ""Halo nevus"", ""Hematomas"", ""Henoch-Scholein vasculitis"", ""Hereditary hemorrhagic telangiectasia"", ""Herpes"", ""Herpes simplex viral lesions"", ""Herpes virus infection"", ""Herpes zoster"", ""Herpetic gingivostomatitis"", ""Herpetic whitlow"", ""Hidradenitis suppurativa"", ""Hidrocystoma"", ""Hidrocystomas"", ""Histoplasmosis"", ""Hodgkin lymphoma"", ""Hydroxychloroquine-induced hyperpigmentation"", ""Hypertrophic lichen planus"", ""Hypertrophic scar"", ""Hypohidrotic ectodermal dysplasia"", ""Ichthyosis vulgaris"", ""IgA vasculitis"", ""IgA-mediated small vessel vasculitis"", ""Immunobullous disease"", ""Impetigo"", ""Inflamed sebacous cysts"", ""Intertrigo"", ""Intradermal nevus"", ""Inverse psoriasis"", ""Irritant contact dermatitis"", ""Jacquet's dermatitis"", ""Junctional EB"", ""Juvenile dermatomyositis"", ""Juvenile spring eruption"", ""Juvenile xanthogranuloma"", ""Kaposi sarcoma"", ""Keloid"", ""Keloids"", ""Keratoacanthoma"", ""Keratoderma blenorrhagicum"", ""Keratoderma climactericum"", ""Keratolysis exfoliativa"", ""Keratosis pilaris"", ""Lamellar ichthyosis"", ""Langerhans cell histiocytosis"", ""Laugier-Hunziker syndrome"", ""Leishmaniasis"", ""Lentigines"", ""Leprosy"", ""Levamisole-induced antineutrophil cytoplasmic antibody vasculitis"", ""Lichen amyloidosis"", ""Lichen nitidus"", ""Lichen planus"", ""Lichen sclerosus"", ""Lichen sclerosus et atrophicus"", ""Lichen simplex chronicus"", ""Lichen striatus"", ""Lichenoid drug eruption"", ""Lipodermatosclerosis"", ""Lipoma"", ""Lobular capillary hemangioma"", ""Localized granuloma annulare"", ""Localized pruritus"", ""Lupus"", ""Lupus erythematosus"", ""Lupus profundus"", ""Lymphogranuloma venereum"", ""Lymphomatoid papulosis"", ""Macular amyloidosis"", ""Maculopapular drug eruption"", ""Marshall syndrome"", ""Mastocytoma"", ""McCune-Albright Syndrome"", ""McCune-Albright syndrome"", ""Median rhomboid glossitis"", ""Medication induced hyperpigmentation"", ""Melanocytic nevi"", ""Melanoma"", ""Melanonychia"", ""Melasma"", ""Meningococcemia"", ""Mid-dermal elastolysis"", ""Molluscum contagiosum"", ""Morbilliform eruption"", ""Morphea"", ""Mucous retention cysts"", ""Multiple endocrine neoplasia type 1"", ""Mycoplasma pneumoniae-induced rash and mucositis"", ""Mycosis fungoides"", ""Myiasis"", ""Necrobiosis lipoidica"", ""Necrobiosis lipoidica diabeticorum"", ""Necrobiotic xanthogranuloma (NXG)"", ""Nephrogenic systemic fibrosis"", ""Neurofibromatosis Type I"", ""Neurofibromatosis Type II"", ""Neurofibromatosis type 1"", ""Nevus comedonicus"", ""Nevus depigmentosus"", ""Nevus sebaceous"", ""Nicolau-Balus syndrome"", ""Nipple hyperkeratosis"", ""Nipple inversion secondary to neglected malignancy"", ""Nocardiosis"", ""Nodulocystic basal cell carcinoma"", ""Noonan Syndrome"", ""Nummular Eczema"", ""Nummular dermatitis"", ""Nummular eczema"", ""Onychomycosis"", ""Palmar lichen planus"", ""Palmar plantar pustulosis"", ""Paresthetica"", ""Paronychia"", ""Pellagra"", ""Pemphigus foliaceus"", ""Pemphigus vegetans"", ""Pemphigus vulgaris"", ""Periductal mastitis"", ""Perifollicular elastolysis"", ""Perioral dermatitis"", ""Perniosis"", ""Peutz-Jeghers syndrome"", ""Photoallergic skin reaction"", ""Photodermatitis"", ""Photolichenoid drug eruption"", ""Phototoxic skin reaction"", ""Phytophotodermatitis"", ""Pigmented purpuric dermatoses"", ""Pigmented villonodular synovitis"", ""Pilar cyst"", ""Pilomatricoma"", ""Pityriasis lichenoides chronica"", ""Pityriasis lichenoides et varioliformis acuta"", ""Pityriasis lichenoides et varioliformis acuta (PLEVA)"", ""Pityriasis rosea"", ""Plexiform neurofibroma"", ""Poison ivy allergic contact dermatitis"", ""Polymorphous light eruption"", ""Post-inflammatory elastolysis"", ""Post-inflammatory hyperpigmentation"", ""Postinflammatory hyperpigmentation"", ""Postinflammatory hypomelanosis"", ""Pressure bullae (coma bullae)"", ""Pretibial myxedema"", ""Proderma gangraneosum"", ""Prurigo nodular"", ""Prurigo nodularis"", ""Prurigo pigmentosa"", ""Pseudoainhum"", ""Pseudomonas nail infection"", ""Pseudoxanthoma elasticum"", ""Psoriasis"", ""Psoriasis vulgaris"", ""Pustular psoriasis"", ""Pyoderma"", ""Pyoderma grangrenosum"", ""Pyogenic granuloma"", ""Raynaud disease"", ""Renal pruritus"", ""Rheumatoid arthritis"", ""Rombo syndrome"", ""Rosacea"", ""Sarcoidosis"", ""Scabies"", ""Scabies infestation"", ""Schnitzler syndrome"", ""Schwannomas"", ""Sch\u00f6pf-Schulz-Passarge syndrome"", ""Scleredema"", ""Scleroderma"", ""Scleroderma (systemic sclerosis)"", ""Scleromyxedema"", ""Scurvy"", ""Seborrheic dermatitis"", ""Seborrheic keratosis"", ""Secondary syphilis"", ""Segmental acne"", ""Senile nails"", ""Severe recessive dystrophic EB"", ""Shingles"", ""Shoe dermatitis"", ""Small plaque parapsoriasis"", ""Solar lentigo"", ""Solitary mastocytoma"", ""Spiradenoma"", ""Spitz nevus"", ""Squamous cell carcinoma"", ""Squamous cell carcinoma in situ"", ""Staphylococcal infection"", ""Stevens-Johnson syndrome"", ""Stiff-skin syndrome"", ""Subacute cutaneous lupus erythematosus"", ""Subcutaneous panniculitis-like T-cell lymphoma"", ""Subepidermal bullae"", ""Subungual hematoma"", ""Subungual melanoma"", ""Sweet syndrome"", ""Synovial cyst"", ""Synovial sarcoma"", ""Syphilis"", ""Syphilitic alopecia"", ""Syringocystadenoma papilliferum."", ""Systemic lupus erythematosus"", ""Systemic sclerosis"", ""S\u00e9zary syndrome"", ""Telogen effluvium"", ""Thrombocytopenic purpura"", ""Tinea"", ""Tinea capitis"", ""Tinea corporis"", ""Tinea incognito"", ""Tinea nigra"", ""Tinea versicolor"", ""Toxicodendron dermatitis"", ""Trachyonychia"", ""Traumatic lesions"", ""Traumatic wound"", ""Trichodento-osseous syndrome"", ""Trichofolliculoma"", ""Trichotillomania"", ""Tuberous sclerosis complex"", ""Type I minocycline hyperpigmentation"", ""Type II minocycline hyperpigmentation"", ""Type III minocycline hyperpigmentation"", ""Ulceroglandular tularemia"", ""Ulcers"", ""Urticarial vasculitis"", ""Varicella"", ""Varicella zoster virus infection"", ""Vascular hemorrhage"", ""Venous ulcer"", ""Vitiligo"", ""Warfarin-induced skin necrosis"", ""Warthin tumors"", ""Witkop tooth and nail syndrome"", ""X-linked ichthyosis"", ""Xanthelasma"", ""Xanthogranuloma"", ""Zosteriform herpes simplex"", ""neuroma""]","{""source_path"": ""/Users/alfred/Documents/baseline_model/external/meddxagent/ddxdriver/benchmarks/data/icraftmd/all_craft_md.jsonl"", ""source"": ""meddxagent_icraftmd_jsonl_v1"", ""answer_idx"": ""D""}"
icraft_md:18,icraft_md,"Age: 38 years
Sex: female
Chief complaint: A 38-year-old African American woman was referred to dermatology because of spots on her torso and arms","- A 38-year-old African American woman was referred to dermatology because of spots on her torso and arms
- The lesions were asymptomatic, but their development, cause, and cosmesis were of concern
- No benefit was seen with the use of OTC remedies such as hydroxycortisone 1% cream or vitamin E oil
- Her medical history was significant for systemic lupus erythematosus, well controlled on hydroxychloroquine
- Physical examination revealed numerous, well-circumscribed, 0.5- to 2-cm, hypopigmented, round-to-oval macules of wrinkled skin on her anterior chest wall, back, abdomen, and bilateral upper arms
- Invagination of the lesions was noted with palpation
- A punch biopsy was performed.
- 1. A 38-year-old African American woman was referred to dermatology.
- 2. The referral was due to spots on her torso and arms.
- 3. The lesions on her skin were asymptomatic.
- 4. The development of the lesions was of concern.
- 5. The cause of the lesions was of concern.
- 6. The cosmesis of the lesions was of concern.
- 7. No benefit was seen with the use of over-the-counter remedies.
- 8. The woman used hydrocortisone 1% cream.
- 9. The woman used vitamin E oil.
- 10. Her medical history was significant for systemic lupus erythematosus.
- 11. Her systemic lupus erythematosus was well controlled on hydroxychloroquine.
- 12. Physical examination revealed numerous lesions.
- 13. The lesions were well-circumscribed.
- 14. The lesions were hypopigmented.
- 15. The lesions were round-to-oval macules.
- 16. The lesions had wrinkled skin.
- 17. The lesions were 0.5 to 2 cm in size.
- 18. The lesions were located on her anterior chest wall.
- 19. The lesions were located on her back.
- 20. The lesions were located on her abdomen.
- 21. The lesions were located on her bilateral upper arms.
- 22. Invagination of the lesions was noted with palpation.
- 23. A punch biopsy of the lesions was performed.",Anetoderma associated with SLE,"[""AELE unrelated to zinc deficiency"", ""Abscesses"", ""Acanthoma fissuratum"", ""Acanthosis nigricans"", ""Acne rosacea"", ""Acne vulgaris"", ""Acquired digital fibrokeratoma (ADFK)"", ""Acral lentiginous melanoma"", ""Acral melanoma"", ""Acral nevi"", ""Acrochordon"", ""Acrodermatitis continua of Hallopeau"", ""Acrodermatitis continua supperativa"", ""Acrodermatitis enteropathica"", ""Acrodermatitis enteropathica-like eruption (AELE)"", ""Actinic keratosis"", ""Acute Generalized Exanthematous Pustulosis"", ""Acute contact dermatitis"", ""Addison disease"", ""Adult-onset asthma with periocular xanthogranuloma"", ""Adult-onset xanthogranuloma"", ""Allergic contact dermatitis"", ""Alopecia"", ""Alopecia areata"", ""Amelanotic melanoma"", ""Amyloidosis cutis dyschromica"", ""Androgenetic alopecia"", ""Anetoderma"", ""Anetoderma associated with SLE"", ""Angiolipoma"", ""Animal pox infection"", ""Arterial ulcer"", ""Ataxia-telangiectasia"", ""Atopic dermatitis"", ""Atypical fibroxanthoma"", ""Autoimmune bullous dermatoses"", ""Bacillary angiomatosis"", ""Bacterial endocarditis"", ""Bacterial sepsis"", ""Bandler syndrome"", ""Basal cell carcinoma"", ""Bazex-Dupre-Christol syndrome"", ""Becker nevus"", ""Birt-Hogg-Dube syndrome"", ""Blastomycosis"", ""Bloom syndrome"", ""Bowen\u2019s disease"", ""Brittle nails"", ""Bullosis diabeticorum"", ""Bullous arthropod assault"", ""Bullous arthropod bites"", ""Bullous erythema multiforme"", ""Bullous impetigo"", ""Bullous leukocytoclastic vasculitis"", ""Bullous pemphigoid"", ""Caf\u00e9 au lait macules"", ""Calluses"", ""Cellulitis"", ""Central centrifugal cicatricial alopecia"", ""Chancroid"", ""Chemical burn"", ""Chilblains"", ""Cholestatic pruritus"", ""Chondrodermatitis nodularis helicis"", ""Chromomycosis"", ""Chronic eczema"", ""Chronic liver disease"", ""Chronic myelomonocytic leukemia"", ""Chronic paronychia"", ""Confluent and reticulated papillomatosis"", ""Congenital melanocytic nevi"", ""Congenital melanocytic nevus"", ""Congenital nipple inversion"", ""Congenital smooth muscle hamartomas"", ""Conradi-H\u00fcnermann-Happle syndrome"", ""Contact dermatitis"", ""Corticosteroid-induced atrophy"", ""Cryoglobulinemia"", ""Cutaneous Langerhans cell histiocytosis"", ""Cutaneous anthrax"", ""Cutaneous horn"", ""Cutaneous leishmaniasis"", ""Cutaneous lupus"", ""Cutaneous lupus erythematosus"", ""Cutaneous sarcoidosis"", ""Cutis laxa"", ""Cystic pleomorphic adenomas"", ""DNA Repair Syndromes"", ""Darier disease"", ""Dermatitis"", ""Dermatofibroma"", ""Dermatofibrosarcoma protuberans"", ""Dermatomyositis"", ""Dermatosis papulosa nigra"", ""Diabetic dermopathy"", ""Discoid lupus"", ""Discoid lupus erythematosus"", ""Disseminated intravascular coagulation"", ""Dowling-Degos disease"", ""Drug reaction with eosinophilia and systemic symptoms"", ""Drug-induced hypersensitivity syndrome"", ""Drug-induced photosensitivity"", ""Drug-induced pigmentation"", ""Duct ectasia"", ""Dyshidrosis"", ""Dyshidrotic eczema"", ""Dysplastic nevi"", ""Dysplastic nevus"", ""EBS-Dowling Meara"", ""ENPP1-mediated premature arterial calcification"", ""Eczema"", ""Eczema coxsackium"", ""Eczema herpeticum"", ""Ehlers Danlos Syndrome"", ""Ehlers-Danlos syndrome"", ""Epidermal nevus"", ""Epidermodysplasia verruciformis"", ""Epidermolysis bullosa"", ""Epidermolytic hyperkeratosis"", ""Equestrian perniosis"", ""Erdheim-Chester disease"", ""Erysipelas"", ""Erythema dyschromicum perstans"", ""Erythema induratum"", ""Erythema migrans"", ""Erythema multiforme major"", ""Erythema nodosum"", ""Erythrasma"", ""Extramammary Paget disease"", ""Facial demodicosis"", ""Familial dyskeratotic comedones"", ""Fibrous papule"", ""Fixed drug eruption"", ""Foreign body granuloma"", ""Fragile X Syndrome"", ""Frostbite"", ""Fungal infection"", ""GGXC-mediated coagulation factor deficiency"", ""Ganglion cyst"", ""Gangrene"", ""Geographic tongue"", ""Gianotti-Crosti syndrome"", ""Glomus tumor"", ""Glomus tumors"", ""Granuloma annulare"", ""Grover disease"", ""Guttate lichen sclerosus"", ""Guttate psoriasis"", ""Hailey-Hailey Disease"", ""Hailey-Hailey disease"", ""Hair-thread tourniquet syndrome"", ""Halo nevus"", ""Hematomas"", ""Henoch-Scholein vasculitis"", ""Hereditary hemorrhagic telangiectasia"", ""Herpes"", ""Herpes simplex viral lesions"", ""Herpes virus infection"", ""Herpes zoster"", ""Herpetic gingivostomatitis"", ""Herpetic whitlow"", ""Hidradenitis suppurativa"", ""Hidrocystoma"", ""Hidrocystomas"", ""Histoplasmosis"", ""Hodgkin lymphoma"", ""Hydroxychloroquine-induced hyperpigmentation"", ""Hypertrophic lichen planus"", ""Hypertrophic scar"", ""Hypohidrotic ectodermal dysplasia"", ""Ichthyosis vulgaris"", ""IgA vasculitis"", ""IgA-mediated small vessel vasculitis"", ""Immunobullous disease"", ""Impetigo"", ""Inflamed sebacous cysts"", ""Intertrigo"", ""Intradermal nevus"", ""Inverse psoriasis"", ""Irritant contact dermatitis"", ""Jacquet's dermatitis"", ""Junctional EB"", ""Juvenile dermatomyositis"", ""Juvenile spring eruption"", ""Juvenile xanthogranuloma"", ""Kaposi sarcoma"", ""Keloid"", ""Keloids"", ""Keratoacanthoma"", ""Keratoderma blenorrhagicum"", ""Keratoderma climactericum"", ""Keratolysis exfoliativa"", ""Keratosis pilaris"", ""Lamellar ichthyosis"", ""Langerhans cell histiocytosis"", ""Laugier-Hunziker syndrome"", ""Leishmaniasis"", ""Lentigines"", ""Leprosy"", ""Levamisole-induced antineutrophil cytoplasmic antibody vasculitis"", ""Lichen amyloidosis"", ""Lichen nitidus"", ""Lichen planus"", ""Lichen sclerosus"", ""Lichen sclerosus et atrophicus"", ""Lichen simplex chronicus"", ""Lichen striatus"", ""Lichenoid drug eruption"", ""Lipodermatosclerosis"", ""Lipoma"", ""Lobular capillary hemangioma"", ""Localized granuloma annulare"", ""Localized pruritus"", ""Lupus"", ""Lupus erythematosus"", ""Lupus profundus"", ""Lymphogranuloma venereum"", ""Lymphomatoid papulosis"", ""Macular amyloidosis"", ""Maculopapular drug eruption"", ""Marshall syndrome"", ""Mastocytoma"", ""McCune-Albright Syndrome"", ""McCune-Albright syndrome"", ""Median rhomboid glossitis"", ""Medication induced hyperpigmentation"", ""Melanocytic nevi"", ""Melanoma"", ""Melanonychia"", ""Melasma"", ""Meningococcemia"", ""Mid-dermal elastolysis"", ""Molluscum contagiosum"", ""Morbilliform eruption"", ""Morphea"", ""Mucous retention cysts"", ""Multiple endocrine neoplasia type 1"", ""Mycoplasma pneumoniae-induced rash and mucositis"", ""Mycosis fungoides"", ""Myiasis"", ""Necrobiosis lipoidica"", ""Necrobiosis lipoidica diabeticorum"", ""Necrobiotic xanthogranuloma (NXG)"", ""Nephrogenic systemic fibrosis"", ""Neurofibromatosis Type I"", ""Neurofibromatosis Type II"", ""Neurofibromatosis type 1"", ""Nevus comedonicus"", ""Nevus depigmentosus"", ""Nevus sebaceous"", ""Nicolau-Balus syndrome"", ""Nipple hyperkeratosis"", ""Nipple inversion secondary to neglected malignancy"", ""Nocardiosis"", ""Nodulocystic basal cell carcinoma"", ""Noonan Syndrome"", ""Nummular Eczema"", ""Nummular dermatitis"", ""Nummular eczema"", ""Onychomycosis"", ""Palmar lichen planus"", ""Palmar plantar pustulosis"", ""Paresthetica"", ""Paronychia"", ""Pellagra"", ""Pemphigus foliaceus"", ""Pemphigus vegetans"", ""Pemphigus vulgaris"", ""Periductal mastitis"", ""Perifollicular elastolysis"", ""Perioral dermatitis"", ""Perniosis"", ""Peutz-Jeghers syndrome"", ""Photoallergic skin reaction"", ""Photodermatitis"", ""Photolichenoid drug eruption"", ""Phototoxic skin reaction"", ""Phytophotodermatitis"", ""Pigmented purpuric dermatoses"", ""Pigmented villonodular synovitis"", ""Pilar cyst"", ""Pilomatricoma"", ""Pityriasis lichenoides chronica"", ""Pityriasis lichenoides et varioliformis acuta"", ""Pityriasis lichenoides et varioliformis acuta (PLEVA)"", ""Pityriasis rosea"", ""Plexiform neurofibroma"", ""Poison ivy allergic contact dermatitis"", ""Polymorphous light eruption"", ""Post-inflammatory elastolysis"", ""Post-inflammatory hyperpigmentation"", ""Postinflammatory hyperpigmentation"", ""Postinflammatory hypomelanosis"", ""Pressure bullae (coma bullae)"", ""Pretibial myxedema"", ""Proderma gangraneosum"", ""Prurigo nodular"", ""Prurigo nodularis"", ""Prurigo pigmentosa"", ""Pseudoainhum"", ""Pseudomonas nail infection"", ""Pseudoxanthoma elasticum"", ""Psoriasis"", ""Psoriasis vulgaris"", ""Pustular psoriasis"", ""Pyoderma"", ""Pyoderma grangrenosum"", ""Pyogenic granuloma"", ""Raynaud disease"", ""Renal pruritus"", ""Rheumatoid arthritis"", ""Rombo syndrome"", ""Rosacea"", ""Sarcoidosis"", ""Scabies"", ""Scabies infestation"", ""Schnitzler syndrome"", ""Schwannomas"", ""Sch\u00f6pf-Schulz-Passarge syndrome"", ""Scleredema"", ""Scleroderma"", ""Scleroderma (systemic sclerosis)"", ""Scleromyxedema"", ""Scurvy"", ""Seborrheic dermatitis"", ""Seborrheic keratosis"", ""Secondary syphilis"", ""Segmental acne"", ""Senile nails"", ""Severe recessive dystrophic EB"", ""Shingles"", ""Shoe dermatitis"", ""Small plaque parapsoriasis"", ""Solar lentigo"", ""Solitary mastocytoma"", ""Spiradenoma"", ""Spitz nevus"", ""Squamous cell carcinoma"", ""Squamous cell carcinoma in situ"", ""Staphylococcal infection"", ""Stevens-Johnson syndrome"", ""Stiff-skin syndrome"", ""Subacute cutaneous lupus erythematosus"", ""Subcutaneous panniculitis-like T-cell lymphoma"", ""Subepidermal bullae"", ""Subungual hematoma"", ""Subungual melanoma"", ""Sweet syndrome"", ""Synovial cyst"", ""Synovial sarcoma"", ""Syphilis"", ""Syphilitic alopecia"", ""Syringocystadenoma papilliferum."", ""Systemic lupus erythematosus"", ""Systemic sclerosis"", ""S\u00e9zary syndrome"", ""Telogen effluvium"", ""Thrombocytopenic purpura"", ""Tinea"", ""Tinea capitis"", ""Tinea corporis"", ""Tinea incognito"", ""Tinea nigra"", ""Tinea versicolor"", ""Toxicodendron dermatitis"", ""Trachyonychia"", ""Traumatic lesions"", ""Traumatic wound"", ""Trichodento-osseous syndrome"", ""Trichofolliculoma"", ""Trichotillomania"", ""Tuberous sclerosis complex"", ""Type I minocycline hyperpigmentation"", ""Type II minocycline hyperpigmentation"", ""Type III minocycline hyperpigmentation"", ""Ulceroglandular tularemia"", ""Ulcers"", ""Urticarial vasculitis"", ""Varicella"", ""Varicella zoster virus infection"", ""Vascular hemorrhage"", ""Venous ulcer"", ""Vitiligo"", ""Warfarin-induced skin necrosis"", ""Warthin tumors"", ""Witkop tooth and nail syndrome"", ""X-linked ichthyosis"", ""Xanthelasma"", ""Xanthogranuloma"", ""Zosteriform herpes simplex"", ""neuroma""]","{""source_path"": ""/Users/alfred/Documents/baseline_model/external/meddxagent/ddxdriver/benchmarks/data/icraftmd/all_craft_md.jsonl"", ""source"": ""meddxagent_icraftmd_jsonl_v1"", ""answer_idx"": ""D""}"
icraft_md:22,icraft_md,"Age: 42 years
Sex: male
Chief complaint: A 42-year-old man presents with a four-day history of experiencing headache, malaise, and stabbing right-sided headache","- A 42-year-old man presents with a four-day history of experiencing headache, malaise, and stabbing right-sided headache
- Two days after his initial symptoms appeared, he developed a rash over the area of pain
- He reports that he went hiking through the Texas hill country prior to becoming ill
- The patient is otherwise in good health and has an unremarkable medical history
- Physical examination reveals unilateral erythematous, thin, raised plaques over the right forehead
- In addition, he has no relevant social or family history.
- 1. The patient is a 42-year-old man.
- 2. The patient has been experiencing headache for four days.
- 3. The patient has been experiencing malaise for four days.
- 4. The patient has been experiencing stabbing right-sided headache for four days.
- 5. Two days after initial symptoms, the patient developed a rash.
- 6. The rash developed over the area of pain.
- 7. The patient went hiking through the Texas hill country prior to becoming ill.
- 8. The patient is in good health.
- 9. The patient has an unremarkable medical history.
- 10. Physical examination reveals unilateral erythematous plaques.
- 11. The plaques are thin.
- 12. The plaques are raised.
- 13. The plaques are located over the right forehead.
- 14. The patient has no relevant social history.
- 15. The patient has no relevant family history.",Herpes zoster,"[""AELE unrelated to zinc deficiency"", ""Abscesses"", ""Acanthoma fissuratum"", ""Acanthosis nigricans"", ""Acne rosacea"", ""Acne vulgaris"", ""Acquired digital fibrokeratoma (ADFK)"", ""Acral lentiginous melanoma"", ""Acral melanoma"", ""Acral nevi"", ""Acrochordon"", ""Acrodermatitis continua of Hallopeau"", ""Acrodermatitis continua supperativa"", ""Acrodermatitis enteropathica"", ""Acrodermatitis enteropathica-like eruption (AELE)"", ""Actinic keratosis"", ""Acute Generalized Exanthematous Pustulosis"", ""Acute contact dermatitis"", ""Addison disease"", ""Adult-onset asthma with periocular xanthogranuloma"", ""Adult-onset xanthogranuloma"", ""Allergic contact dermatitis"", ""Alopecia"", ""Alopecia areata"", ""Amelanotic melanoma"", ""Amyloidosis cutis dyschromica"", ""Androgenetic alopecia"", ""Anetoderma"", ""Anetoderma associated with SLE"", ""Angiolipoma"", ""Animal pox infection"", ""Arterial ulcer"", ""Ataxia-telangiectasia"", ""Atopic dermatitis"", ""Atypical fibroxanthoma"", ""Autoimmune bullous dermatoses"", ""Bacillary angiomatosis"", ""Bacterial endocarditis"", ""Bacterial sepsis"", ""Bandler syndrome"", ""Basal cell carcinoma"", ""Bazex-Dupre-Christol syndrome"", ""Becker nevus"", ""Birt-Hogg-Dube syndrome"", ""Blastomycosis"", ""Bloom syndrome"", ""Bowen\u2019s disease"", ""Brittle nails"", ""Bullosis diabeticorum"", ""Bullous arthropod assault"", ""Bullous arthropod bites"", ""Bullous erythema multiforme"", ""Bullous impetigo"", ""Bullous leukocytoclastic vasculitis"", ""Bullous pemphigoid"", ""Caf\u00e9 au lait macules"", ""Calluses"", ""Cellulitis"", ""Central centrifugal cicatricial alopecia"", ""Chancroid"", ""Chemical burn"", ""Chilblains"", ""Cholestatic pruritus"", ""Chondrodermatitis nodularis helicis"", ""Chromomycosis"", ""Chronic eczema"", ""Chronic liver disease"", ""Chronic myelomonocytic leukemia"", ""Chronic paronychia"", ""Confluent and reticulated papillomatosis"", ""Congenital melanocytic nevi"", ""Congenital melanocytic nevus"", ""Congenital nipple inversion"", ""Congenital smooth muscle hamartomas"", ""Conradi-H\u00fcnermann-Happle syndrome"", ""Contact dermatitis"", ""Corticosteroid-induced atrophy"", ""Cryoglobulinemia"", ""Cutaneous Langerhans cell histiocytosis"", ""Cutaneous anthrax"", ""Cutaneous horn"", ""Cutaneous leishmaniasis"", ""Cutaneous lupus"", ""Cutaneous lupus erythematosus"", ""Cutaneous sarcoidosis"", ""Cutis laxa"", ""Cystic pleomorphic adenomas"", ""DNA Repair Syndromes"", ""Darier disease"", ""Dermatitis"", ""Dermatofibroma"", ""Dermatofibrosarcoma protuberans"", ""Dermatomyositis"", ""Dermatosis papulosa nigra"", ""Diabetic dermopathy"", ""Discoid lupus"", ""Discoid lupus erythematosus"", ""Disseminated intravascular coagulation"", ""Dowling-Degos disease"", ""Drug reaction with eosinophilia and systemic symptoms"", ""Drug-induced hypersensitivity syndrome"", ""Drug-induced photosensitivity"", ""Drug-induced pigmentation"", ""Duct ectasia"", ""Dyshidrosis"", ""Dyshidrotic eczema"", ""Dysplastic nevi"", ""Dysplastic nevus"", ""EBS-Dowling Meara"", ""ENPP1-mediated premature arterial calcification"", ""Eczema"", ""Eczema coxsackium"", ""Eczema herpeticum"", ""Ehlers Danlos Syndrome"", ""Ehlers-Danlos syndrome"", ""Epidermal nevus"", ""Epidermodysplasia verruciformis"", ""Epidermolysis bullosa"", ""Epidermolytic hyperkeratosis"", ""Equestrian perniosis"", ""Erdheim-Chester disease"", ""Erysipelas"", ""Erythema dyschromicum perstans"", ""Erythema induratum"", ""Erythema migrans"", ""Erythema multiforme major"", ""Erythema nodosum"", ""Erythrasma"", ""Extramammary Paget disease"", ""Facial demodicosis"", ""Familial dyskeratotic comedones"", ""Fibrous papule"", ""Fixed drug eruption"", ""Foreign body granuloma"", ""Fragile X Syndrome"", ""Frostbite"", ""Fungal infection"", ""GGXC-mediated coagulation factor deficiency"", ""Ganglion cyst"", ""Gangrene"", ""Geographic tongue"", ""Gianotti-Crosti syndrome"", ""Glomus tumor"", ""Glomus tumors"", ""Granuloma annulare"", ""Grover disease"", ""Guttate lichen sclerosus"", ""Guttate psoriasis"", ""Hailey-Hailey Disease"", ""Hailey-Hailey disease"", ""Hair-thread tourniquet syndrome"", ""Halo nevus"", ""Hematomas"", ""Henoch-Scholein vasculitis"", ""Hereditary hemorrhagic telangiectasia"", ""Herpes"", ""Herpes simplex viral lesions"", ""Herpes virus infection"", ""Herpes zoster"", ""Herpetic gingivostomatitis"", ""Herpetic whitlow"", ""Hidradenitis suppurativa"", ""Hidrocystoma"", ""Hidrocystomas"", ""Histoplasmosis"", ""Hodgkin lymphoma"", ""Hydroxychloroquine-induced hyperpigmentation"", ""Hypertrophic lichen planus"", ""Hypertrophic scar"", ""Hypohidrotic ectodermal dysplasia"", ""Ichthyosis vulgaris"", ""IgA vasculitis"", ""IgA-mediated small vessel vasculitis"", ""Immunobullous disease"", ""Impetigo"", ""Inflamed sebacous cysts"", ""Intertrigo"", ""Intradermal nevus"", ""Inverse psoriasis"", ""Irritant contact dermatitis"", ""Jacquet's dermatitis"", ""Junctional EB"", ""Juvenile dermatomyositis"", ""Juvenile spring eruption"", ""Juvenile xanthogranuloma"", ""Kaposi sarcoma"", ""Keloid"", ""Keloids"", ""Keratoacanthoma"", ""Keratoderma blenorrhagicum"", ""Keratoderma climactericum"", ""Keratolysis exfoliativa"", ""Keratosis pilaris"", ""Lamellar ichthyosis"", ""Langerhans cell histiocytosis"", ""Laugier-Hunziker syndrome"", ""Leishmaniasis"", ""Lentigines"", ""Leprosy"", ""Levamisole-induced antineutrophil cytoplasmic antibody vasculitis"", ""Lichen amyloidosis"", ""Lichen nitidus"", ""Lichen planus"", ""Lichen sclerosus"", ""Lichen sclerosus et atrophicus"", ""Lichen simplex chronicus"", ""Lichen striatus"", ""Lichenoid drug eruption"", ""Lipodermatosclerosis"", ""Lipoma"", ""Lobular capillary hemangioma"", ""Localized granuloma annulare"", ""Localized pruritus"", ""Lupus"", ""Lupus erythematosus"", ""Lupus profundus"", ""Lymphogranuloma venereum"", ""Lymphomatoid papulosis"", ""Macular amyloidosis"", ""Maculopapular drug eruption"", ""Marshall syndrome"", ""Mastocytoma"", ""McCune-Albright Syndrome"", ""McCune-Albright syndrome"", ""Median rhomboid glossitis"", ""Medication induced hyperpigmentation"", ""Melanocytic nevi"", ""Melanoma"", ""Melanonychia"", ""Melasma"", ""Meningococcemia"", ""Mid-dermal elastolysis"", ""Molluscum contagiosum"", ""Morbilliform eruption"", ""Morphea"", ""Mucous retention cysts"", ""Multiple endocrine neoplasia type 1"", ""Mycoplasma pneumoniae-induced rash and mucositis"", ""Mycosis fungoides"", ""Myiasis"", ""Necrobiosis lipoidica"", ""Necrobiosis lipoidica diabeticorum"", ""Necrobiotic xanthogranuloma (NXG)"", ""Nephrogenic systemic fibrosis"", ""Neurofibromatosis Type I"", ""Neurofibromatosis Type II"", ""Neurofibromatosis type 1"", ""Nevus comedonicus"", ""Nevus depigmentosus"", ""Nevus sebaceous"", ""Nicolau-Balus syndrome"", ""Nipple hyperkeratosis"", ""Nipple inversion secondary to neglected malignancy"", ""Nocardiosis"", ""Nodulocystic basal cell carcinoma"", ""Noonan Syndrome"", ""Nummular Eczema"", ""Nummular dermatitis"", ""Nummular eczema"", ""Onychomycosis"", ""Palmar lichen planus"", ""Palmar plantar pustulosis"", ""Paresthetica"", ""Paronychia"", ""Pellagra"", ""Pemphigus foliaceus"", ""Pemphigus vegetans"", ""Pemphigus vulgaris"", ""Periductal mastitis"", ""Perifollicular elastolysis"", ""Perioral dermatitis"", ""Perniosis"", ""Peutz-Jeghers syndrome"", ""Photoallergic skin reaction"", ""Photodermatitis"", ""Photolichenoid drug eruption"", ""Phototoxic skin reaction"", ""Phytophotodermatitis"", ""Pigmented purpuric dermatoses"", ""Pigmented villonodular synovitis"", ""Pilar cyst"", ""Pilomatricoma"", ""Pityriasis lichenoides chronica"", ""Pityriasis lichenoides et varioliformis acuta"", ""Pityriasis lichenoides et varioliformis acuta (PLEVA)"", ""Pityriasis rosea"", ""Plexiform neurofibroma"", ""Poison ivy allergic contact dermatitis"", ""Polymorphous light eruption"", ""Post-inflammatory elastolysis"", ""Post-inflammatory hyperpigmentation"", ""Postinflammatory hyperpigmentation"", ""Postinflammatory hypomelanosis"", ""Pressure bullae (coma bullae)"", ""Pretibial myxedema"", ""Proderma gangraneosum"", ""Prurigo nodular"", ""Prurigo nodularis"", ""Prurigo pigmentosa"", ""Pseudoainhum"", ""Pseudomonas nail infection"", ""Pseudoxanthoma elasticum"", ""Psoriasis"", ""Psoriasis vulgaris"", ""Pustular psoriasis"", ""Pyoderma"", ""Pyoderma grangrenosum"", ""Pyogenic granuloma"", ""Raynaud disease"", ""Renal pruritus"", ""Rheumatoid arthritis"", ""Rombo syndrome"", ""Rosacea"", ""Sarcoidosis"", ""Scabies"", ""Scabies infestation"", ""Schnitzler syndrome"", ""Schwannomas"", ""Sch\u00f6pf-Schulz-Passarge syndrome"", ""Scleredema"", ""Scleroderma"", ""Scleroderma (systemic sclerosis)"", ""Scleromyxedema"", ""Scurvy"", ""Seborrheic dermatitis"", ""Seborrheic keratosis"", ""Secondary syphilis"", ""Segmental acne"", ""Senile nails"", ""Severe recessive dystrophic EB"", ""Shingles"", ""Shoe dermatitis"", ""Small plaque parapsoriasis"", ""Solar lentigo"", ""Solitary mastocytoma"", ""Spiradenoma"", ""Spitz nevus"", ""Squamous cell carcinoma"", ""Squamous cell carcinoma in situ"", ""Staphylococcal infection"", ""Stevens-Johnson syndrome"", ""Stiff-skin syndrome"", ""Subacute cutaneous lupus erythematosus"", ""Subcutaneous panniculitis-like T-cell lymphoma"", ""Subepidermal bullae"", ""Subungual hematoma"", ""Subungual melanoma"", ""Sweet syndrome"", ""Synovial cyst"", ""Synovial sarcoma"", ""Syphilis"", ""Syphilitic alopecia"", ""Syringocystadenoma papilliferum."", ""Systemic lupus erythematosus"", ""Systemic sclerosis"", ""S\u00e9zary syndrome"", ""Telogen effluvium"", ""Thrombocytopenic purpura"", ""Tinea"", ""Tinea capitis"", ""Tinea corporis"", ""Tinea incognito"", ""Tinea nigra"", ""Tinea versicolor"", ""Toxicodendron dermatitis"", ""Trachyonychia"", ""Traumatic lesions"", ""Traumatic wound"", ""Trichodento-osseous syndrome"", ""Trichofolliculoma"", ""Trichotillomania"", ""Tuberous sclerosis complex"", ""Type I minocycline hyperpigmentation"", ""Type II minocycline hyperpigmentation"", ""Type III minocycline hyperpigmentation"", ""Ulceroglandular tularemia"", ""Ulcers"", ""Urticarial vasculitis"", ""Varicella"", ""Varicella zoster virus infection"", ""Vascular hemorrhage"", ""Venous ulcer"", ""Vitiligo"", ""Warfarin-induced skin necrosis"", ""Warthin tumors"", ""Witkop tooth and nail syndrome"", ""X-linked ichthyosis"", ""Xanthelasma"", ""Xanthogranuloma"", ""Zosteriform herpes simplex"", ""neuroma""]","{""source_path"": ""/Users/alfred/Documents/baseline_model/external/meddxagent/ddxdriver/benchmarks/data/icraftmd/all_craft_md.jsonl"", ""source"": ""meddxagent_icraftmd_jsonl_v1"", ""answer_idx"": ""C""}"
icraft_md:45,icraft_md,"Age: 45 years
Sex: female
Chief complaint: A 45-year-old woman with insulin-dependent diabetes mellitus presents with a sore on her right leg","- A 45-year-old woman with insulin-dependent diabetes mellitus presents with a sore on her right leg
- She describes a long-standing history of asymptomatic lesions on her shins but had only recently injured her leg, causing the sore, which is slow to heal
- Despite a 15-year history of diabetes, she has no systemic complications
- She has large, well-circumscribed plaques on her anterior shins bilaterally, which are yellow-brown with telangiectasias and minimally violaceous borders.
- 1. The patient is a 45-year-old woman.
- 2. The patient has insulin-dependent diabetes mellitus.
- 3. The patient presents with a sore on her right leg.
- 4. The patient describes having asymptomatic lesions on her shins for a long time.
- 5. The patient recently injured her leg.
- 6. The injury on the patient's leg caused the sore.
- 7. The sore on the patient's leg is slow to heal.
- 8. The patient has a 15-year history of diabetes.
- 9. The patient has no systemic complications from diabetes.
- 10. The patient has large plaques on her anterior shins.
- 11. The plaques are on both shins of the patient.
- 12. The plaques are well-circumscribed.
- 13. The plaques are yellow-brown.
- 14. The plaques have telangiectasias.
- 15. The plaques have minimally violaceous borders.",Necrobiosis lipoidica,"[""AELE unrelated to zinc deficiency"", ""Abscesses"", ""Acanthoma fissuratum"", ""Acanthosis nigricans"", ""Acne rosacea"", ""Acne vulgaris"", ""Acquired digital fibrokeratoma (ADFK)"", ""Acral lentiginous melanoma"", ""Acral melanoma"", ""Acral nevi"", ""Acrochordon"", ""Acrodermatitis continua of Hallopeau"", ""Acrodermatitis continua supperativa"", ""Acrodermatitis enteropathica"", ""Acrodermatitis enteropathica-like eruption (AELE)"", ""Actinic keratosis"", ""Acute Generalized Exanthematous Pustulosis"", ""Acute contact dermatitis"", ""Addison disease"", ""Adult-onset asthma with periocular xanthogranuloma"", ""Adult-onset xanthogranuloma"", ""Allergic contact dermatitis"", ""Alopecia"", ""Alopecia areata"", ""Amelanotic melanoma"", ""Amyloidosis cutis dyschromica"", ""Androgenetic alopecia"", ""Anetoderma"", ""Anetoderma associated with SLE"", ""Angiolipoma"", ""Animal pox infection"", ""Arterial ulcer"", ""Ataxia-telangiectasia"", ""Atopic dermatitis"", ""Atypical fibroxanthoma"", ""Autoimmune bullous dermatoses"", ""Bacillary angiomatosis"", ""Bacterial endocarditis"", ""Bacterial sepsis"", ""Bandler syndrome"", ""Basal cell carcinoma"", ""Bazex-Dupre-Christol syndrome"", ""Becker nevus"", ""Birt-Hogg-Dube syndrome"", ""Blastomycosis"", ""Bloom syndrome"", ""Bowen\u2019s disease"", ""Brittle nails"", ""Bullosis diabeticorum"", ""Bullous arthropod assault"", ""Bullous arthropod bites"", ""Bullous erythema multiforme"", ""Bullous impetigo"", ""Bullous leukocytoclastic vasculitis"", ""Bullous pemphigoid"", ""Caf\u00e9 au lait macules"", ""Calluses"", ""Cellulitis"", ""Central centrifugal cicatricial alopecia"", ""Chancroid"", ""Chemical burn"", ""Chilblains"", ""Cholestatic pruritus"", ""Chondrodermatitis nodularis helicis"", ""Chromomycosis"", ""Chronic eczema"", ""Chronic liver disease"", ""Chronic myelomonocytic leukemia"", ""Chronic paronychia"", ""Confluent and reticulated papillomatosis"", ""Congenital melanocytic nevi"", ""Congenital melanocytic nevus"", ""Congenital nipple inversion"", ""Congenital smooth muscle hamartomas"", ""Conradi-H\u00fcnermann-Happle syndrome"", ""Contact dermatitis"", ""Corticosteroid-induced atrophy"", ""Cryoglobulinemia"", ""Cutaneous Langerhans cell histiocytosis"", ""Cutaneous anthrax"", ""Cutaneous horn"", ""Cutaneous leishmaniasis"", ""Cutaneous lupus"", ""Cutaneous lupus erythematosus"", ""Cutaneous sarcoidosis"", ""Cutis laxa"", ""Cystic pleomorphic adenomas"", ""DNA Repair Syndromes"", ""Darier disease"", ""Dermatitis"", ""Dermatofibroma"", ""Dermatofibrosarcoma protuberans"", ""Dermatomyositis"", ""Dermatosis papulosa nigra"", ""Diabetic dermopathy"", ""Discoid lupus"", ""Discoid lupus erythematosus"", ""Disseminated intravascular coagulation"", ""Dowling-Degos disease"", ""Drug reaction with eosinophilia and systemic symptoms"", ""Drug-induced hypersensitivity syndrome"", ""Drug-induced photosensitivity"", ""Drug-induced pigmentation"", ""Duct ectasia"", ""Dyshidrosis"", ""Dyshidrotic eczema"", ""Dysplastic nevi"", ""Dysplastic nevus"", ""EBS-Dowling Meara"", ""ENPP1-mediated premature arterial calcification"", ""Eczema"", ""Eczema coxsackium"", ""Eczema herpeticum"", ""Ehlers Danlos Syndrome"", ""Ehlers-Danlos syndrome"", ""Epidermal nevus"", ""Epidermodysplasia verruciformis"", ""Epidermolysis bullosa"", ""Epidermolytic hyperkeratosis"", ""Equestrian perniosis"", ""Erdheim-Chester disease"", ""Erysipelas"", ""Erythema dyschromicum perstans"", ""Erythema induratum"", ""Erythema migrans"", ""Erythema multiforme major"", ""Erythema nodosum"", ""Erythrasma"", ""Extramammary Paget disease"", ""Facial demodicosis"", ""Familial dyskeratotic comedones"", ""Fibrous papule"", ""Fixed drug eruption"", ""Foreign body granuloma"", ""Fragile X Syndrome"", ""Frostbite"", ""Fungal infection"", ""GGXC-mediated coagulation factor deficiency"", ""Ganglion cyst"", ""Gangrene"", ""Geographic tongue"", ""Gianotti-Crosti syndrome"", ""Glomus tumor"", ""Glomus tumors"", ""Granuloma annulare"", ""Grover disease"", ""Guttate lichen sclerosus"", ""Guttate psoriasis"", ""Hailey-Hailey Disease"", ""Hailey-Hailey disease"", ""Hair-thread tourniquet syndrome"", ""Halo nevus"", ""Hematomas"", ""Henoch-Scholein vasculitis"", ""Hereditary hemorrhagic telangiectasia"", ""Herpes"", ""Herpes simplex viral lesions"", ""Herpes virus infection"", ""Herpes zoster"", ""Herpetic gingivostomatitis"", ""Herpetic whitlow"", ""Hidradenitis suppurativa"", ""Hidrocystoma"", ""Hidrocystomas"", ""Histoplasmosis"", ""Hodgkin lymphoma"", ""Hydroxychloroquine-induced hyperpigmentation"", ""Hypertrophic lichen planus"", ""Hypertrophic scar"", ""Hypohidrotic ectodermal dysplasia"", ""Ichthyosis vulgaris"", ""IgA vasculitis"", ""IgA-mediated small vessel vasculitis"", ""Immunobullous disease"", ""Impetigo"", ""Inflamed sebacous cysts"", ""Intertrigo"", ""Intradermal nevus"", ""Inverse psoriasis"", ""Irritant contact dermatitis"", ""Jacquet's dermatitis"", ""Junctional EB"", ""Juvenile dermatomyositis"", ""Juvenile spring eruption"", ""Juvenile xanthogranuloma"", ""Kaposi sarcoma"", ""Keloid"", ""Keloids"", ""Keratoacanthoma"", ""Keratoderma blenorrhagicum"", ""Keratoderma climactericum"", ""Keratolysis exfoliativa"", ""Keratosis pilaris"", ""Lamellar ichthyosis"", ""Langerhans cell histiocytosis"", ""Laugier-Hunziker syndrome"", ""Leishmaniasis"", ""Lentigines"", ""Leprosy"", ""Levamisole-induced antineutrophil cytoplasmic antibody vasculitis"", ""Lichen amyloidosis"", ""Lichen nitidus"", ""Lichen planus"", ""Lichen sclerosus"", ""Lichen sclerosus et atrophicus"", ""Lichen simplex chronicus"", ""Lichen striatus"", ""Lichenoid drug eruption"", ""Lipodermatosclerosis"", ""Lipoma"", ""Lobular capillary hemangioma"", ""Localized granuloma annulare"", ""Localized pruritus"", ""Lupus"", ""Lupus erythematosus"", ""Lupus profundus"", ""Lymphogranuloma venereum"", ""Lymphomatoid papulosis"", ""Macular amyloidosis"", ""Maculopapular drug eruption"", ""Marshall syndrome"", ""Mastocytoma"", ""McCune-Albright Syndrome"", ""McCune-Albright syndrome"", ""Median rhomboid glossitis"", ""Medication induced hyperpigmentation"", ""Melanocytic nevi"", ""Melanoma"", ""Melanonychia"", ""Melasma"", ""Meningococcemia"", ""Mid-dermal elastolysis"", ""Molluscum contagiosum"", ""Morbilliform eruption"", ""Morphea"", ""Mucous retention cysts"", ""Multiple endocrine neoplasia type 1"", ""Mycoplasma pneumoniae-induced rash and mucositis"", ""Mycosis fungoides"", ""Myiasis"", ""Necrobiosis lipoidica"", ""Necrobiosis lipoidica diabeticorum"", ""Necrobiotic xanthogranuloma (NXG)"", ""Nephrogenic systemic fibrosis"", ""Neurofibromatosis Type I"", ""Neurofibromatosis Type II"", ""Neurofibromatosis type 1"", ""Nevus comedonicus"", ""Nevus depigmentosus"", ""Nevus sebaceous"", ""Nicolau-Balus syndrome"", ""Nipple hyperkeratosis"", ""Nipple inversion secondary to neglected malignancy"", ""Nocardiosis"", ""Nodulocystic basal cell carcinoma"", ""Noonan Syndrome"", ""Nummular Eczema"", ""Nummular dermatitis"", ""Nummular eczema"", ""Onychomycosis"", ""Palmar lichen planus"", ""Palmar plantar pustulosis"", ""Paresthetica"", ""Paronychia"", ""Pellagra"", ""Pemphigus foliaceus"", ""Pemphigus vegetans"", ""Pemphigus vulgaris"", ""Periductal mastitis"", ""Perifollicular elastolysis"", ""Perioral dermatitis"", ""Perniosis"", ""Peutz-Jeghers syndrome"", ""Photoallergic skin reaction"", ""Photodermatitis"", ""Photolichenoid drug eruption"", ""Phototoxic skin reaction"", ""Phytophotodermatitis"", ""Pigmented purpuric dermatoses"", ""Pigmented villonodular synovitis"", ""Pilar cyst"", ""Pilomatricoma"", ""Pityriasis lichenoides chronica"", ""Pityriasis lichenoides et varioliformis acuta"", ""Pityriasis lichenoides et varioliformis acuta (PLEVA)"", ""Pityriasis rosea"", ""Plexiform neurofibroma"", ""Poison ivy allergic contact dermatitis"", ""Polymorphous light eruption"", ""Post-inflammatory elastolysis"", ""Post-inflammatory hyperpigmentation"", ""Postinflammatory hyperpigmentation"", ""Postinflammatory hypomelanosis"", ""Pressure bullae (coma bullae)"", ""Pretibial myxedema"", ""Proderma gangraneosum"", ""Prurigo nodular"", ""Prurigo nodularis"", ""Prurigo pigmentosa"", ""Pseudoainhum"", ""Pseudomonas nail infection"", ""Pseudoxanthoma elasticum"", ""Psoriasis"", ""Psoriasis vulgaris"", ""Pustular psoriasis"", ""Pyoderma"", ""Pyoderma grangrenosum"", ""Pyogenic granuloma"", ""Raynaud disease"", ""Renal pruritus"", ""Rheumatoid arthritis"", ""Rombo syndrome"", ""Rosacea"", ""Sarcoidosis"", ""Scabies"", ""Scabies infestation"", ""Schnitzler syndrome"", ""Schwannomas"", ""Sch\u00f6pf-Schulz-Passarge syndrome"", ""Scleredema"", ""Scleroderma"", ""Scleroderma (systemic sclerosis)"", ""Scleromyxedema"", ""Scurvy"", ""Seborrheic dermatitis"", ""Seborrheic keratosis"", ""Secondary syphilis"", ""Segmental acne"", ""Senile nails"", ""Severe recessive dystrophic EB"", ""Shingles"", ""Shoe dermatitis"", ""Small plaque parapsoriasis"", ""Solar lentigo"", ""Solitary mastocytoma"", ""Spiradenoma"", ""Spitz nevus"", ""Squamous cell carcinoma"", ""Squamous cell carcinoma in situ"", ""Staphylococcal infection"", ""Stevens-Johnson syndrome"", ""Stiff-skin syndrome"", ""Subacute cutaneous lupus erythematosus"", ""Subcutaneous panniculitis-like T-cell lymphoma"", ""Subepidermal bullae"", ""Subungual hematoma"", ""Subungual melanoma"", ""Sweet syndrome"", ""Synovial cyst"", ""Synovial sarcoma"", ""Syphilis"", ""Syphilitic alopecia"", ""Syringocystadenoma papilliferum."", ""Systemic lupus erythematosus"", ""Systemic sclerosis"", ""S\u00e9zary syndrome"", ""Telogen effluvium"", ""Thrombocytopenic purpura"", ""Tinea"", ""Tinea capitis"", ""Tinea corporis"", ""Tinea incognito"", ""Tinea nigra"", ""Tinea versicolor"", ""Toxicodendron dermatitis"", ""Trachyonychia"", ""Traumatic lesions"", ""Traumatic wound"", ""Trichodento-osseous syndrome"", ""Trichofolliculoma"", ""Trichotillomania"", ""Tuberous sclerosis complex"", ""Type I minocycline hyperpigmentation"", ""Type II minocycline hyperpigmentation"", ""Type III minocycline hyperpigmentation"", ""Ulceroglandular tularemia"", ""Ulcers"", ""Urticarial vasculitis"", ""Varicella"", ""Varicella zoster virus infection"", ""Vascular hemorrhage"", ""Venous ulcer"", ""Vitiligo"", ""Warfarin-induced skin necrosis"", ""Warthin tumors"", ""Witkop tooth and nail syndrome"", ""X-linked ichthyosis"", ""Xanthelasma"", ""Xanthogranuloma"", ""Zosteriform herpes simplex"", ""neuroma""]","{""source_path"": ""/Users/alfred/Documents/baseline_model/external/meddxagent/ddxdriver/benchmarks/data/icraftmd/all_craft_md.jsonl"", ""source"": ""meddxagent_icraftmd_jsonl_v1"", ""answer_idx"": ""D""}"
icraft_md:49,icraft_md,"Age: 16 years
Sex: female
Chief complaint: A healthy 16-year-old girl presents with six tan patches on her trunk and upper arms, freckles in her axillae, and a reddish discoloration under the tip of her thumbnail","- A healthy 16-year-old girl presents with six tan patches on her trunk and upper arms, freckles in her axillae, and a reddish discoloration under the tip of her thumbnail
- The tan patches have been present since birth but have enlarged over the past 4 years
- She reports paroxysmal pain and cold sensitivity involving the discolored portion of her thumb
- Examination reveals six tan-brown macules with smooth borders ranging from 16 to 20 mm, axillary freckling, and a tender red-blue nodule under the thumbnail.
- 1. The patient is a healthy 16-year-old girl.
- 2. The girl presents with six tan patches on her trunk and upper arms.
- 3. The girl has freckles in her axillae.
- 4. The girl has a reddish discoloration under the tip of her thumbnail.
- 5. The tan patches have been present since birth.
- 6. The tan patches have enlarged over the past 4 years.
- 7. The girl reports paroxysmal pain involving the discolored portion of her thumb.
- 8. The girl reports cold sensitivity involving the discolored portion of her thumb.
- 9. Examination reveals six tan-brown macules.
- 10. The macules have smooth borders.
- 11. The macules range from 16 to 20 mm in size.
- 12. The girl has axillary freckling.
- 13. There is a tender red-blue nodule under the thumbnail.",Neurofibromatosis type 1,"[""AELE unrelated to zinc deficiency"", ""Abscesses"", ""Acanthoma fissuratum"", ""Acanthosis nigricans"", ""Acne rosacea"", ""Acne vulgaris"", ""Acquired digital fibrokeratoma (ADFK)"", ""Acral lentiginous melanoma"", ""Acral melanoma"", ""Acral nevi"", ""Acrochordon"", ""Acrodermatitis continua of Hallopeau"", ""Acrodermatitis continua supperativa"", ""Acrodermatitis enteropathica"", ""Acrodermatitis enteropathica-like eruption (AELE)"", ""Actinic keratosis"", ""Acute Generalized Exanthematous Pustulosis"", ""Acute contact dermatitis"", ""Addison disease"", ""Adult-onset asthma with periocular xanthogranuloma"", ""Adult-onset xanthogranuloma"", ""Allergic contact dermatitis"", ""Alopecia"", ""Alopecia areata"", ""Amelanotic melanoma"", ""Amyloidosis cutis dyschromica"", ""Androgenetic alopecia"", ""Anetoderma"", ""Anetoderma associated with SLE"", ""Angiolipoma"", ""Animal pox infection"", ""Arterial ulcer"", ""Ataxia-telangiectasia"", ""Atopic dermatitis"", ""Atypical fibroxanthoma"", ""Autoimmune bullous dermatoses"", ""Bacillary angiomatosis"", ""Bacterial endocarditis"", ""Bacterial sepsis"", ""Bandler syndrome"", ""Basal cell carcinoma"", ""Bazex-Dupre-Christol syndrome"", ""Becker nevus"", ""Birt-Hogg-Dube syndrome"", ""Blastomycosis"", ""Bloom syndrome"", ""Bowen\u2019s disease"", ""Brittle nails"", ""Bullosis diabeticorum"", ""Bullous arthropod assault"", ""Bullous arthropod bites"", ""Bullous erythema multiforme"", ""Bullous impetigo"", ""Bullous leukocytoclastic vasculitis"", ""Bullous pemphigoid"", ""Caf\u00e9 au lait macules"", ""Calluses"", ""Cellulitis"", ""Central centrifugal cicatricial alopecia"", ""Chancroid"", ""Chemical burn"", ""Chilblains"", ""Cholestatic pruritus"", ""Chondrodermatitis nodularis helicis"", ""Chromomycosis"", ""Chronic eczema"", ""Chronic liver disease"", ""Chronic myelomonocytic leukemia"", ""Chronic paronychia"", ""Confluent and reticulated papillomatosis"", ""Congenital melanocytic nevi"", ""Congenital melanocytic nevus"", ""Congenital nipple inversion"", ""Congenital smooth muscle hamartomas"", ""Conradi-H\u00fcnermann-Happle syndrome"", ""Contact dermatitis"", ""Corticosteroid-induced atrophy"", ""Cryoglobulinemia"", ""Cutaneous Langerhans cell histiocytosis"", ""Cutaneous anthrax"", ""Cutaneous horn"", ""Cutaneous leishmaniasis"", ""Cutaneous lupus"", ""Cutaneous lupus erythematosus"", ""Cutaneous sarcoidosis"", ""Cutis laxa"", ""Cystic pleomorphic adenomas"", ""DNA Repair Syndromes"", ""Darier disease"", ""Dermatitis"", ""Dermatofibroma"", ""Dermatofibrosarcoma protuberans"", ""Dermatomyositis"", ""Dermatosis papulosa nigra"", ""Diabetic dermopathy"", ""Discoid lupus"", ""Discoid lupus erythematosus"", ""Disseminated intravascular coagulation"", ""Dowling-Degos disease"", ""Drug reaction with eosinophilia and systemic symptoms"", ""Drug-induced hypersensitivity syndrome"", ""Drug-induced photosensitivity"", ""Drug-induced pigmentation"", ""Duct ectasia"", ""Dyshidrosis"", ""Dyshidrotic eczema"", ""Dysplastic nevi"", ""Dysplastic nevus"", ""EBS-Dowling Meara"", ""ENPP1-mediated premature arterial calcification"", ""Eczema"", ""Eczema coxsackium"", ""Eczema herpeticum"", ""Ehlers Danlos Syndrome"", ""Ehlers-Danlos syndrome"", ""Epidermal nevus"", ""Epidermodysplasia verruciformis"", ""Epidermolysis bullosa"", ""Epidermolytic hyperkeratosis"", ""Equestrian perniosis"", ""Erdheim-Chester disease"", ""Erysipelas"", ""Erythema dyschromicum perstans"", ""Erythema induratum"", ""Erythema migrans"", ""Erythema multiforme major"", ""Erythema nodosum"", ""Erythrasma"", ""Extramammary Paget disease"", ""Facial demodicosis"", ""Familial dyskeratotic comedones"", ""Fibrous papule"", ""Fixed drug eruption"", ""Foreign body granuloma"", ""Fragile X Syndrome"", ""Frostbite"", ""Fungal infection"", ""GGXC-mediated coagulation factor deficiency"", ""Ganglion cyst"", ""Gangrene"", ""Geographic tongue"", ""Gianotti-Crosti syndrome"", ""Glomus tumor"", ""Glomus tumors"", ""Granuloma annulare"", ""Grover disease"", ""Guttate lichen sclerosus"", ""Guttate psoriasis"", ""Hailey-Hailey Disease"", ""Hailey-Hailey disease"", ""Hair-thread tourniquet syndrome"", ""Halo nevus"", ""Hematomas"", ""Henoch-Scholein vasculitis"", ""Hereditary hemorrhagic telangiectasia"", ""Herpes"", ""Herpes simplex viral lesions"", ""Herpes virus infection"", ""Herpes zoster"", ""Herpetic gingivostomatitis"", ""Herpetic whitlow"", ""Hidradenitis suppurativa"", ""Hidrocystoma"", ""Hidrocystomas"", ""Histoplasmosis"", ""Hodgkin lymphoma"", ""Hydroxychloroquine-induced hyperpigmentation"", ""Hypertrophic lichen planus"", ""Hypertrophic scar"", ""Hypohidrotic ectodermal dysplasia"", ""Ichthyosis vulgaris"", ""IgA vasculitis"", ""IgA-mediated small vessel vasculitis"", ""Immunobullous disease"", ""Impetigo"", ""Inflamed sebacous cysts"", ""Intertrigo"", ""Intradermal nevus"", ""Inverse psoriasis"", ""Irritant contact dermatitis"", ""Jacquet's dermatitis"", ""Junctional EB"", ""Juvenile dermatomyositis"", ""Juvenile spring eruption"", ""Juvenile xanthogranuloma"", ""Kaposi sarcoma"", ""Keloid"", ""Keloids"", ""Keratoacanthoma"", ""Keratoderma blenorrhagicum"", ""Keratoderma climactericum"", ""Keratolysis exfoliativa"", ""Keratosis pilaris"", ""Lamellar ichthyosis"", ""Langerhans cell histiocytosis"", ""Laugier-Hunziker syndrome"", ""Leishmaniasis"", ""Lentigines"", ""Leprosy"", ""Levamisole-induced antineutrophil cytoplasmic antibody vasculitis"", ""Lichen amyloidosis"", ""Lichen nitidus"", ""Lichen planus"", ""Lichen sclerosus"", ""Lichen sclerosus et atrophicus"", ""Lichen simplex chronicus"", ""Lichen striatus"", ""Lichenoid drug eruption"", ""Lipodermatosclerosis"", ""Lipoma"", ""Lobular capillary hemangioma"", ""Localized granuloma annulare"", ""Localized pruritus"", ""Lupus"", ""Lupus erythematosus"", ""Lupus profundus"", ""Lymphogranuloma venereum"", ""Lymphomatoid papulosis"", ""Macular amyloidosis"", ""Maculopapular drug eruption"", ""Marshall syndrome"", ""Mastocytoma"", ""McCune-Albright Syndrome"", ""McCune-Albright syndrome"", ""Median rhomboid glossitis"", ""Medication induced hyperpigmentation"", ""Melanocytic nevi"", ""Melanoma"", ""Melanonychia"", ""Melasma"", ""Meningococcemia"", ""Mid-dermal elastolysis"", ""Molluscum contagiosum"", ""Morbilliform eruption"", ""Morphea"", ""Mucous retention cysts"", ""Multiple endocrine neoplasia type 1"", ""Mycoplasma pneumoniae-induced rash and mucositis"", ""Mycosis fungoides"", ""Myiasis"", ""Necrobiosis lipoidica"", ""Necrobiosis lipoidica diabeticorum"", ""Necrobiotic xanthogranuloma (NXG)"", ""Nephrogenic systemic fibrosis"", ""Neurofibromatosis Type I"", ""Neurofibromatosis Type II"", ""Neurofibromatosis type 1"", ""Nevus comedonicus"", ""Nevus depigmentosus"", ""Nevus sebaceous"", ""Nicolau-Balus syndrome"", ""Nipple hyperkeratosis"", ""Nipple inversion secondary to neglected malignancy"", ""Nocardiosis"", ""Nodulocystic basal cell carcinoma"", ""Noonan Syndrome"", ""Nummular Eczema"", ""Nummular dermatitis"", ""Nummular eczema"", ""Onychomycosis"", ""Palmar lichen planus"", ""Palmar plantar pustulosis"", ""Paresthetica"", ""Paronychia"", ""Pellagra"", ""Pemphigus foliaceus"", ""Pemphigus vegetans"", ""Pemphigus vulgaris"", ""Periductal mastitis"", ""Perifollicular elastolysis"", ""Perioral dermatitis"", ""Perniosis"", ""Peutz-Jeghers syndrome"", ""Photoallergic skin reaction"", ""Photodermatitis"", ""Photolichenoid drug eruption"", ""Phototoxic skin reaction"", ""Phytophotodermatitis"", ""Pigmented purpuric dermatoses"", ""Pigmented villonodular synovitis"", ""Pilar cyst"", ""Pilomatricoma"", ""Pityriasis lichenoides chronica"", ""Pityriasis lichenoides et varioliformis acuta"", ""Pityriasis lichenoides et varioliformis acuta (PLEVA)"", ""Pityriasis rosea"", ""Plexiform neurofibroma"", ""Poison ivy allergic contact dermatitis"", ""Polymorphous light eruption"", ""Post-inflammatory elastolysis"", ""Post-inflammatory hyperpigmentation"", ""Postinflammatory hyperpigmentation"", ""Postinflammatory hypomelanosis"", ""Pressure bullae (coma bullae)"", ""Pretibial myxedema"", ""Proderma gangraneosum"", ""Prurigo nodular"", ""Prurigo nodularis"", ""Prurigo pigmentosa"", ""Pseudoainhum"", ""Pseudomonas nail infection"", ""Pseudoxanthoma elasticum"", ""Psoriasis"", ""Psoriasis vulgaris"", ""Pustular psoriasis"", ""Pyoderma"", ""Pyoderma grangrenosum"", ""Pyogenic granuloma"", ""Raynaud disease"", ""Renal pruritus"", ""Rheumatoid arthritis"", ""Rombo syndrome"", ""Rosacea"", ""Sarcoidosis"", ""Scabies"", ""Scabies infestation"", ""Schnitzler syndrome"", ""Schwannomas"", ""Sch\u00f6pf-Schulz-Passarge syndrome"", ""Scleredema"", ""Scleroderma"", ""Scleroderma (systemic sclerosis)"", ""Scleromyxedema"", ""Scurvy"", ""Seborrheic dermatitis"", ""Seborrheic keratosis"", ""Secondary syphilis"", ""Segmental acne"", ""Senile nails"", ""Severe recessive dystrophic EB"", ""Shingles"", ""Shoe dermatitis"", ""Small plaque parapsoriasis"", ""Solar lentigo"", ""Solitary mastocytoma"", ""Spiradenoma"", ""Spitz nevus"", ""Squamous cell carcinoma"", ""Squamous cell carcinoma in situ"", ""Staphylococcal infection"", ""Stevens-Johnson syndrome"", ""Stiff-skin syndrome"", ""Subacute cutaneous lupus erythematosus"", ""Subcutaneous panniculitis-like T-cell lymphoma"", ""Subepidermal bullae"", ""Subungual hematoma"", ""Subungual melanoma"", ""Sweet syndrome"", ""Synovial cyst"", ""Synovial sarcoma"", ""Syphilis"", ""Syphilitic alopecia"", ""Syringocystadenoma papilliferum."", ""Systemic lupus erythematosus"", ""Systemic sclerosis"", ""S\u00e9zary syndrome"", ""Telogen effluvium"", ""Thrombocytopenic purpura"", ""Tinea"", ""Tinea capitis"", ""Tinea corporis"", ""Tinea incognito"", ""Tinea nigra"", ""Tinea versicolor"", ""Toxicodendron dermatitis"", ""Trachyonychia"", ""Traumatic lesions"", ""Traumatic wound"", ""Trichodento-osseous syndrome"", ""Trichofolliculoma"", ""Trichotillomania"", ""Tuberous sclerosis complex"", ""Type I minocycline hyperpigmentation"", ""Type II minocycline hyperpigmentation"", ""Type III minocycline hyperpigmentation"", ""Ulceroglandular tularemia"", ""Ulcers"", ""Urticarial vasculitis"", ""Varicella"", ""Varicella zoster virus infection"", ""Vascular hemorrhage"", ""Venous ulcer"", ""Vitiligo"", ""Warfarin-induced skin necrosis"", ""Warthin tumors"", ""Witkop tooth and nail syndrome"", ""X-linked ichthyosis"", ""Xanthelasma"", ""Xanthogranuloma"", ""Zosteriform herpes simplex"", ""neuroma""]","{""source_path"": ""/Users/alfred/Documents/baseline_model/external/meddxagent/ddxdriver/benchmarks/data/icraftmd/all_craft_md.jsonl"", ""source"": ""meddxagent_icraftmd_jsonl_v1"", ""answer_idx"": ""D""}"
icraft_md:6,icraft_md,"Age: 22 years
Sex: female
Chief complaint: A 22-year-old woman complains of an itchy rash on her leg for 4 weeks","- A 22-year-old woman complains of an itchy rash on her leg for 4 weeks
- She is a collegiate swimmer and had a prior ringworm infection during her freshman year
- She has been using over-the-counter antifungal cream for the past 3 weeks with no relief
- Multiple round, erythematous, scaling lesions are present on her right leg, some of which are vesicular and weeping
- Potassium hydroxide (KOH) test is negative for a dermatophytic infection.
- 1. The patient is a 22-year-old woman.
- 2. The patient complains of an itchy rash on her leg.
- 3. The rash has been present for 4 weeks.
- 4. The patient is a collegiate swimmer.
- 5. The patient had a ringworm infection during her freshman year.
- 6. The patient has been using over-the-counter antifungal cream.
- 7. The antifungal cream has been used for the past 3 weeks.
- 8. The antifungal cream has not relieved the symptoms.
- 9. The rash includes multiple round lesions.
- 10. The lesions are erythematous.
- 11. The lesions are scaling.
- 12. Some lesions on the right leg are vesicular.
- 13. Some lesions on the right leg are weeping.
- 14. A Potassium hydroxide (KOH) test was performed.
- 15. The KOH test result is negative.
- 16. The negative KOH test indicates no dermatophytic infection.",Nummular Eczema,"[""AELE unrelated to zinc deficiency"", ""Abscesses"", ""Acanthoma fissuratum"", ""Acanthosis nigricans"", ""Acne rosacea"", ""Acne vulgaris"", ""Acquired digital fibrokeratoma (ADFK)"", ""Acral lentiginous melanoma"", ""Acral melanoma"", ""Acral nevi"", ""Acrochordon"", ""Acrodermatitis continua of Hallopeau"", ""Acrodermatitis continua supperativa"", ""Acrodermatitis enteropathica"", ""Acrodermatitis enteropathica-like eruption (AELE)"", ""Actinic keratosis"", ""Acute Generalized Exanthematous Pustulosis"", ""Acute contact dermatitis"", ""Addison disease"", ""Adult-onset asthma with periocular xanthogranuloma"", ""Adult-onset xanthogranuloma"", ""Allergic contact dermatitis"", ""Alopecia"", ""Alopecia areata"", ""Amelanotic melanoma"", ""Amyloidosis cutis dyschromica"", ""Androgenetic alopecia"", ""Anetoderma"", ""Anetoderma associated with SLE"", ""Angiolipoma"", ""Animal pox infection"", ""Arterial ulcer"", ""Ataxia-telangiectasia"", ""Atopic dermatitis"", ""Atypical fibroxanthoma"", ""Autoimmune bullous dermatoses"", ""Bacillary angiomatosis"", ""Bacterial endocarditis"", ""Bacterial sepsis"", ""Bandler syndrome"", ""Basal cell carcinoma"", ""Bazex-Dupre-Christol syndrome"", ""Becker nevus"", ""Birt-Hogg-Dube syndrome"", ""Blastomycosis"", ""Bloom syndrome"", ""Bowen\u2019s disease"", ""Brittle nails"", ""Bullosis diabeticorum"", ""Bullous arthropod assault"", ""Bullous arthropod bites"", ""Bullous erythema multiforme"", ""Bullous impetigo"", ""Bullous leukocytoclastic vasculitis"", ""Bullous pemphigoid"", ""Caf\u00e9 au lait macules"", ""Calluses"", ""Cellulitis"", ""Central centrifugal cicatricial alopecia"", ""Chancroid"", ""Chemical burn"", ""Chilblains"", ""Cholestatic pruritus"", ""Chondrodermatitis nodularis helicis"", ""Chromomycosis"", ""Chronic eczema"", ""Chronic liver disease"", ""Chronic myelomonocytic leukemia"", ""Chronic paronychia"", ""Confluent and reticulated papillomatosis"", ""Congenital melanocytic nevi"", ""Congenital melanocytic nevus"", ""Congenital nipple inversion"", ""Congenital smooth muscle hamartomas"", ""Conradi-H\u00fcnermann-Happle syndrome"", ""Contact dermatitis"", ""Corticosteroid-induced atrophy"", ""Cryoglobulinemia"", ""Cutaneous Langerhans cell histiocytosis"", ""Cutaneous anthrax"", ""Cutaneous horn"", ""Cutaneous leishmaniasis"", ""Cutaneous lupus"", ""Cutaneous lupus erythematosus"", ""Cutaneous sarcoidosis"", ""Cutis laxa"", ""Cystic pleomorphic adenomas"", ""DNA Repair Syndromes"", ""Darier disease"", ""Dermatitis"", ""Dermatofibroma"", ""Dermatofibrosarcoma protuberans"", ""Dermatomyositis"", ""Dermatosis papulosa nigra"", ""Diabetic dermopathy"", ""Discoid lupus"", ""Discoid lupus erythematosus"", ""Disseminated intravascular coagulation"", ""Dowling-Degos disease"", ""Drug reaction with eosinophilia and systemic symptoms"", ""Drug-induced hypersensitivity syndrome"", ""Drug-induced photosensitivity"", ""Drug-induced pigmentation"", ""Duct ectasia"", ""Dyshidrosis"", ""Dyshidrotic eczema"", ""Dysplastic nevi"", ""Dysplastic nevus"", ""EBS-Dowling Meara"", ""ENPP1-mediated premature arterial calcification"", ""Eczema"", ""Eczema coxsackium"", ""Eczema herpeticum"", ""Ehlers Danlos Syndrome"", ""Ehlers-Danlos syndrome"", ""Epidermal nevus"", ""Epidermodysplasia verruciformis"", ""Epidermolysis bullosa"", ""Epidermolytic hyperkeratosis"", ""Equestrian perniosis"", ""Erdheim-Chester disease"", ""Erysipelas"", ""Erythema dyschromicum perstans"", ""Erythema induratum"", ""Erythema migrans"", ""Erythema multiforme major"", ""Erythema nodosum"", ""Erythrasma"", ""Extramammary Paget disease"", ""Facial demodicosis"", ""Familial dyskeratotic comedones"", ""Fibrous papule"", ""Fixed drug eruption"", ""Foreign body granuloma"", ""Fragile X Syndrome"", ""Frostbite"", ""Fungal infection"", ""GGXC-mediated coagulation factor deficiency"", ""Ganglion cyst"", ""Gangrene"", ""Geographic tongue"", ""Gianotti-Crosti syndrome"", ""Glomus tumor"", ""Glomus tumors"", ""Granuloma annulare"", ""Grover disease"", ""Guttate lichen sclerosus"", ""Guttate psoriasis"", ""Hailey-Hailey Disease"", ""Hailey-Hailey disease"", ""Hair-thread tourniquet syndrome"", ""Halo nevus"", ""Hematomas"", ""Henoch-Scholein vasculitis"", ""Hereditary hemorrhagic telangiectasia"", ""Herpes"", ""Herpes simplex viral lesions"", ""Herpes virus infection"", ""Herpes zoster"", ""Herpetic gingivostomatitis"", ""Herpetic whitlow"", ""Hidradenitis suppurativa"", ""Hidrocystoma"", ""Hidrocystomas"", ""Histoplasmosis"", ""Hodgkin lymphoma"", ""Hydroxychloroquine-induced hyperpigmentation"", ""Hypertrophic lichen planus"", ""Hypertrophic scar"", ""Hypohidrotic ectodermal dysplasia"", ""Ichthyosis vulgaris"", ""IgA vasculitis"", ""IgA-mediated small vessel vasculitis"", ""Immunobullous disease"", ""Impetigo"", ""Inflamed sebacous cysts"", ""Intertrigo"", ""Intradermal nevus"", ""Inverse psoriasis"", ""Irritant contact dermatitis"", ""Jacquet's dermatitis"", ""Junctional EB"", ""Juvenile dermatomyositis"", ""Juvenile spring eruption"", ""Juvenile xanthogranuloma"", ""Kaposi sarcoma"", ""Keloid"", ""Keloids"", ""Keratoacanthoma"", ""Keratoderma blenorrhagicum"", ""Keratoderma climactericum"", ""Keratolysis exfoliativa"", ""Keratosis pilaris"", ""Lamellar ichthyosis"", ""Langerhans cell histiocytosis"", ""Laugier-Hunziker syndrome"", ""Leishmaniasis"", ""Lentigines"", ""Leprosy"", ""Levamisole-induced antineutrophil cytoplasmic antibody vasculitis"", ""Lichen amyloidosis"", ""Lichen nitidus"", ""Lichen planus"", ""Lichen sclerosus"", ""Lichen sclerosus et atrophicus"", ""Lichen simplex chronicus"", ""Lichen striatus"", ""Lichenoid drug eruption"", ""Lipodermatosclerosis"", ""Lipoma"", ""Lobular capillary hemangioma"", ""Localized granuloma annulare"", ""Localized pruritus"", ""Lupus"", ""Lupus erythematosus"", ""Lupus profundus"", ""Lymphogranuloma venereum"", ""Lymphomatoid papulosis"", ""Macular amyloidosis"", ""Maculopapular drug eruption"", ""Marshall syndrome"", ""Mastocytoma"", ""McCune-Albright Syndrome"", ""McCune-Albright syndrome"", ""Median rhomboid glossitis"", ""Medication induced hyperpigmentation"", ""Melanocytic nevi"", ""Melanoma"", ""Melanonychia"", ""Melasma"", ""Meningococcemia"", ""Mid-dermal elastolysis"", ""Molluscum contagiosum"", ""Morbilliform eruption"", ""Morphea"", ""Mucous retention cysts"", ""Multiple endocrine neoplasia type 1"", ""Mycoplasma pneumoniae-induced rash and mucositis"", ""Mycosis fungoides"", ""Myiasis"", ""Necrobiosis lipoidica"", ""Necrobiosis lipoidica diabeticorum"", ""Necrobiotic xanthogranuloma (NXG)"", ""Nephrogenic systemic fibrosis"", ""Neurofibromatosis Type I"", ""Neurofibromatosis Type II"", ""Neurofibromatosis type 1"", ""Nevus comedonicus"", ""Nevus depigmentosus"", ""Nevus sebaceous"", ""Nicolau-Balus syndrome"", ""Nipple hyperkeratosis"", ""Nipple inversion secondary to neglected malignancy"", ""Nocardiosis"", ""Nodulocystic basal cell carcinoma"", ""Noonan Syndrome"", ""Nummular Eczema"", ""Nummular dermatitis"", ""Nummular eczema"", ""Onychomycosis"", ""Palmar lichen planus"", ""Palmar plantar pustulosis"", ""Paresthetica"", ""Paronychia"", ""Pellagra"", ""Pemphigus foliaceus"", ""Pemphigus vegetans"", ""Pemphigus vulgaris"", ""Periductal mastitis"", ""Perifollicular elastolysis"", ""Perioral dermatitis"", ""Perniosis"", ""Peutz-Jeghers syndrome"", ""Photoallergic skin reaction"", ""Photodermatitis"", ""Photolichenoid drug eruption"", ""Phototoxic skin reaction"", ""Phytophotodermatitis"", ""Pigmented purpuric dermatoses"", ""Pigmented villonodular synovitis"", ""Pilar cyst"", ""Pilomatricoma"", ""Pityriasis lichenoides chronica"", ""Pityriasis lichenoides et varioliformis acuta"", ""Pityriasis lichenoides et varioliformis acuta (PLEVA)"", ""Pityriasis rosea"", ""Plexiform neurofibroma"", ""Poison ivy allergic contact dermatitis"", ""Polymorphous light eruption"", ""Post-inflammatory elastolysis"", ""Post-inflammatory hyperpigmentation"", ""Postinflammatory hyperpigmentation"", ""Postinflammatory hypomelanosis"", ""Pressure bullae (coma bullae)"", ""Pretibial myxedema"", ""Proderma gangraneosum"", ""Prurigo nodular"", ""Prurigo nodularis"", ""Prurigo pigmentosa"", ""Pseudoainhum"", ""Pseudomonas nail infection"", ""Pseudoxanthoma elasticum"", ""Psoriasis"", ""Psoriasis vulgaris"", ""Pustular psoriasis"", ""Pyoderma"", ""Pyoderma grangrenosum"", ""Pyogenic granuloma"", ""Raynaud disease"", ""Renal pruritus"", ""Rheumatoid arthritis"", ""Rombo syndrome"", ""Rosacea"", ""Sarcoidosis"", ""Scabies"", ""Scabies infestation"", ""Schnitzler syndrome"", ""Schwannomas"", ""Sch\u00f6pf-Schulz-Passarge syndrome"", ""Scleredema"", ""Scleroderma"", ""Scleroderma (systemic sclerosis)"", ""Scleromyxedema"", ""Scurvy"", ""Seborrheic dermatitis"", ""Seborrheic keratosis"", ""Secondary syphilis"", ""Segmental acne"", ""Senile nails"", ""Severe recessive dystrophic EB"", ""Shingles"", ""Shoe dermatitis"", ""Small plaque parapsoriasis"", ""Solar lentigo"", ""Solitary mastocytoma"", ""Spiradenoma"", ""Spitz nevus"", ""Squamous cell carcinoma"", ""Squamous cell carcinoma in situ"", ""Staphylococcal infection"", ""Stevens-Johnson syndrome"", ""Stiff-skin syndrome"", ""Subacute cutaneous lupus erythematosus"", ""Subcutaneous panniculitis-like T-cell lymphoma"", ""Subepidermal bullae"", ""Subungual hematoma"", ""Subungual melanoma"", ""Sweet syndrome"", ""Synovial cyst"", ""Synovial sarcoma"", ""Syphilis"", ""Syphilitic alopecia"", ""Syringocystadenoma papilliferum."", ""Systemic lupus erythematosus"", ""Systemic sclerosis"", ""S\u00e9zary syndrome"", ""Telogen effluvium"", ""Thrombocytopenic purpura"", ""Tinea"", ""Tinea capitis"", ""Tinea corporis"", ""Tinea incognito"", ""Tinea nigra"", ""Tinea versicolor"", ""Toxicodendron dermatitis"", ""Trachyonychia"", ""Traumatic lesions"", ""Traumatic wound"", ""Trichodento-osseous syndrome"", ""Trichofolliculoma"", ""Trichotillomania"", ""Tuberous sclerosis complex"", ""Type I minocycline hyperpigmentation"", ""Type II minocycline hyperpigmentation"", ""Type III minocycline hyperpigmentation"", ""Ulceroglandular tularemia"", ""Ulcers"", ""Urticarial vasculitis"", ""Varicella"", ""Varicella zoster virus infection"", ""Vascular hemorrhage"", ""Venous ulcer"", ""Vitiligo"", ""Warfarin-induced skin necrosis"", ""Warthin tumors"", ""Witkop tooth and nail syndrome"", ""X-linked ichthyosis"", ""Xanthelasma"", ""Xanthogranuloma"", ""Zosteriform herpes simplex"", ""neuroma""]","{""source_path"": ""/Users/alfred/Documents/baseline_model/external/meddxagent/ddxdriver/benchmarks/data/icraftmd/all_craft_md.jsonl"", ""source"": ""meddxagent_icraftmd_jsonl_v1"", ""answer_idx"": ""C""}"
icraft_md:63,icraft_md,"Age: 50 years
Sex: female
Chief complaint: An African American woman, aged 50 years, presents with painless “bruises” on her leg","- An African American woman, aged 50 years, presents with painless “bruises” on her leg
- She first noticed bruises on both legs a year ago and reports that they have since become larger
- Physical examination reveals blue-black macules and patches on both shins
- The macules are asymptomatic, and the remainder of the physical examination is within normal limits
- A venous stasis ulcer is seen on her right leg
- She says she has a 10-year history of discoid and systemic lupus erythematosus treated with hydroxychloroquine and does not recall any history of trauma to her legs.
- 1. The patient is an African American woman.
- 2. The patient is 50 years old.
- 3. The patient presents with painless ""bruises"" on her leg.
- 4. The patient first noticed bruises on both legs a year ago.
- 5. The bruises on the patient's legs have become larger over time.
- 6. Physical examination reveals blue-black macules and patches on both shins.
- 7. The macules on the patient's shins are asymptomatic.
- 8. The remainder of the physical examination is within normal limits.
- 9. A venous stasis ulcer is present on the patient's right leg.
- 10. The patient has a 10-year history of discoid and systemic lupus erythematosus.
- 11. The patient has been treated with hydroxychloroquine for lupus.
- 12. The patient does not recall any history of trauma to her legs.",Hydroxychloroquine-induced hyperpigmentation,"[""AELE unrelated to zinc deficiency"", ""Abscesses"", ""Acanthoma fissuratum"", ""Acanthosis nigricans"", ""Acne rosacea"", ""Acne vulgaris"", ""Acquired digital fibrokeratoma (ADFK)"", ""Acral lentiginous melanoma"", ""Acral melanoma"", ""Acral nevi"", ""Acrochordon"", ""Acrodermatitis continua of Hallopeau"", ""Acrodermatitis continua supperativa"", ""Acrodermatitis enteropathica"", ""Acrodermatitis enteropathica-like eruption (AELE)"", ""Actinic keratosis"", ""Acute Generalized Exanthematous Pustulosis"", ""Acute contact dermatitis"", ""Addison disease"", ""Adult-onset asthma with periocular xanthogranuloma"", ""Adult-onset xanthogranuloma"", ""Allergic contact dermatitis"", ""Alopecia"", ""Alopecia areata"", ""Amelanotic melanoma"", ""Amyloidosis cutis dyschromica"", ""Androgenetic alopecia"", ""Anetoderma"", ""Anetoderma associated with SLE"", ""Angiolipoma"", ""Animal pox infection"", ""Arterial ulcer"", ""Ataxia-telangiectasia"", ""Atopic dermatitis"", ""Atypical fibroxanthoma"", ""Autoimmune bullous dermatoses"", ""Bacillary angiomatosis"", ""Bacterial endocarditis"", ""Bacterial sepsis"", ""Bandler syndrome"", ""Basal cell carcinoma"", ""Bazex-Dupre-Christol syndrome"", ""Becker nevus"", ""Birt-Hogg-Dube syndrome"", ""Blastomycosis"", ""Bloom syndrome"", ""Bowen\u2019s disease"", ""Brittle nails"", ""Bullosis diabeticorum"", ""Bullous arthropod assault"", ""Bullous arthropod bites"", ""Bullous erythema multiforme"", ""Bullous impetigo"", ""Bullous leukocytoclastic vasculitis"", ""Bullous pemphigoid"", ""Caf\u00e9 au lait macules"", ""Calluses"", ""Cellulitis"", ""Central centrifugal cicatricial alopecia"", ""Chancroid"", ""Chemical burn"", ""Chilblains"", ""Cholestatic pruritus"", ""Chondrodermatitis nodularis helicis"", ""Chromomycosis"", ""Chronic eczema"", ""Chronic liver disease"", ""Chronic myelomonocytic leukemia"", ""Chronic paronychia"", ""Confluent and reticulated papillomatosis"", ""Congenital melanocytic nevi"", ""Congenital melanocytic nevus"", ""Congenital nipple inversion"", ""Congenital smooth muscle hamartomas"", ""Conradi-H\u00fcnermann-Happle syndrome"", ""Contact dermatitis"", ""Corticosteroid-induced atrophy"", ""Cryoglobulinemia"", ""Cutaneous Langerhans cell histiocytosis"", ""Cutaneous anthrax"", ""Cutaneous horn"", ""Cutaneous leishmaniasis"", ""Cutaneous lupus"", ""Cutaneous lupus erythematosus"", ""Cutaneous sarcoidosis"", ""Cutis laxa"", ""Cystic pleomorphic adenomas"", ""DNA Repair Syndromes"", ""Darier disease"", ""Dermatitis"", ""Dermatofibroma"", ""Dermatofibrosarcoma protuberans"", ""Dermatomyositis"", ""Dermatosis papulosa nigra"", ""Diabetic dermopathy"", ""Discoid lupus"", ""Discoid lupus erythematosus"", ""Disseminated intravascular coagulation"", ""Dowling-Degos disease"", ""Drug reaction with eosinophilia and systemic symptoms"", ""Drug-induced hypersensitivity syndrome"", ""Drug-induced photosensitivity"", ""Drug-induced pigmentation"", ""Duct ectasia"", ""Dyshidrosis"", ""Dyshidrotic eczema"", ""Dysplastic nevi"", ""Dysplastic nevus"", ""EBS-Dowling Meara"", ""ENPP1-mediated premature arterial calcification"", ""Eczema"", ""Eczema coxsackium"", ""Eczema herpeticum"", ""Ehlers Danlos Syndrome"", ""Ehlers-Danlos syndrome"", ""Epidermal nevus"", ""Epidermodysplasia verruciformis"", ""Epidermolysis bullosa"", ""Epidermolytic hyperkeratosis"", ""Equestrian perniosis"", ""Erdheim-Chester disease"", ""Erysipelas"", ""Erythema dyschromicum perstans"", ""Erythema induratum"", ""Erythema migrans"", ""Erythema multiforme major"", ""Erythema nodosum"", ""Erythrasma"", ""Extramammary Paget disease"", ""Facial demodicosis"", ""Familial dyskeratotic comedones"", ""Fibrous papule"", ""Fixed drug eruption"", ""Foreign body granuloma"", ""Fragile X Syndrome"", ""Frostbite"", ""Fungal infection"", ""GGXC-mediated coagulation factor deficiency"", ""Ganglion cyst"", ""Gangrene"", ""Geographic tongue"", ""Gianotti-Crosti syndrome"", ""Glomus tumor"", ""Glomus tumors"", ""Granuloma annulare"", ""Grover disease"", ""Guttate lichen sclerosus"", ""Guttate psoriasis"", ""Hailey-Hailey Disease"", ""Hailey-Hailey disease"", ""Hair-thread tourniquet syndrome"", ""Halo nevus"", ""Hematomas"", ""Henoch-Scholein vasculitis"", ""Hereditary hemorrhagic telangiectasia"", ""Herpes"", ""Herpes simplex viral lesions"", ""Herpes virus infection"", ""Herpes zoster"", ""Herpetic gingivostomatitis"", ""Herpetic whitlow"", ""Hidradenitis suppurativa"", ""Hidrocystoma"", ""Hidrocystomas"", ""Histoplasmosis"", ""Hodgkin lymphoma"", ""Hydroxychloroquine-induced hyperpigmentation"", ""Hypertrophic lichen planus"", ""Hypertrophic scar"", ""Hypohidrotic ectodermal dysplasia"", ""Ichthyosis vulgaris"", ""IgA vasculitis"", ""IgA-mediated small vessel vasculitis"", ""Immunobullous disease"", ""Impetigo"", ""Inflamed sebacous cysts"", ""Intertrigo"", ""Intradermal nevus"", ""Inverse psoriasis"", ""Irritant contact dermatitis"", ""Jacquet's dermatitis"", ""Junctional EB"", ""Juvenile dermatomyositis"", ""Juvenile spring eruption"", ""Juvenile xanthogranuloma"", ""Kaposi sarcoma"", ""Keloid"", ""Keloids"", ""Keratoacanthoma"", ""Keratoderma blenorrhagicum"", ""Keratoderma climactericum"", ""Keratolysis exfoliativa"", ""Keratosis pilaris"", ""Lamellar ichthyosis"", ""Langerhans cell histiocytosis"", ""Laugier-Hunziker syndrome"", ""Leishmaniasis"", ""Lentigines"", ""Leprosy"", ""Levamisole-induced antineutrophil cytoplasmic antibody vasculitis"", ""Lichen amyloidosis"", ""Lichen nitidus"", ""Lichen planus"", ""Lichen sclerosus"", ""Lichen sclerosus et atrophicus"", ""Lichen simplex chronicus"", ""Lichen striatus"", ""Lichenoid drug eruption"", ""Lipodermatosclerosis"", ""Lipoma"", ""Lobular capillary hemangioma"", ""Localized granuloma annulare"", ""Localized pruritus"", ""Lupus"", ""Lupus erythematosus"", ""Lupus profundus"", ""Lymphogranuloma venereum"", ""Lymphomatoid papulosis"", ""Macular amyloidosis"", ""Maculopapular drug eruption"", ""Marshall syndrome"", ""Mastocytoma"", ""McCune-Albright Syndrome"", ""McCune-Albright syndrome"", ""Median rhomboid glossitis"", ""Medication induced hyperpigmentation"", ""Melanocytic nevi"", ""Melanoma"", ""Melanonychia"", ""Melasma"", ""Meningococcemia"", ""Mid-dermal elastolysis"", ""Molluscum contagiosum"", ""Morbilliform eruption"", ""Morphea"", ""Mucous retention cysts"", ""Multiple endocrine neoplasia type 1"", ""Mycoplasma pneumoniae-induced rash and mucositis"", ""Mycosis fungoides"", ""Myiasis"", ""Necrobiosis lipoidica"", ""Necrobiosis lipoidica diabeticorum"", ""Necrobiotic xanthogranuloma (NXG)"", ""Nephrogenic systemic fibrosis"", ""Neurofibromatosis Type I"", ""Neurofibromatosis Type II"", ""Neurofibromatosis type 1"", ""Nevus comedonicus"", ""Nevus depigmentosus"", ""Nevus sebaceous"", ""Nicolau-Balus syndrome"", ""Nipple hyperkeratosis"", ""Nipple inversion secondary to neglected malignancy"", ""Nocardiosis"", ""Nodulocystic basal cell carcinoma"", ""Noonan Syndrome"", ""Nummular Eczema"", ""Nummular dermatitis"", ""Nummular eczema"", ""Onychomycosis"", ""Palmar lichen planus"", ""Palmar plantar pustulosis"", ""Paresthetica"", ""Paronychia"", ""Pellagra"", ""Pemphigus foliaceus"", ""Pemphigus vegetans"", ""Pemphigus vulgaris"", ""Periductal mastitis"", ""Perifollicular elastolysis"", ""Perioral dermatitis"", ""Perniosis"", ""Peutz-Jeghers syndrome"", ""Photoallergic skin reaction"", ""Photodermatitis"", ""Photolichenoid drug eruption"", ""Phototoxic skin reaction"", ""Phytophotodermatitis"", ""Pigmented purpuric dermatoses"", ""Pigmented villonodular synovitis"", ""Pilar cyst"", ""Pilomatricoma"", ""Pityriasis lichenoides chronica"", ""Pityriasis lichenoides et varioliformis acuta"", ""Pityriasis lichenoides et varioliformis acuta (PLEVA)"", ""Pityriasis rosea"", ""Plexiform neurofibroma"", ""Poison ivy allergic contact dermatitis"", ""Polymorphous light eruption"", ""Post-inflammatory elastolysis"", ""Post-inflammatory hyperpigmentation"", ""Postinflammatory hyperpigmentation"", ""Postinflammatory hypomelanosis"", ""Pressure bullae (coma bullae)"", ""Pretibial myxedema"", ""Proderma gangraneosum"", ""Prurigo nodular"", ""Prurigo nodularis"", ""Prurigo pigmentosa"", ""Pseudoainhum"", ""Pseudomonas nail infection"", ""Pseudoxanthoma elasticum"", ""Psoriasis"", ""Psoriasis vulgaris"", ""Pustular psoriasis"", ""Pyoderma"", ""Pyoderma grangrenosum"", ""Pyogenic granuloma"", ""Raynaud disease"", ""Renal pruritus"", ""Rheumatoid arthritis"", ""Rombo syndrome"", ""Rosacea"", ""Sarcoidosis"", ""Scabies"", ""Scabies infestation"", ""Schnitzler syndrome"", ""Schwannomas"", ""Sch\u00f6pf-Schulz-Passarge syndrome"", ""Scleredema"", ""Scleroderma"", ""Scleroderma (systemic sclerosis)"", ""Scleromyxedema"", ""Scurvy"", ""Seborrheic dermatitis"", ""Seborrheic keratosis"", ""Secondary syphilis"", ""Segmental acne"", ""Senile nails"", ""Severe recessive dystrophic EB"", ""Shingles"", ""Shoe dermatitis"", ""Small plaque parapsoriasis"", ""Solar lentigo"", ""Solitary mastocytoma"", ""Spiradenoma"", ""Spitz nevus"", ""Squamous cell carcinoma"", ""Squamous cell carcinoma in situ"", ""Staphylococcal infection"", ""Stevens-Johnson syndrome"", ""Stiff-skin syndrome"", ""Subacute cutaneous lupus erythematosus"", ""Subcutaneous panniculitis-like T-cell lymphoma"", ""Subepidermal bullae"", ""Subungual hematoma"", ""Subungual melanoma"", ""Sweet syndrome"", ""Synovial cyst"", ""Synovial sarcoma"", ""Syphilis"", ""Syphilitic alopecia"", ""Syringocystadenoma papilliferum."", ""Systemic lupus erythematosus"", ""Systemic sclerosis"", ""S\u00e9zary syndrome"", ""Telogen effluvium"", ""Thrombocytopenic purpura"", ""Tinea"", ""Tinea capitis"", ""Tinea corporis"", ""Tinea incognito"", ""Tinea nigra"", ""Tinea versicolor"", ""Toxicodendron dermatitis"", ""Trachyonychia"", ""Traumatic lesions"", ""Traumatic wound"", ""Trichodento-osseous syndrome"", ""Trichofolliculoma"", ""Trichotillomania"", ""Tuberous sclerosis complex"", ""Type I minocycline hyperpigmentation"", ""Type II minocycline hyperpigmentation"", ""Type III minocycline hyperpigmentation"", ""Ulceroglandular tularemia"", ""Ulcers"", ""Urticarial vasculitis"", ""Varicella"", ""Varicella zoster virus infection"", ""Vascular hemorrhage"", ""Venous ulcer"", ""Vitiligo"", ""Warfarin-induced skin necrosis"", ""Warthin tumors"", ""Witkop tooth and nail syndrome"", ""X-linked ichthyosis"", ""Xanthelasma"", ""Xanthogranuloma"", ""Zosteriform herpes simplex"", ""neuroma""]","{""source_path"": ""/Users/alfred/Documents/baseline_model/external/meddxagent/ddxdriver/benchmarks/data/icraftmd/all_craft_md.jsonl"", ""source"": ""meddxagent_icraftmd_jsonl_v1"", ""answer_idx"": ""A""}"
icraft_md:82,icraft_md,"Age: 65 years
Sex: male
Chief complaint: A 65-year-old man of Middle Eastern descent presents with a tender, weeping mass on his right palm","- A 65-year-old man of Middle Eastern descent presents with a tender, weeping mass on his right palm
- Since appearing 8 months ago, the lesion has enlarged into a 0.9-cm, pink pedunculated nodule with abundant serous crust
- The patient has no significant history of trauma
- His medical history is significant for atrial fibrillation, hypertension, coronary artery disease, congestive heart failure, and lung cancer, which was treated with right lobectomy
- It is unclear what medications were used to treat his lung cancer
- His current medications include metoprolol, lisinopril, allopurinol, aspirin, and digoxin
- The patient also presents with additional pink, scaly plaques on his right ankle, consistent with nummular eczema.
- 1. A 65-year-old man of Middle Eastern descent presents with a tender, weeping mass on his right palm.
- 2. The lesion on the man's right palm appeared 8 months ago.
- 3. The lesion has enlarged into a 0.9-cm, pink pedunculated nodule.
- 4. The lesion has abundant serous crust.
- 5. The patient has no significant history of trauma.
- 6. The patient's medical history includes atrial fibrillation.
- 7. The patient's medical history includes hypertension.
- 8. The patient's medical history includes coronary artery disease.
- 9. The patient's medical history includes congestive heart failure.
- 10. The patient's medical history includes lung cancer.
- 11. The lung cancer was treated with right lobectomy.
- 12. It is unclear what medications were used to treat the patient's lung cancer.
- 13. The patient's current medications include metoprolol.
- 14. The patient's current medications include lisinopril.
- 15. The patient's current medications include allopurinol.
- 16. The patient's current medications include aspirin.
- 17. The patient's current medications include digoxin.
- 18. The patient presents with additional pink, scaly plaques on his right ankle.
- 19. The plaques on the patient's right ankle are consistent with nummular eczema.",Lobular capillary hemangioma,"[""AELE unrelated to zinc deficiency"", ""Abscesses"", ""Acanthoma fissuratum"", ""Acanthosis nigricans"", ""Acne rosacea"", ""Acne vulgaris"", ""Acquired digital fibrokeratoma (ADFK)"", ""Acral lentiginous melanoma"", ""Acral melanoma"", ""Acral nevi"", ""Acrochordon"", ""Acrodermatitis continua of Hallopeau"", ""Acrodermatitis continua supperativa"", ""Acrodermatitis enteropathica"", ""Acrodermatitis enteropathica-like eruption (AELE)"", ""Actinic keratosis"", ""Acute Generalized Exanthematous Pustulosis"", ""Acute contact dermatitis"", ""Addison disease"", ""Adult-onset asthma with periocular xanthogranuloma"", ""Adult-onset xanthogranuloma"", ""Allergic contact dermatitis"", ""Alopecia"", ""Alopecia areata"", ""Amelanotic melanoma"", ""Amyloidosis cutis dyschromica"", ""Androgenetic alopecia"", ""Anetoderma"", ""Anetoderma associated with SLE"", ""Angiolipoma"", ""Animal pox infection"", ""Arterial ulcer"", ""Ataxia-telangiectasia"", ""Atopic dermatitis"", ""Atypical fibroxanthoma"", ""Autoimmune bullous dermatoses"", ""Bacillary angiomatosis"", ""Bacterial endocarditis"", ""Bacterial sepsis"", ""Bandler syndrome"", ""Basal cell carcinoma"", ""Bazex-Dupre-Christol syndrome"", ""Becker nevus"", ""Birt-Hogg-Dube syndrome"", ""Blastomycosis"", ""Bloom syndrome"", ""Bowen\u2019s disease"", ""Brittle nails"", ""Bullosis diabeticorum"", ""Bullous arthropod assault"", ""Bullous arthropod bites"", ""Bullous erythema multiforme"", ""Bullous impetigo"", ""Bullous leukocytoclastic vasculitis"", ""Bullous pemphigoid"", ""Caf\u00e9 au lait macules"", ""Calluses"", ""Cellulitis"", ""Central centrifugal cicatricial alopecia"", ""Chancroid"", ""Chemical burn"", ""Chilblains"", ""Cholestatic pruritus"", ""Chondrodermatitis nodularis helicis"", ""Chromomycosis"", ""Chronic eczema"", ""Chronic liver disease"", ""Chronic myelomonocytic leukemia"", ""Chronic paronychia"", ""Confluent and reticulated papillomatosis"", ""Congenital melanocytic nevi"", ""Congenital melanocytic nevus"", ""Congenital nipple inversion"", ""Congenital smooth muscle hamartomas"", ""Conradi-H\u00fcnermann-Happle syndrome"", ""Contact dermatitis"", ""Corticosteroid-induced atrophy"", ""Cryoglobulinemia"", ""Cutaneous Langerhans cell histiocytosis"", ""Cutaneous anthrax"", ""Cutaneous horn"", ""Cutaneous leishmaniasis"", ""Cutaneous lupus"", ""Cutaneous lupus erythematosus"", ""Cutaneous sarcoidosis"", ""Cutis laxa"", ""Cystic pleomorphic adenomas"", ""DNA Repair Syndromes"", ""Darier disease"", ""Dermatitis"", ""Dermatofibroma"", ""Dermatofibrosarcoma protuberans"", ""Dermatomyositis"", ""Dermatosis papulosa nigra"", ""Diabetic dermopathy"", ""Discoid lupus"", ""Discoid lupus erythematosus"", ""Disseminated intravascular coagulation"", ""Dowling-Degos disease"", ""Drug reaction with eosinophilia and systemic symptoms"", ""Drug-induced hypersensitivity syndrome"", ""Drug-induced photosensitivity"", ""Drug-induced pigmentation"", ""Duct ectasia"", ""Dyshidrosis"", ""Dyshidrotic eczema"", ""Dysplastic nevi"", ""Dysplastic nevus"", ""EBS-Dowling Meara"", ""ENPP1-mediated premature arterial calcification"", ""Eczema"", ""Eczema coxsackium"", ""Eczema herpeticum"", ""Ehlers Danlos Syndrome"", ""Ehlers-Danlos syndrome"", ""Epidermal nevus"", ""Epidermodysplasia verruciformis"", ""Epidermolysis bullosa"", ""Epidermolytic hyperkeratosis"", ""Equestrian perniosis"", ""Erdheim-Chester disease"", ""Erysipelas"", ""Erythema dyschromicum perstans"", ""Erythema induratum"", ""Erythema migrans"", ""Erythema multiforme major"", ""Erythema nodosum"", ""Erythrasma"", ""Extramammary Paget disease"", ""Facial demodicosis"", ""Familial dyskeratotic comedones"", ""Fibrous papule"", ""Fixed drug eruption"", ""Foreign body granuloma"", ""Fragile X Syndrome"", ""Frostbite"", ""Fungal infection"", ""GGXC-mediated coagulation factor deficiency"", ""Ganglion cyst"", ""Gangrene"", ""Geographic tongue"", ""Gianotti-Crosti syndrome"", ""Glomus tumor"", ""Glomus tumors"", ""Granuloma annulare"", ""Grover disease"", ""Guttate lichen sclerosus"", ""Guttate psoriasis"", ""Hailey-Hailey Disease"", ""Hailey-Hailey disease"", ""Hair-thread tourniquet syndrome"", ""Halo nevus"", ""Hematomas"", ""Henoch-Scholein vasculitis"", ""Hereditary hemorrhagic telangiectasia"", ""Herpes"", ""Herpes simplex viral lesions"", ""Herpes virus infection"", ""Herpes zoster"", ""Herpetic gingivostomatitis"", ""Herpetic whitlow"", ""Hidradenitis suppurativa"", ""Hidrocystoma"", ""Hidrocystomas"", ""Histoplasmosis"", ""Hodgkin lymphoma"", ""Hydroxychloroquine-induced hyperpigmentation"", ""Hypertrophic lichen planus"", ""Hypertrophic scar"", ""Hypohidrotic ectodermal dysplasia"", ""Ichthyosis vulgaris"", ""IgA vasculitis"", ""IgA-mediated small vessel vasculitis"", ""Immunobullous disease"", ""Impetigo"", ""Inflamed sebacous cysts"", ""Intertrigo"", ""Intradermal nevus"", ""Inverse psoriasis"", ""Irritant contact dermatitis"", ""Jacquet's dermatitis"", ""Junctional EB"", ""Juvenile dermatomyositis"", ""Juvenile spring eruption"", ""Juvenile xanthogranuloma"", ""Kaposi sarcoma"", ""Keloid"", ""Keloids"", ""Keratoacanthoma"", ""Keratoderma blenorrhagicum"", ""Keratoderma climactericum"", ""Keratolysis exfoliativa"", ""Keratosis pilaris"", ""Lamellar ichthyosis"", ""Langerhans cell histiocytosis"", ""Laugier-Hunziker syndrome"", ""Leishmaniasis"", ""Lentigines"", ""Leprosy"", ""Levamisole-induced antineutrophil cytoplasmic antibody vasculitis"", ""Lichen amyloidosis"", ""Lichen nitidus"", ""Lichen planus"", ""Lichen sclerosus"", ""Lichen sclerosus et atrophicus"", ""Lichen simplex chronicus"", ""Lichen striatus"", ""Lichenoid drug eruption"", ""Lipodermatosclerosis"", ""Lipoma"", ""Lobular capillary hemangioma"", ""Localized granuloma annulare"", ""Localized pruritus"", ""Lupus"", ""Lupus erythematosus"", ""Lupus profundus"", ""Lymphogranuloma venereum"", ""Lymphomatoid papulosis"", ""Macular amyloidosis"", ""Maculopapular drug eruption"", ""Marshall syndrome"", ""Mastocytoma"", ""McCune-Albright Syndrome"", ""McCune-Albright syndrome"", ""Median rhomboid glossitis"", ""Medication induced hyperpigmentation"", ""Melanocytic nevi"", ""Melanoma"", ""Melanonychia"", ""Melasma"", ""Meningococcemia"", ""Mid-dermal elastolysis"", ""Molluscum contagiosum"", ""Morbilliform eruption"", ""Morphea"", ""Mucous retention cysts"", ""Multiple endocrine neoplasia type 1"", ""Mycoplasma pneumoniae-induced rash and mucositis"", ""Mycosis fungoides"", ""Myiasis"", ""Necrobiosis lipoidica"", ""Necrobiosis lipoidica diabeticorum"", ""Necrobiotic xanthogranuloma (NXG)"", ""Nephrogenic systemic fibrosis"", ""Neurofibromatosis Type I"", ""Neurofibromatosis Type II"", ""Neurofibromatosis type 1"", ""Nevus comedonicus"", ""Nevus depigmentosus"", ""Nevus sebaceous"", ""Nicolau-Balus syndrome"", ""Nipple hyperkeratosis"", ""Nipple inversion secondary to neglected malignancy"", ""Nocardiosis"", ""Nodulocystic basal cell carcinoma"", ""Noonan Syndrome"", ""Nummular Eczema"", ""Nummular dermatitis"", ""Nummular eczema"", ""Onychomycosis"", ""Palmar lichen planus"", ""Palmar plantar pustulosis"", ""Paresthetica"", ""Paronychia"", ""Pellagra"", ""Pemphigus foliaceus"", ""Pemphigus vegetans"", ""Pemphigus vulgaris"", ""Periductal mastitis"", ""Perifollicular elastolysis"", ""Perioral dermatitis"", ""Perniosis"", ""Peutz-Jeghers syndrome"", ""Photoallergic skin reaction"", ""Photodermatitis"", ""Photolichenoid drug eruption"", ""Phototoxic skin reaction"", ""Phytophotodermatitis"", ""Pigmented purpuric dermatoses"", ""Pigmented villonodular synovitis"", ""Pilar cyst"", ""Pilomatricoma"", ""Pityriasis lichenoides chronica"", ""Pityriasis lichenoides et varioliformis acuta"", ""Pityriasis lichenoides et varioliformis acuta (PLEVA)"", ""Pityriasis rosea"", ""Plexiform neurofibroma"", ""Poison ivy allergic contact dermatitis"", ""Polymorphous light eruption"", ""Post-inflammatory elastolysis"", ""Post-inflammatory hyperpigmentation"", ""Postinflammatory hyperpigmentation"", ""Postinflammatory hypomelanosis"", ""Pressure bullae (coma bullae)"", ""Pretibial myxedema"", ""Proderma gangraneosum"", ""Prurigo nodular"", ""Prurigo nodularis"", ""Prurigo pigmentosa"", ""Pseudoainhum"", ""Pseudomonas nail infection"", ""Pseudoxanthoma elasticum"", ""Psoriasis"", ""Psoriasis vulgaris"", ""Pustular psoriasis"", ""Pyoderma"", ""Pyoderma grangrenosum"", ""Pyogenic granuloma"", ""Raynaud disease"", ""Renal pruritus"", ""Rheumatoid arthritis"", ""Rombo syndrome"", ""Rosacea"", ""Sarcoidosis"", ""Scabies"", ""Scabies infestation"", ""Schnitzler syndrome"", ""Schwannomas"", ""Sch\u00f6pf-Schulz-Passarge syndrome"", ""Scleredema"", ""Scleroderma"", ""Scleroderma (systemic sclerosis)"", ""Scleromyxedema"", ""Scurvy"", ""Seborrheic dermatitis"", ""Seborrheic keratosis"", ""Secondary syphilis"", ""Segmental acne"", ""Senile nails"", ""Severe recessive dystrophic EB"", ""Shingles"", ""Shoe dermatitis"", ""Small plaque parapsoriasis"", ""Solar lentigo"", ""Solitary mastocytoma"", ""Spiradenoma"", ""Spitz nevus"", ""Squamous cell carcinoma"", ""Squamous cell carcinoma in situ"", ""Staphylococcal infection"", ""Stevens-Johnson syndrome"", ""Stiff-skin syndrome"", ""Subacute cutaneous lupus erythematosus"", ""Subcutaneous panniculitis-like T-cell lymphoma"", ""Subepidermal bullae"", ""Subungual hematoma"", ""Subungual melanoma"", ""Sweet syndrome"", ""Synovial cyst"", ""Synovial sarcoma"", ""Syphilis"", ""Syphilitic alopecia"", ""Syringocystadenoma papilliferum."", ""Systemic lupus erythematosus"", ""Systemic sclerosis"", ""S\u00e9zary syndrome"", ""Telogen effluvium"", ""Thrombocytopenic purpura"", ""Tinea"", ""Tinea capitis"", ""Tinea corporis"", ""Tinea incognito"", ""Tinea nigra"", ""Tinea versicolor"", ""Toxicodendron dermatitis"", ""Trachyonychia"", ""Traumatic lesions"", ""Traumatic wound"", ""Trichodento-osseous syndrome"", ""Trichofolliculoma"", ""Trichotillomania"", ""Tuberous sclerosis complex"", ""Type I minocycline hyperpigmentation"", ""Type II minocycline hyperpigmentation"", ""Type III minocycline hyperpigmentation"", ""Ulceroglandular tularemia"", ""Ulcers"", ""Urticarial vasculitis"", ""Varicella"", ""Varicella zoster virus infection"", ""Vascular hemorrhage"", ""Venous ulcer"", ""Vitiligo"", ""Warfarin-induced skin necrosis"", ""Warthin tumors"", ""Witkop tooth and nail syndrome"", ""X-linked ichthyosis"", ""Xanthelasma"", ""Xanthogranuloma"", ""Zosteriform herpes simplex"", ""neuroma""]","{""source_path"": ""/Users/alfred/Documents/baseline_model/external/meddxagent/ddxdriver/benchmarks/data/icraftmd/all_craft_md.jsonl"", ""source"": ""meddxagent_icraftmd_jsonl_v1"", ""answer_idx"": ""D""}"
icraft_md:89,icraft_md,"Age: 70 years
Sex: male
Chief complaint: A 70-year-old White man presents for evaluation of a recent foot injury","- A 70-year-old White man presents for evaluation of a recent foot injury
- The patient states that he hit his foot at home and noticed blood on the floor; because of a previous injury, he was unable to view his sole
- A large (several cm), irregularly shaped plaque is seen on the mid-anterior volar foot
- The lesion is brown and black, with central red discoloration and overlying yellow-white scale.
- 1. The patient is a 70-year-old White man.
- 2. The patient presents for evaluation of a recent foot injury.
- 3. The patient hit his foot at home.
- 4. The patient noticed blood on the floor after hitting his foot.
- 5. The patient was unable to view his sole due to a previous injury.
- 6. A large plaque is seen on the mid-anterior volar foot.
- 7. The plaque is several centimeters in size.
- 8. The plaque is irregularly shaped.
- 9. The lesion is brown and black.
- 10. The lesion has central red discoloration.
- 11. The lesion has an overlying yellow-white scale.",Acral lentiginous melanoma,"[""AELE unrelated to zinc deficiency"", ""Abscesses"", ""Acanthoma fissuratum"", ""Acanthosis nigricans"", ""Acne rosacea"", ""Acne vulgaris"", ""Acquired digital fibrokeratoma (ADFK)"", ""Acral lentiginous melanoma"", ""Acral melanoma"", ""Acral nevi"", ""Acrochordon"", ""Acrodermatitis continua of Hallopeau"", ""Acrodermatitis continua supperativa"", ""Acrodermatitis enteropathica"", ""Acrodermatitis enteropathica-like eruption (AELE)"", ""Actinic keratosis"", ""Acute Generalized Exanthematous Pustulosis"", ""Acute contact dermatitis"", ""Addison disease"", ""Adult-onset asthma with periocular xanthogranuloma"", ""Adult-onset xanthogranuloma"", ""Allergic contact dermatitis"", ""Alopecia"", ""Alopecia areata"", ""Amelanotic melanoma"", ""Amyloidosis cutis dyschromica"", ""Androgenetic alopecia"", ""Anetoderma"", ""Anetoderma associated with SLE"", ""Angiolipoma"", ""Animal pox infection"", ""Arterial ulcer"", ""Ataxia-telangiectasia"", ""Atopic dermatitis"", ""Atypical fibroxanthoma"", ""Autoimmune bullous dermatoses"", ""Bacillary angiomatosis"", ""Bacterial endocarditis"", ""Bacterial sepsis"", ""Bandler syndrome"", ""Basal cell carcinoma"", ""Bazex-Dupre-Christol syndrome"", ""Becker nevus"", ""Birt-Hogg-Dube syndrome"", ""Blastomycosis"", ""Bloom syndrome"", ""Bowen\u2019s disease"", ""Brittle nails"", ""Bullosis diabeticorum"", ""Bullous arthropod assault"", ""Bullous arthropod bites"", ""Bullous erythema multiforme"", ""Bullous impetigo"", ""Bullous leukocytoclastic vasculitis"", ""Bullous pemphigoid"", ""Caf\u00e9 au lait macules"", ""Calluses"", ""Cellulitis"", ""Central centrifugal cicatricial alopecia"", ""Chancroid"", ""Chemical burn"", ""Chilblains"", ""Cholestatic pruritus"", ""Chondrodermatitis nodularis helicis"", ""Chromomycosis"", ""Chronic eczema"", ""Chronic liver disease"", ""Chronic myelomonocytic leukemia"", ""Chronic paronychia"", ""Confluent and reticulated papillomatosis"", ""Congenital melanocytic nevi"", ""Congenital melanocytic nevus"", ""Congenital nipple inversion"", ""Congenital smooth muscle hamartomas"", ""Conradi-H\u00fcnermann-Happle syndrome"", ""Contact dermatitis"", ""Corticosteroid-induced atrophy"", ""Cryoglobulinemia"", ""Cutaneous Langerhans cell histiocytosis"", ""Cutaneous anthrax"", ""Cutaneous horn"", ""Cutaneous leishmaniasis"", ""Cutaneous lupus"", ""Cutaneous lupus erythematosus"", ""Cutaneous sarcoidosis"", ""Cutis laxa"", ""Cystic pleomorphic adenomas"", ""DNA Repair Syndromes"", ""Darier disease"", ""Dermatitis"", ""Dermatofibroma"", ""Dermatofibrosarcoma protuberans"", ""Dermatomyositis"", ""Dermatosis papulosa nigra"", ""Diabetic dermopathy"", ""Discoid lupus"", ""Discoid lupus erythematosus"", ""Disseminated intravascular coagulation"", ""Dowling-Degos disease"", ""Drug reaction with eosinophilia and systemic symptoms"", ""Drug-induced hypersensitivity syndrome"", ""Drug-induced photosensitivity"", ""Drug-induced pigmentation"", ""Duct ectasia"", ""Dyshidrosis"", ""Dyshidrotic eczema"", ""Dysplastic nevi"", ""Dysplastic nevus"", ""EBS-Dowling Meara"", ""ENPP1-mediated premature arterial calcification"", ""Eczema"", ""Eczema coxsackium"", ""Eczema herpeticum"", ""Ehlers Danlos Syndrome"", ""Ehlers-Danlos syndrome"", ""Epidermal nevus"", ""Epidermodysplasia verruciformis"", ""Epidermolysis bullosa"", ""Epidermolytic hyperkeratosis"", ""Equestrian perniosis"", ""Erdheim-Chester disease"", ""Erysipelas"", ""Erythema dyschromicum perstans"", ""Erythema induratum"", ""Erythema migrans"", ""Erythema multiforme major"", ""Erythema nodosum"", ""Erythrasma"", ""Extramammary Paget disease"", ""Facial demodicosis"", ""Familial dyskeratotic comedones"", ""Fibrous papule"", ""Fixed drug eruption"", ""Foreign body granuloma"", ""Fragile X Syndrome"", ""Frostbite"", ""Fungal infection"", ""GGXC-mediated coagulation factor deficiency"", ""Ganglion cyst"", ""Gangrene"", ""Geographic tongue"", ""Gianotti-Crosti syndrome"", ""Glomus tumor"", ""Glomus tumors"", ""Granuloma annulare"", ""Grover disease"", ""Guttate lichen sclerosus"", ""Guttate psoriasis"", ""Hailey-Hailey Disease"", ""Hailey-Hailey disease"", ""Hair-thread tourniquet syndrome"", ""Halo nevus"", ""Hematomas"", ""Henoch-Scholein vasculitis"", ""Hereditary hemorrhagic telangiectasia"", ""Herpes"", ""Herpes simplex viral lesions"", ""Herpes virus infection"", ""Herpes zoster"", ""Herpetic gingivostomatitis"", ""Herpetic whitlow"", ""Hidradenitis suppurativa"", ""Hidrocystoma"", ""Hidrocystomas"", ""Histoplasmosis"", ""Hodgkin lymphoma"", ""Hydroxychloroquine-induced hyperpigmentation"", ""Hypertrophic lichen planus"", ""Hypertrophic scar"", ""Hypohidrotic ectodermal dysplasia"", ""Ichthyosis vulgaris"", ""IgA vasculitis"", ""IgA-mediated small vessel vasculitis"", ""Immunobullous disease"", ""Impetigo"", ""Inflamed sebacous cysts"", ""Intertrigo"", ""Intradermal nevus"", ""Inverse psoriasis"", ""Irritant contact dermatitis"", ""Jacquet's dermatitis"", ""Junctional EB"", ""Juvenile dermatomyositis"", ""Juvenile spring eruption"", ""Juvenile xanthogranuloma"", ""Kaposi sarcoma"", ""Keloid"", ""Keloids"", ""Keratoacanthoma"", ""Keratoderma blenorrhagicum"", ""Keratoderma climactericum"", ""Keratolysis exfoliativa"", ""Keratosis pilaris"", ""Lamellar ichthyosis"", ""Langerhans cell histiocytosis"", ""Laugier-Hunziker syndrome"", ""Leishmaniasis"", ""Lentigines"", ""Leprosy"", ""Levamisole-induced antineutrophil cytoplasmic antibody vasculitis"", ""Lichen amyloidosis"", ""Lichen nitidus"", ""Lichen planus"", ""Lichen sclerosus"", ""Lichen sclerosus et atrophicus"", ""Lichen simplex chronicus"", ""Lichen striatus"", ""Lichenoid drug eruption"", ""Lipodermatosclerosis"", ""Lipoma"", ""Lobular capillary hemangioma"", ""Localized granuloma annulare"", ""Localized pruritus"", ""Lupus"", ""Lupus erythematosus"", ""Lupus profundus"", ""Lymphogranuloma venereum"", ""Lymphomatoid papulosis"", ""Macular amyloidosis"", ""Maculopapular drug eruption"", ""Marshall syndrome"", ""Mastocytoma"", ""McCune-Albright Syndrome"", ""McCune-Albright syndrome"", ""Median rhomboid glossitis"", ""Medication induced hyperpigmentation"", ""Melanocytic nevi"", ""Melanoma"", ""Melanonychia"", ""Melasma"", ""Meningococcemia"", ""Mid-dermal elastolysis"", ""Molluscum contagiosum"", ""Morbilliform eruption"", ""Morphea"", ""Mucous retention cysts"", ""Multiple endocrine neoplasia type 1"", ""Mycoplasma pneumoniae-induced rash and mucositis"", ""Mycosis fungoides"", ""Myiasis"", ""Necrobiosis lipoidica"", ""Necrobiosis lipoidica diabeticorum"", ""Necrobiotic xanthogranuloma (NXG)"", ""Nephrogenic systemic fibrosis"", ""Neurofibromatosis Type I"", ""Neurofibromatosis Type II"", ""Neurofibromatosis type 1"", ""Nevus comedonicus"", ""Nevus depigmentosus"", ""Nevus sebaceous"", ""Nicolau-Balus syndrome"", ""Nipple hyperkeratosis"", ""Nipple inversion secondary to neglected malignancy"", ""Nocardiosis"", ""Nodulocystic basal cell carcinoma"", ""Noonan Syndrome"", ""Nummular Eczema"", ""Nummular dermatitis"", ""Nummular eczema"", ""Onychomycosis"", ""Palmar lichen planus"", ""Palmar plantar pustulosis"", ""Paresthetica"", ""Paronychia"", ""Pellagra"", ""Pemphigus foliaceus"", ""Pemphigus vegetans"", ""Pemphigus vulgaris"", ""Periductal mastitis"", ""Perifollicular elastolysis"", ""Perioral dermatitis"", ""Perniosis"", ""Peutz-Jeghers syndrome"", ""Photoallergic skin reaction"", ""Photodermatitis"", ""Photolichenoid drug eruption"", ""Phototoxic skin reaction"", ""Phytophotodermatitis"", ""Pigmented purpuric dermatoses"", ""Pigmented villonodular synovitis"", ""Pilar cyst"", ""Pilomatricoma"", ""Pityriasis lichenoides chronica"", ""Pityriasis lichenoides et varioliformis acuta"", ""Pityriasis lichenoides et varioliformis acuta (PLEVA)"", ""Pityriasis rosea"", ""Plexiform neurofibroma"", ""Poison ivy allergic contact dermatitis"", ""Polymorphous light eruption"", ""Post-inflammatory elastolysis"", ""Post-inflammatory hyperpigmentation"", ""Postinflammatory hyperpigmentation"", ""Postinflammatory hypomelanosis"", ""Pressure bullae (coma bullae)"", ""Pretibial myxedema"", ""Proderma gangraneosum"", ""Prurigo nodular"", ""Prurigo nodularis"", ""Prurigo pigmentosa"", ""Pseudoainhum"", ""Pseudomonas nail infection"", ""Pseudoxanthoma elasticum"", ""Psoriasis"", ""Psoriasis vulgaris"", ""Pustular psoriasis"", ""Pyoderma"", ""Pyoderma grangrenosum"", ""Pyogenic granuloma"", ""Raynaud disease"", ""Renal pruritus"", ""Rheumatoid arthritis"", ""Rombo syndrome"", ""Rosacea"", ""Sarcoidosis"", ""Scabies"", ""Scabies infestation"", ""Schnitzler syndrome"", ""Schwannomas"", ""Sch\u00f6pf-Schulz-Passarge syndrome"", ""Scleredema"", ""Scleroderma"", ""Scleroderma (systemic sclerosis)"", ""Scleromyxedema"", ""Scurvy"", ""Seborrheic dermatitis"", ""Seborrheic keratosis"", ""Secondary syphilis"", ""Segmental acne"", ""Senile nails"", ""Severe recessive dystrophic EB"", ""Shingles"", ""Shoe dermatitis"", ""Small plaque parapsoriasis"", ""Solar lentigo"", ""Solitary mastocytoma"", ""Spiradenoma"", ""Spitz nevus"", ""Squamous cell carcinoma"", ""Squamous cell carcinoma in situ"", ""Staphylococcal infection"", ""Stevens-Johnson syndrome"", ""Stiff-skin syndrome"", ""Subacute cutaneous lupus erythematosus"", ""Subcutaneous panniculitis-like T-cell lymphoma"", ""Subepidermal bullae"", ""Subungual hematoma"", ""Subungual melanoma"", ""Sweet syndrome"", ""Synovial cyst"", ""Synovial sarcoma"", ""Syphilis"", ""Syphilitic alopecia"", ""Syringocystadenoma papilliferum."", ""Systemic lupus erythematosus"", ""Systemic sclerosis"", ""S\u00e9zary syndrome"", ""Telogen effluvium"", ""Thrombocytopenic purpura"", ""Tinea"", ""Tinea capitis"", ""Tinea corporis"", ""Tinea incognito"", ""Tinea nigra"", ""Tinea versicolor"", ""Toxicodendron dermatitis"", ""Trachyonychia"", ""Traumatic lesions"", ""Traumatic wound"", ""Trichodento-osseous syndrome"", ""Trichofolliculoma"", ""Trichotillomania"", ""Tuberous sclerosis complex"", ""Type I minocycline hyperpigmentation"", ""Type II minocycline hyperpigmentation"", ""Type III minocycline hyperpigmentation"", ""Ulceroglandular tularemia"", ""Ulcers"", ""Urticarial vasculitis"", ""Varicella"", ""Varicella zoster virus infection"", ""Vascular hemorrhage"", ""Venous ulcer"", ""Vitiligo"", ""Warfarin-induced skin necrosis"", ""Warthin tumors"", ""Witkop tooth and nail syndrome"", ""X-linked ichthyosis"", ""Xanthelasma"", ""Xanthogranuloma"", ""Zosteriform herpes simplex"", ""neuroma""]","{""source_path"": ""/Users/alfred/Documents/baseline_model/external/meddxagent/ddxdriver/benchmarks/data/icraftmd/all_craft_md.jsonl"", ""source"": ""meddxagent_icraftmd_jsonl_v1"", ""answer_idx"": ""B""}"
rarebench:HMS:1,rarebench,- Membranoproliferative glomerulonephritis,"- Membranoproliferative glomerulonephritis
- Leukocytosis
- Recurrent respiratory infections
- Vasculitis
- Increased circulating IgM level
- Cryoglobulinemia",Cryoglobulinemic vasculitis,"[""3-Hydroxy-3-methylglutaryl-CoA lyase deficiency"", ""3-Methylcrotonyl-CoA carboxylase deficiency"", ""3-Methylglutaconic aciduria type I"", ""3-Methylglutaconic aciduria type IV"", ""3-Methylglutaconic aciduria with deafness, encephalopathy, and leigh-like syndrome"", ""AGel amyloidosis"", ""Aarskog-Scott syndrome"", ""Acromesomelic dysplasia, Maroteaux type"", ""Acromicric dysplasia"", ""Acute intermittent porphyria"", ""Al Kaissi syndrome"", ""Alacrimia-choreoathetosis-liver dysfunction syndrome"", ""Alagille syndrome"", ""Alkaptonuria"", ""Alpha-thalassemia-X-linked intellectual disability syndrome"", ""Alzheimer disease"", ""Amyotrophic lateral sclerosis"", ""Antiphospholipid syndrome"", ""Antisynthetase syndrome"", ""Apert syndrome"", ""Argininemia"", ""Argininosuccinic aciduria"", ""Arthrogryposis, distal, with impaired proprioception and touch"", ""Ataxia-oculomotor apraxia type 1"", ""Ataxia-pancytopenia syndrome"", ""Autoimmune lymphoproliferative syndrome"", ""Autoimmune polyendocrinopathy type 1"", ""Autosomal recessive primary microcephaly"", ""Bamforth-Lazarus syndrome"", ""Bardet-Biedl syndrome"", ""Bartter syndrome"", ""Beaulieu-Boycott-Innes syndrome"", ""Beh\u00e7et disease"", ""Bernard-Soulier syndrome"", ""Beta-ketothiolase deficiency"", ""Bethlem myopathy"", ""Bilateral frontoparietal polymicrogyria"", ""Biotinidase deficiency"", ""Bleeding disorder, platelet-type, 15"", ""Bleeding disorder, platelet-type, 17"", ""Boucher-Neuhauser syndrome"", ""Branchio-oculo-facial syndrome"", ""Brugada Syndrome"", ""Buerger disease"", ""CEDNIK syndrome"", ""CHARGE syndrome"", ""CODAS syndrome"", ""CTCF-related neurodevelopmental disorder"", ""Camurati-Engelmann disease"", ""Canavan disease"", ""Carbamoyl-phosphate synthetase 1 deficiency"", ""Cardiofaciocutaneous syndrome"", ""Carnitine palmitoyltransferase I deficiency"", ""Carnitine palmitoyltransferase II deficiency"", ""Carnitine-acylcarnitine translocase deficiency"", ""Cataract-growth hormone deficiency-sensory neuropathy-sensorineural hearing loss-skeletal dysplasia syndrome"", ""Catecholaminergic polymorphic ventricular tachycardia"", ""Centronuclear myopathy"", ""Cerebellar ataxia-areflexia-pes cavus-optic atrophy-sensorineural hearing loss syndrome"", ""Cerebral creatine deficiency syndrome"", ""Cerebrocostomandibular syndrome"", ""Charcot-Marie-Tooth disease"", ""Chitayat syndrome"", ""Choreoacanthocytosis"", ""Chronic mucocutaneous candidiasis"", ""Chudley-Mccullough syndrome"", ""Ch\u00e9diak-Higashi syndrome"", ""Citrullinemia"", ""Citrullinemia type I"", ""Citrullinemia type II"", ""Classic galactosemia"", ""Cleidocranial dysplasia"", ""Cockayne syndrome"", ""Cohen syndrome"", ""Combined immunodeficiency-enteropathy spectrum"", ""Combined oxidative phosphorylation deficiency 30"", ""Cone rod dystrophy"", ""Congenital adrenal hyperplasia"", ""Congenital contractural arachnodactyly"", ""Congenital disorder of glycosylation, type IIP"", ""Congenital disorder of glycosylation, type IIh"", ""Congenital disorder of glycosylation, type Il"", ""Congenital hyperinsulinism"", ""Congenital myasthenic syndrome"", ""Congenital nephrotic syndrome, Finnish type"", ""Congenital secretory diarrhea"", ""Cornelia de Lange syndrome"", ""Cortical dysplasia, complex, with other brain malformations 7"", ""Craniofrontonasal dysplasia"", ""Cryoglobulinemic vasculitis"", ""Cryopyrin-associated periodic syndrome"", ""Cutis laxa, autosomal recessive, type IA"", ""Cutis laxa, autosomal recessive, type IIB"", ""Cutis laxa, autosomal recessive, type IIC"", ""Cutis laxa, autosomal recessive, type IID"", ""Cystinuria"", ""D-2-hydroxyglutaric aciduria"", ""DYRK1A-related intellectual disability syndrome"", ""Desmosterolosis"", ""Developmental and epileptic encephalopathy 14"", ""Developmental and epileptic encephalopathy 28"", ""Diamond-Blackfan anemia"", ""Dihydropyrimidine dehydrogenase deficiency"", ""Dihydropyrimidinuria"", ""Dilated cardiomyopathy 1G"", ""Distal myopathy, Tateyama type"", ""Donohue syndrome"", ""Dopa-responsive dystonia"", ""Dyggve-Melchior-Clausen disease"", ""Dyskeratosis congenita"", ""Ectodermal dysplasia 9, Hair/nail type"", ""Ehlers-Danlos syndrome"", ""Elliptocytosis 2"", ""Emery-Dreifuss muscular dystrophy"", ""Eosinophilic granulomatosis with polyangiitis"", ""Epidermolysis bullosa, junctional, Herlitz type"", ""Epidermolytic palmoplantar keratoderma"", ""Epilepsy, focal, with speech disorder and mental retardation"", ""Epileptic encephalopathy, early infantile, 4"", ""Fabry disease"", ""Familial Mediterranean fever"", ""Fanconi anemia"", ""Fanconi-Bickel syndrome"", ""Felty syndrome"", ""Fibrodysplasia ossificans progressiva"", ""Focal segmental glomerulosclerosis"", ""Freeman-Sheldon syndrome"", ""Fructose-1,6-bisphosphatase deficiency"", ""GAPO syndrome"", ""GM1-gangliosidosis, type III"", ""Galactosemia"", ""Galactosialidosis"", ""Galloway-Mowat syndrome"", ""Gaucher disease"", ""Geleophysic dysplasia"", ""Giant Cell Arteritis"", ""Glutaric acidemia type I"", ""Glutathione synthetase deficiency"", ""Glycerol kinase deficiency"", ""Glycogen storage disease VI"", ""Glycogen storage disease type III"", ""Glycogen storage disease type IX"", ""Glycogen storage disease type Ia"", ""Glycogen storage disease type Ib"", ""Granulomatosis with polyangiitis"", ""Gyrate atrophy of choroid and retina"", ""Hajdu-Cheney syndrome"", ""Hawkinsinuria"", ""Hemophagocytic lymphohistiocytosis"", ""Hereditary fructose intolerance"", ""Hereditary neuropathy with liability to pressure palsies"", ""Hereditary sensory and autonomic neuropathy type IIB"", ""Hereditary spherocytosis"", ""Heterotaxy syndrome"", ""Holocarboxylase synthetase deficiency"", ""Holoprosencephaly"", ""Homocystinuria"", ""Hyaline fibromatosis syndrome"", ""Hyper-IgE syndrome"", ""Hyperekplexia"", ""Hyperphenylalaninemia"", ""Hypochondroplasia"", ""Hypomyelinating leukodystrophy"", ""Hypophosphatasia"", ""Hypotrichosis with juvenile macular degeneration"", ""Ichthyosis-hypotrichosis syndrome"", ""IgG4-related disease"", ""Imerslund-Gr\u00e4sbeck syndrome"", ""Immunoglobulin A vasculitis"", ""Immunoskeletal dysplasia with neurodevelopmental abnormalities"", ""Inclusion body myopathy with Paget disease of bone and frontotemporal dementia"", ""Intellectual developmental disorder with dysmorphic facies and behavioral abnormalities"", ""Intellectual developmental disorder with dysmorphic facies and ptosis"", ""Intellectual developmental disorder with dysmorphic facies, seizures, and distal limb anomalies"", ""Isovaleric acidemia"", ""Jervell and Lange-Nielsen syndrome"", ""Joubert syndrome"", ""Kabuki syndrome"", ""Kimura disease"", ""Krabbe disease"", ""Kufor-Rakeb syndrome"", ""L-2-hydroxyglutaric aciduria"", ""Larsen syndrome"", ""Leukocyte adhesion deficiency type II"", ""Leukocyte adhesion deficiency, type I"", ""Leukocyte adhesion deficiency, type III"", ""Limb-girdle muscular dystrophy"", ""Loeys-Dietz syndrome"", ""Long QT syndrome 14"", ""Long QT syndrome 15"", ""Lowe syndrome"", ""Mandibulofacial dysostosis-microcephaly syndrome"", ""Maple syrup urine disease"", ""Marfan syndrome"", ""Maturity-onset diabetes of the young"", ""Medium chain acyl-CoA dehydrogenase deficiency"", ""Megalocornea"", ""Mental retardation, autosomal recessive 18"", ""Mental retardation, autosomal recessive 38"", ""Methylmalonate semialdehyde dehydrogenase deficiency"", ""Methylmalonic acidemia"", ""Microcephalic cortical malformations-short stature due to RTTN deficiency"", ""Microcephaly 3, primary, autosomal recessive"", ""Microcephaly 5, primary, autosomal recessive"", ""Microcephaly, primary autosomal recessive, 6"", ""Microcephaly-capillary malformation syndrome"", ""Mitochondrial DNA depletion syndrome 3"", ""Mitochondrial complex IV deficiency"", ""Muckle-Wells syndrome"", ""Mucolipidosis type II"", ""Mucolipidosis type IV"", ""Mucopolysaccharidosis type II"", ""Muenke syndrome"", ""Multiple endocrine neoplasia type 1"", ""Multiple endocrine neoplasia, type IIA"", ""Myhre syndrome"", ""Myotonia congenita"", ""N-acetylglutamate synthase deficiency"", ""Nail-patella syndrome"", ""Nance-Horan syndrome"", ""Nemaline myopathy"", ""Neonatal severe encephalopathy with lactic acidosis and brain abnormalities"", ""Neurodegeneration with brain iron accumulation 2B"", ""Neurodevelopmental disorder with or without anomalies of the brain, eye, or heart"", ""Neurofibromatosis type 1"", ""Neuronal ceroid lipofuscinosis"", ""Niemann-Pick disease type C"", ""Nijmegen breakage syndrome"", ""Noonan syndrome"", ""Oculocutaneous albinism type 2"", ""Oculocutaneous albinism type 3"", ""Oliver-Mcfarlane syndrome"", ""Ornithine transcarbamylase deficiency"", ""Orofaciodigital syndrome type 5"", ""Orotic aciduria"", ""Osteogenesis imperfecta"", ""Osteogenesis imperfecta, type IX"", ""Osteogenesis imperfecta, type VIII"", ""Osteogenesis imperfecta, type XI"", ""Osteogenesis imperfecta, type XII"", ""Osteogenesis imperfecta, type XIV"", ""PLAA-associated neurodevelopmental disorder"", ""PMM2-CDG"", ""Palmoplantar keratoderma, punctate type IA"", ""Pantothenate kinase-associated neurodegeneration"", ""Papillon-Lef\u00e8vre syndrome"", ""Parkinson disease 15, autosomal recessive early-onset"", ""Parkinson disease 23, autosomal recessive early-onset"", ""Parkinson disease 7, autosomal recessive early-onset"", ""Pearson syndrome"", ""Perrault syndrome"", ""Phenylketonuria"", ""Pierpont syndrome"", ""Poikiloderma with neutropenia"", ""Polymyositis"", ""Poretti-Boltshauser syndrome"", ""Primary carnitine deficiency"", ""Primary erythromelalgia"", ""Primary hyperoxaluria type 2"", ""Progressive familial intrahepatic cholestasis 4"", ""Propionic acidemia"", ""Pseudoachondroplasia"", ""Recurrent metabolic encephalomyopathic crises-rhabdomyolysis-cardiac arrhythmia-intellectual disability syndrome"", ""Refsum disease"", ""Relapsing polychondritis"", ""Retinitis pigmentosa"", ""Rett syndrome"", ""Robinow syndrome"", ""Rubinstein-Taybi syndrome"", ""SAPHO syndrome"", ""STAR syndrome"", ""Sarcoidosis"", ""Schinzel-Giedion syndrome"", ""Scleroderma, familial progressive"", ""Severe combined immunodeficiency due to adenosine deaminase deficiency"", ""Severe congenital neutropenia"", ""Short chain acyl-CoA dehydrogenase deficiency"", ""Short syndrome"", ""Shprintzen-Goldberg syndrome"", ""Sick sinus syndrome"", ""Sj\u00f6gren syndrome"", ""Skraban-Deardorff syndrome"", ""Smith-Kingsmore syndrome"", ""Smith-Lemli-Opitz syndrome"", ""Smith-Magenis syndrome"", ""Spastic paraplegia 10, autosomal dominant"", ""Spastic paraplegia 45, autosomal recessive"", ""Spastic paraplegia 7, autosomal recessive"", ""Spastic paraplegia 76, autosomal recessive"", ""Spinal muscular atrophy with progressive myoclonic epilepsy"", ""Spinocerebellar ataxia, autosomal recessive 20"", ""Spondyloarthropathy"", ""Spondylocostal dysostosis"", ""Spondyloepimetaphyseal dysplasia with joint laxity"", ""Spondylometaphyseal dysplasia, Sedaghatian type"", ""Stankiewicz-Isidor syndrome"", ""Stickler syndrome"", ""Succinic semialdehyde dehydrogenase deficiency"", ""Systemic lupus erythematosus"", ""Systemic sclerosis"", ""TBCK-related intellectual disability syndrome"", ""Takayasu arteritis"", ""Temtamy preaxial brachydactyly syndrome"", ""Thrombocytopenia 3"", ""Thrombotic thrombocytopenic purpura"", ""Tietz syndrome"", ""Townes-Brocks syndrome"", ""Treacher Collins syndrome"", ""Trichohepatoenteric syndrome"", ""Trichorhinophalangeal syndrome, type I"", ""Trichothiodystrophy"", ""Tuberous sclerosis"", ""Tubulointerstitial kidney disease"", ""Tumor necrosis factor receptor 1 associated periodic syndrome"", ""Tyrosinemia type 1"", ""Tyrosinemia type 2"", ""Tyrosinemia type III"", ""Van den Ende-Gupta syndrome"", ""Vasculitis, autoinflammation, immunodeficiency, and hematologic defects syndrome"", ""Very long-chain acyl-CoA dehydrogenase deficiency"", ""Vici syndrome"", ""Waardenburg syndrome type 3"", ""Weill-Marchesani syndrome"", ""Werner syndrome"", ""Whipple disease"", ""Wiedemann-Steiner syndrome"", ""Wilson disease"", ""X-linked hypohidrotic ectodermal dysplasia"", ""X-linked hypophosphatemia""]","{""source_path"": ""/Users/alfred/Documents/baseline_model/artifacts/universal_meddx/cache/rarebench_data.zip"", ""mapping_dir"": ""/Users/alfred/Documents/baseline_model/external/meddxagent/ddxdriver/benchmarks/data/rarebench"", ""source"": ""rarebench_hf_zip_with_meddxagent_mappings_v1"", ""subset"": ""HMS"", ""raw_disease_codes"": [""OMIM:123550"", ""ORPHA:91138""]}"
rarebench:LIRICAL:112,rarebench,- Pheochromocytoma,"- Pheochromocytoma
- Elevated calcitonin
- Thyroid nodule","Multiple endocrine neoplasia, type IIA","[""3-Hydroxy-3-methylglutaryl-CoA lyase deficiency"", ""3-Methylcrotonyl-CoA carboxylase deficiency"", ""3-Methylglutaconic aciduria type I"", ""3-Methylglutaconic aciduria type IV"", ""3-Methylglutaconic aciduria with deafness, encephalopathy, and leigh-like syndrome"", ""AGel amyloidosis"", ""Aarskog-Scott syndrome"", ""Acromesomelic dysplasia, Maroteaux type"", ""Acromicric dysplasia"", ""Acute intermittent porphyria"", ""Al Kaissi syndrome"", ""Alacrimia-choreoathetosis-liver dysfunction syndrome"", ""Alagille syndrome"", ""Alkaptonuria"", ""Alpha-thalassemia-X-linked intellectual disability syndrome"", ""Alzheimer disease"", ""Amyotrophic lateral sclerosis"", ""Antiphospholipid syndrome"", ""Antisynthetase syndrome"", ""Apert syndrome"", ""Argininemia"", ""Argininosuccinic aciduria"", ""Arthrogryposis, distal, with impaired proprioception and touch"", ""Ataxia-oculomotor apraxia type 1"", ""Ataxia-pancytopenia syndrome"", ""Autoimmune lymphoproliferative syndrome"", ""Autoimmune polyendocrinopathy type 1"", ""Autosomal recessive primary microcephaly"", ""Bamforth-Lazarus syndrome"", ""Bardet-Biedl syndrome"", ""Bartter syndrome"", ""Beaulieu-Boycott-Innes syndrome"", ""Beh\u00e7et disease"", ""Bernard-Soulier syndrome"", ""Beta-ketothiolase deficiency"", ""Bethlem myopathy"", ""Bilateral frontoparietal polymicrogyria"", ""Biotinidase deficiency"", ""Bleeding disorder, platelet-type, 15"", ""Bleeding disorder, platelet-type, 17"", ""Boucher-Neuhauser syndrome"", ""Branchio-oculo-facial syndrome"", ""Brugada Syndrome"", ""Buerger disease"", ""CEDNIK syndrome"", ""CHARGE syndrome"", ""CODAS syndrome"", ""CTCF-related neurodevelopmental disorder"", ""Camurati-Engelmann disease"", ""Canavan disease"", ""Carbamoyl-phosphate synthetase 1 deficiency"", ""Cardiofaciocutaneous syndrome"", ""Carnitine palmitoyltransferase I deficiency"", ""Carnitine palmitoyltransferase II deficiency"", ""Carnitine-acylcarnitine translocase deficiency"", ""Cataract-growth hormone deficiency-sensory neuropathy-sensorineural hearing loss-skeletal dysplasia syndrome"", ""Catecholaminergic polymorphic ventricular tachycardia"", ""Centronuclear myopathy"", ""Cerebellar ataxia-areflexia-pes cavus-optic atrophy-sensorineural hearing loss syndrome"", ""Cerebral creatine deficiency syndrome"", ""Cerebrocostomandibular syndrome"", ""Charcot-Marie-Tooth disease"", ""Chitayat syndrome"", ""Choreoacanthocytosis"", ""Chronic mucocutaneous candidiasis"", ""Chudley-Mccullough syndrome"", ""Ch\u00e9diak-Higashi syndrome"", ""Citrullinemia"", ""Citrullinemia type I"", ""Citrullinemia type II"", ""Classic galactosemia"", ""Cleidocranial dysplasia"", ""Cockayne syndrome"", ""Cohen syndrome"", ""Combined immunodeficiency-enteropathy spectrum"", ""Combined oxidative phosphorylation deficiency 30"", ""Cone rod dystrophy"", ""Congenital adrenal hyperplasia"", ""Congenital contractural arachnodactyly"", ""Congenital disorder of glycosylation, type IIP"", ""Congenital disorder of glycosylation, type IIh"", ""Congenital disorder of glycosylation, type Il"", ""Congenital hyperinsulinism"", ""Congenital myasthenic syndrome"", ""Congenital nephrotic syndrome, Finnish type"", ""Congenital secretory diarrhea"", ""Cornelia de Lange syndrome"", ""Cortical dysplasia, complex, with other brain malformations 7"", ""Craniofrontonasal dysplasia"", ""Cryoglobulinemic vasculitis"", ""Cryopyrin-associated periodic syndrome"", ""Cutis laxa, autosomal recessive, type IA"", ""Cutis laxa, autosomal recessive, type IIB"", ""Cutis laxa, autosomal recessive, type IIC"", ""Cutis laxa, autosomal recessive, type IID"", ""Cystinuria"", ""D-2-hydroxyglutaric aciduria"", ""DYRK1A-related intellectual disability syndrome"", ""Desmosterolosis"", ""Developmental and epileptic encephalopathy 14"", ""Developmental and epileptic encephalopathy 28"", ""Diamond-Blackfan anemia"", ""Dihydropyrimidine dehydrogenase deficiency"", ""Dihydropyrimidinuria"", ""Dilated cardiomyopathy 1G"", ""Distal myopathy, Tateyama type"", ""Donohue syndrome"", ""Dopa-responsive dystonia"", ""Dyggve-Melchior-Clausen disease"", ""Dyskeratosis congenita"", ""Ectodermal dysplasia 9, Hair/nail type"", ""Ehlers-Danlos syndrome"", ""Elliptocytosis 2"", ""Emery-Dreifuss muscular dystrophy"", ""Eosinophilic granulomatosis with polyangiitis"", ""Epidermolysis bullosa, junctional, Herlitz type"", ""Epidermolytic palmoplantar keratoderma"", ""Epilepsy, focal, with speech disorder and mental retardation"", ""Epileptic encephalopathy, early infantile, 4"", ""Fabry disease"", ""Familial Mediterranean fever"", ""Fanconi anemia"", ""Fanconi-Bickel syndrome"", ""Felty syndrome"", ""Fibrodysplasia ossificans progressiva"", ""Focal segmental glomerulosclerosis"", ""Freeman-Sheldon syndrome"", ""Fructose-1,6-bisphosphatase deficiency"", ""GAPO syndrome"", ""GM1-gangliosidosis, type III"", ""Galactosemia"", ""Galactosialidosis"", ""Galloway-Mowat syndrome"", ""Gaucher disease"", ""Geleophysic dysplasia"", ""Giant Cell Arteritis"", ""Glutaric acidemia type I"", ""Glutathione synthetase deficiency"", ""Glycerol kinase deficiency"", ""Glycogen storage disease VI"", ""Glycogen storage disease type III"", ""Glycogen storage disease type IX"", ""Glycogen storage disease type Ia"", ""Glycogen storage disease type Ib"", ""Granulomatosis with polyangiitis"", ""Gyrate atrophy of choroid and retina"", ""Hajdu-Cheney syndrome"", ""Hawkinsinuria"", ""Hemophagocytic lymphohistiocytosis"", ""Hereditary fructose intolerance"", ""Hereditary neuropathy with liability to pressure palsies"", ""Hereditary sensory and autonomic neuropathy type IIB"", ""Hereditary spherocytosis"", ""Heterotaxy syndrome"", ""Holocarboxylase synthetase deficiency"", ""Holoprosencephaly"", ""Homocystinuria"", ""Hyaline fibromatosis syndrome"", ""Hyper-IgE syndrome"", ""Hyperekplexia"", ""Hyperphenylalaninemia"", ""Hypochondroplasia"", ""Hypomyelinating leukodystrophy"", ""Hypophosphatasia"", ""Hypotrichosis with juvenile macular degeneration"", ""Ichthyosis-hypotrichosis syndrome"", ""IgG4-related disease"", ""Imerslund-Gr\u00e4sbeck syndrome"", ""Immunoglobulin A vasculitis"", ""Immunoskeletal dysplasia with neurodevelopmental abnormalities"", ""Inclusion body myopathy with Paget disease of bone and frontotemporal dementia"", ""Intellectual developmental disorder with dysmorphic facies and behavioral abnormalities"", ""Intellectual developmental disorder with dysmorphic facies and ptosis"", ""Intellectual developmental disorder with dysmorphic facies, seizures, and distal limb anomalies"", ""Isovaleric acidemia"", ""Jervell and Lange-Nielsen syndrome"", ""Joubert syndrome"", ""Kabuki syndrome"", ""Kimura disease"", ""Krabbe disease"", ""Kufor-Rakeb syndrome"", ""L-2-hydroxyglutaric aciduria"", ""Larsen syndrome"", ""Leukocyte adhesion deficiency type II"", ""Leukocyte adhesion deficiency, type I"", ""Leukocyte adhesion deficiency, type III"", ""Limb-girdle muscular dystrophy"", ""Loeys-Dietz syndrome"", ""Long QT syndrome 14"", ""Long QT syndrome 15"", ""Lowe syndrome"", ""Mandibulofacial dysostosis-microcephaly syndrome"", ""Maple syrup urine disease"", ""Marfan syndrome"", ""Maturity-onset diabetes of the young"", ""Medium chain acyl-CoA dehydrogenase deficiency"", ""Megalocornea"", ""Mental retardation, autosomal recessive 18"", ""Mental retardation, autosomal recessive 38"", ""Methylmalonate semialdehyde dehydrogenase deficiency"", ""Methylmalonic acidemia"", ""Microcephalic cortical malformations-short stature due to RTTN deficiency"", ""Microcephaly 3, primary, autosomal recessive"", ""Microcephaly 5, primary, autosomal recessive"", ""Microcephaly, primary autosomal recessive, 6"", ""Microcephaly-capillary malformation syndrome"", ""Mitochondrial DNA depletion syndrome 3"", ""Mitochondrial complex IV deficiency"", ""Muckle-Wells syndrome"", ""Mucolipidosis type II"", ""Mucolipidosis type IV"", ""Mucopolysaccharidosis type II"", ""Muenke syndrome"", ""Multiple endocrine neoplasia type 1"", ""Multiple endocrine neoplasia, type IIA"", ""Myhre syndrome"", ""Myotonia congenita"", ""N-acetylglutamate synthase deficiency"", ""Nail-patella syndrome"", ""Nance-Horan syndrome"", ""Nemaline myopathy"", ""Neonatal severe encephalopathy with lactic acidosis and brain abnormalities"", ""Neurodegeneration with brain iron accumulation 2B"", ""Neurodevelopmental disorder with or without anomalies of the brain, eye, or heart"", ""Neurofibromatosis type 1"", ""Neuronal ceroid lipofuscinosis"", ""Niemann-Pick disease type C"", ""Nijmegen breakage syndrome"", ""Noonan syndrome"", ""Oculocutaneous albinism type 2"", ""Oculocutaneous albinism type 3"", ""Oliver-Mcfarlane syndrome"", ""Ornithine transcarbamylase deficiency"", ""Orofaciodigital syndrome type 5"", ""Orotic aciduria"", ""Osteogenesis imperfecta"", ""Osteogenesis imperfecta, type IX"", ""Osteogenesis imperfecta, type VIII"", ""Osteogenesis imperfecta, type XI"", ""Osteogenesis imperfecta, type XII"", ""Osteogenesis imperfecta, type XIV"", ""PLAA-associated neurodevelopmental disorder"", ""PMM2-CDG"", ""Palmoplantar keratoderma, punctate type IA"", ""Pantothenate kinase-associated neurodegeneration"", ""Papillon-Lef\u00e8vre syndrome"", ""Parkinson disease 15, autosomal recessive early-onset"", ""Parkinson disease 23, autosomal recessive early-onset"", ""Parkinson disease 7, autosomal recessive early-onset"", ""Pearson syndrome"", ""Perrault syndrome"", ""Phenylketonuria"", ""Pierpont syndrome"", ""Poikiloderma with neutropenia"", ""Polymyositis"", ""Poretti-Boltshauser syndrome"", ""Primary carnitine deficiency"", ""Primary erythromelalgia"", ""Primary hyperoxaluria type 2"", ""Progressive familial intrahepatic cholestasis 4"", ""Propionic acidemia"", ""Pseudoachondroplasia"", ""Recurrent metabolic encephalomyopathic crises-rhabdomyolysis-cardiac arrhythmia-intellectual disability syndrome"", ""Refsum disease"", ""Relapsing polychondritis"", ""Retinitis pigmentosa"", ""Rett syndrome"", ""Robinow syndrome"", ""Rubinstein-Taybi syndrome"", ""SAPHO syndrome"", ""STAR syndrome"", ""Sarcoidosis"", ""Schinzel-Giedion syndrome"", ""Scleroderma, familial progressive"", ""Severe combined immunodeficiency due to adenosine deaminase deficiency"", ""Severe congenital neutropenia"", ""Short chain acyl-CoA dehydrogenase deficiency"", ""Short syndrome"", ""Shprintzen-Goldberg syndrome"", ""Sick sinus syndrome"", ""Sj\u00f6gren syndrome"", ""Skraban-Deardorff syndrome"", ""Smith-Kingsmore syndrome"", ""Smith-Lemli-Opitz syndrome"", ""Smith-Magenis syndrome"", ""Spastic paraplegia 10, autosomal dominant"", ""Spastic paraplegia 45, autosomal recessive"", ""Spastic paraplegia 7, autosomal recessive"", ""Spastic paraplegia 76, autosomal recessive"", ""Spinal muscular atrophy with progressive myoclonic epilepsy"", ""Spinocerebellar ataxia, autosomal recessive 20"", ""Spondyloarthropathy"", ""Spondylocostal dysostosis"", ""Spondyloepimetaphyseal dysplasia with joint laxity"", ""Spondylometaphyseal dysplasia, Sedaghatian type"", ""Stankiewicz-Isidor syndrome"", ""Stickler syndrome"", ""Succinic semialdehyde dehydrogenase deficiency"", ""Systemic lupus erythematosus"", ""Systemic sclerosis"", ""TBCK-related intellectual disability syndrome"", ""Takayasu arteritis"", ""Temtamy preaxial brachydactyly syndrome"", ""Thrombocytopenia 3"", ""Thrombotic thrombocytopenic purpura"", ""Tietz syndrome"", ""Townes-Brocks syndrome"", ""Treacher Collins syndrome"", ""Trichohepatoenteric syndrome"", ""Trichorhinophalangeal syndrome, type I"", ""Trichothiodystrophy"", ""Tuberous sclerosis"", ""Tubulointerstitial kidney disease"", ""Tumor necrosis factor receptor 1 associated periodic syndrome"", ""Tyrosinemia type 1"", ""Tyrosinemia type 2"", ""Tyrosinemia type III"", ""Van den Ende-Gupta syndrome"", ""Vasculitis, autoinflammation, immunodeficiency, and hematologic defects syndrome"", ""Very long-chain acyl-CoA dehydrogenase deficiency"", ""Vici syndrome"", ""Waardenburg syndrome type 3"", ""Weill-Marchesani syndrome"", ""Werner syndrome"", ""Whipple disease"", ""Wiedemann-Steiner syndrome"", ""Wilson disease"", ""X-linked hypohidrotic ectodermal dysplasia"", ""X-linked hypophosphatemia""]","{""source_path"": ""/Users/alfred/Documents/baseline_model/artifacts/universal_meddx/cache/rarebench_data.zip"", ""mapping_dir"": ""/Users/alfred/Documents/baseline_model/external/meddxagent/ddxdriver/benchmarks/data/rarebench"", ""source"": ""rarebench_hf_zip_with_meddxagent_mappings_v1"", ""subset"": ""LIRICAL"", ""raw_disease_codes"": [""OMIM:171400"", ""ORPHA:247698""]}"
rarebench:LIRICAL:126,rarebench,"- Microcephaly
- Cyanosis
- Edema
- Neonatal hypotonia","- Microcephaly
- Cyanosis
- Edema
- Neonatal hypotonia
- Death in infancy
- Truncus arteriosus
- Abnormal facial shape
- Elevated circulating creatinine concentration
- Pulmonary artery atresia
- Persistent left superior vena cava
- Generalized edema
- Partial anomalous pulmonary venous return
- Interrupted aortic arch
- Tricuspid atresia
- Right aortic arch
- Tetralogy of Fallot with pulmonary atresia
- Heart murmur
- Systolic heart murmur
- Aortopulmonary collateral arteries",Heterotaxy syndrome,"[""3-Hydroxy-3-methylglutaryl-CoA lyase deficiency"", ""3-Methylcrotonyl-CoA carboxylase deficiency"", ""3-Methylglutaconic aciduria type I"", ""3-Methylglutaconic aciduria type IV"", ""3-Methylglutaconic aciduria with deafness, encephalopathy, and leigh-like syndrome"", ""AGel amyloidosis"", ""Aarskog-Scott syndrome"", ""Acromesomelic dysplasia, Maroteaux type"", ""Acromicric dysplasia"", ""Acute intermittent porphyria"", ""Al Kaissi syndrome"", ""Alacrimia-choreoathetosis-liver dysfunction syndrome"", ""Alagille syndrome"", ""Alkaptonuria"", ""Alpha-thalassemia-X-linked intellectual disability syndrome"", ""Alzheimer disease"", ""Amyotrophic lateral sclerosis"", ""Antiphospholipid syndrome"", ""Antisynthetase syndrome"", ""Apert syndrome"", ""Argininemia"", ""Argininosuccinic aciduria"", ""Arthrogryposis, distal, with impaired proprioception and touch"", ""Ataxia-oculomotor apraxia type 1"", ""Ataxia-pancytopenia syndrome"", ""Autoimmune lymphoproliferative syndrome"", ""Autoimmune polyendocrinopathy type 1"", ""Autosomal recessive primary microcephaly"", ""Bamforth-Lazarus syndrome"", ""Bardet-Biedl syndrome"", ""Bartter syndrome"", ""Beaulieu-Boycott-Innes syndrome"", ""Beh\u00e7et disease"", ""Bernard-Soulier syndrome"", ""Beta-ketothiolase deficiency"", ""Bethlem myopathy"", ""Bilateral frontoparietal polymicrogyria"", ""Biotinidase deficiency"", ""Bleeding disorder, platelet-type, 15"", ""Bleeding disorder, platelet-type, 17"", ""Boucher-Neuhauser syndrome"", ""Branchio-oculo-facial syndrome"", ""Brugada Syndrome"", ""Buerger disease"", ""CEDNIK syndrome"", ""CHARGE syndrome"", ""CODAS syndrome"", ""CTCF-related neurodevelopmental disorder"", ""Camurati-Engelmann disease"", ""Canavan disease"", ""Carbamoyl-phosphate synthetase 1 deficiency"", ""Cardiofaciocutaneous syndrome"", ""Carnitine palmitoyltransferase I deficiency"", ""Carnitine palmitoyltransferase II deficiency"", ""Carnitine-acylcarnitine translocase deficiency"", ""Cataract-growth hormone deficiency-sensory neuropathy-sensorineural hearing loss-skeletal dysplasia syndrome"", ""Catecholaminergic polymorphic ventricular tachycardia"", ""Centronuclear myopathy"", ""Cerebellar ataxia-areflexia-pes cavus-optic atrophy-sensorineural hearing loss syndrome"", ""Cerebral creatine deficiency syndrome"", ""Cerebrocostomandibular syndrome"", ""Charcot-Marie-Tooth disease"", ""Chitayat syndrome"", ""Choreoacanthocytosis"", ""Chronic mucocutaneous candidiasis"", ""Chudley-Mccullough syndrome"", ""Ch\u00e9diak-Higashi syndrome"", ""Citrullinemia"", ""Citrullinemia type I"", ""Citrullinemia type II"", ""Classic galactosemia"", ""Cleidocranial dysplasia"", ""Cockayne syndrome"", ""Cohen syndrome"", ""Combined immunodeficiency-enteropathy spectrum"", ""Combined oxidative phosphorylation deficiency 30"", ""Cone rod dystrophy"", ""Congenital adrenal hyperplasia"", ""Congenital contractural arachnodactyly"", ""Congenital disorder of glycosylation, type IIP"", ""Congenital disorder of glycosylation, type IIh"", ""Congenital disorder of glycosylation, type Il"", ""Congenital hyperinsulinism"", ""Congenital myasthenic syndrome"", ""Congenital nephrotic syndrome, Finnish type"", ""Congenital secretory diarrhea"", ""Cornelia de Lange syndrome"", ""Cortical dysplasia, complex, with other brain malformations 7"", ""Craniofrontonasal dysplasia"", ""Cryoglobulinemic vasculitis"", ""Cryopyrin-associated periodic syndrome"", ""Cutis laxa, autosomal recessive, type IA"", ""Cutis laxa, autosomal recessive, type IIB"", ""Cutis laxa, autosomal recessive, type IIC"", ""Cutis laxa, autosomal recessive, type IID"", ""Cystinuria"", ""D-2-hydroxyglutaric aciduria"", ""DYRK1A-related intellectual disability syndrome"", ""Desmosterolosis"", ""Developmental and epileptic encephalopathy 14"", ""Developmental and epileptic encephalopathy 28"", ""Diamond-Blackfan anemia"", ""Dihydropyrimidine dehydrogenase deficiency"", ""Dihydropyrimidinuria"", ""Dilated cardiomyopathy 1G"", ""Distal myopathy, Tateyama type"", ""Donohue syndrome"", ""Dopa-responsive dystonia"", ""Dyggve-Melchior-Clausen disease"", ""Dyskeratosis congenita"", ""Ectodermal dysplasia 9, Hair/nail type"", ""Ehlers-Danlos syndrome"", ""Elliptocytosis 2"", ""Emery-Dreifuss muscular dystrophy"", ""Eosinophilic granulomatosis with polyangiitis"", ""Epidermolysis bullosa, junctional, Herlitz type"", ""Epidermolytic palmoplantar keratoderma"", ""Epilepsy, focal, with speech disorder and mental retardation"", ""Epileptic encephalopathy, early infantile, 4"", ""Fabry disease"", ""Familial Mediterranean fever"", ""Fanconi anemia"", ""Fanconi-Bickel syndrome"", ""Felty syndrome"", ""Fibrodysplasia ossificans progressiva"", ""Focal segmental glomerulosclerosis"", ""Freeman-Sheldon syndrome"", ""Fructose-1,6-bisphosphatase deficiency"", ""GAPO syndrome"", ""GM1-gangliosidosis, type III"", ""Galactosemia"", ""Galactosialidosis"", ""Galloway-Mowat syndrome"", ""Gaucher disease"", ""Geleophysic dysplasia"", ""Giant Cell Arteritis"", ""Glutaric acidemia type I"", ""Glutathione synthetase deficiency"", ""Glycerol kinase deficiency"", ""Glycogen storage disease VI"", ""Glycogen storage disease type III"", ""Glycogen storage disease type IX"", ""Glycogen storage disease type Ia"", ""Glycogen storage disease type Ib"", ""Granulomatosis with polyangiitis"", ""Gyrate atrophy of choroid and retina"", ""Hajdu-Cheney syndrome"", ""Hawkinsinuria"", ""Hemophagocytic lymphohistiocytosis"", ""Hereditary fructose intolerance"", ""Hereditary neuropathy with liability to pressure palsies"", ""Hereditary sensory and autonomic neuropathy type IIB"", ""Hereditary spherocytosis"", ""Heterotaxy syndrome"", ""Holocarboxylase synthetase deficiency"", ""Holoprosencephaly"", ""Homocystinuria"", ""Hyaline fibromatosis syndrome"", ""Hyper-IgE syndrome"", ""Hyperekplexia"", ""Hyperphenylalaninemia"", ""Hypochondroplasia"", ""Hypomyelinating leukodystrophy"", ""Hypophosphatasia"", ""Hypotrichosis with juvenile macular degeneration"", ""Ichthyosis-hypotrichosis syndrome"", ""IgG4-related disease"", ""Imerslund-Gr\u00e4sbeck syndrome"", ""Immunoglobulin A vasculitis"", ""Immunoskeletal dysplasia with neurodevelopmental abnormalities"", ""Inclusion body myopathy with Paget disease of bone and frontotemporal dementia"", ""Intellectual developmental disorder with dysmorphic facies and behavioral abnormalities"", ""Intellectual developmental disorder with dysmorphic facies and ptosis"", ""Intellectual developmental disorder with dysmorphic facies, seizures, and distal limb anomalies"", ""Isovaleric acidemia"", ""Jervell and Lange-Nielsen syndrome"", ""Joubert syndrome"", ""Kabuki syndrome"", ""Kimura disease"", ""Krabbe disease"", ""Kufor-Rakeb syndrome"", ""L-2-hydroxyglutaric aciduria"", ""Larsen syndrome"", ""Leukocyte adhesion deficiency type II"", ""Leukocyte adhesion deficiency, type I"", ""Leukocyte adhesion deficiency, type III"", ""Limb-girdle muscular dystrophy"", ""Loeys-Dietz syndrome"", ""Long QT syndrome 14"", ""Long QT syndrome 15"", ""Lowe syndrome"", ""Mandibulofacial dysostosis-microcephaly syndrome"", ""Maple syrup urine disease"", ""Marfan syndrome"", ""Maturity-onset diabetes of the young"", ""Medium chain acyl-CoA dehydrogenase deficiency"", ""Megalocornea"", ""Mental retardation, autosomal recessive 18"", ""Mental retardation, autosomal recessive 38"", ""Methylmalonate semialdehyde dehydrogenase deficiency"", ""Methylmalonic acidemia"", ""Microcephalic cortical malformations-short stature due to RTTN deficiency"", ""Microcephaly 3, primary, autosomal recessive"", ""Microcephaly 5, primary, autosomal recessive"", ""Microcephaly, primary autosomal recessive, 6"", ""Microcephaly-capillary malformation syndrome"", ""Mitochondrial DNA depletion syndrome 3"", ""Mitochondrial complex IV deficiency"", ""Muckle-Wells syndrome"", ""Mucolipidosis type II"", ""Mucolipidosis type IV"", ""Mucopolysaccharidosis type II"", ""Muenke syndrome"", ""Multiple endocrine neoplasia type 1"", ""Multiple endocrine neoplasia, type IIA"", ""Myhre syndrome"", ""Myotonia congenita"", ""N-acetylglutamate synthase deficiency"", ""Nail-patella syndrome"", ""Nance-Horan syndrome"", ""Nemaline myopathy"", ""Neonatal severe encephalopathy with lactic acidosis and brain abnormalities"", ""Neurodegeneration with brain iron accumulation 2B"", ""Neurodevelopmental disorder with or without anomalies of the brain, eye, or heart"", ""Neurofibromatosis type 1"", ""Neuronal ceroid lipofuscinosis"", ""Niemann-Pick disease type C"", ""Nijmegen breakage syndrome"", ""Noonan syndrome"", ""Oculocutaneous albinism type 2"", ""Oculocutaneous albinism type 3"", ""Oliver-Mcfarlane syndrome"", ""Ornithine transcarbamylase deficiency"", ""Orofaciodigital syndrome type 5"", ""Orotic aciduria"", ""Osteogenesis imperfecta"", ""Osteogenesis imperfecta, type IX"", ""Osteogenesis imperfecta, type VIII"", ""Osteogenesis imperfecta, type XI"", ""Osteogenesis imperfecta, type XII"", ""Osteogenesis imperfecta, type XIV"", ""PLAA-associated neurodevelopmental disorder"", ""PMM2-CDG"", ""Palmoplantar keratoderma, punctate type IA"", ""Pantothenate kinase-associated neurodegeneration"", ""Papillon-Lef\u00e8vre syndrome"", ""Parkinson disease 15, autosomal recessive early-onset"", ""Parkinson disease 23, autosomal recessive early-onset"", ""Parkinson disease 7, autosomal recessive early-onset"", ""Pearson syndrome"", ""Perrault syndrome"", ""Phenylketonuria"", ""Pierpont syndrome"", ""Poikiloderma with neutropenia"", ""Polymyositis"", ""Poretti-Boltshauser syndrome"", ""Primary carnitine deficiency"", ""Primary erythromelalgia"", ""Primary hyperoxaluria type 2"", ""Progressive familial intrahepatic cholestasis 4"", ""Propionic acidemia"", ""Pseudoachondroplasia"", ""Recurrent metabolic encephalomyopathic crises-rhabdomyolysis-cardiac arrhythmia-intellectual disability syndrome"", ""Refsum disease"", ""Relapsing polychondritis"", ""Retinitis pigmentosa"", ""Rett syndrome"", ""Robinow syndrome"", ""Rubinstein-Taybi syndrome"", ""SAPHO syndrome"", ""STAR syndrome"", ""Sarcoidosis"", ""Schinzel-Giedion syndrome"", ""Scleroderma, familial progressive"", ""Severe combined immunodeficiency due to adenosine deaminase deficiency"", ""Severe congenital neutropenia"", ""Short chain acyl-CoA dehydrogenase deficiency"", ""Short syndrome"", ""Shprintzen-Goldberg syndrome"", ""Sick sinus syndrome"", ""Sj\u00f6gren syndrome"", ""Skraban-Deardorff syndrome"", ""Smith-Kingsmore syndrome"", ""Smith-Lemli-Opitz syndrome"", ""Smith-Magenis syndrome"", ""Spastic paraplegia 10, autosomal dominant"", ""Spastic paraplegia 45, autosomal recessive"", ""Spastic paraplegia 7, autosomal recessive"", ""Spastic paraplegia 76, autosomal recessive"", ""Spinal muscular atrophy with progressive myoclonic epilepsy"", ""Spinocerebellar ataxia, autosomal recessive 20"", ""Spondyloarthropathy"", ""Spondylocostal dysostosis"", ""Spondyloepimetaphyseal dysplasia with joint laxity"", ""Spondylometaphyseal dysplasia, Sedaghatian type"", ""Stankiewicz-Isidor syndrome"", ""Stickler syndrome"", ""Succinic semialdehyde dehydrogenase deficiency"", ""Systemic lupus erythematosus"", ""Systemic sclerosis"", ""TBCK-related intellectual disability syndrome"", ""Takayasu arteritis"", ""Temtamy preaxial brachydactyly syndrome"", ""Thrombocytopenia 3"", ""Thrombotic thrombocytopenic purpura"", ""Tietz syndrome"", ""Townes-Brocks syndrome"", ""Treacher Collins syndrome"", ""Trichohepatoenteric syndrome"", ""Trichorhinophalangeal syndrome, type I"", ""Trichothiodystrophy"", ""Tuberous sclerosis"", ""Tubulointerstitial kidney disease"", ""Tumor necrosis factor receptor 1 associated periodic syndrome"", ""Tyrosinemia type 1"", ""Tyrosinemia type 2"", ""Tyrosinemia type III"", ""Van den Ende-Gupta syndrome"", ""Vasculitis, autoinflammation, immunodeficiency, and hematologic defects syndrome"", ""Very long-chain acyl-CoA dehydrogenase deficiency"", ""Vici syndrome"", ""Waardenburg syndrome type 3"", ""Weill-Marchesani syndrome"", ""Werner syndrome"", ""Whipple disease"", ""Wiedemann-Steiner syndrome"", ""Wilson disease"", ""X-linked hypohidrotic ectodermal dysplasia"", ""X-linked hypophosphatemia""]","{""source_path"": ""/Users/alfred/Documents/baseline_model/artifacts/universal_meddx/cache/rarebench_data.zip"", ""mapping_dir"": ""/Users/alfred/Documents/baseline_model/external/meddxagent/ddxdriver/benchmarks/data/rarebench"", ""source"": ""rarebench_hf_zip_with_meddxagent_mappings_v1"", ""subset"": ""LIRICAL"", ""raw_disease_codes"": [""OMIM:617478""]}"
rarebench:LIRICAL:365,rarebench,"- Macrocephaly
- Delayed speech and language development","- Macrocephaly
- Delayed speech and language development
- Intellectual disability
- Seizure
- Hypotonia
- Reduced tendon reflexes
- Abnormal facial shape
- Ventriculomegaly
- Developmental regression
- Severe global developmental delay",TBCK-related intellectual disability syndrome,"[""3-Hydroxy-3-methylglutaryl-CoA lyase deficiency"", ""3-Methylcrotonyl-CoA carboxylase deficiency"", ""3-Methylglutaconic aciduria type I"", ""3-Methylglutaconic aciduria type IV"", ""3-Methylglutaconic aciduria with deafness, encephalopathy, and leigh-like syndrome"", ""AGel amyloidosis"", ""Aarskog-Scott syndrome"", ""Acromesomelic dysplasia, Maroteaux type"", ""Acromicric dysplasia"", ""Acute intermittent porphyria"", ""Al Kaissi syndrome"", ""Alacrimia-choreoathetosis-liver dysfunction syndrome"", ""Alagille syndrome"", ""Alkaptonuria"", ""Alpha-thalassemia-X-linked intellectual disability syndrome"", ""Alzheimer disease"", ""Amyotrophic lateral sclerosis"", ""Antiphospholipid syndrome"", ""Antisynthetase syndrome"", ""Apert syndrome"", ""Argininemia"", ""Argininosuccinic aciduria"", ""Arthrogryposis, distal, with impaired proprioception and touch"", ""Ataxia-oculomotor apraxia type 1"", ""Ataxia-pancytopenia syndrome"", ""Autoimmune lymphoproliferative syndrome"", ""Autoimmune polyendocrinopathy type 1"", ""Autosomal recessive primary microcephaly"", ""Bamforth-Lazarus syndrome"", ""Bardet-Biedl syndrome"", ""Bartter syndrome"", ""Beaulieu-Boycott-Innes syndrome"", ""Beh\u00e7et disease"", ""Bernard-Soulier syndrome"", ""Beta-ketothiolase deficiency"", ""Bethlem myopathy"", ""Bilateral frontoparietal polymicrogyria"", ""Biotinidase deficiency"", ""Bleeding disorder, platelet-type, 15"", ""Bleeding disorder, platelet-type, 17"", ""Boucher-Neuhauser syndrome"", ""Branchio-oculo-facial syndrome"", ""Brugada Syndrome"", ""Buerger disease"", ""CEDNIK syndrome"", ""CHARGE syndrome"", ""CODAS syndrome"", ""CTCF-related neurodevelopmental disorder"", ""Camurati-Engelmann disease"", ""Canavan disease"", ""Carbamoyl-phosphate synthetase 1 deficiency"", ""Cardiofaciocutaneous syndrome"", ""Carnitine palmitoyltransferase I deficiency"", ""Carnitine palmitoyltransferase II deficiency"", ""Carnitine-acylcarnitine translocase deficiency"", ""Cataract-growth hormone deficiency-sensory neuropathy-sensorineural hearing loss-skeletal dysplasia syndrome"", ""Catecholaminergic polymorphic ventricular tachycardia"", ""Centronuclear myopathy"", ""Cerebellar ataxia-areflexia-pes cavus-optic atrophy-sensorineural hearing loss syndrome"", ""Cerebral creatine deficiency syndrome"", ""Cerebrocostomandibular syndrome"", ""Charcot-Marie-Tooth disease"", ""Chitayat syndrome"", ""Choreoacanthocytosis"", ""Chronic mucocutaneous candidiasis"", ""Chudley-Mccullough syndrome"", ""Ch\u00e9diak-Higashi syndrome"", ""Citrullinemia"", ""Citrullinemia type I"", ""Citrullinemia type II"", ""Classic galactosemia"", ""Cleidocranial dysplasia"", ""Cockayne syndrome"", ""Cohen syndrome"", ""Combined immunodeficiency-enteropathy spectrum"", ""Combined oxidative phosphorylation deficiency 30"", ""Cone rod dystrophy"", ""Congenital adrenal hyperplasia"", ""Congenital contractural arachnodactyly"", ""Congenital disorder of glycosylation, type IIP"", ""Congenital disorder of glycosylation, type IIh"", ""Congenital disorder of glycosylation, type Il"", ""Congenital hyperinsulinism"", ""Congenital myasthenic syndrome"", ""Congenital nephrotic syndrome, Finnish type"", ""Congenital secretory diarrhea"", ""Cornelia de Lange syndrome"", ""Cortical dysplasia, complex, with other brain malformations 7"", ""Craniofrontonasal dysplasia"", ""Cryoglobulinemic vasculitis"", ""Cryopyrin-associated periodic syndrome"", ""Cutis laxa, autosomal recessive, type IA"", ""Cutis laxa, autosomal recessive, type IIB"", ""Cutis laxa, autosomal recessive, type IIC"", ""Cutis laxa, autosomal recessive, type IID"", ""Cystinuria"", ""D-2-hydroxyglutaric aciduria"", ""DYRK1A-related intellectual disability syndrome"", ""Desmosterolosis"", ""Developmental and epileptic encephalopathy 14"", ""Developmental and epileptic encephalopathy 28"", ""Diamond-Blackfan anemia"", ""Dihydropyrimidine dehydrogenase deficiency"", ""Dihydropyrimidinuria"", ""Dilated cardiomyopathy 1G"", ""Distal myopathy, Tateyama type"", ""Donohue syndrome"", ""Dopa-responsive dystonia"", ""Dyggve-Melchior-Clausen disease"", ""Dyskeratosis congenita"", ""Ectodermal dysplasia 9, Hair/nail type"", ""Ehlers-Danlos syndrome"", ""Elliptocytosis 2"", ""Emery-Dreifuss muscular dystrophy"", ""Eosinophilic granulomatosis with polyangiitis"", ""Epidermolysis bullosa, junctional, Herlitz type"", ""Epidermolytic palmoplantar keratoderma"", ""Epilepsy, focal, with speech disorder and mental retardation"", ""Epileptic encephalopathy, early infantile, 4"", ""Fabry disease"", ""Familial Mediterranean fever"", ""Fanconi anemia"", ""Fanconi-Bickel syndrome"", ""Felty syndrome"", ""Fibrodysplasia ossificans progressiva"", ""Focal segmental glomerulosclerosis"", ""Freeman-Sheldon syndrome"", ""Fructose-1,6-bisphosphatase deficiency"", ""GAPO syndrome"", ""GM1-gangliosidosis, type III"", ""Galactosemia"", ""Galactosialidosis"", ""Galloway-Mowat syndrome"", ""Gaucher disease"", ""Geleophysic dysplasia"", ""Giant Cell Arteritis"", ""Glutaric acidemia type I"", ""Glutathione synthetase deficiency"", ""Glycerol kinase deficiency"", ""Glycogen storage disease VI"", ""Glycogen storage disease type III"", ""Glycogen storage disease type IX"", ""Glycogen storage disease type Ia"", ""Glycogen storage disease type Ib"", ""Granulomatosis with polyangiitis"", ""Gyrate atrophy of choroid and retina"", ""Hajdu-Cheney syndrome"", ""Hawkinsinuria"", ""Hemophagocytic lymphohistiocytosis"", ""Hereditary fructose intolerance"", ""Hereditary neuropathy with liability to pressure palsies"", ""Hereditary sensory and autonomic neuropathy type IIB"", ""Hereditary spherocytosis"", ""Heterotaxy syndrome"", ""Holocarboxylase synthetase deficiency"", ""Holoprosencephaly"", ""Homocystinuria"", ""Hyaline fibromatosis syndrome"", ""Hyper-IgE syndrome"", ""Hyperekplexia"", ""Hyperphenylalaninemia"", ""Hypochondroplasia"", ""Hypomyelinating leukodystrophy"", ""Hypophosphatasia"", ""Hypotrichosis with juvenile macular degeneration"", ""Ichthyosis-hypotrichosis syndrome"", ""IgG4-related disease"", ""Imerslund-Gr\u00e4sbeck syndrome"", ""Immunoglobulin A vasculitis"", ""Immunoskeletal dysplasia with neurodevelopmental abnormalities"", ""Inclusion body myopathy with Paget disease of bone and frontotemporal dementia"", ""Intellectual developmental disorder with dysmorphic facies and behavioral abnormalities"", ""Intellectual developmental disorder with dysmorphic facies and ptosis"", ""Intellectual developmental disorder with dysmorphic facies, seizures, and distal limb anomalies"", ""Isovaleric acidemia"", ""Jervell and Lange-Nielsen syndrome"", ""Joubert syndrome"", ""Kabuki syndrome"", ""Kimura disease"", ""Krabbe disease"", ""Kufor-Rakeb syndrome"", ""L-2-hydroxyglutaric aciduria"", ""Larsen syndrome"", ""Leukocyte adhesion deficiency type II"", ""Leukocyte adhesion deficiency, type I"", ""Leukocyte adhesion deficiency, type III"", ""Limb-girdle muscular dystrophy"", ""Loeys-Dietz syndrome"", ""Long QT syndrome 14"", ""Long QT syndrome 15"", ""Lowe syndrome"", ""Mandibulofacial dysostosis-microcephaly syndrome"", ""Maple syrup urine disease"", ""Marfan syndrome"", ""Maturity-onset diabetes of the young"", ""Medium chain acyl-CoA dehydrogenase deficiency"", ""Megalocornea"", ""Mental retardation, autosomal recessive 18"", ""Mental retardation, autosomal recessive 38"", ""Methylmalonate semialdehyde dehydrogenase deficiency"", ""Methylmalonic acidemia"", ""Microcephalic cortical malformations-short stature due to RTTN deficiency"", ""Microcephaly 3, primary, autosomal recessive"", ""Microcephaly 5, primary, autosomal recessive"", ""Microcephaly, primary autosomal recessive, 6"", ""Microcephaly-capillary malformation syndrome"", ""Mitochondrial DNA depletion syndrome 3"", ""Mitochondrial complex IV deficiency"", ""Muckle-Wells syndrome"", ""Mucolipidosis type II"", ""Mucolipidosis type IV"", ""Mucopolysaccharidosis type II"", ""Muenke syndrome"", ""Multiple endocrine neoplasia type 1"", ""Multiple endocrine neoplasia, type IIA"", ""Myhre syndrome"", ""Myotonia congenita"", ""N-acetylglutamate synthase deficiency"", ""Nail-patella syndrome"", ""Nance-Horan syndrome"", ""Nemaline myopathy"", ""Neonatal severe encephalopathy with lactic acidosis and brain abnormalities"", ""Neurodegeneration with brain iron accumulation 2B"", ""Neurodevelopmental disorder with or without anomalies of the brain, eye, or heart"", ""Neurofibromatosis type 1"", ""Neuronal ceroid lipofuscinosis"", ""Niemann-Pick disease type C"", ""Nijmegen breakage syndrome"", ""Noonan syndrome"", ""Oculocutaneous albinism type 2"", ""Oculocutaneous albinism type 3"", ""Oliver-Mcfarlane syndrome"", ""Ornithine transcarbamylase deficiency"", ""Orofaciodigital syndrome type 5"", ""Orotic aciduria"", ""Osteogenesis imperfecta"", ""Osteogenesis imperfecta, type IX"", ""Osteogenesis imperfecta, type VIII"", ""Osteogenesis imperfecta, type XI"", ""Osteogenesis imperfecta, type XII"", ""Osteogenesis imperfecta, type XIV"", ""PLAA-associated neurodevelopmental disorder"", ""PMM2-CDG"", ""Palmoplantar keratoderma, punctate type IA"", ""Pantothenate kinase-associated neurodegeneration"", ""Papillon-Lef\u00e8vre syndrome"", ""Parkinson disease 15, autosomal recessive early-onset"", ""Parkinson disease 23, autosomal recessive early-onset"", ""Parkinson disease 7, autosomal recessive early-onset"", ""Pearson syndrome"", ""Perrault syndrome"", ""Phenylketonuria"", ""Pierpont syndrome"", ""Poikiloderma with neutropenia"", ""Polymyositis"", ""Poretti-Boltshauser syndrome"", ""Primary carnitine deficiency"", ""Primary erythromelalgia"", ""Primary hyperoxaluria type 2"", ""Progressive familial intrahepatic cholestasis 4"", ""Propionic acidemia"", ""Pseudoachondroplasia"", ""Recurrent metabolic encephalomyopathic crises-rhabdomyolysis-cardiac arrhythmia-intellectual disability syndrome"", ""Refsum disease"", ""Relapsing polychondritis"", ""Retinitis pigmentosa"", ""Rett syndrome"", ""Robinow syndrome"", ""Rubinstein-Taybi syndrome"", ""SAPHO syndrome"", ""STAR syndrome"", ""Sarcoidosis"", ""Schinzel-Giedion syndrome"", ""Scleroderma, familial progressive"", ""Severe combined immunodeficiency due to adenosine deaminase deficiency"", ""Severe congenital neutropenia"", ""Short chain acyl-CoA dehydrogenase deficiency"", ""Short syndrome"", ""Shprintzen-Goldberg syndrome"", ""Sick sinus syndrome"", ""Sj\u00f6gren syndrome"", ""Skraban-Deardorff syndrome"", ""Smith-Kingsmore syndrome"", ""Smith-Lemli-Opitz syndrome"", ""Smith-Magenis syndrome"", ""Spastic paraplegia 10, autosomal dominant"", ""Spastic paraplegia 45, autosomal recessive"", ""Spastic paraplegia 7, autosomal recessive"", ""Spastic paraplegia 76, autosomal recessive"", ""Spinal muscular atrophy with progressive myoclonic epilepsy"", ""Spinocerebellar ataxia, autosomal recessive 20"", ""Spondyloarthropathy"", ""Spondylocostal dysostosis"", ""Spondyloepimetaphyseal dysplasia with joint laxity"", ""Spondylometaphyseal dysplasia, Sedaghatian type"", ""Stankiewicz-Isidor syndrome"", ""Stickler syndrome"", ""Succinic semialdehyde dehydrogenase deficiency"", ""Systemic lupus erythematosus"", ""Systemic sclerosis"", ""TBCK-related intellectual disability syndrome"", ""Takayasu arteritis"", ""Temtamy preaxial brachydactyly syndrome"", ""Thrombocytopenia 3"", ""Thrombotic thrombocytopenic purpura"", ""Tietz syndrome"", ""Townes-Brocks syndrome"", ""Treacher Collins syndrome"", ""Trichohepatoenteric syndrome"", ""Trichorhinophalangeal syndrome, type I"", ""Trichothiodystrophy"", ""Tuberous sclerosis"", ""Tubulointerstitial kidney disease"", ""Tumor necrosis factor receptor 1 associated periodic syndrome"", ""Tyrosinemia type 1"", ""Tyrosinemia type 2"", ""Tyrosinemia type III"", ""Van den Ende-Gupta syndrome"", ""Vasculitis, autoinflammation, immunodeficiency, and hematologic defects syndrome"", ""Very long-chain acyl-CoA dehydrogenase deficiency"", ""Vici syndrome"", ""Waardenburg syndrome type 3"", ""Weill-Marchesani syndrome"", ""Werner syndrome"", ""Whipple disease"", ""Wiedemann-Steiner syndrome"", ""Wilson disease"", ""X-linked hypohidrotic ectodermal dysplasia"", ""X-linked hypophosphatemia""]","{""source_path"": ""/Users/alfred/Documents/baseline_model/artifacts/universal_meddx/cache/rarebench_data.zip"", ""mapping_dir"": ""/Users/alfred/Documents/baseline_model/external/meddxagent/ddxdriver/benchmarks/data/rarebench"", ""source"": ""rarebench_hf_zip_with_meddxagent_mappings_v1"", ""subset"": ""LIRICAL"", ""raw_disease_codes"": [""OMIM:616900"", ""ORPHA:488632""]}"
rarebench:MME:4,rarebench,"- Narrow mouth
- Cataract","- Narrow mouth
- Cataract
- Thick eyebrow
- Decreased response to growth hormone stimulation test
- Delayed gross motor development
- Genu valgum
- Thoracic scoliosis
- Severe short stature
- Multiple skeletal anomalies
- Distal peripheral sensory neuropathy
- Bilateral sensorineural hearing impairment
- Prominent forehead",Cataract-growth hormone deficiency-sensory neuropathy-sensorineural hearing loss-skeletal dysplasia syndrome,"[""3-Hydroxy-3-methylglutaryl-CoA lyase deficiency"", ""3-Methylcrotonyl-CoA carboxylase deficiency"", ""3-Methylglutaconic aciduria type I"", ""3-Methylglutaconic aciduria type IV"", ""3-Methylglutaconic aciduria with deafness, encephalopathy, and leigh-like syndrome"", ""AGel amyloidosis"", ""Aarskog-Scott syndrome"", ""Acromesomelic dysplasia, Maroteaux type"", ""Acromicric dysplasia"", ""Acute intermittent porphyria"", ""Al Kaissi syndrome"", ""Alacrimia-choreoathetosis-liver dysfunction syndrome"", ""Alagille syndrome"", ""Alkaptonuria"", ""Alpha-thalassemia-X-linked intellectual disability syndrome"", ""Alzheimer disease"", ""Amyotrophic lateral sclerosis"", ""Antiphospholipid syndrome"", ""Antisynthetase syndrome"", ""Apert syndrome"", ""Argininemia"", ""Argininosuccinic aciduria"", ""Arthrogryposis, distal, with impaired proprioception and touch"", ""Ataxia-oculomotor apraxia type 1"", ""Ataxia-pancytopenia syndrome"", ""Autoimmune lymphoproliferative syndrome"", ""Autoimmune polyendocrinopathy type 1"", ""Autosomal recessive primary microcephaly"", ""Bamforth-Lazarus syndrome"", ""Bardet-Biedl syndrome"", ""Bartter syndrome"", ""Beaulieu-Boycott-Innes syndrome"", ""Beh\u00e7et disease"", ""Bernard-Soulier syndrome"", ""Beta-ketothiolase deficiency"", ""Bethlem myopathy"", ""Bilateral frontoparietal polymicrogyria"", ""Biotinidase deficiency"", ""Bleeding disorder, platelet-type, 15"", ""Bleeding disorder, platelet-type, 17"", ""Boucher-Neuhauser syndrome"", ""Branchio-oculo-facial syndrome"", ""Brugada Syndrome"", ""Buerger disease"", ""CEDNIK syndrome"", ""CHARGE syndrome"", ""CODAS syndrome"", ""CTCF-related neurodevelopmental disorder"", ""Camurati-Engelmann disease"", ""Canavan disease"", ""Carbamoyl-phosphate synthetase 1 deficiency"", ""Cardiofaciocutaneous syndrome"", ""Carnitine palmitoyltransferase I deficiency"", ""Carnitine palmitoyltransferase II deficiency"", ""Carnitine-acylcarnitine translocase deficiency"", ""Cataract-growth hormone deficiency-sensory neuropathy-sensorineural hearing loss-skeletal dysplasia syndrome"", ""Catecholaminergic polymorphic ventricular tachycardia"", ""Centronuclear myopathy"", ""Cerebellar ataxia-areflexia-pes cavus-optic atrophy-sensorineural hearing loss syndrome"", ""Cerebral creatine deficiency syndrome"", ""Cerebrocostomandibular syndrome"", ""Charcot-Marie-Tooth disease"", ""Chitayat syndrome"", ""Choreoacanthocytosis"", ""Chronic mucocutaneous candidiasis"", ""Chudley-Mccullough syndrome"", ""Ch\u00e9diak-Higashi syndrome"", ""Citrullinemia"", ""Citrullinemia type I"", ""Citrullinemia type II"", ""Classic galactosemia"", ""Cleidocranial dysplasia"", ""Cockayne syndrome"", ""Cohen syndrome"", ""Combined immunodeficiency-enteropathy spectrum"", ""Combined oxidative phosphorylation deficiency 30"", ""Cone rod dystrophy"", ""Congenital adrenal hyperplasia"", ""Congenital contractural arachnodactyly"", ""Congenital disorder of glycosylation, type IIP"", ""Congenital disorder of glycosylation, type IIh"", ""Congenital disorder of glycosylation, type Il"", ""Congenital hyperinsulinism"", ""Congenital myasthenic syndrome"", ""Congenital nephrotic syndrome, Finnish type"", ""Congenital secretory diarrhea"", ""Cornelia de Lange syndrome"", ""Cortical dysplasia, complex, with other brain malformations 7"", ""Craniofrontonasal dysplasia"", ""Cryoglobulinemic vasculitis"", ""Cryopyrin-associated periodic syndrome"", ""Cutis laxa, autosomal recessive, type IA"", ""Cutis laxa, autosomal recessive, type IIB"", ""Cutis laxa, autosomal recessive, type IIC"", ""Cutis laxa, autosomal recessive, type IID"", ""Cystinuria"", ""D-2-hydroxyglutaric aciduria"", ""DYRK1A-related intellectual disability syndrome"", ""Desmosterolosis"", ""Developmental and epileptic encephalopathy 14"", ""Developmental and epileptic encephalopathy 28"", ""Diamond-Blackfan anemia"", ""Dihydropyrimidine dehydrogenase deficiency"", ""Dihydropyrimidinuria"", ""Dilated cardiomyopathy 1G"", ""Distal myopathy, Tateyama type"", ""Donohue syndrome"", ""Dopa-responsive dystonia"", ""Dyggve-Melchior-Clausen disease"", ""Dyskeratosis congenita"", ""Ectodermal dysplasia 9, Hair/nail type"", ""Ehlers-Danlos syndrome"", ""Elliptocytosis 2"", ""Emery-Dreifuss muscular dystrophy"", ""Eosinophilic granulomatosis with polyangiitis"", ""Epidermolysis bullosa, junctional, Herlitz type"", ""Epidermolytic palmoplantar keratoderma"", ""Epilepsy, focal, with speech disorder and mental retardation"", ""Epileptic encephalopathy, early infantile, 4"", ""Fabry disease"", ""Familial Mediterranean fever"", ""Fanconi anemia"", ""Fanconi-Bickel syndrome"", ""Felty syndrome"", ""Fibrodysplasia ossificans progressiva"", ""Focal segmental glomerulosclerosis"", ""Freeman-Sheldon syndrome"", ""Fructose-1,6-bisphosphatase deficiency"", ""GAPO syndrome"", ""GM1-gangliosidosis, type III"", ""Galactosemia"", ""Galactosialidosis"", ""Galloway-Mowat syndrome"", ""Gaucher disease"", ""Geleophysic dysplasia"", ""Giant Cell Arteritis"", ""Glutaric acidemia type I"", ""Glutathione synthetase deficiency"", ""Glycerol kinase deficiency"", ""Glycogen storage disease VI"", ""Glycogen storage disease type III"", ""Glycogen storage disease type IX"", ""Glycogen storage disease type Ia"", ""Glycogen storage disease type Ib"", ""Granulomatosis with polyangiitis"", ""Gyrate atrophy of choroid and retina"", ""Hajdu-Cheney syndrome"", ""Hawkinsinuria"", ""Hemophagocytic lymphohistiocytosis"", ""Hereditary fructose intolerance"", ""Hereditary neuropathy with liability to pressure palsies"", ""Hereditary sensory and autonomic neuropathy type IIB"", ""Hereditary spherocytosis"", ""Heterotaxy syndrome"", ""Holocarboxylase synthetase deficiency"", ""Holoprosencephaly"", ""Homocystinuria"", ""Hyaline fibromatosis syndrome"", ""Hyper-IgE syndrome"", ""Hyperekplexia"", ""Hyperphenylalaninemia"", ""Hypochondroplasia"", ""Hypomyelinating leukodystrophy"", ""Hypophosphatasia"", ""Hypotrichosis with juvenile macular degeneration"", ""Ichthyosis-hypotrichosis syndrome"", ""IgG4-related disease"", ""Imerslund-Gr\u00e4sbeck syndrome"", ""Immunoglobulin A vasculitis"", ""Immunoskeletal dysplasia with neurodevelopmental abnormalities"", ""Inclusion body myopathy with Paget disease of bone and frontotemporal dementia"", ""Intellectual developmental disorder with dysmorphic facies and behavioral abnormalities"", ""Intellectual developmental disorder with dysmorphic facies and ptosis"", ""Intellectual developmental disorder with dysmorphic facies, seizures, and distal limb anomalies"", ""Isovaleric acidemia"", ""Jervell and Lange-Nielsen syndrome"", ""Joubert syndrome"", ""Kabuki syndrome"", ""Kimura disease"", ""Krabbe disease"", ""Kufor-Rakeb syndrome"", ""L-2-hydroxyglutaric aciduria"", ""Larsen syndrome"", ""Leukocyte adhesion deficiency type II"", ""Leukocyte adhesion deficiency, type I"", ""Leukocyte adhesion deficiency, type III"", ""Limb-girdle muscular dystrophy"", ""Loeys-Dietz syndrome"", ""Long QT syndrome 14"", ""Long QT syndrome 15"", ""Lowe syndrome"", ""Mandibulofacial dysostosis-microcephaly syndrome"", ""Maple syrup urine disease"", ""Marfan syndrome"", ""Maturity-onset diabetes of the young"", ""Medium chain acyl-CoA dehydrogenase deficiency"", ""Megalocornea"", ""Mental retardation, autosomal recessive 18"", ""Mental retardation, autosomal recessive 38"", ""Methylmalonate semialdehyde dehydrogenase deficiency"", ""Methylmalonic acidemia"", ""Microcephalic cortical malformations-short stature due to RTTN deficiency"", ""Microcephaly 3, primary, autosomal recessive"", ""Microcephaly 5, primary, autosomal recessive"", ""Microcephaly, primary autosomal recessive, 6"", ""Microcephaly-capillary malformation syndrome"", ""Mitochondrial DNA depletion syndrome 3"", ""Mitochondrial complex IV deficiency"", ""Muckle-Wells syndrome"", ""Mucolipidosis type II"", ""Mucolipidosis type IV"", ""Mucopolysaccharidosis type II"", ""Muenke syndrome"", ""Multiple endocrine neoplasia type 1"", ""Multiple endocrine neoplasia, type IIA"", ""Myhre syndrome"", ""Myotonia congenita"", ""N-acetylglutamate synthase deficiency"", ""Nail-patella syndrome"", ""Nance-Horan syndrome"", ""Nemaline myopathy"", ""Neonatal severe encephalopathy with lactic acidosis and brain abnormalities"", ""Neurodegeneration with brain iron accumulation 2B"", ""Neurodevelopmental disorder with or without anomalies of the brain, eye, or heart"", ""Neurofibromatosis type 1"", ""Neuronal ceroid lipofuscinosis"", ""Niemann-Pick disease type C"", ""Nijmegen breakage syndrome"", ""Noonan syndrome"", ""Oculocutaneous albinism type 2"", ""Oculocutaneous albinism type 3"", ""Oliver-Mcfarlane syndrome"", ""Ornithine transcarbamylase deficiency"", ""Orofaciodigital syndrome type 5"", ""Orotic aciduria"", ""Osteogenesis imperfecta"", ""Osteogenesis imperfecta, type IX"", ""Osteogenesis imperfecta, type VIII"", ""Osteogenesis imperfecta, type XI"", ""Osteogenesis imperfecta, type XII"", ""Osteogenesis imperfecta, type XIV"", ""PLAA-associated neurodevelopmental disorder"", ""PMM2-CDG"", ""Palmoplantar keratoderma, punctate type IA"", ""Pantothenate kinase-associated neurodegeneration"", ""Papillon-Lef\u00e8vre syndrome"", ""Parkinson disease 15, autosomal recessive early-onset"", ""Parkinson disease 23, autosomal recessive early-onset"", ""Parkinson disease 7, autosomal recessive early-onset"", ""Pearson syndrome"", ""Perrault syndrome"", ""Phenylketonuria"", ""Pierpont syndrome"", ""Poikiloderma with neutropenia"", ""Polymyositis"", ""Poretti-Boltshauser syndrome"", ""Primary carnitine deficiency"", ""Primary erythromelalgia"", ""Primary hyperoxaluria type 2"", ""Progressive familial intrahepatic cholestasis 4"", ""Propionic acidemia"", ""Pseudoachondroplasia"", ""Recurrent metabolic encephalomyopathic crises-rhabdomyolysis-cardiac arrhythmia-intellectual disability syndrome"", ""Refsum disease"", ""Relapsing polychondritis"", ""Retinitis pigmentosa"", ""Rett syndrome"", ""Robinow syndrome"", ""Rubinstein-Taybi syndrome"", ""SAPHO syndrome"", ""STAR syndrome"", ""Sarcoidosis"", ""Schinzel-Giedion syndrome"", ""Scleroderma, familial progressive"", ""Severe combined immunodeficiency due to adenosine deaminase deficiency"", ""Severe congenital neutropenia"", ""Short chain acyl-CoA dehydrogenase deficiency"", ""Short syndrome"", ""Shprintzen-Goldberg syndrome"", ""Sick sinus syndrome"", ""Sj\u00f6gren syndrome"", ""Skraban-Deardorff syndrome"", ""Smith-Kingsmore syndrome"", ""Smith-Lemli-Opitz syndrome"", ""Smith-Magenis syndrome"", ""Spastic paraplegia 10, autosomal dominant"", ""Spastic paraplegia 45, autosomal recessive"", ""Spastic paraplegia 7, autosomal recessive"", ""Spastic paraplegia 76, autosomal recessive"", ""Spinal muscular atrophy with progressive myoclonic epilepsy"", ""Spinocerebellar ataxia, autosomal recessive 20"", ""Spondyloarthropathy"", ""Spondylocostal dysostosis"", ""Spondyloepimetaphyseal dysplasia with joint laxity"", ""Spondylometaphyseal dysplasia, Sedaghatian type"", ""Stankiewicz-Isidor syndrome"", ""Stickler syndrome"", ""Succinic semialdehyde dehydrogenase deficiency"", ""Systemic lupus erythematosus"", ""Systemic sclerosis"", ""TBCK-related intellectual disability syndrome"", ""Takayasu arteritis"", ""Temtamy preaxial brachydactyly syndrome"", ""Thrombocytopenia 3"", ""Thrombotic thrombocytopenic purpura"", ""Tietz syndrome"", ""Townes-Brocks syndrome"", ""Treacher Collins syndrome"", ""Trichohepatoenteric syndrome"", ""Trichorhinophalangeal syndrome, type I"", ""Trichothiodystrophy"", ""Tuberous sclerosis"", ""Tubulointerstitial kidney disease"", ""Tumor necrosis factor receptor 1 associated periodic syndrome"", ""Tyrosinemia type 1"", ""Tyrosinemia type 2"", ""Tyrosinemia type III"", ""Van den Ende-Gupta syndrome"", ""Vasculitis, autoinflammation, immunodeficiency, and hematologic defects syndrome"", ""Very long-chain acyl-CoA dehydrogenase deficiency"", ""Vici syndrome"", ""Waardenburg syndrome type 3"", ""Weill-Marchesani syndrome"", ""Werner syndrome"", ""Whipple disease"", ""Wiedemann-Steiner syndrome"", ""Wilson disease"", ""X-linked hypohidrotic ectodermal dysplasia"", ""X-linked hypophosphatemia""]","{""source_path"": ""/Users/alfred/Documents/baseline_model/artifacts/universal_meddx/cache/rarebench_data.zip"", ""mapping_dir"": ""/Users/alfred/Documents/baseline_model/external/meddxagent/ddxdriver/benchmarks/data/rarebench"", ""source"": ""rarebench_hf_zip_with_meddxagent_mappings_v1"", ""subset"": ""MME"", ""raw_disease_codes"": [""OMIM:616007"", ""ORPHA:436174""]}"
rarebench:RAMEDIS:129,rarebench,"- Ataxia
- Coma","- Ataxia
- Coma
- Reduced tendon reflexes
- Alopecia
- Metabolic acidosis
- Cerebral edema
- Abnormal cerebral white matter morphology
- Death in childhood
- Recurrent viral infections
- Hyperleucinemia
- Death in adolescence",Maple syrup urine disease,"[""3-Hydroxy-3-methylglutaryl-CoA lyase deficiency"", ""3-Methylcrotonyl-CoA carboxylase deficiency"", ""3-Methylglutaconic aciduria type I"", ""3-Methylglutaconic aciduria type IV"", ""3-Methylglutaconic aciduria with deafness, encephalopathy, and leigh-like syndrome"", ""AGel amyloidosis"", ""Aarskog-Scott syndrome"", ""Acromesomelic dysplasia, Maroteaux type"", ""Acromicric dysplasia"", ""Acute intermittent porphyria"", ""Al Kaissi syndrome"", ""Alacrimia-choreoathetosis-liver dysfunction syndrome"", ""Alagille syndrome"", ""Alkaptonuria"", ""Alpha-thalassemia-X-linked intellectual disability syndrome"", ""Alzheimer disease"", ""Amyotrophic lateral sclerosis"", ""Antiphospholipid syndrome"", ""Antisynthetase syndrome"", ""Apert syndrome"", ""Argininemia"", ""Argininosuccinic aciduria"", ""Arthrogryposis, distal, with impaired proprioception and touch"", ""Ataxia-oculomotor apraxia type 1"", ""Ataxia-pancytopenia syndrome"", ""Autoimmune lymphoproliferative syndrome"", ""Autoimmune polyendocrinopathy type 1"", ""Autosomal recessive primary microcephaly"", ""Bamforth-Lazarus syndrome"", ""Bardet-Biedl syndrome"", ""Bartter syndrome"", ""Beaulieu-Boycott-Innes syndrome"", ""Beh\u00e7et disease"", ""Bernard-Soulier syndrome"", ""Beta-ketothiolase deficiency"", ""Bethlem myopathy"", ""Bilateral frontoparietal polymicrogyria"", ""Biotinidase deficiency"", ""Bleeding disorder, platelet-type, 15"", ""Bleeding disorder, platelet-type, 17"", ""Boucher-Neuhauser syndrome"", ""Branchio-oculo-facial syndrome"", ""Brugada Syndrome"", ""Buerger disease"", ""CEDNIK syndrome"", ""CHARGE syndrome"", ""CODAS syndrome"", ""CTCF-related neurodevelopmental disorder"", ""Camurati-Engelmann disease"", ""Canavan disease"", ""Carbamoyl-phosphate synthetase 1 deficiency"", ""Cardiofaciocutaneous syndrome"", ""Carnitine palmitoyltransferase I deficiency"", ""Carnitine palmitoyltransferase II deficiency"", ""Carnitine-acylcarnitine translocase deficiency"", ""Cataract-growth hormone deficiency-sensory neuropathy-sensorineural hearing loss-skeletal dysplasia syndrome"", ""Catecholaminergic polymorphic ventricular tachycardia"", ""Centronuclear myopathy"", ""Cerebellar ataxia-areflexia-pes cavus-optic atrophy-sensorineural hearing loss syndrome"", ""Cerebral creatine deficiency syndrome"", ""Cerebrocostomandibular syndrome"", ""Charcot-Marie-Tooth disease"", ""Chitayat syndrome"", ""Choreoacanthocytosis"", ""Chronic mucocutaneous candidiasis"", ""Chudley-Mccullough syndrome"", ""Ch\u00e9diak-Higashi syndrome"", ""Citrullinemia"", ""Citrullinemia type I"", ""Citrullinemia type II"", ""Classic galactosemia"", ""Cleidocranial dysplasia"", ""Cockayne syndrome"", ""Cohen syndrome"", ""Combined immunodeficiency-enteropathy spectrum"", ""Combined oxidative phosphorylation deficiency 30"", ""Cone rod dystrophy"", ""Congenital adrenal hyperplasia"", ""Congenital contractural arachnodactyly"", ""Congenital disorder of glycosylation, type IIP"", ""Congenital disorder of glycosylation, type IIh"", ""Congenital disorder of glycosylation, type Il"", ""Congenital hyperinsulinism"", ""Congenital myasthenic syndrome"", ""Congenital nephrotic syndrome, Finnish type"", ""Congenital secretory diarrhea"", ""Cornelia de Lange syndrome"", ""Cortical dysplasia, complex, with other brain malformations 7"", ""Craniofrontonasal dysplasia"", ""Cryoglobulinemic vasculitis"", ""Cryopyrin-associated periodic syndrome"", ""Cutis laxa, autosomal recessive, type IA"", ""Cutis laxa, autosomal recessive, type IIB"", ""Cutis laxa, autosomal recessive, type IIC"", ""Cutis laxa, autosomal recessive, type IID"", ""Cystinuria"", ""D-2-hydroxyglutaric aciduria"", ""DYRK1A-related intellectual disability syndrome"", ""Desmosterolosis"", ""Developmental and epileptic encephalopathy 14"", ""Developmental and epileptic encephalopathy 28"", ""Diamond-Blackfan anemia"", ""Dihydropyrimidine dehydrogenase deficiency"", ""Dihydropyrimidinuria"", ""Dilated cardiomyopathy 1G"", ""Distal myopathy, Tateyama type"", ""Donohue syndrome"", ""Dopa-responsive dystonia"", ""Dyggve-Melchior-Clausen disease"", ""Dyskeratosis congenita"", ""Ectodermal dysplasia 9, Hair/nail type"", ""Ehlers-Danlos syndrome"", ""Elliptocytosis 2"", ""Emery-Dreifuss muscular dystrophy"", ""Eosinophilic granulomatosis with polyangiitis"", ""Epidermolysis bullosa, junctional, Herlitz type"", ""Epidermolytic palmoplantar keratoderma"", ""Epilepsy, focal, with speech disorder and mental retardation"", ""Epileptic encephalopathy, early infantile, 4"", ""Fabry disease"", ""Familial Mediterranean fever"", ""Fanconi anemia"", ""Fanconi-Bickel syndrome"", ""Felty syndrome"", ""Fibrodysplasia ossificans progressiva"", ""Focal segmental glomerulosclerosis"", ""Freeman-Sheldon syndrome"", ""Fructose-1,6-bisphosphatase deficiency"", ""GAPO syndrome"", ""GM1-gangliosidosis, type III"", ""Galactosemia"", ""Galactosialidosis"", ""Galloway-Mowat syndrome"", ""Gaucher disease"", ""Geleophysic dysplasia"", ""Giant Cell Arteritis"", ""Glutaric acidemia type I"", ""Glutathione synthetase deficiency"", ""Glycerol kinase deficiency"", ""Glycogen storage disease VI"", ""Glycogen storage disease type III"", ""Glycogen storage disease type IX"", ""Glycogen storage disease type Ia"", ""Glycogen storage disease type Ib"", ""Granulomatosis with polyangiitis"", ""Gyrate atrophy of choroid and retina"", ""Hajdu-Cheney syndrome"", ""Hawkinsinuria"", ""Hemophagocytic lymphohistiocytosis"", ""Hereditary fructose intolerance"", ""Hereditary neuropathy with liability to pressure palsies"", ""Hereditary sensory and autonomic neuropathy type IIB"", ""Hereditary spherocytosis"", ""Heterotaxy syndrome"", ""Holocarboxylase synthetase deficiency"", ""Holoprosencephaly"", ""Homocystinuria"", ""Hyaline fibromatosis syndrome"", ""Hyper-IgE syndrome"", ""Hyperekplexia"", ""Hyperphenylalaninemia"", ""Hypochondroplasia"", ""Hypomyelinating leukodystrophy"", ""Hypophosphatasia"", ""Hypotrichosis with juvenile macular degeneration"", ""Ichthyosis-hypotrichosis syndrome"", ""IgG4-related disease"", ""Imerslund-Gr\u00e4sbeck syndrome"", ""Immunoglobulin A vasculitis"", ""Immunoskeletal dysplasia with neurodevelopmental abnormalities"", ""Inclusion body myopathy with Paget disease of bone and frontotemporal dementia"", ""Intellectual developmental disorder with dysmorphic facies and behavioral abnormalities"", ""Intellectual developmental disorder with dysmorphic facies and ptosis"", ""Intellectual developmental disorder with dysmorphic facies, seizures, and distal limb anomalies"", ""Isovaleric acidemia"", ""Jervell and Lange-Nielsen syndrome"", ""Joubert syndrome"", ""Kabuki syndrome"", ""Kimura disease"", ""Krabbe disease"", ""Kufor-Rakeb syndrome"", ""L-2-hydroxyglutaric aciduria"", ""Larsen syndrome"", ""Leukocyte adhesion deficiency type II"", ""Leukocyte adhesion deficiency, type I"", ""Leukocyte adhesion deficiency, type III"", ""Limb-girdle muscular dystrophy"", ""Loeys-Dietz syndrome"", ""Long QT syndrome 14"", ""Long QT syndrome 15"", ""Lowe syndrome"", ""Mandibulofacial dysostosis-microcephaly syndrome"", ""Maple syrup urine disease"", ""Marfan syndrome"", ""Maturity-onset diabetes of the young"", ""Medium chain acyl-CoA dehydrogenase deficiency"", ""Megalocornea"", ""Mental retardation, autosomal recessive 18"", ""Mental retardation, autosomal recessive 38"", ""Methylmalonate semialdehyde dehydrogenase deficiency"", ""Methylmalonic acidemia"", ""Microcephalic cortical malformations-short stature due to RTTN deficiency"", ""Microcephaly 3, primary, autosomal recessive"", ""Microcephaly 5, primary, autosomal recessive"", ""Microcephaly, primary autosomal recessive, 6"", ""Microcephaly-capillary malformation syndrome"", ""Mitochondrial DNA depletion syndrome 3"", ""Mitochondrial complex IV deficiency"", ""Muckle-Wells syndrome"", ""Mucolipidosis type II"", ""Mucolipidosis type IV"", ""Mucopolysaccharidosis type II"", ""Muenke syndrome"", ""Multiple endocrine neoplasia type 1"", ""Multiple endocrine neoplasia, type IIA"", ""Myhre syndrome"", ""Myotonia congenita"", ""N-acetylglutamate synthase deficiency"", ""Nail-patella syndrome"", ""Nance-Horan syndrome"", ""Nemaline myopathy"", ""Neonatal severe encephalopathy with lactic acidosis and brain abnormalities"", ""Neurodegeneration with brain iron accumulation 2B"", ""Neurodevelopmental disorder with or without anomalies of the brain, eye, or heart"", ""Neurofibromatosis type 1"", ""Neuronal ceroid lipofuscinosis"", ""Niemann-Pick disease type C"", ""Nijmegen breakage syndrome"", ""Noonan syndrome"", ""Oculocutaneous albinism type 2"", ""Oculocutaneous albinism type 3"", ""Oliver-Mcfarlane syndrome"", ""Ornithine transcarbamylase deficiency"", ""Orofaciodigital syndrome type 5"", ""Orotic aciduria"", ""Osteogenesis imperfecta"", ""Osteogenesis imperfecta, type IX"", ""Osteogenesis imperfecta, type VIII"", ""Osteogenesis imperfecta, type XI"", ""Osteogenesis imperfecta, type XII"", ""Osteogenesis imperfecta, type XIV"", ""PLAA-associated neurodevelopmental disorder"", ""PMM2-CDG"", ""Palmoplantar keratoderma, punctate type IA"", ""Pantothenate kinase-associated neurodegeneration"", ""Papillon-Lef\u00e8vre syndrome"", ""Parkinson disease 15, autosomal recessive early-onset"", ""Parkinson disease 23, autosomal recessive early-onset"", ""Parkinson disease 7, autosomal recessive early-onset"", ""Pearson syndrome"", ""Perrault syndrome"", ""Phenylketonuria"", ""Pierpont syndrome"", ""Poikiloderma with neutropenia"", ""Polymyositis"", ""Poretti-Boltshauser syndrome"", ""Primary carnitine deficiency"", ""Primary erythromelalgia"", ""Primary hyperoxaluria type 2"", ""Progressive familial intrahepatic cholestasis 4"", ""Propionic acidemia"", ""Pseudoachondroplasia"", ""Recurrent metabolic encephalomyopathic crises-rhabdomyolysis-cardiac arrhythmia-intellectual disability syndrome"", ""Refsum disease"", ""Relapsing polychondritis"", ""Retinitis pigmentosa"", ""Rett syndrome"", ""Robinow syndrome"", ""Rubinstein-Taybi syndrome"", ""SAPHO syndrome"", ""STAR syndrome"", ""Sarcoidosis"", ""Schinzel-Giedion syndrome"", ""Scleroderma, familial progressive"", ""Severe combined immunodeficiency due to adenosine deaminase deficiency"", ""Severe congenital neutropenia"", ""Short chain acyl-CoA dehydrogenase deficiency"", ""Short syndrome"", ""Shprintzen-Goldberg syndrome"", ""Sick sinus syndrome"", ""Sj\u00f6gren syndrome"", ""Skraban-Deardorff syndrome"", ""Smith-Kingsmore syndrome"", ""Smith-Lemli-Opitz syndrome"", ""Smith-Magenis syndrome"", ""Spastic paraplegia 10, autosomal dominant"", ""Spastic paraplegia 45, autosomal recessive"", ""Spastic paraplegia 7, autosomal recessive"", ""Spastic paraplegia 76, autosomal recessive"", ""Spinal muscular atrophy with progressive myoclonic epilepsy"", ""Spinocerebellar ataxia, autosomal recessive 20"", ""Spondyloarthropathy"", ""Spondylocostal dysostosis"", ""Spondyloepimetaphyseal dysplasia with joint laxity"", ""Spondylometaphyseal dysplasia, Sedaghatian type"", ""Stankiewicz-Isidor syndrome"", ""Stickler syndrome"", ""Succinic semialdehyde dehydrogenase deficiency"", ""Systemic lupus erythematosus"", ""Systemic sclerosis"", ""TBCK-related intellectual disability syndrome"", ""Takayasu arteritis"", ""Temtamy preaxial brachydactyly syndrome"", ""Thrombocytopenia 3"", ""Thrombotic thrombocytopenic purpura"", ""Tietz syndrome"", ""Townes-Brocks syndrome"", ""Treacher Collins syndrome"", ""Trichohepatoenteric syndrome"", ""Trichorhinophalangeal syndrome, type I"", ""Trichothiodystrophy"", ""Tuberous sclerosis"", ""Tubulointerstitial kidney disease"", ""Tumor necrosis factor receptor 1 associated periodic syndrome"", ""Tyrosinemia type 1"", ""Tyrosinemia type 2"", ""Tyrosinemia type III"", ""Van den Ende-Gupta syndrome"", ""Vasculitis, autoinflammation, immunodeficiency, and hematologic defects syndrome"", ""Very long-chain acyl-CoA dehydrogenase deficiency"", ""Vici syndrome"", ""Waardenburg syndrome type 3"", ""Weill-Marchesani syndrome"", ""Werner syndrome"", ""Whipple disease"", ""Wiedemann-Steiner syndrome"", ""Wilson disease"", ""X-linked hypohidrotic ectodermal dysplasia"", ""X-linked hypophosphatemia""]","{""source_path"": ""/Users/alfred/Documents/baseline_model/artifacts/universal_meddx/cache/rarebench_data.zip"", ""mapping_dir"": ""/Users/alfred/Documents/baseline_model/external/meddxagent/ddxdriver/benchmarks/data/rarebench"", ""source"": ""rarebench_hf_zip_with_meddxagent_mappings_v1"", ""subset"": ""RAMEDIS"", ""raw_disease_codes"": [""OMIM:248600"", ""ORPHA:511"", ""CCRD:67""]}"
rarebench:RAMEDIS:271,rarebench,"- Seizure
- Spasticity","- Seizure
- Spasticity
- Death in infancy
- Hyperammonemia
- Increased serum lactate
- Tachypnea
- Oroticaciduria
- Neonatal death
- Elevated circulating acylcarnitine concentration",Ornithine transcarbamylase deficiency,"[""3-Hydroxy-3-methylglutaryl-CoA lyase deficiency"", ""3-Methylcrotonyl-CoA carboxylase deficiency"", ""3-Methylglutaconic aciduria type I"", ""3-Methylglutaconic aciduria type IV"", ""3-Methylglutaconic aciduria with deafness, encephalopathy, and leigh-like syndrome"", ""AGel amyloidosis"", ""Aarskog-Scott syndrome"", ""Acromesomelic dysplasia, Maroteaux type"", ""Acromicric dysplasia"", ""Acute intermittent porphyria"", ""Al Kaissi syndrome"", ""Alacrimia-choreoathetosis-liver dysfunction syndrome"", ""Alagille syndrome"", ""Alkaptonuria"", ""Alpha-thalassemia-X-linked intellectual disability syndrome"", ""Alzheimer disease"", ""Amyotrophic lateral sclerosis"", ""Antiphospholipid syndrome"", ""Antisynthetase syndrome"", ""Apert syndrome"", ""Argininemia"", ""Argininosuccinic aciduria"", ""Arthrogryposis, distal, with impaired proprioception and touch"", ""Ataxia-oculomotor apraxia type 1"", ""Ataxia-pancytopenia syndrome"", ""Autoimmune lymphoproliferative syndrome"", ""Autoimmune polyendocrinopathy type 1"", ""Autosomal recessive primary microcephaly"", ""Bamforth-Lazarus syndrome"", ""Bardet-Biedl syndrome"", ""Bartter syndrome"", ""Beaulieu-Boycott-Innes syndrome"", ""Beh\u00e7et disease"", ""Bernard-Soulier syndrome"", ""Beta-ketothiolase deficiency"", ""Bethlem myopathy"", ""Bilateral frontoparietal polymicrogyria"", ""Biotinidase deficiency"", ""Bleeding disorder, platelet-type, 15"", ""Bleeding disorder, platelet-type, 17"", ""Boucher-Neuhauser syndrome"", ""Branchio-oculo-facial syndrome"", ""Brugada Syndrome"", ""Buerger disease"", ""CEDNIK syndrome"", ""CHARGE syndrome"", ""CODAS syndrome"", ""CTCF-related neurodevelopmental disorder"", ""Camurati-Engelmann disease"", ""Canavan disease"", ""Carbamoyl-phosphate synthetase 1 deficiency"", ""Cardiofaciocutaneous syndrome"", ""Carnitine palmitoyltransferase I deficiency"", ""Carnitine palmitoyltransferase II deficiency"", ""Carnitine-acylcarnitine translocase deficiency"", ""Cataract-growth hormone deficiency-sensory neuropathy-sensorineural hearing loss-skeletal dysplasia syndrome"", ""Catecholaminergic polymorphic ventricular tachycardia"", ""Centronuclear myopathy"", ""Cerebellar ataxia-areflexia-pes cavus-optic atrophy-sensorineural hearing loss syndrome"", ""Cerebral creatine deficiency syndrome"", ""Cerebrocostomandibular syndrome"", ""Charcot-Marie-Tooth disease"", ""Chitayat syndrome"", ""Choreoacanthocytosis"", ""Chronic mucocutaneous candidiasis"", ""Chudley-Mccullough syndrome"", ""Ch\u00e9diak-Higashi syndrome"", ""Citrullinemia"", ""Citrullinemia type I"", ""Citrullinemia type II"", ""Classic galactosemia"", ""Cleidocranial dysplasia"", ""Cockayne syndrome"", ""Cohen syndrome"", ""Combined immunodeficiency-enteropathy spectrum"", ""Combined oxidative phosphorylation deficiency 30"", ""Cone rod dystrophy"", ""Congenital adrenal hyperplasia"", ""Congenital contractural arachnodactyly"", ""Congenital disorder of glycosylation, type IIP"", ""Congenital disorder of glycosylation, type IIh"", ""Congenital disorder of glycosylation, type Il"", ""Congenital hyperinsulinism"", ""Congenital myasthenic syndrome"", ""Congenital nephrotic syndrome, Finnish type"", ""Congenital secretory diarrhea"", ""Cornelia de Lange syndrome"", ""Cortical dysplasia, complex, with other brain malformations 7"", ""Craniofrontonasal dysplasia"", ""Cryoglobulinemic vasculitis"", ""Cryopyrin-associated periodic syndrome"", ""Cutis laxa, autosomal recessive, type IA"", ""Cutis laxa, autosomal recessive, type IIB"", ""Cutis laxa, autosomal recessive, type IIC"", ""Cutis laxa, autosomal recessive, type IID"", ""Cystinuria"", ""D-2-hydroxyglutaric aciduria"", ""DYRK1A-related intellectual disability syndrome"", ""Desmosterolosis"", ""Developmental and epileptic encephalopathy 14"", ""Developmental and epileptic encephalopathy 28"", ""Diamond-Blackfan anemia"", ""Dihydropyrimidine dehydrogenase deficiency"", ""Dihydropyrimidinuria"", ""Dilated cardiomyopathy 1G"", ""Distal myopathy, Tateyama type"", ""Donohue syndrome"", ""Dopa-responsive dystonia"", ""Dyggve-Melchior-Clausen disease"", ""Dyskeratosis congenita"", ""Ectodermal dysplasia 9, Hair/nail type"", ""Ehlers-Danlos syndrome"", ""Elliptocytosis 2"", ""Emery-Dreifuss muscular dystrophy"", ""Eosinophilic granulomatosis with polyangiitis"", ""Epidermolysis bullosa, junctional, Herlitz type"", ""Epidermolytic palmoplantar keratoderma"", ""Epilepsy, focal, with speech disorder and mental retardation"", ""Epileptic encephalopathy, early infantile, 4"", ""Fabry disease"", ""Familial Mediterranean fever"", ""Fanconi anemia"", ""Fanconi-Bickel syndrome"", ""Felty syndrome"", ""Fibrodysplasia ossificans progressiva"", ""Focal segmental glomerulosclerosis"", ""Freeman-Sheldon syndrome"", ""Fructose-1,6-bisphosphatase deficiency"", ""GAPO syndrome"", ""GM1-gangliosidosis, type III"", ""Galactosemia"", ""Galactosialidosis"", ""Galloway-Mowat syndrome"", ""Gaucher disease"", ""Geleophysic dysplasia"", ""Giant Cell Arteritis"", ""Glutaric acidemia type I"", ""Glutathione synthetase deficiency"", ""Glycerol kinase deficiency"", ""Glycogen storage disease VI"", ""Glycogen storage disease type III"", ""Glycogen storage disease type IX"", ""Glycogen storage disease type Ia"", ""Glycogen storage disease type Ib"", ""Granulomatosis with polyangiitis"", ""Gyrate atrophy of choroid and retina"", ""Hajdu-Cheney syndrome"", ""Hawkinsinuria"", ""Hemophagocytic lymphohistiocytosis"", ""Hereditary fructose intolerance"", ""Hereditary neuropathy with liability to pressure palsies"", ""Hereditary sensory and autonomic neuropathy type IIB"", ""Hereditary spherocytosis"", ""Heterotaxy syndrome"", ""Holocarboxylase synthetase deficiency"", ""Holoprosencephaly"", ""Homocystinuria"", ""Hyaline fibromatosis syndrome"", ""Hyper-IgE syndrome"", ""Hyperekplexia"", ""Hyperphenylalaninemia"", ""Hypochondroplasia"", ""Hypomyelinating leukodystrophy"", ""Hypophosphatasia"", ""Hypotrichosis with juvenile macular degeneration"", ""Ichthyosis-hypotrichosis syndrome"", ""IgG4-related disease"", ""Imerslund-Gr\u00e4sbeck syndrome"", ""Immunoglobulin A vasculitis"", ""Immunoskeletal dysplasia with neurodevelopmental abnormalities"", ""Inclusion body myopathy with Paget disease of bone and frontotemporal dementia"", ""Intellectual developmental disorder with dysmorphic facies and behavioral abnormalities"", ""Intellectual developmental disorder with dysmorphic facies and ptosis"", ""Intellectual developmental disorder with dysmorphic facies, seizures, and distal limb anomalies"", ""Isovaleric acidemia"", ""Jervell and Lange-Nielsen syndrome"", ""Joubert syndrome"", ""Kabuki syndrome"", ""Kimura disease"", ""Krabbe disease"", ""Kufor-Rakeb syndrome"", ""L-2-hydroxyglutaric aciduria"", ""Larsen syndrome"", ""Leukocyte adhesion deficiency type II"", ""Leukocyte adhesion deficiency, type I"", ""Leukocyte adhesion deficiency, type III"", ""Limb-girdle muscular dystrophy"", ""Loeys-Dietz syndrome"", ""Long QT syndrome 14"", ""Long QT syndrome 15"", ""Lowe syndrome"", ""Mandibulofacial dysostosis-microcephaly syndrome"", ""Maple syrup urine disease"", ""Marfan syndrome"", ""Maturity-onset diabetes of the young"", ""Medium chain acyl-CoA dehydrogenase deficiency"", ""Megalocornea"", ""Mental retardation, autosomal recessive 18"", ""Mental retardation, autosomal recessive 38"", ""Methylmalonate semialdehyde dehydrogenase deficiency"", ""Methylmalonic acidemia"", ""Microcephalic cortical malformations-short stature due to RTTN deficiency"", ""Microcephaly 3, primary, autosomal recessive"", ""Microcephaly 5, primary, autosomal recessive"", ""Microcephaly, primary autosomal recessive, 6"", ""Microcephaly-capillary malformation syndrome"", ""Mitochondrial DNA depletion syndrome 3"", ""Mitochondrial complex IV deficiency"", ""Muckle-Wells syndrome"", ""Mucolipidosis type II"", ""Mucolipidosis type IV"", ""Mucopolysaccharidosis type II"", ""Muenke syndrome"", ""Multiple endocrine neoplasia type 1"", ""Multiple endocrine neoplasia, type IIA"", ""Myhre syndrome"", ""Myotonia congenita"", ""N-acetylglutamate synthase deficiency"", ""Nail-patella syndrome"", ""Nance-Horan syndrome"", ""Nemaline myopathy"", ""Neonatal severe encephalopathy with lactic acidosis and brain abnormalities"", ""Neurodegeneration with brain iron accumulation 2B"", ""Neurodevelopmental disorder with or without anomalies of the brain, eye, or heart"", ""Neurofibromatosis type 1"", ""Neuronal ceroid lipofuscinosis"", ""Niemann-Pick disease type C"", ""Nijmegen breakage syndrome"", ""Noonan syndrome"", ""Oculocutaneous albinism type 2"", ""Oculocutaneous albinism type 3"", ""Oliver-Mcfarlane syndrome"", ""Ornithine transcarbamylase deficiency"", ""Orofaciodigital syndrome type 5"", ""Orotic aciduria"", ""Osteogenesis imperfecta"", ""Osteogenesis imperfecta, type IX"", ""Osteogenesis imperfecta, type VIII"", ""Osteogenesis imperfecta, type XI"", ""Osteogenesis imperfecta, type XII"", ""Osteogenesis imperfecta, type XIV"", ""PLAA-associated neurodevelopmental disorder"", ""PMM2-CDG"", ""Palmoplantar keratoderma, punctate type IA"", ""Pantothenate kinase-associated neurodegeneration"", ""Papillon-Lef\u00e8vre syndrome"", ""Parkinson disease 15, autosomal recessive early-onset"", ""Parkinson disease 23, autosomal recessive early-onset"", ""Parkinson disease 7, autosomal recessive early-onset"", ""Pearson syndrome"", ""Perrault syndrome"", ""Phenylketonuria"", ""Pierpont syndrome"", ""Poikiloderma with neutropenia"", ""Polymyositis"", ""Poretti-Boltshauser syndrome"", ""Primary carnitine deficiency"", ""Primary erythromelalgia"", ""Primary hyperoxaluria type 2"", ""Progressive familial intrahepatic cholestasis 4"", ""Propionic acidemia"", ""Pseudoachondroplasia"", ""Recurrent metabolic encephalomyopathic crises-rhabdomyolysis-cardiac arrhythmia-intellectual disability syndrome"", ""Refsum disease"", ""Relapsing polychondritis"", ""Retinitis pigmentosa"", ""Rett syndrome"", ""Robinow syndrome"", ""Rubinstein-Taybi syndrome"", ""SAPHO syndrome"", ""STAR syndrome"", ""Sarcoidosis"", ""Schinzel-Giedion syndrome"", ""Scleroderma, familial progressive"", ""Severe combined immunodeficiency due to adenosine deaminase deficiency"", ""Severe congenital neutropenia"", ""Short chain acyl-CoA dehydrogenase deficiency"", ""Short syndrome"", ""Shprintzen-Goldberg syndrome"", ""Sick sinus syndrome"", ""Sj\u00f6gren syndrome"", ""Skraban-Deardorff syndrome"", ""Smith-Kingsmore syndrome"", ""Smith-Lemli-Opitz syndrome"", ""Smith-Magenis syndrome"", ""Spastic paraplegia 10, autosomal dominant"", ""Spastic paraplegia 45, autosomal recessive"", ""Spastic paraplegia 7, autosomal recessive"", ""Spastic paraplegia 76, autosomal recessive"", ""Spinal muscular atrophy with progressive myoclonic epilepsy"", ""Spinocerebellar ataxia, autosomal recessive 20"", ""Spondyloarthropathy"", ""Spondylocostal dysostosis"", ""Spondyloepimetaphyseal dysplasia with joint laxity"", ""Spondylometaphyseal dysplasia, Sedaghatian type"", ""Stankiewicz-Isidor syndrome"", ""Stickler syndrome"", ""Succinic semialdehyde dehydrogenase deficiency"", ""Systemic lupus erythematosus"", ""Systemic sclerosis"", ""TBCK-related intellectual disability syndrome"", ""Takayasu arteritis"", ""Temtamy preaxial brachydactyly syndrome"", ""Thrombocytopenia 3"", ""Thrombotic thrombocytopenic purpura"", ""Tietz syndrome"", ""Townes-Brocks syndrome"", ""Treacher Collins syndrome"", ""Trichohepatoenteric syndrome"", ""Trichorhinophalangeal syndrome, type I"", ""Trichothiodystrophy"", ""Tuberous sclerosis"", ""Tubulointerstitial kidney disease"", ""Tumor necrosis factor receptor 1 associated periodic syndrome"", ""Tyrosinemia type 1"", ""Tyrosinemia type 2"", ""Tyrosinemia type III"", ""Van den Ende-Gupta syndrome"", ""Vasculitis, autoinflammation, immunodeficiency, and hematologic defects syndrome"", ""Very long-chain acyl-CoA dehydrogenase deficiency"", ""Vici syndrome"", ""Waardenburg syndrome type 3"", ""Weill-Marchesani syndrome"", ""Werner syndrome"", ""Whipple disease"", ""Wiedemann-Steiner syndrome"", ""Wilson disease"", ""X-linked hypohidrotic ectodermal dysplasia"", ""X-linked hypophosphatemia""]","{""source_path"": ""/Users/alfred/Documents/baseline_model/artifacts/universal_meddx/cache/rarebench_data.zip"", ""mapping_dir"": ""/Users/alfred/Documents/baseline_model/external/meddxagent/ddxdriver/benchmarks/data/rarebench"", ""source"": ""rarebench_hf_zip_with_meddxagent_mappings_v1"", ""subset"": ""RAMEDIS"", ""raw_disease_codes"": [""OMIM:311250"", ""ORPHA:664"", ""CCRD:85""]}"
rarebench:RAMEDIS:329,rarebench,"- Microcephaly
- Epicanthus
- Low-set ears
- Wide nasal bridge","- Microcephaly
- Epicanthus
- Low-set ears
- Wide nasal bridge
- Anteverted nares
- Ptosis
- Syndactyly
- Intellectual disability
- Motor delay
- Generalized hypotonia
- Failure to thrive
- Death in infancy
- Vomiting
- Hypocholesterolemia
- Elevated 8-dehydrocholesterol
- Neonatal death
- Death in childhood
- Polydactyly
- Elevated 7-dehydrocholesterol
- Feeding difficulties",Smith-Lemli-Opitz syndrome,"[""3-Hydroxy-3-methylglutaryl-CoA lyase deficiency"", ""3-Methylcrotonyl-CoA carboxylase deficiency"", ""3-Methylglutaconic aciduria type I"", ""3-Methylglutaconic aciduria type IV"", ""3-Methylglutaconic aciduria with deafness, encephalopathy, and leigh-like syndrome"", ""AGel amyloidosis"", ""Aarskog-Scott syndrome"", ""Acromesomelic dysplasia, Maroteaux type"", ""Acromicric dysplasia"", ""Acute intermittent porphyria"", ""Al Kaissi syndrome"", ""Alacrimia-choreoathetosis-liver dysfunction syndrome"", ""Alagille syndrome"", ""Alkaptonuria"", ""Alpha-thalassemia-X-linked intellectual disability syndrome"", ""Alzheimer disease"", ""Amyotrophic lateral sclerosis"", ""Antiphospholipid syndrome"", ""Antisynthetase syndrome"", ""Apert syndrome"", ""Argininemia"", ""Argininosuccinic aciduria"", ""Arthrogryposis, distal, with impaired proprioception and touch"", ""Ataxia-oculomotor apraxia type 1"", ""Ataxia-pancytopenia syndrome"", ""Autoimmune lymphoproliferative syndrome"", ""Autoimmune polyendocrinopathy type 1"", ""Autosomal recessive primary microcephaly"", ""Bamforth-Lazarus syndrome"", ""Bardet-Biedl syndrome"", ""Bartter syndrome"", ""Beaulieu-Boycott-Innes syndrome"", ""Beh\u00e7et disease"", ""Bernard-Soulier syndrome"", ""Beta-ketothiolase deficiency"", ""Bethlem myopathy"", ""Bilateral frontoparietal polymicrogyria"", ""Biotinidase deficiency"", ""Bleeding disorder, platelet-type, 15"", ""Bleeding disorder, platelet-type, 17"", ""Boucher-Neuhauser syndrome"", ""Branchio-oculo-facial syndrome"", ""Brugada Syndrome"", ""Buerger disease"", ""CEDNIK syndrome"", ""CHARGE syndrome"", ""CODAS syndrome"", ""CTCF-related neurodevelopmental disorder"", ""Camurati-Engelmann disease"", ""Canavan disease"", ""Carbamoyl-phosphate synthetase 1 deficiency"", ""Cardiofaciocutaneous syndrome"", ""Carnitine palmitoyltransferase I deficiency"", ""Carnitine palmitoyltransferase II deficiency"", ""Carnitine-acylcarnitine translocase deficiency"", ""Cataract-growth hormone deficiency-sensory neuropathy-sensorineural hearing loss-skeletal dysplasia syndrome"", ""Catecholaminergic polymorphic ventricular tachycardia"", ""Centronuclear myopathy"", ""Cerebellar ataxia-areflexia-pes cavus-optic atrophy-sensorineural hearing loss syndrome"", ""Cerebral creatine deficiency syndrome"", ""Cerebrocostomandibular syndrome"", ""Charcot-Marie-Tooth disease"", ""Chitayat syndrome"", ""Choreoacanthocytosis"", ""Chronic mucocutaneous candidiasis"", ""Chudley-Mccullough syndrome"", ""Ch\u00e9diak-Higashi syndrome"", ""Citrullinemia"", ""Citrullinemia type I"", ""Citrullinemia type II"", ""Classic galactosemia"", ""Cleidocranial dysplasia"", ""Cockayne syndrome"", ""Cohen syndrome"", ""Combined immunodeficiency-enteropathy spectrum"", ""Combined oxidative phosphorylation deficiency 30"", ""Cone rod dystrophy"", ""Congenital adrenal hyperplasia"", ""Congenital contractural arachnodactyly"", ""Congenital disorder of glycosylation, type IIP"", ""Congenital disorder of glycosylation, type IIh"", ""Congenital disorder of glycosylation, type Il"", ""Congenital hyperinsulinism"", ""Congenital myasthenic syndrome"", ""Congenital nephrotic syndrome, Finnish type"", ""Congenital secretory diarrhea"", ""Cornelia de Lange syndrome"", ""Cortical dysplasia, complex, with other brain malformations 7"", ""Craniofrontonasal dysplasia"", ""Cryoglobulinemic vasculitis"", ""Cryopyrin-associated periodic syndrome"", ""Cutis laxa, autosomal recessive, type IA"", ""Cutis laxa, autosomal recessive, type IIB"", ""Cutis laxa, autosomal recessive, type IIC"", ""Cutis laxa, autosomal recessive, type IID"", ""Cystinuria"", ""D-2-hydroxyglutaric aciduria"", ""DYRK1A-related intellectual disability syndrome"", ""Desmosterolosis"", ""Developmental and epileptic encephalopathy 14"", ""Developmental and epileptic encephalopathy 28"", ""Diamond-Blackfan anemia"", ""Dihydropyrimidine dehydrogenase deficiency"", ""Dihydropyrimidinuria"", ""Dilated cardiomyopathy 1G"", ""Distal myopathy, Tateyama type"", ""Donohue syndrome"", ""Dopa-responsive dystonia"", ""Dyggve-Melchior-Clausen disease"", ""Dyskeratosis congenita"", ""Ectodermal dysplasia 9, Hair/nail type"", ""Ehlers-Danlos syndrome"", ""Elliptocytosis 2"", ""Emery-Dreifuss muscular dystrophy"", ""Eosinophilic granulomatosis with polyangiitis"", ""Epidermolysis bullosa, junctional, Herlitz type"", ""Epidermolytic palmoplantar keratoderma"", ""Epilepsy, focal, with speech disorder and mental retardation"", ""Epileptic encephalopathy, early infantile, 4"", ""Fabry disease"", ""Familial Mediterranean fever"", ""Fanconi anemia"", ""Fanconi-Bickel syndrome"", ""Felty syndrome"", ""Fibrodysplasia ossificans progressiva"", ""Focal segmental glomerulosclerosis"", ""Freeman-Sheldon syndrome"", ""Fructose-1,6-bisphosphatase deficiency"", ""GAPO syndrome"", ""GM1-gangliosidosis, type III"", ""Galactosemia"", ""Galactosialidosis"", ""Galloway-Mowat syndrome"", ""Gaucher disease"", ""Geleophysic dysplasia"", ""Giant Cell Arteritis"", ""Glutaric acidemia type I"", ""Glutathione synthetase deficiency"", ""Glycerol kinase deficiency"", ""Glycogen storage disease VI"", ""Glycogen storage disease type III"", ""Glycogen storage disease type IX"", ""Glycogen storage disease type Ia"", ""Glycogen storage disease type Ib"", ""Granulomatosis with polyangiitis"", ""Gyrate atrophy of choroid and retina"", ""Hajdu-Cheney syndrome"", ""Hawkinsinuria"", ""Hemophagocytic lymphohistiocytosis"", ""Hereditary fructose intolerance"", ""Hereditary neuropathy with liability to pressure palsies"", ""Hereditary sensory and autonomic neuropathy type IIB"", ""Hereditary spherocytosis"", ""Heterotaxy syndrome"", ""Holocarboxylase synthetase deficiency"", ""Holoprosencephaly"", ""Homocystinuria"", ""Hyaline fibromatosis syndrome"", ""Hyper-IgE syndrome"", ""Hyperekplexia"", ""Hyperphenylalaninemia"", ""Hypochondroplasia"", ""Hypomyelinating leukodystrophy"", ""Hypophosphatasia"", ""Hypotrichosis with juvenile macular degeneration"", ""Ichthyosis-hypotrichosis syndrome"", ""IgG4-related disease"", ""Imerslund-Gr\u00e4sbeck syndrome"", ""Immunoglobulin A vasculitis"", ""Immunoskeletal dysplasia with neurodevelopmental abnormalities"", ""Inclusion body myopathy with Paget disease of bone and frontotemporal dementia"", ""Intellectual developmental disorder with dysmorphic facies and behavioral abnormalities"", ""Intellectual developmental disorder with dysmorphic facies and ptosis"", ""Intellectual developmental disorder with dysmorphic facies, seizures, and distal limb anomalies"", ""Isovaleric acidemia"", ""Jervell and Lange-Nielsen syndrome"", ""Joubert syndrome"", ""Kabuki syndrome"", ""Kimura disease"", ""Krabbe disease"", ""Kufor-Rakeb syndrome"", ""L-2-hydroxyglutaric aciduria"", ""Larsen syndrome"", ""Leukocyte adhesion deficiency type II"", ""Leukocyte adhesion deficiency, type I"", ""Leukocyte adhesion deficiency, type III"", ""Limb-girdle muscular dystrophy"", ""Loeys-Dietz syndrome"", ""Long QT syndrome 14"", ""Long QT syndrome 15"", ""Lowe syndrome"", ""Mandibulofacial dysostosis-microcephaly syndrome"", ""Maple syrup urine disease"", ""Marfan syndrome"", ""Maturity-onset diabetes of the young"", ""Medium chain acyl-CoA dehydrogenase deficiency"", ""Megalocornea"", ""Mental retardation, autosomal recessive 18"", ""Mental retardation, autosomal recessive 38"", ""Methylmalonate semialdehyde dehydrogenase deficiency"", ""Methylmalonic acidemia"", ""Microcephalic cortical malformations-short stature due to RTTN deficiency"", ""Microcephaly 3, primary, autosomal recessive"", ""Microcephaly 5, primary, autosomal recessive"", ""Microcephaly, primary autosomal recessive, 6"", ""Microcephaly-capillary malformation syndrome"", ""Mitochondrial DNA depletion syndrome 3"", ""Mitochondrial complex IV deficiency"", ""Muckle-Wells syndrome"", ""Mucolipidosis type II"", ""Mucolipidosis type IV"", ""Mucopolysaccharidosis type II"", ""Muenke syndrome"", ""Multiple endocrine neoplasia type 1"", ""Multiple endocrine neoplasia, type IIA"", ""Myhre syndrome"", ""Myotonia congenita"", ""N-acetylglutamate synthase deficiency"", ""Nail-patella syndrome"", ""Nance-Horan syndrome"", ""Nemaline myopathy"", ""Neonatal severe encephalopathy with lactic acidosis and brain abnormalities"", ""Neurodegeneration with brain iron accumulation 2B"", ""Neurodevelopmental disorder with or without anomalies of the brain, eye, or heart"", ""Neurofibromatosis type 1"", ""Neuronal ceroid lipofuscinosis"", ""Niemann-Pick disease type C"", ""Nijmegen breakage syndrome"", ""Noonan syndrome"", ""Oculocutaneous albinism type 2"", ""Oculocutaneous albinism type 3"", ""Oliver-Mcfarlane syndrome"", ""Ornithine transcarbamylase deficiency"", ""Orofaciodigital syndrome type 5"", ""Orotic aciduria"", ""Osteogenesis imperfecta"", ""Osteogenesis imperfecta, type IX"", ""Osteogenesis imperfecta, type VIII"", ""Osteogenesis imperfecta, type XI"", ""Osteogenesis imperfecta, type XII"", ""Osteogenesis imperfecta, type XIV"", ""PLAA-associated neurodevelopmental disorder"", ""PMM2-CDG"", ""Palmoplantar keratoderma, punctate type IA"", ""Pantothenate kinase-associated neurodegeneration"", ""Papillon-Lef\u00e8vre syndrome"", ""Parkinson disease 15, autosomal recessive early-onset"", ""Parkinson disease 23, autosomal recessive early-onset"", ""Parkinson disease 7, autosomal recessive early-onset"", ""Pearson syndrome"", ""Perrault syndrome"", ""Phenylketonuria"", ""Pierpont syndrome"", ""Poikiloderma with neutropenia"", ""Polymyositis"", ""Poretti-Boltshauser syndrome"", ""Primary carnitine deficiency"", ""Primary erythromelalgia"", ""Primary hyperoxaluria type 2"", ""Progressive familial intrahepatic cholestasis 4"", ""Propionic acidemia"", ""Pseudoachondroplasia"", ""Recurrent metabolic encephalomyopathic crises-rhabdomyolysis-cardiac arrhythmia-intellectual disability syndrome"", ""Refsum disease"", ""Relapsing polychondritis"", ""Retinitis pigmentosa"", ""Rett syndrome"", ""Robinow syndrome"", ""Rubinstein-Taybi syndrome"", ""SAPHO syndrome"", ""STAR syndrome"", ""Sarcoidosis"", ""Schinzel-Giedion syndrome"", ""Scleroderma, familial progressive"", ""Severe combined immunodeficiency due to adenosine deaminase deficiency"", ""Severe congenital neutropenia"", ""Short chain acyl-CoA dehydrogenase deficiency"", ""Short syndrome"", ""Shprintzen-Goldberg syndrome"", ""Sick sinus syndrome"", ""Sj\u00f6gren syndrome"", ""Skraban-Deardorff syndrome"", ""Smith-Kingsmore syndrome"", ""Smith-Lemli-Opitz syndrome"", ""Smith-Magenis syndrome"", ""Spastic paraplegia 10, autosomal dominant"", ""Spastic paraplegia 45, autosomal recessive"", ""Spastic paraplegia 7, autosomal recessive"", ""Spastic paraplegia 76, autosomal recessive"", ""Spinal muscular atrophy with progressive myoclonic epilepsy"", ""Spinocerebellar ataxia, autosomal recessive 20"", ""Spondyloarthropathy"", ""Spondylocostal dysostosis"", ""Spondyloepimetaphyseal dysplasia with joint laxity"", ""Spondylometaphyseal dysplasia, Sedaghatian type"", ""Stankiewicz-Isidor syndrome"", ""Stickler syndrome"", ""Succinic semialdehyde dehydrogenase deficiency"", ""Systemic lupus erythematosus"", ""Systemic sclerosis"", ""TBCK-related intellectual disability syndrome"", ""Takayasu arteritis"", ""Temtamy preaxial brachydactyly syndrome"", ""Thrombocytopenia 3"", ""Thrombotic thrombocytopenic purpura"", ""Tietz syndrome"", ""Townes-Brocks syndrome"", ""Treacher Collins syndrome"", ""Trichohepatoenteric syndrome"", ""Trichorhinophalangeal syndrome, type I"", ""Trichothiodystrophy"", ""Tuberous sclerosis"", ""Tubulointerstitial kidney disease"", ""Tumor necrosis factor receptor 1 associated periodic syndrome"", ""Tyrosinemia type 1"", ""Tyrosinemia type 2"", ""Tyrosinemia type III"", ""Van den Ende-Gupta syndrome"", ""Vasculitis, autoinflammation, immunodeficiency, and hematologic defects syndrome"", ""Very long-chain acyl-CoA dehydrogenase deficiency"", ""Vici syndrome"", ""Waardenburg syndrome type 3"", ""Weill-Marchesani syndrome"", ""Werner syndrome"", ""Whipple disease"", ""Wiedemann-Steiner syndrome"", ""Wilson disease"", ""X-linked hypohidrotic ectodermal dysplasia"", ""X-linked hypophosphatemia""]","{""source_path"": ""/Users/alfred/Documents/baseline_model/artifacts/universal_meddx/cache/rarebench_data.zip"", ""mapping_dir"": ""/Users/alfred/Documents/baseline_model/external/meddxagent/ddxdriver/benchmarks/data/rarebench"", ""source"": ""rarebench_hf_zip_with_meddxagent_mappings_v1"", ""subset"": ""RAMEDIS"", ""raw_disease_codes"": [""OMIM:270400"", ""ORPHA:818""]}"
rarebench:RAMEDIS:35,rarebench,- Abnormality of prenatal development or birth,"- Abnormality of prenatal development or birth
- Death in infancy
- Hypertyrosinemia
- Neonatal death
- Death in childhood
- Hyperphenylalaninemia",Phenylketonuria,"[""3-Hydroxy-3-methylglutaryl-CoA lyase deficiency"", ""3-Methylcrotonyl-CoA carboxylase deficiency"", ""3-Methylglutaconic aciduria type I"", ""3-Methylglutaconic aciduria type IV"", ""3-Methylglutaconic aciduria with deafness, encephalopathy, and leigh-like syndrome"", ""AGel amyloidosis"", ""Aarskog-Scott syndrome"", ""Acromesomelic dysplasia, Maroteaux type"", ""Acromicric dysplasia"", ""Acute intermittent porphyria"", ""Al Kaissi syndrome"", ""Alacrimia-choreoathetosis-liver dysfunction syndrome"", ""Alagille syndrome"", ""Alkaptonuria"", ""Alpha-thalassemia-X-linked intellectual disability syndrome"", ""Alzheimer disease"", ""Amyotrophic lateral sclerosis"", ""Antiphospholipid syndrome"", ""Antisynthetase syndrome"", ""Apert syndrome"", ""Argininemia"", ""Argininosuccinic aciduria"", ""Arthrogryposis, distal, with impaired proprioception and touch"", ""Ataxia-oculomotor apraxia type 1"", ""Ataxia-pancytopenia syndrome"", ""Autoimmune lymphoproliferative syndrome"", ""Autoimmune polyendocrinopathy type 1"", ""Autosomal recessive primary microcephaly"", ""Bamforth-Lazarus syndrome"", ""Bardet-Biedl syndrome"", ""Bartter syndrome"", ""Beaulieu-Boycott-Innes syndrome"", ""Beh\u00e7et disease"", ""Bernard-Soulier syndrome"", ""Beta-ketothiolase deficiency"", ""Bethlem myopathy"", ""Bilateral frontoparietal polymicrogyria"", ""Biotinidase deficiency"", ""Bleeding disorder, platelet-type, 15"", ""Bleeding disorder, platelet-type, 17"", ""Boucher-Neuhauser syndrome"", ""Branchio-oculo-facial syndrome"", ""Brugada Syndrome"", ""Buerger disease"", ""CEDNIK syndrome"", ""CHARGE syndrome"", ""CODAS syndrome"", ""CTCF-related neurodevelopmental disorder"", ""Camurati-Engelmann disease"", ""Canavan disease"", ""Carbamoyl-phosphate synthetase 1 deficiency"", ""Cardiofaciocutaneous syndrome"", ""Carnitine palmitoyltransferase I deficiency"", ""Carnitine palmitoyltransferase II deficiency"", ""Carnitine-acylcarnitine translocase deficiency"", ""Cataract-growth hormone deficiency-sensory neuropathy-sensorineural hearing loss-skeletal dysplasia syndrome"", ""Catecholaminergic polymorphic ventricular tachycardia"", ""Centronuclear myopathy"", ""Cerebellar ataxia-areflexia-pes cavus-optic atrophy-sensorineural hearing loss syndrome"", ""Cerebral creatine deficiency syndrome"", ""Cerebrocostomandibular syndrome"", ""Charcot-Marie-Tooth disease"", ""Chitayat syndrome"", ""Choreoacanthocytosis"", ""Chronic mucocutaneous candidiasis"", ""Chudley-Mccullough syndrome"", ""Ch\u00e9diak-Higashi syndrome"", ""Citrullinemia"", ""Citrullinemia type I"", ""Citrullinemia type II"", ""Classic galactosemia"", ""Cleidocranial dysplasia"", ""Cockayne syndrome"", ""Cohen syndrome"", ""Combined immunodeficiency-enteropathy spectrum"", ""Combined oxidative phosphorylation deficiency 30"", ""Cone rod dystrophy"", ""Congenital adrenal hyperplasia"", ""Congenital contractural arachnodactyly"", ""Congenital disorder of glycosylation, type IIP"", ""Congenital disorder of glycosylation, type IIh"", ""Congenital disorder of glycosylation, type Il"", ""Congenital hyperinsulinism"", ""Congenital myasthenic syndrome"", ""Congenital nephrotic syndrome, Finnish type"", ""Congenital secretory diarrhea"", ""Cornelia de Lange syndrome"", ""Cortical dysplasia, complex, with other brain malformations 7"", ""Craniofrontonasal dysplasia"", ""Cryoglobulinemic vasculitis"", ""Cryopyrin-associated periodic syndrome"", ""Cutis laxa, autosomal recessive, type IA"", ""Cutis laxa, autosomal recessive, type IIB"", ""Cutis laxa, autosomal recessive, type IIC"", ""Cutis laxa, autosomal recessive, type IID"", ""Cystinuria"", ""D-2-hydroxyglutaric aciduria"", ""DYRK1A-related intellectual disability syndrome"", ""Desmosterolosis"", ""Developmental and epileptic encephalopathy 14"", ""Developmental and epileptic encephalopathy 28"", ""Diamond-Blackfan anemia"", ""Dihydropyrimidine dehydrogenase deficiency"", ""Dihydropyrimidinuria"", ""Dilated cardiomyopathy 1G"", ""Distal myopathy, Tateyama type"", ""Donohue syndrome"", ""Dopa-responsive dystonia"", ""Dyggve-Melchior-Clausen disease"", ""Dyskeratosis congenita"", ""Ectodermal dysplasia 9, Hair/nail type"", ""Ehlers-Danlos syndrome"", ""Elliptocytosis 2"", ""Emery-Dreifuss muscular dystrophy"", ""Eosinophilic granulomatosis with polyangiitis"", ""Epidermolysis bullosa, junctional, Herlitz type"", ""Epidermolytic palmoplantar keratoderma"", ""Epilepsy, focal, with speech disorder and mental retardation"", ""Epileptic encephalopathy, early infantile, 4"", ""Fabry disease"", ""Familial Mediterranean fever"", ""Fanconi anemia"", ""Fanconi-Bickel syndrome"", ""Felty syndrome"", ""Fibrodysplasia ossificans progressiva"", ""Focal segmental glomerulosclerosis"", ""Freeman-Sheldon syndrome"", ""Fructose-1,6-bisphosphatase deficiency"", ""GAPO syndrome"", ""GM1-gangliosidosis, type III"", ""Galactosemia"", ""Galactosialidosis"", ""Galloway-Mowat syndrome"", ""Gaucher disease"", ""Geleophysic dysplasia"", ""Giant Cell Arteritis"", ""Glutaric acidemia type I"", ""Glutathione synthetase deficiency"", ""Glycerol kinase deficiency"", ""Glycogen storage disease VI"", ""Glycogen storage disease type III"", ""Glycogen storage disease type IX"", ""Glycogen storage disease type Ia"", ""Glycogen storage disease type Ib"", ""Granulomatosis with polyangiitis"", ""Gyrate atrophy of choroid and retina"", ""Hajdu-Cheney syndrome"", ""Hawkinsinuria"", ""Hemophagocytic lymphohistiocytosis"", ""Hereditary fructose intolerance"", ""Hereditary neuropathy with liability to pressure palsies"", ""Hereditary sensory and autonomic neuropathy type IIB"", ""Hereditary spherocytosis"", ""Heterotaxy syndrome"", ""Holocarboxylase synthetase deficiency"", ""Holoprosencephaly"", ""Homocystinuria"", ""Hyaline fibromatosis syndrome"", ""Hyper-IgE syndrome"", ""Hyperekplexia"", ""Hyperphenylalaninemia"", ""Hypochondroplasia"", ""Hypomyelinating leukodystrophy"", ""Hypophosphatasia"", ""Hypotrichosis with juvenile macular degeneration"", ""Ichthyosis-hypotrichosis syndrome"", ""IgG4-related disease"", ""Imerslund-Gr\u00e4sbeck syndrome"", ""Immunoglobulin A vasculitis"", ""Immunoskeletal dysplasia with neurodevelopmental abnormalities"", ""Inclusion body myopathy with Paget disease of bone and frontotemporal dementia"", ""Intellectual developmental disorder with dysmorphic facies and behavioral abnormalities"", ""Intellectual developmental disorder with dysmorphic facies and ptosis"", ""Intellectual developmental disorder with dysmorphic facies, seizures, and distal limb anomalies"", ""Isovaleric acidemia"", ""Jervell and Lange-Nielsen syndrome"", ""Joubert syndrome"", ""Kabuki syndrome"", ""Kimura disease"", ""Krabbe disease"", ""Kufor-Rakeb syndrome"", ""L-2-hydroxyglutaric aciduria"", ""Larsen syndrome"", ""Leukocyte adhesion deficiency type II"", ""Leukocyte adhesion deficiency, type I"", ""Leukocyte adhesion deficiency, type III"", ""Limb-girdle muscular dystrophy"", ""Loeys-Dietz syndrome"", ""Long QT syndrome 14"", ""Long QT syndrome 15"", ""Lowe syndrome"", ""Mandibulofacial dysostosis-microcephaly syndrome"", ""Maple syrup urine disease"", ""Marfan syndrome"", ""Maturity-onset diabetes of the young"", ""Medium chain acyl-CoA dehydrogenase deficiency"", ""Megalocornea"", ""Mental retardation, autosomal recessive 18"", ""Mental retardation, autosomal recessive 38"", ""Methylmalonate semialdehyde dehydrogenase deficiency"", ""Methylmalonic acidemia"", ""Microcephalic cortical malformations-short stature due to RTTN deficiency"", ""Microcephaly 3, primary, autosomal recessive"", ""Microcephaly 5, primary, autosomal recessive"", ""Microcephaly, primary autosomal recessive, 6"", ""Microcephaly-capillary malformation syndrome"", ""Mitochondrial DNA depletion syndrome 3"", ""Mitochondrial complex IV deficiency"", ""Muckle-Wells syndrome"", ""Mucolipidosis type II"", ""Mucolipidosis type IV"", ""Mucopolysaccharidosis type II"", ""Muenke syndrome"", ""Multiple endocrine neoplasia type 1"", ""Multiple endocrine neoplasia, type IIA"", ""Myhre syndrome"", ""Myotonia congenita"", ""N-acetylglutamate synthase deficiency"", ""Nail-patella syndrome"", ""Nance-Horan syndrome"", ""Nemaline myopathy"", ""Neonatal severe encephalopathy with lactic acidosis and brain abnormalities"", ""Neurodegeneration with brain iron accumulation 2B"", ""Neurodevelopmental disorder with or without anomalies of the brain, eye, or heart"", ""Neurofibromatosis type 1"", ""Neuronal ceroid lipofuscinosis"", ""Niemann-Pick disease type C"", ""Nijmegen breakage syndrome"", ""Noonan syndrome"", ""Oculocutaneous albinism type 2"", ""Oculocutaneous albinism type 3"", ""Oliver-Mcfarlane syndrome"", ""Ornithine transcarbamylase deficiency"", ""Orofaciodigital syndrome type 5"", ""Orotic aciduria"", ""Osteogenesis imperfecta"", ""Osteogenesis imperfecta, type IX"", ""Osteogenesis imperfecta, type VIII"", ""Osteogenesis imperfecta, type XI"", ""Osteogenesis imperfecta, type XII"", ""Osteogenesis imperfecta, type XIV"", ""PLAA-associated neurodevelopmental disorder"", ""PMM2-CDG"", ""Palmoplantar keratoderma, punctate type IA"", ""Pantothenate kinase-associated neurodegeneration"", ""Papillon-Lef\u00e8vre syndrome"", ""Parkinson disease 15, autosomal recessive early-onset"", ""Parkinson disease 23, autosomal recessive early-onset"", ""Parkinson disease 7, autosomal recessive early-onset"", ""Pearson syndrome"", ""Perrault syndrome"", ""Phenylketonuria"", ""Pierpont syndrome"", ""Poikiloderma with neutropenia"", ""Polymyositis"", ""Poretti-Boltshauser syndrome"", ""Primary carnitine deficiency"", ""Primary erythromelalgia"", ""Primary hyperoxaluria type 2"", ""Progressive familial intrahepatic cholestasis 4"", ""Propionic acidemia"", ""Pseudoachondroplasia"", ""Recurrent metabolic encephalomyopathic crises-rhabdomyolysis-cardiac arrhythmia-intellectual disability syndrome"", ""Refsum disease"", ""Relapsing polychondritis"", ""Retinitis pigmentosa"", ""Rett syndrome"", ""Robinow syndrome"", ""Rubinstein-Taybi syndrome"", ""SAPHO syndrome"", ""STAR syndrome"", ""Sarcoidosis"", ""Schinzel-Giedion syndrome"", ""Scleroderma, familial progressive"", ""Severe combined immunodeficiency due to adenosine deaminase deficiency"", ""Severe congenital neutropenia"", ""Short chain acyl-CoA dehydrogenase deficiency"", ""Short syndrome"", ""Shprintzen-Goldberg syndrome"", ""Sick sinus syndrome"", ""Sj\u00f6gren syndrome"", ""Skraban-Deardorff syndrome"", ""Smith-Kingsmore syndrome"", ""Smith-Lemli-Opitz syndrome"", ""Smith-Magenis syndrome"", ""Spastic paraplegia 10, autosomal dominant"", ""Spastic paraplegia 45, autosomal recessive"", ""Spastic paraplegia 7, autosomal recessive"", ""Spastic paraplegia 76, autosomal recessive"", ""Spinal muscular atrophy with progressive myoclonic epilepsy"", ""Spinocerebellar ataxia, autosomal recessive 20"", ""Spondyloarthropathy"", ""Spondylocostal dysostosis"", ""Spondyloepimetaphyseal dysplasia with joint laxity"", ""Spondylometaphyseal dysplasia, Sedaghatian type"", ""Stankiewicz-Isidor syndrome"", ""Stickler syndrome"", ""Succinic semialdehyde dehydrogenase deficiency"", ""Systemic lupus erythematosus"", ""Systemic sclerosis"", ""TBCK-related intellectual disability syndrome"", ""Takayasu arteritis"", ""Temtamy preaxial brachydactyly syndrome"", ""Thrombocytopenia 3"", ""Thrombotic thrombocytopenic purpura"", ""Tietz syndrome"", ""Townes-Brocks syndrome"", ""Treacher Collins syndrome"", ""Trichohepatoenteric syndrome"", ""Trichorhinophalangeal syndrome, type I"", ""Trichothiodystrophy"", ""Tuberous sclerosis"", ""Tubulointerstitial kidney disease"", ""Tumor necrosis factor receptor 1 associated periodic syndrome"", ""Tyrosinemia type 1"", ""Tyrosinemia type 2"", ""Tyrosinemia type III"", ""Van den Ende-Gupta syndrome"", ""Vasculitis, autoinflammation, immunodeficiency, and hematologic defects syndrome"", ""Very long-chain acyl-CoA dehydrogenase deficiency"", ""Vici syndrome"", ""Waardenburg syndrome type 3"", ""Weill-Marchesani syndrome"", ""Werner syndrome"", ""Whipple disease"", ""Wiedemann-Steiner syndrome"", ""Wilson disease"", ""X-linked hypohidrotic ectodermal dysplasia"", ""X-linked hypophosphatemia""]","{""source_path"": ""/Users/alfred/Documents/baseline_model/artifacts/universal_meddx/cache/rarebench_data.zip"", ""mapping_dir"": ""/Users/alfred/Documents/baseline_model/external/meddxagent/ddxdriver/benchmarks/data/rarebench"", ""source"": ""rarebench_hf_zip_with_meddxagent_mappings_v1"", ""subset"": ""RAMEDIS"", ""raw_disease_codes"": [""OMIM:261600"", ""ORPHA:716"", ""CCRD:90""]}"
rarebench:RAMEDIS:369,rarebench,"- Dementia
- Skin rash
- Spasticity
- Areflexia","- Dementia
- Skin rash
- Spasticity
- Areflexia
- Death in infancy
- Fever
- Hyperammonemia
- Diarrhea
- Cerebral edema
- Hepatomegaly
- Progressive neurologic deterioration
- Hyperlysinuria
- Hypoargininemia
- Abnormal circulating methionine concentration
- Abnormal circulating glutamine concentration
- Abnormal circulating alanine concentration
- Elevated plasma citrulline
- Erythematous plaque
- Erythematous macule
- Erythematous papule",Citrullinemia type I,"[""3-Hydroxy-3-methylglutaryl-CoA lyase deficiency"", ""3-Methylcrotonyl-CoA carboxylase deficiency"", ""3-Methylglutaconic aciduria type I"", ""3-Methylglutaconic aciduria type IV"", ""3-Methylglutaconic aciduria with deafness, encephalopathy, and leigh-like syndrome"", ""AGel amyloidosis"", ""Aarskog-Scott syndrome"", ""Acromesomelic dysplasia, Maroteaux type"", ""Acromicric dysplasia"", ""Acute intermittent porphyria"", ""Al Kaissi syndrome"", ""Alacrimia-choreoathetosis-liver dysfunction syndrome"", ""Alagille syndrome"", ""Alkaptonuria"", ""Alpha-thalassemia-X-linked intellectual disability syndrome"", ""Alzheimer disease"", ""Amyotrophic lateral sclerosis"", ""Antiphospholipid syndrome"", ""Antisynthetase syndrome"", ""Apert syndrome"", ""Argininemia"", ""Argininosuccinic aciduria"", ""Arthrogryposis, distal, with impaired proprioception and touch"", ""Ataxia-oculomotor apraxia type 1"", ""Ataxia-pancytopenia syndrome"", ""Autoimmune lymphoproliferative syndrome"", ""Autoimmune polyendocrinopathy type 1"", ""Autosomal recessive primary microcephaly"", ""Bamforth-Lazarus syndrome"", ""Bardet-Biedl syndrome"", ""Bartter syndrome"", ""Beaulieu-Boycott-Innes syndrome"", ""Beh\u00e7et disease"", ""Bernard-Soulier syndrome"", ""Beta-ketothiolase deficiency"", ""Bethlem myopathy"", ""Bilateral frontoparietal polymicrogyria"", ""Biotinidase deficiency"", ""Bleeding disorder, platelet-type, 15"", ""Bleeding disorder, platelet-type, 17"", ""Boucher-Neuhauser syndrome"", ""Branchio-oculo-facial syndrome"", ""Brugada Syndrome"", ""Buerger disease"", ""CEDNIK syndrome"", ""CHARGE syndrome"", ""CODAS syndrome"", ""CTCF-related neurodevelopmental disorder"", ""Camurati-Engelmann disease"", ""Canavan disease"", ""Carbamoyl-phosphate synthetase 1 deficiency"", ""Cardiofaciocutaneous syndrome"", ""Carnitine palmitoyltransferase I deficiency"", ""Carnitine palmitoyltransferase II deficiency"", ""Carnitine-acylcarnitine translocase deficiency"", ""Cataract-growth hormone deficiency-sensory neuropathy-sensorineural hearing loss-skeletal dysplasia syndrome"", ""Catecholaminergic polymorphic ventricular tachycardia"", ""Centronuclear myopathy"", ""Cerebellar ataxia-areflexia-pes cavus-optic atrophy-sensorineural hearing loss syndrome"", ""Cerebral creatine deficiency syndrome"", ""Cerebrocostomandibular syndrome"", ""Charcot-Marie-Tooth disease"", ""Chitayat syndrome"", ""Choreoacanthocytosis"", ""Chronic mucocutaneous candidiasis"", ""Chudley-Mccullough syndrome"", ""Ch\u00e9diak-Higashi syndrome"", ""Citrullinemia"", ""Citrullinemia type I"", ""Citrullinemia type II"", ""Classic galactosemia"", ""Cleidocranial dysplasia"", ""Cockayne syndrome"", ""Cohen syndrome"", ""Combined immunodeficiency-enteropathy spectrum"", ""Combined oxidative phosphorylation deficiency 30"", ""Cone rod dystrophy"", ""Congenital adrenal hyperplasia"", ""Congenital contractural arachnodactyly"", ""Congenital disorder of glycosylation, type IIP"", ""Congenital disorder of glycosylation, type IIh"", ""Congenital disorder of glycosylation, type Il"", ""Congenital hyperinsulinism"", ""Congenital myasthenic syndrome"", ""Congenital nephrotic syndrome, Finnish type"", ""Congenital secretory diarrhea"", ""Cornelia de Lange syndrome"", ""Cortical dysplasia, complex, with other brain malformations 7"", ""Craniofrontonasal dysplasia"", ""Cryoglobulinemic vasculitis"", ""Cryopyrin-associated periodic syndrome"", ""Cutis laxa, autosomal recessive, type IA"", ""Cutis laxa, autosomal recessive, type IIB"", ""Cutis laxa, autosomal recessive, type IIC"", ""Cutis laxa, autosomal recessive, type IID"", ""Cystinuria"", ""D-2-hydroxyglutaric aciduria"", ""DYRK1A-related intellectual disability syndrome"", ""Desmosterolosis"", ""Developmental and epileptic encephalopathy 14"", ""Developmental and epileptic encephalopathy 28"", ""Diamond-Blackfan anemia"", ""Dihydropyrimidine dehydrogenase deficiency"", ""Dihydropyrimidinuria"", ""Dilated cardiomyopathy 1G"", ""Distal myopathy, Tateyama type"", ""Donohue syndrome"", ""Dopa-responsive dystonia"", ""Dyggve-Melchior-Clausen disease"", ""Dyskeratosis congenita"", ""Ectodermal dysplasia 9, Hair/nail type"", ""Ehlers-Danlos syndrome"", ""Elliptocytosis 2"", ""Emery-Dreifuss muscular dystrophy"", ""Eosinophilic granulomatosis with polyangiitis"", ""Epidermolysis bullosa, junctional, Herlitz type"", ""Epidermolytic palmoplantar keratoderma"", ""Epilepsy, focal, with speech disorder and mental retardation"", ""Epileptic encephalopathy, early infantile, 4"", ""Fabry disease"", ""Familial Mediterranean fever"", ""Fanconi anemia"", ""Fanconi-Bickel syndrome"", ""Felty syndrome"", ""Fibrodysplasia ossificans progressiva"", ""Focal segmental glomerulosclerosis"", ""Freeman-Sheldon syndrome"", ""Fructose-1,6-bisphosphatase deficiency"", ""GAPO syndrome"", ""GM1-gangliosidosis, type III"", ""Galactosemia"", ""Galactosialidosis"", ""Galloway-Mowat syndrome"", ""Gaucher disease"", ""Geleophysic dysplasia"", ""Giant Cell Arteritis"", ""Glutaric acidemia type I"", ""Glutathione synthetase deficiency"", ""Glycerol kinase deficiency"", ""Glycogen storage disease VI"", ""Glycogen storage disease type III"", ""Glycogen storage disease type IX"", ""Glycogen storage disease type Ia"", ""Glycogen storage disease type Ib"", ""Granulomatosis with polyangiitis"", ""Gyrate atrophy of choroid and retina"", ""Hajdu-Cheney syndrome"", ""Hawkinsinuria"", ""Hemophagocytic lymphohistiocytosis"", ""Hereditary fructose intolerance"", ""Hereditary neuropathy with liability to pressure palsies"", ""Hereditary sensory and autonomic neuropathy type IIB"", ""Hereditary spherocytosis"", ""Heterotaxy syndrome"", ""Holocarboxylase synthetase deficiency"", ""Holoprosencephaly"", ""Homocystinuria"", ""Hyaline fibromatosis syndrome"", ""Hyper-IgE syndrome"", ""Hyperekplexia"", ""Hyperphenylalaninemia"", ""Hypochondroplasia"", ""Hypomyelinating leukodystrophy"", ""Hypophosphatasia"", ""Hypotrichosis with juvenile macular degeneration"", ""Ichthyosis-hypotrichosis syndrome"", ""IgG4-related disease"", ""Imerslund-Gr\u00e4sbeck syndrome"", ""Immunoglobulin A vasculitis"", ""Immunoskeletal dysplasia with neurodevelopmental abnormalities"", ""Inclusion body myopathy with Paget disease of bone and frontotemporal dementia"", ""Intellectual developmental disorder with dysmorphic facies and behavioral abnormalities"", ""Intellectual developmental disorder with dysmorphic facies and ptosis"", ""Intellectual developmental disorder with dysmorphic facies, seizures, and distal limb anomalies"", ""Isovaleric acidemia"", ""Jervell and Lange-Nielsen syndrome"", ""Joubert syndrome"", ""Kabuki syndrome"", ""Kimura disease"", ""Krabbe disease"", ""Kufor-Rakeb syndrome"", ""L-2-hydroxyglutaric aciduria"", ""Larsen syndrome"", ""Leukocyte adhesion deficiency type II"", ""Leukocyte adhesion deficiency, type I"", ""Leukocyte adhesion deficiency, type III"", ""Limb-girdle muscular dystrophy"", ""Loeys-Dietz syndrome"", ""Long QT syndrome 14"", ""Long QT syndrome 15"", ""Lowe syndrome"", ""Mandibulofacial dysostosis-microcephaly syndrome"", ""Maple syrup urine disease"", ""Marfan syndrome"", ""Maturity-onset diabetes of the young"", ""Medium chain acyl-CoA dehydrogenase deficiency"", ""Megalocornea"", ""Mental retardation, autosomal recessive 18"", ""Mental retardation, autosomal recessive 38"", ""Methylmalonate semialdehyde dehydrogenase deficiency"", ""Methylmalonic acidemia"", ""Microcephalic cortical malformations-short stature due to RTTN deficiency"", ""Microcephaly 3, primary, autosomal recessive"", ""Microcephaly 5, primary, autosomal recessive"", ""Microcephaly, primary autosomal recessive, 6"", ""Microcephaly-capillary malformation syndrome"", ""Mitochondrial DNA depletion syndrome 3"", ""Mitochondrial complex IV deficiency"", ""Muckle-Wells syndrome"", ""Mucolipidosis type II"", ""Mucolipidosis type IV"", ""Mucopolysaccharidosis type II"", ""Muenke syndrome"", ""Multiple endocrine neoplasia type 1"", ""Multiple endocrine neoplasia, type IIA"", ""Myhre syndrome"", ""Myotonia congenita"", ""N-acetylglutamate synthase deficiency"", ""Nail-patella syndrome"", ""Nance-Horan syndrome"", ""Nemaline myopathy"", ""Neonatal severe encephalopathy with lactic acidosis and brain abnormalities"", ""Neurodegeneration with brain iron accumulation 2B"", ""Neurodevelopmental disorder with or without anomalies of the brain, eye, or heart"", ""Neurofibromatosis type 1"", ""Neuronal ceroid lipofuscinosis"", ""Niemann-Pick disease type C"", ""Nijmegen breakage syndrome"", ""Noonan syndrome"", ""Oculocutaneous albinism type 2"", ""Oculocutaneous albinism type 3"", ""Oliver-Mcfarlane syndrome"", ""Ornithine transcarbamylase deficiency"", ""Orofaciodigital syndrome type 5"", ""Orotic aciduria"", ""Osteogenesis imperfecta"", ""Osteogenesis imperfecta, type IX"", ""Osteogenesis imperfecta, type VIII"", ""Osteogenesis imperfecta, type XI"", ""Osteogenesis imperfecta, type XII"", ""Osteogenesis imperfecta, type XIV"", ""PLAA-associated neurodevelopmental disorder"", ""PMM2-CDG"", ""Palmoplantar keratoderma, punctate type IA"", ""Pantothenate kinase-associated neurodegeneration"", ""Papillon-Lef\u00e8vre syndrome"", ""Parkinson disease 15, autosomal recessive early-onset"", ""Parkinson disease 23, autosomal recessive early-onset"", ""Parkinson disease 7, autosomal recessive early-onset"", ""Pearson syndrome"", ""Perrault syndrome"", ""Phenylketonuria"", ""Pierpont syndrome"", ""Poikiloderma with neutropenia"", ""Polymyositis"", ""Poretti-Boltshauser syndrome"", ""Primary carnitine deficiency"", ""Primary erythromelalgia"", ""Primary hyperoxaluria type 2"", ""Progressive familial intrahepatic cholestasis 4"", ""Propionic acidemia"", ""Pseudoachondroplasia"", ""Recurrent metabolic encephalomyopathic crises-rhabdomyolysis-cardiac arrhythmia-intellectual disability syndrome"", ""Refsum disease"", ""Relapsing polychondritis"", ""Retinitis pigmentosa"", ""Rett syndrome"", ""Robinow syndrome"", ""Rubinstein-Taybi syndrome"", ""SAPHO syndrome"", ""STAR syndrome"", ""Sarcoidosis"", ""Schinzel-Giedion syndrome"", ""Scleroderma, familial progressive"", ""Severe combined immunodeficiency due to adenosine deaminase deficiency"", ""Severe congenital neutropenia"", ""Short chain acyl-CoA dehydrogenase deficiency"", ""Short syndrome"", ""Shprintzen-Goldberg syndrome"", ""Sick sinus syndrome"", ""Sj\u00f6gren syndrome"", ""Skraban-Deardorff syndrome"", ""Smith-Kingsmore syndrome"", ""Smith-Lemli-Opitz syndrome"", ""Smith-Magenis syndrome"", ""Spastic paraplegia 10, autosomal dominant"", ""Spastic paraplegia 45, autosomal recessive"", ""Spastic paraplegia 7, autosomal recessive"", ""Spastic paraplegia 76, autosomal recessive"", ""Spinal muscular atrophy with progressive myoclonic epilepsy"", ""Spinocerebellar ataxia, autosomal recessive 20"", ""Spondyloarthropathy"", ""Spondylocostal dysostosis"", ""Spondyloepimetaphyseal dysplasia with joint laxity"", ""Spondylometaphyseal dysplasia, Sedaghatian type"", ""Stankiewicz-Isidor syndrome"", ""Stickler syndrome"", ""Succinic semialdehyde dehydrogenase deficiency"", ""Systemic lupus erythematosus"", ""Systemic sclerosis"", ""TBCK-related intellectual disability syndrome"", ""Takayasu arteritis"", ""Temtamy preaxial brachydactyly syndrome"", ""Thrombocytopenia 3"", ""Thrombotic thrombocytopenic purpura"", ""Tietz syndrome"", ""Townes-Brocks syndrome"", ""Treacher Collins syndrome"", ""Trichohepatoenteric syndrome"", ""Trichorhinophalangeal syndrome, type I"", ""Trichothiodystrophy"", ""Tuberous sclerosis"", ""Tubulointerstitial kidney disease"", ""Tumor necrosis factor receptor 1 associated periodic syndrome"", ""Tyrosinemia type 1"", ""Tyrosinemia type 2"", ""Tyrosinemia type III"", ""Van den Ende-Gupta syndrome"", ""Vasculitis, autoinflammation, immunodeficiency, and hematologic defects syndrome"", ""Very long-chain acyl-CoA dehydrogenase deficiency"", ""Vici syndrome"", ""Waardenburg syndrome type 3"", ""Weill-Marchesani syndrome"", ""Werner syndrome"", ""Whipple disease"", ""Wiedemann-Steiner syndrome"", ""Wilson disease"", ""X-linked hypohidrotic ectodermal dysplasia"", ""X-linked hypophosphatemia""]","{""source_path"": ""/Users/alfred/Documents/baseline_model/artifacts/universal_meddx/cache/rarebench_data.zip"", ""mapping_dir"": ""/Users/alfred/Documents/baseline_model/external/meddxagent/ddxdriver/benchmarks/data/rarebench"", ""source"": ""rarebench_hf_zip_with_meddxagent_mappings_v1"", ""subset"": ""RAMEDIS"", ""raw_disease_codes"": [""OMIM:215700"", ""ORPHA:247525"", ""CCRD:18""]}"
rarebench:RAMEDIS:448,rarebench,"- Lethargy
- Death in infancy
- Thrombocytopenia
- Leukopenia
- Hypoglycemia","- Lethargy
- Death in infancy
- Thrombocytopenia
- Leukopenia
- Hypoglycemia
- Dehydration
- Fever
- Hyperammonemia
- Abdominal pain
- Hypothermia
- Pneumonia
- Hyperglycinemia
- Drowsiness
- Sleep disturbance
- Hyperalaninemia
- Neonatal death
- Death in childhood
- Recurrent viral infections
- Abnormality of bone marrow cell morphology
- Hypervalinemia
- Hyperisoleucinemia
- Abnormal circulating carnitine concentration
- Death in adolescence
- Feeding difficulties
- Fatigue
- Body odor",Isovaleric acidemia,"[""3-Hydroxy-3-methylglutaryl-CoA lyase deficiency"", ""3-Methylcrotonyl-CoA carboxylase deficiency"", ""3-Methylglutaconic aciduria type I"", ""3-Methylglutaconic aciduria type IV"", ""3-Methylglutaconic aciduria with deafness, encephalopathy, and leigh-like syndrome"", ""AGel amyloidosis"", ""Aarskog-Scott syndrome"", ""Acromesomelic dysplasia, Maroteaux type"", ""Acromicric dysplasia"", ""Acute intermittent porphyria"", ""Al Kaissi syndrome"", ""Alacrimia-choreoathetosis-liver dysfunction syndrome"", ""Alagille syndrome"", ""Alkaptonuria"", ""Alpha-thalassemia-X-linked intellectual disability syndrome"", ""Alzheimer disease"", ""Amyotrophic lateral sclerosis"", ""Antiphospholipid syndrome"", ""Antisynthetase syndrome"", ""Apert syndrome"", ""Argininemia"", ""Argininosuccinic aciduria"", ""Arthrogryposis, distal, with impaired proprioception and touch"", ""Ataxia-oculomotor apraxia type 1"", ""Ataxia-pancytopenia syndrome"", ""Autoimmune lymphoproliferative syndrome"", ""Autoimmune polyendocrinopathy type 1"", ""Autosomal recessive primary microcephaly"", ""Bamforth-Lazarus syndrome"", ""Bardet-Biedl syndrome"", ""Bartter syndrome"", ""Beaulieu-Boycott-Innes syndrome"", ""Beh\u00e7et disease"", ""Bernard-Soulier syndrome"", ""Beta-ketothiolase deficiency"", ""Bethlem myopathy"", ""Bilateral frontoparietal polymicrogyria"", ""Biotinidase deficiency"", ""Bleeding disorder, platelet-type, 15"", ""Bleeding disorder, platelet-type, 17"", ""Boucher-Neuhauser syndrome"", ""Branchio-oculo-facial syndrome"", ""Brugada Syndrome"", ""Buerger disease"", ""CEDNIK syndrome"", ""CHARGE syndrome"", ""CODAS syndrome"", ""CTCF-related neurodevelopmental disorder"", ""Camurati-Engelmann disease"", ""Canavan disease"", ""Carbamoyl-phosphate synthetase 1 deficiency"", ""Cardiofaciocutaneous syndrome"", ""Carnitine palmitoyltransferase I deficiency"", ""Carnitine palmitoyltransferase II deficiency"", ""Carnitine-acylcarnitine translocase deficiency"", ""Cataract-growth hormone deficiency-sensory neuropathy-sensorineural hearing loss-skeletal dysplasia syndrome"", ""Catecholaminergic polymorphic ventricular tachycardia"", ""Centronuclear myopathy"", ""Cerebellar ataxia-areflexia-pes cavus-optic atrophy-sensorineural hearing loss syndrome"", ""Cerebral creatine deficiency syndrome"", ""Cerebrocostomandibular syndrome"", ""Charcot-Marie-Tooth disease"", ""Chitayat syndrome"", ""Choreoacanthocytosis"", ""Chronic mucocutaneous candidiasis"", ""Chudley-Mccullough syndrome"", ""Ch\u00e9diak-Higashi syndrome"", ""Citrullinemia"", ""Citrullinemia type I"", ""Citrullinemia type II"", ""Classic galactosemia"", ""Cleidocranial dysplasia"", ""Cockayne syndrome"", ""Cohen syndrome"", ""Combined immunodeficiency-enteropathy spectrum"", ""Combined oxidative phosphorylation deficiency 30"", ""Cone rod dystrophy"", ""Congenital adrenal hyperplasia"", ""Congenital contractural arachnodactyly"", ""Congenital disorder of glycosylation, type IIP"", ""Congenital disorder of glycosylation, type IIh"", ""Congenital disorder of glycosylation, type Il"", ""Congenital hyperinsulinism"", ""Congenital myasthenic syndrome"", ""Congenital nephrotic syndrome, Finnish type"", ""Congenital secretory diarrhea"", ""Cornelia de Lange syndrome"", ""Cortical dysplasia, complex, with other brain malformations 7"", ""Craniofrontonasal dysplasia"", ""Cryoglobulinemic vasculitis"", ""Cryopyrin-associated periodic syndrome"", ""Cutis laxa, autosomal recessive, type IA"", ""Cutis laxa, autosomal recessive, type IIB"", ""Cutis laxa, autosomal recessive, type IIC"", ""Cutis laxa, autosomal recessive, type IID"", ""Cystinuria"", ""D-2-hydroxyglutaric aciduria"", ""DYRK1A-related intellectual disability syndrome"", ""Desmosterolosis"", ""Developmental and epileptic encephalopathy 14"", ""Developmental and epileptic encephalopathy 28"", ""Diamond-Blackfan anemia"", ""Dihydropyrimidine dehydrogenase deficiency"", ""Dihydropyrimidinuria"", ""Dilated cardiomyopathy 1G"", ""Distal myopathy, Tateyama type"", ""Donohue syndrome"", ""Dopa-responsive dystonia"", ""Dyggve-Melchior-Clausen disease"", ""Dyskeratosis congenita"", ""Ectodermal dysplasia 9, Hair/nail type"", ""Ehlers-Danlos syndrome"", ""Elliptocytosis 2"", ""Emery-Dreifuss muscular dystrophy"", ""Eosinophilic granulomatosis with polyangiitis"", ""Epidermolysis bullosa, junctional, Herlitz type"", ""Epidermolytic palmoplantar keratoderma"", ""Epilepsy, focal, with speech disorder and mental retardation"", ""Epileptic encephalopathy, early infantile, 4"", ""Fabry disease"", ""Familial Mediterranean fever"", ""Fanconi anemia"", ""Fanconi-Bickel syndrome"", ""Felty syndrome"", ""Fibrodysplasia ossificans progressiva"", ""Focal segmental glomerulosclerosis"", ""Freeman-Sheldon syndrome"", ""Fructose-1,6-bisphosphatase deficiency"", ""GAPO syndrome"", ""GM1-gangliosidosis, type III"", ""Galactosemia"", ""Galactosialidosis"", ""Galloway-Mowat syndrome"", ""Gaucher disease"", ""Geleophysic dysplasia"", ""Giant Cell Arteritis"", ""Glutaric acidemia type I"", ""Glutathione synthetase deficiency"", ""Glycerol kinase deficiency"", ""Glycogen storage disease VI"", ""Glycogen storage disease type III"", ""Glycogen storage disease type IX"", ""Glycogen storage disease type Ia"", ""Glycogen storage disease type Ib"", ""Granulomatosis with polyangiitis"", ""Gyrate atrophy of choroid and retina"", ""Hajdu-Cheney syndrome"", ""Hawkinsinuria"", ""Hemophagocytic lymphohistiocytosis"", ""Hereditary fructose intolerance"", ""Hereditary neuropathy with liability to pressure palsies"", ""Hereditary sensory and autonomic neuropathy type IIB"", ""Hereditary spherocytosis"", ""Heterotaxy syndrome"", ""Holocarboxylase synthetase deficiency"", ""Holoprosencephaly"", ""Homocystinuria"", ""Hyaline fibromatosis syndrome"", ""Hyper-IgE syndrome"", ""Hyperekplexia"", ""Hyperphenylalaninemia"", ""Hypochondroplasia"", ""Hypomyelinating leukodystrophy"", ""Hypophosphatasia"", ""Hypotrichosis with juvenile macular degeneration"", ""Ichthyosis-hypotrichosis syndrome"", ""IgG4-related disease"", ""Imerslund-Gr\u00e4sbeck syndrome"", ""Immunoglobulin A vasculitis"", ""Immunoskeletal dysplasia with neurodevelopmental abnormalities"", ""Inclusion body myopathy with Paget disease of bone and frontotemporal dementia"", ""Intellectual developmental disorder with dysmorphic facies and behavioral abnormalities"", ""Intellectual developmental disorder with dysmorphic facies and ptosis"", ""Intellectual developmental disorder with dysmorphic facies, seizures, and distal limb anomalies"", ""Isovaleric acidemia"", ""Jervell and Lange-Nielsen syndrome"", ""Joubert syndrome"", ""Kabuki syndrome"", ""Kimura disease"", ""Krabbe disease"", ""Kufor-Rakeb syndrome"", ""L-2-hydroxyglutaric aciduria"", ""Larsen syndrome"", ""Leukocyte adhesion deficiency type II"", ""Leukocyte adhesion deficiency, type I"", ""Leukocyte adhesion deficiency, type III"", ""Limb-girdle muscular dystrophy"", ""Loeys-Dietz syndrome"", ""Long QT syndrome 14"", ""Long QT syndrome 15"", ""Lowe syndrome"", ""Mandibulofacial dysostosis-microcephaly syndrome"", ""Maple syrup urine disease"", ""Marfan syndrome"", ""Maturity-onset diabetes of the young"", ""Medium chain acyl-CoA dehydrogenase deficiency"", ""Megalocornea"", ""Mental retardation, autosomal recessive 18"", ""Mental retardation, autosomal recessive 38"", ""Methylmalonate semialdehyde dehydrogenase deficiency"", ""Methylmalonic acidemia"", ""Microcephalic cortical malformations-short stature due to RTTN deficiency"", ""Microcephaly 3, primary, autosomal recessive"", ""Microcephaly 5, primary, autosomal recessive"", ""Microcephaly, primary autosomal recessive, 6"", ""Microcephaly-capillary malformation syndrome"", ""Mitochondrial DNA depletion syndrome 3"", ""Mitochondrial complex IV deficiency"", ""Muckle-Wells syndrome"", ""Mucolipidosis type II"", ""Mucolipidosis type IV"", ""Mucopolysaccharidosis type II"", ""Muenke syndrome"", ""Multiple endocrine neoplasia type 1"", ""Multiple endocrine neoplasia, type IIA"", ""Myhre syndrome"", ""Myotonia congenita"", ""N-acetylglutamate synthase deficiency"", ""Nail-patella syndrome"", ""Nance-Horan syndrome"", ""Nemaline myopathy"", ""Neonatal severe encephalopathy with lactic acidosis and brain abnormalities"", ""Neurodegeneration with brain iron accumulation 2B"", ""Neurodevelopmental disorder with or without anomalies of the brain, eye, or heart"", ""Neurofibromatosis type 1"", ""Neuronal ceroid lipofuscinosis"", ""Niemann-Pick disease type C"", ""Nijmegen breakage syndrome"", ""Noonan syndrome"", ""Oculocutaneous albinism type 2"", ""Oculocutaneous albinism type 3"", ""Oliver-Mcfarlane syndrome"", ""Ornithine transcarbamylase deficiency"", ""Orofaciodigital syndrome type 5"", ""Orotic aciduria"", ""Osteogenesis imperfecta"", ""Osteogenesis imperfecta, type IX"", ""Osteogenesis imperfecta, type VIII"", ""Osteogenesis imperfecta, type XI"", ""Osteogenesis imperfecta, type XII"", ""Osteogenesis imperfecta, type XIV"", ""PLAA-associated neurodevelopmental disorder"", ""PMM2-CDG"", ""Palmoplantar keratoderma, punctate type IA"", ""Pantothenate kinase-associated neurodegeneration"", ""Papillon-Lef\u00e8vre syndrome"", ""Parkinson disease 15, autosomal recessive early-onset"", ""Parkinson disease 23, autosomal recessive early-onset"", ""Parkinson disease 7, autosomal recessive early-onset"", ""Pearson syndrome"", ""Perrault syndrome"", ""Phenylketonuria"", ""Pierpont syndrome"", ""Poikiloderma with neutropenia"", ""Polymyositis"", ""Poretti-Boltshauser syndrome"", ""Primary carnitine deficiency"", ""Primary erythromelalgia"", ""Primary hyperoxaluria type 2"", ""Progressive familial intrahepatic cholestasis 4"", ""Propionic acidemia"", ""Pseudoachondroplasia"", ""Recurrent metabolic encephalomyopathic crises-rhabdomyolysis-cardiac arrhythmia-intellectual disability syndrome"", ""Refsum disease"", ""Relapsing polychondritis"", ""Retinitis pigmentosa"", ""Rett syndrome"", ""Robinow syndrome"", ""Rubinstein-Taybi syndrome"", ""SAPHO syndrome"", ""STAR syndrome"", ""Sarcoidosis"", ""Schinzel-Giedion syndrome"", ""Scleroderma, familial progressive"", ""Severe combined immunodeficiency due to adenosine deaminase deficiency"", ""Severe congenital neutropenia"", ""Short chain acyl-CoA dehydrogenase deficiency"", ""Short syndrome"", ""Shprintzen-Goldberg syndrome"", ""Sick sinus syndrome"", ""Sj\u00f6gren syndrome"", ""Skraban-Deardorff syndrome"", ""Smith-Kingsmore syndrome"", ""Smith-Lemli-Opitz syndrome"", ""Smith-Magenis syndrome"", ""Spastic paraplegia 10, autosomal dominant"", ""Spastic paraplegia 45, autosomal recessive"", ""Spastic paraplegia 7, autosomal recessive"", ""Spastic paraplegia 76, autosomal recessive"", ""Spinal muscular atrophy with progressive myoclonic epilepsy"", ""Spinocerebellar ataxia, autosomal recessive 20"", ""Spondyloarthropathy"", ""Spondylocostal dysostosis"", ""Spondyloepimetaphyseal dysplasia with joint laxity"", ""Spondylometaphyseal dysplasia, Sedaghatian type"", ""Stankiewicz-Isidor syndrome"", ""Stickler syndrome"", ""Succinic semialdehyde dehydrogenase deficiency"", ""Systemic lupus erythematosus"", ""Systemic sclerosis"", ""TBCK-related intellectual disability syndrome"", ""Takayasu arteritis"", ""Temtamy preaxial brachydactyly syndrome"", ""Thrombocytopenia 3"", ""Thrombotic thrombocytopenic purpura"", ""Tietz syndrome"", ""Townes-Brocks syndrome"", ""Treacher Collins syndrome"", ""Trichohepatoenteric syndrome"", ""Trichorhinophalangeal syndrome, type I"", ""Trichothiodystrophy"", ""Tuberous sclerosis"", ""Tubulointerstitial kidney disease"", ""Tumor necrosis factor receptor 1 associated periodic syndrome"", ""Tyrosinemia type 1"", ""Tyrosinemia type 2"", ""Tyrosinemia type III"", ""Van den Ende-Gupta syndrome"", ""Vasculitis, autoinflammation, immunodeficiency, and hematologic defects syndrome"", ""Very long-chain acyl-CoA dehydrogenase deficiency"", ""Vici syndrome"", ""Waardenburg syndrome type 3"", ""Weill-Marchesani syndrome"", ""Werner syndrome"", ""Whipple disease"", ""Wiedemann-Steiner syndrome"", ""Wilson disease"", ""X-linked hypohidrotic ectodermal dysplasia"", ""X-linked hypophosphatemia""]","{""source_path"": ""/Users/alfred/Documents/baseline_model/artifacts/universal_meddx/cache/rarebench_data.zip"", ""mapping_dir"": ""/Users/alfred/Documents/baseline_model/external/meddxagent/ddxdriver/benchmarks/data/rarebench"", ""source"": ""rarebench_hf_zip_with_meddxagent_mappings_v1"", ""subset"": ""RAMEDIS"", ""raw_disease_codes"": [""OMIM:243500"", ""ORPHA:33"", ""CCRD:58""]}"
rarebench:RAMEDIS:459,rarebench,"- Hypospadias
- Microcephaly
- Abnormality of prenatal development or birth","- Hypospadias
- Microcephaly
- Abnormality of prenatal development or birth
- Motor delay
- Generalized hypotonia
- Death in infancy
- 4-Hydroxyphenylpyruvic aciduria
- Hypertyrosinemia
- 4-hydroxyphenylacetic aciduria
- Neonatal death
- Death in childhood
- Hyperphenylalaninemia
- Elevated circulating alpha-fetoprotein concentration",Tyrosinemia type 1,"[""3-Hydroxy-3-methylglutaryl-CoA lyase deficiency"", ""3-Methylcrotonyl-CoA carboxylase deficiency"", ""3-Methylglutaconic aciduria type I"", ""3-Methylglutaconic aciduria type IV"", ""3-Methylglutaconic aciduria with deafness, encephalopathy, and leigh-like syndrome"", ""AGel amyloidosis"", ""Aarskog-Scott syndrome"", ""Acromesomelic dysplasia, Maroteaux type"", ""Acromicric dysplasia"", ""Acute intermittent porphyria"", ""Al Kaissi syndrome"", ""Alacrimia-choreoathetosis-liver dysfunction syndrome"", ""Alagille syndrome"", ""Alkaptonuria"", ""Alpha-thalassemia-X-linked intellectual disability syndrome"", ""Alzheimer disease"", ""Amyotrophic lateral sclerosis"", ""Antiphospholipid syndrome"", ""Antisynthetase syndrome"", ""Apert syndrome"", ""Argininemia"", ""Argininosuccinic aciduria"", ""Arthrogryposis, distal, with impaired proprioception and touch"", ""Ataxia-oculomotor apraxia type 1"", ""Ataxia-pancytopenia syndrome"", ""Autoimmune lymphoproliferative syndrome"", ""Autoimmune polyendocrinopathy type 1"", ""Autosomal recessive primary microcephaly"", ""Bamforth-Lazarus syndrome"", ""Bardet-Biedl syndrome"", ""Bartter syndrome"", ""Beaulieu-Boycott-Innes syndrome"", ""Beh\u00e7et disease"", ""Bernard-Soulier syndrome"", ""Beta-ketothiolase deficiency"", ""Bethlem myopathy"", ""Bilateral frontoparietal polymicrogyria"", ""Biotinidase deficiency"", ""Bleeding disorder, platelet-type, 15"", ""Bleeding disorder, platelet-type, 17"", ""Boucher-Neuhauser syndrome"", ""Branchio-oculo-facial syndrome"", ""Brugada Syndrome"", ""Buerger disease"", ""CEDNIK syndrome"", ""CHARGE syndrome"", ""CODAS syndrome"", ""CTCF-related neurodevelopmental disorder"", ""Camurati-Engelmann disease"", ""Canavan disease"", ""Carbamoyl-phosphate synthetase 1 deficiency"", ""Cardiofaciocutaneous syndrome"", ""Carnitine palmitoyltransferase I deficiency"", ""Carnitine palmitoyltransferase II deficiency"", ""Carnitine-acylcarnitine translocase deficiency"", ""Cataract-growth hormone deficiency-sensory neuropathy-sensorineural hearing loss-skeletal dysplasia syndrome"", ""Catecholaminergic polymorphic ventricular tachycardia"", ""Centronuclear myopathy"", ""Cerebellar ataxia-areflexia-pes cavus-optic atrophy-sensorineural hearing loss syndrome"", ""Cerebral creatine deficiency syndrome"", ""Cerebrocostomandibular syndrome"", ""Charcot-Marie-Tooth disease"", ""Chitayat syndrome"", ""Choreoacanthocytosis"", ""Chronic mucocutaneous candidiasis"", ""Chudley-Mccullough syndrome"", ""Ch\u00e9diak-Higashi syndrome"", ""Citrullinemia"", ""Citrullinemia type I"", ""Citrullinemia type II"", ""Classic galactosemia"", ""Cleidocranial dysplasia"", ""Cockayne syndrome"", ""Cohen syndrome"", ""Combined immunodeficiency-enteropathy spectrum"", ""Combined oxidative phosphorylation deficiency 30"", ""Cone rod dystrophy"", ""Congenital adrenal hyperplasia"", ""Congenital contractural arachnodactyly"", ""Congenital disorder of glycosylation, type IIP"", ""Congenital disorder of glycosylation, type IIh"", ""Congenital disorder of glycosylation, type Il"", ""Congenital hyperinsulinism"", ""Congenital myasthenic syndrome"", ""Congenital nephrotic syndrome, Finnish type"", ""Congenital secretory diarrhea"", ""Cornelia de Lange syndrome"", ""Cortical dysplasia, complex, with other brain malformations 7"", ""Craniofrontonasal dysplasia"", ""Cryoglobulinemic vasculitis"", ""Cryopyrin-associated periodic syndrome"", ""Cutis laxa, autosomal recessive, type IA"", ""Cutis laxa, autosomal recessive, type IIB"", ""Cutis laxa, autosomal recessive, type IIC"", ""Cutis laxa, autosomal recessive, type IID"", ""Cystinuria"", ""D-2-hydroxyglutaric aciduria"", ""DYRK1A-related intellectual disability syndrome"", ""Desmosterolosis"", ""Developmental and epileptic encephalopathy 14"", ""Developmental and epileptic encephalopathy 28"", ""Diamond-Blackfan anemia"", ""Dihydropyrimidine dehydrogenase deficiency"", ""Dihydropyrimidinuria"", ""Dilated cardiomyopathy 1G"", ""Distal myopathy, Tateyama type"", ""Donohue syndrome"", ""Dopa-responsive dystonia"", ""Dyggve-Melchior-Clausen disease"", ""Dyskeratosis congenita"", ""Ectodermal dysplasia 9, Hair/nail type"", ""Ehlers-Danlos syndrome"", ""Elliptocytosis 2"", ""Emery-Dreifuss muscular dystrophy"", ""Eosinophilic granulomatosis with polyangiitis"", ""Epidermolysis bullosa, junctional, Herlitz type"", ""Epidermolytic palmoplantar keratoderma"", ""Epilepsy, focal, with speech disorder and mental retardation"", ""Epileptic encephalopathy, early infantile, 4"", ""Fabry disease"", ""Familial Mediterranean fever"", ""Fanconi anemia"", ""Fanconi-Bickel syndrome"", ""Felty syndrome"", ""Fibrodysplasia ossificans progressiva"", ""Focal segmental glomerulosclerosis"", ""Freeman-Sheldon syndrome"", ""Fructose-1,6-bisphosphatase deficiency"", ""GAPO syndrome"", ""GM1-gangliosidosis, type III"", ""Galactosemia"", ""Galactosialidosis"", ""Galloway-Mowat syndrome"", ""Gaucher disease"", ""Geleophysic dysplasia"", ""Giant Cell Arteritis"", ""Glutaric acidemia type I"", ""Glutathione synthetase deficiency"", ""Glycerol kinase deficiency"", ""Glycogen storage disease VI"", ""Glycogen storage disease type III"", ""Glycogen storage disease type IX"", ""Glycogen storage disease type Ia"", ""Glycogen storage disease type Ib"", ""Granulomatosis with polyangiitis"", ""Gyrate atrophy of choroid and retina"", ""Hajdu-Cheney syndrome"", ""Hawkinsinuria"", ""Hemophagocytic lymphohistiocytosis"", ""Hereditary fructose intolerance"", ""Hereditary neuropathy with liability to pressure palsies"", ""Hereditary sensory and autonomic neuropathy type IIB"", ""Hereditary spherocytosis"", ""Heterotaxy syndrome"", ""Holocarboxylase synthetase deficiency"", ""Holoprosencephaly"", ""Homocystinuria"", ""Hyaline fibromatosis syndrome"", ""Hyper-IgE syndrome"", ""Hyperekplexia"", ""Hyperphenylalaninemia"", ""Hypochondroplasia"", ""Hypomyelinating leukodystrophy"", ""Hypophosphatasia"", ""Hypotrichosis with juvenile macular degeneration"", ""Ichthyosis-hypotrichosis syndrome"", ""IgG4-related disease"", ""Imerslund-Gr\u00e4sbeck syndrome"", ""Immunoglobulin A vasculitis"", ""Immunoskeletal dysplasia with neurodevelopmental abnormalities"", ""Inclusion body myopathy with Paget disease of bone and frontotemporal dementia"", ""Intellectual developmental disorder with dysmorphic facies and behavioral abnormalities"", ""Intellectual developmental disorder with dysmorphic facies and ptosis"", ""Intellectual developmental disorder with dysmorphic facies, seizures, and distal limb anomalies"", ""Isovaleric acidemia"", ""Jervell and Lange-Nielsen syndrome"", ""Joubert syndrome"", ""Kabuki syndrome"", ""Kimura disease"", ""Krabbe disease"", ""Kufor-Rakeb syndrome"", ""L-2-hydroxyglutaric aciduria"", ""Larsen syndrome"", ""Leukocyte adhesion deficiency type II"", ""Leukocyte adhesion deficiency, type I"", ""Leukocyte adhesion deficiency, type III"", ""Limb-girdle muscular dystrophy"", ""Loeys-Dietz syndrome"", ""Long QT syndrome 14"", ""Long QT syndrome 15"", ""Lowe syndrome"", ""Mandibulofacial dysostosis-microcephaly syndrome"", ""Maple syrup urine disease"", ""Marfan syndrome"", ""Maturity-onset diabetes of the young"", ""Medium chain acyl-CoA dehydrogenase deficiency"", ""Megalocornea"", ""Mental retardation, autosomal recessive 18"", ""Mental retardation, autosomal recessive 38"", ""Methylmalonate semialdehyde dehydrogenase deficiency"", ""Methylmalonic acidemia"", ""Microcephalic cortical malformations-short stature due to RTTN deficiency"", ""Microcephaly 3, primary, autosomal recessive"", ""Microcephaly 5, primary, autosomal recessive"", ""Microcephaly, primary autosomal recessive, 6"", ""Microcephaly-capillary malformation syndrome"", ""Mitochondrial DNA depletion syndrome 3"", ""Mitochondrial complex IV deficiency"", ""Muckle-Wells syndrome"", ""Mucolipidosis type II"", ""Mucolipidosis type IV"", ""Mucopolysaccharidosis type II"", ""Muenke syndrome"", ""Multiple endocrine neoplasia type 1"", ""Multiple endocrine neoplasia, type IIA"", ""Myhre syndrome"", ""Myotonia congenita"", ""N-acetylglutamate synthase deficiency"", ""Nail-patella syndrome"", ""Nance-Horan syndrome"", ""Nemaline myopathy"", ""Neonatal severe encephalopathy with lactic acidosis and brain abnormalities"", ""Neurodegeneration with brain iron accumulation 2B"", ""Neurodevelopmental disorder with or without anomalies of the brain, eye, or heart"", ""Neurofibromatosis type 1"", ""Neuronal ceroid lipofuscinosis"", ""Niemann-Pick disease type C"", ""Nijmegen breakage syndrome"", ""Noonan syndrome"", ""Oculocutaneous albinism type 2"", ""Oculocutaneous albinism type 3"", ""Oliver-Mcfarlane syndrome"", ""Ornithine transcarbamylase deficiency"", ""Orofaciodigital syndrome type 5"", ""Orotic aciduria"", ""Osteogenesis imperfecta"", ""Osteogenesis imperfecta, type IX"", ""Osteogenesis imperfecta, type VIII"", ""Osteogenesis imperfecta, type XI"", ""Osteogenesis imperfecta, type XII"", ""Osteogenesis imperfecta, type XIV"", ""PLAA-associated neurodevelopmental disorder"", ""PMM2-CDG"", ""Palmoplantar keratoderma, punctate type IA"", ""Pantothenate kinase-associated neurodegeneration"", ""Papillon-Lef\u00e8vre syndrome"", ""Parkinson disease 15, autosomal recessive early-onset"", ""Parkinson disease 23, autosomal recessive early-onset"", ""Parkinson disease 7, autosomal recessive early-onset"", ""Pearson syndrome"", ""Perrault syndrome"", ""Phenylketonuria"", ""Pierpont syndrome"", ""Poikiloderma with neutropenia"", ""Polymyositis"", ""Poretti-Boltshauser syndrome"", ""Primary carnitine deficiency"", ""Primary erythromelalgia"", ""Primary hyperoxaluria type 2"", ""Progressive familial intrahepatic cholestasis 4"", ""Propionic acidemia"", ""Pseudoachondroplasia"", ""Recurrent metabolic encephalomyopathic crises-rhabdomyolysis-cardiac arrhythmia-intellectual disability syndrome"", ""Refsum disease"", ""Relapsing polychondritis"", ""Retinitis pigmentosa"", ""Rett syndrome"", ""Robinow syndrome"", ""Rubinstein-Taybi syndrome"", ""SAPHO syndrome"", ""STAR syndrome"", ""Sarcoidosis"", ""Schinzel-Giedion syndrome"", ""Scleroderma, familial progressive"", ""Severe combined immunodeficiency due to adenosine deaminase deficiency"", ""Severe congenital neutropenia"", ""Short chain acyl-CoA dehydrogenase deficiency"", ""Short syndrome"", ""Shprintzen-Goldberg syndrome"", ""Sick sinus syndrome"", ""Sj\u00f6gren syndrome"", ""Skraban-Deardorff syndrome"", ""Smith-Kingsmore syndrome"", ""Smith-Lemli-Opitz syndrome"", ""Smith-Magenis syndrome"", ""Spastic paraplegia 10, autosomal dominant"", ""Spastic paraplegia 45, autosomal recessive"", ""Spastic paraplegia 7, autosomal recessive"", ""Spastic paraplegia 76, autosomal recessive"", ""Spinal muscular atrophy with progressive myoclonic epilepsy"", ""Spinocerebellar ataxia, autosomal recessive 20"", ""Spondyloarthropathy"", ""Spondylocostal dysostosis"", ""Spondyloepimetaphyseal dysplasia with joint laxity"", ""Spondylometaphyseal dysplasia, Sedaghatian type"", ""Stankiewicz-Isidor syndrome"", ""Stickler syndrome"", ""Succinic semialdehyde dehydrogenase deficiency"", ""Systemic lupus erythematosus"", ""Systemic sclerosis"", ""TBCK-related intellectual disability syndrome"", ""Takayasu arteritis"", ""Temtamy preaxial brachydactyly syndrome"", ""Thrombocytopenia 3"", ""Thrombotic thrombocytopenic purpura"", ""Tietz syndrome"", ""Townes-Brocks syndrome"", ""Treacher Collins syndrome"", ""Trichohepatoenteric syndrome"", ""Trichorhinophalangeal syndrome, type I"", ""Trichothiodystrophy"", ""Tuberous sclerosis"", ""Tubulointerstitial kidney disease"", ""Tumor necrosis factor receptor 1 associated periodic syndrome"", ""Tyrosinemia type 1"", ""Tyrosinemia type 2"", ""Tyrosinemia type III"", ""Van den Ende-Gupta syndrome"", ""Vasculitis, autoinflammation, immunodeficiency, and hematologic defects syndrome"", ""Very long-chain acyl-CoA dehydrogenase deficiency"", ""Vici syndrome"", ""Waardenburg syndrome type 3"", ""Weill-Marchesani syndrome"", ""Werner syndrome"", ""Whipple disease"", ""Wiedemann-Steiner syndrome"", ""Wilson disease"", ""X-linked hypohidrotic ectodermal dysplasia"", ""X-linked hypophosphatemia""]","{""source_path"": ""/Users/alfred/Documents/baseline_model/artifacts/universal_meddx/cache/rarebench_data.zip"", ""mapping_dir"": ""/Users/alfred/Documents/baseline_model/external/meddxagent/ddxdriver/benchmarks/data/rarebench"", ""source"": ""rarebench_hf_zip_with_meddxagent_mappings_v1"", ""subset"": ""RAMEDIS"", ""raw_disease_codes"": [""OMIM:276700"", ""ORPHA:882"", ""CCRD:115.1""]}"
rarebench:RAMEDIS:470,rarebench,"- Intellectual disability
- Lethargy
- Generalized hypotonia
- Obesity","- Intellectual disability
- Lethargy
- Generalized hypotonia
- Obesity
- Death in infancy
- Hyperammonemia
- Vomiting
- Drowsiness
- Sleep disturbance
- Hyperglutaminemia
- Oroticaciduria
- Hyperalaninemia
- Neonatal death
- Death in childhood
- Recurrent viral infections
- Abnormal circulating aspartate family amino acid concentration
- Abnormal circulating arginine concentration
- Death in adolescence
- Elevated plasma citrulline
- Feeding difficulties",Ornithine transcarbamylase deficiency,"[""3-Hydroxy-3-methylglutaryl-CoA lyase deficiency"", ""3-Methylcrotonyl-CoA carboxylase deficiency"", ""3-Methylglutaconic aciduria type I"", ""3-Methylglutaconic aciduria type IV"", ""3-Methylglutaconic aciduria with deafness, encephalopathy, and leigh-like syndrome"", ""AGel amyloidosis"", ""Aarskog-Scott syndrome"", ""Acromesomelic dysplasia, Maroteaux type"", ""Acromicric dysplasia"", ""Acute intermittent porphyria"", ""Al Kaissi syndrome"", ""Alacrimia-choreoathetosis-liver dysfunction syndrome"", ""Alagille syndrome"", ""Alkaptonuria"", ""Alpha-thalassemia-X-linked intellectual disability syndrome"", ""Alzheimer disease"", ""Amyotrophic lateral sclerosis"", ""Antiphospholipid syndrome"", ""Antisynthetase syndrome"", ""Apert syndrome"", ""Argininemia"", ""Argininosuccinic aciduria"", ""Arthrogryposis, distal, with impaired proprioception and touch"", ""Ataxia-oculomotor apraxia type 1"", ""Ataxia-pancytopenia syndrome"", ""Autoimmune lymphoproliferative syndrome"", ""Autoimmune polyendocrinopathy type 1"", ""Autosomal recessive primary microcephaly"", ""Bamforth-Lazarus syndrome"", ""Bardet-Biedl syndrome"", ""Bartter syndrome"", ""Beaulieu-Boycott-Innes syndrome"", ""Beh\u00e7et disease"", ""Bernard-Soulier syndrome"", ""Beta-ketothiolase deficiency"", ""Bethlem myopathy"", ""Bilateral frontoparietal polymicrogyria"", ""Biotinidase deficiency"", ""Bleeding disorder, platelet-type, 15"", ""Bleeding disorder, platelet-type, 17"", ""Boucher-Neuhauser syndrome"", ""Branchio-oculo-facial syndrome"", ""Brugada Syndrome"", ""Buerger disease"", ""CEDNIK syndrome"", ""CHARGE syndrome"", ""CODAS syndrome"", ""CTCF-related neurodevelopmental disorder"", ""Camurati-Engelmann disease"", ""Canavan disease"", ""Carbamoyl-phosphate synthetase 1 deficiency"", ""Cardiofaciocutaneous syndrome"", ""Carnitine palmitoyltransferase I deficiency"", ""Carnitine palmitoyltransferase II deficiency"", ""Carnitine-acylcarnitine translocase deficiency"", ""Cataract-growth hormone deficiency-sensory neuropathy-sensorineural hearing loss-skeletal dysplasia syndrome"", ""Catecholaminergic polymorphic ventricular tachycardia"", ""Centronuclear myopathy"", ""Cerebellar ataxia-areflexia-pes cavus-optic atrophy-sensorineural hearing loss syndrome"", ""Cerebral creatine deficiency syndrome"", ""Cerebrocostomandibular syndrome"", ""Charcot-Marie-Tooth disease"", ""Chitayat syndrome"", ""Choreoacanthocytosis"", ""Chronic mucocutaneous candidiasis"", ""Chudley-Mccullough syndrome"", ""Ch\u00e9diak-Higashi syndrome"", ""Citrullinemia"", ""Citrullinemia type I"", ""Citrullinemia type II"", ""Classic galactosemia"", ""Cleidocranial dysplasia"", ""Cockayne syndrome"", ""Cohen syndrome"", ""Combined immunodeficiency-enteropathy spectrum"", ""Combined oxidative phosphorylation deficiency 30"", ""Cone rod dystrophy"", ""Congenital adrenal hyperplasia"", ""Congenital contractural arachnodactyly"", ""Congenital disorder of glycosylation, type IIP"", ""Congenital disorder of glycosylation, type IIh"", ""Congenital disorder of glycosylation, type Il"", ""Congenital hyperinsulinism"", ""Congenital myasthenic syndrome"", ""Congenital nephrotic syndrome, Finnish type"", ""Congenital secretory diarrhea"", ""Cornelia de Lange syndrome"", ""Cortical dysplasia, complex, with other brain malformations 7"", ""Craniofrontonasal dysplasia"", ""Cryoglobulinemic vasculitis"", ""Cryopyrin-associated periodic syndrome"", ""Cutis laxa, autosomal recessive, type IA"", ""Cutis laxa, autosomal recessive, type IIB"", ""Cutis laxa, autosomal recessive, type IIC"", ""Cutis laxa, autosomal recessive, type IID"", ""Cystinuria"", ""D-2-hydroxyglutaric aciduria"", ""DYRK1A-related intellectual disability syndrome"", ""Desmosterolosis"", ""Developmental and epileptic encephalopathy 14"", ""Developmental and epileptic encephalopathy 28"", ""Diamond-Blackfan anemia"", ""Dihydropyrimidine dehydrogenase deficiency"", ""Dihydropyrimidinuria"", ""Dilated cardiomyopathy 1G"", ""Distal myopathy, Tateyama type"", ""Donohue syndrome"", ""Dopa-responsive dystonia"", ""Dyggve-Melchior-Clausen disease"", ""Dyskeratosis congenita"", ""Ectodermal dysplasia 9, Hair/nail type"", ""Ehlers-Danlos syndrome"", ""Elliptocytosis 2"", ""Emery-Dreifuss muscular dystrophy"", ""Eosinophilic granulomatosis with polyangiitis"", ""Epidermolysis bullosa, junctional, Herlitz type"", ""Epidermolytic palmoplantar keratoderma"", ""Epilepsy, focal, with speech disorder and mental retardation"", ""Epileptic encephalopathy, early infantile, 4"", ""Fabry disease"", ""Familial Mediterranean fever"", ""Fanconi anemia"", ""Fanconi-Bickel syndrome"", ""Felty syndrome"", ""Fibrodysplasia ossificans progressiva"", ""Focal segmental glomerulosclerosis"", ""Freeman-Sheldon syndrome"", ""Fructose-1,6-bisphosphatase deficiency"", ""GAPO syndrome"", ""GM1-gangliosidosis, type III"", ""Galactosemia"", ""Galactosialidosis"", ""Galloway-Mowat syndrome"", ""Gaucher disease"", ""Geleophysic dysplasia"", ""Giant Cell Arteritis"", ""Glutaric acidemia type I"", ""Glutathione synthetase deficiency"", ""Glycerol kinase deficiency"", ""Glycogen storage disease VI"", ""Glycogen storage disease type III"", ""Glycogen storage disease type IX"", ""Glycogen storage disease type Ia"", ""Glycogen storage disease type Ib"", ""Granulomatosis with polyangiitis"", ""Gyrate atrophy of choroid and retina"", ""Hajdu-Cheney syndrome"", ""Hawkinsinuria"", ""Hemophagocytic lymphohistiocytosis"", ""Hereditary fructose intolerance"", ""Hereditary neuropathy with liability to pressure palsies"", ""Hereditary sensory and autonomic neuropathy type IIB"", ""Hereditary spherocytosis"", ""Heterotaxy syndrome"", ""Holocarboxylase synthetase deficiency"", ""Holoprosencephaly"", ""Homocystinuria"", ""Hyaline fibromatosis syndrome"", ""Hyper-IgE syndrome"", ""Hyperekplexia"", ""Hyperphenylalaninemia"", ""Hypochondroplasia"", ""Hypomyelinating leukodystrophy"", ""Hypophosphatasia"", ""Hypotrichosis with juvenile macular degeneration"", ""Ichthyosis-hypotrichosis syndrome"", ""IgG4-related disease"", ""Imerslund-Gr\u00e4sbeck syndrome"", ""Immunoglobulin A vasculitis"", ""Immunoskeletal dysplasia with neurodevelopmental abnormalities"", ""Inclusion body myopathy with Paget disease of bone and frontotemporal dementia"", ""Intellectual developmental disorder with dysmorphic facies and behavioral abnormalities"", ""Intellectual developmental disorder with dysmorphic facies and ptosis"", ""Intellectual developmental disorder with dysmorphic facies, seizures, and distal limb anomalies"", ""Isovaleric acidemia"", ""Jervell and Lange-Nielsen syndrome"", ""Joubert syndrome"", ""Kabuki syndrome"", ""Kimura disease"", ""Krabbe disease"", ""Kufor-Rakeb syndrome"", ""L-2-hydroxyglutaric aciduria"", ""Larsen syndrome"", ""Leukocyte adhesion deficiency type II"", ""Leukocyte adhesion deficiency, type I"", ""Leukocyte adhesion deficiency, type III"", ""Limb-girdle muscular dystrophy"", ""Loeys-Dietz syndrome"", ""Long QT syndrome 14"", ""Long QT syndrome 15"", ""Lowe syndrome"", ""Mandibulofacial dysostosis-microcephaly syndrome"", ""Maple syrup urine disease"", ""Marfan syndrome"", ""Maturity-onset diabetes of the young"", ""Medium chain acyl-CoA dehydrogenase deficiency"", ""Megalocornea"", ""Mental retardation, autosomal recessive 18"", ""Mental retardation, autosomal recessive 38"", ""Methylmalonate semialdehyde dehydrogenase deficiency"", ""Methylmalonic acidemia"", ""Microcephalic cortical malformations-short stature due to RTTN deficiency"", ""Microcephaly 3, primary, autosomal recessive"", ""Microcephaly 5, primary, autosomal recessive"", ""Microcephaly, primary autosomal recessive, 6"", ""Microcephaly-capillary malformation syndrome"", ""Mitochondrial DNA depletion syndrome 3"", ""Mitochondrial complex IV deficiency"", ""Muckle-Wells syndrome"", ""Mucolipidosis type II"", ""Mucolipidosis type IV"", ""Mucopolysaccharidosis type II"", ""Muenke syndrome"", ""Multiple endocrine neoplasia type 1"", ""Multiple endocrine neoplasia, type IIA"", ""Myhre syndrome"", ""Myotonia congenita"", ""N-acetylglutamate synthase deficiency"", ""Nail-patella syndrome"", ""Nance-Horan syndrome"", ""Nemaline myopathy"", ""Neonatal severe encephalopathy with lactic acidosis and brain abnormalities"", ""Neurodegeneration with brain iron accumulation 2B"", ""Neurodevelopmental disorder with or without anomalies of the brain, eye, or heart"", ""Neurofibromatosis type 1"", ""Neuronal ceroid lipofuscinosis"", ""Niemann-Pick disease type C"", ""Nijmegen breakage syndrome"", ""Noonan syndrome"", ""Oculocutaneous albinism type 2"", ""Oculocutaneous albinism type 3"", ""Oliver-Mcfarlane syndrome"", ""Ornithine transcarbamylase deficiency"", ""Orofaciodigital syndrome type 5"", ""Orotic aciduria"", ""Osteogenesis imperfecta"", ""Osteogenesis imperfecta, type IX"", ""Osteogenesis imperfecta, type VIII"", ""Osteogenesis imperfecta, type XI"", ""Osteogenesis imperfecta, type XII"", ""Osteogenesis imperfecta, type XIV"", ""PLAA-associated neurodevelopmental disorder"", ""PMM2-CDG"", ""Palmoplantar keratoderma, punctate type IA"", ""Pantothenate kinase-associated neurodegeneration"", ""Papillon-Lef\u00e8vre syndrome"", ""Parkinson disease 15, autosomal recessive early-onset"", ""Parkinson disease 23, autosomal recessive early-onset"", ""Parkinson disease 7, autosomal recessive early-onset"", ""Pearson syndrome"", ""Perrault syndrome"", ""Phenylketonuria"", ""Pierpont syndrome"", ""Poikiloderma with neutropenia"", ""Polymyositis"", ""Poretti-Boltshauser syndrome"", ""Primary carnitine deficiency"", ""Primary erythromelalgia"", ""Primary hyperoxaluria type 2"", ""Progressive familial intrahepatic cholestasis 4"", ""Propionic acidemia"", ""Pseudoachondroplasia"", ""Recurrent metabolic encephalomyopathic crises-rhabdomyolysis-cardiac arrhythmia-intellectual disability syndrome"", ""Refsum disease"", ""Relapsing polychondritis"", ""Retinitis pigmentosa"", ""Rett syndrome"", ""Robinow syndrome"", ""Rubinstein-Taybi syndrome"", ""SAPHO syndrome"", ""STAR syndrome"", ""Sarcoidosis"", ""Schinzel-Giedion syndrome"", ""Scleroderma, familial progressive"", ""Severe combined immunodeficiency due to adenosine deaminase deficiency"", ""Severe congenital neutropenia"", ""Short chain acyl-CoA dehydrogenase deficiency"", ""Short syndrome"", ""Shprintzen-Goldberg syndrome"", ""Sick sinus syndrome"", ""Sj\u00f6gren syndrome"", ""Skraban-Deardorff syndrome"", ""Smith-Kingsmore syndrome"", ""Smith-Lemli-Opitz syndrome"", ""Smith-Magenis syndrome"", ""Spastic paraplegia 10, autosomal dominant"", ""Spastic paraplegia 45, autosomal recessive"", ""Spastic paraplegia 7, autosomal recessive"", ""Spastic paraplegia 76, autosomal recessive"", ""Spinal muscular atrophy with progressive myoclonic epilepsy"", ""Spinocerebellar ataxia, autosomal recessive 20"", ""Spondyloarthropathy"", ""Spondylocostal dysostosis"", ""Spondyloepimetaphyseal dysplasia with joint laxity"", ""Spondylometaphyseal dysplasia, Sedaghatian type"", ""Stankiewicz-Isidor syndrome"", ""Stickler syndrome"", ""Succinic semialdehyde dehydrogenase deficiency"", ""Systemic lupus erythematosus"", ""Systemic sclerosis"", ""TBCK-related intellectual disability syndrome"", ""Takayasu arteritis"", ""Temtamy preaxial brachydactyly syndrome"", ""Thrombocytopenia 3"", ""Thrombotic thrombocytopenic purpura"", ""Tietz syndrome"", ""Townes-Brocks syndrome"", ""Treacher Collins syndrome"", ""Trichohepatoenteric syndrome"", ""Trichorhinophalangeal syndrome, type I"", ""Trichothiodystrophy"", ""Tuberous sclerosis"", ""Tubulointerstitial kidney disease"", ""Tumor necrosis factor receptor 1 associated periodic syndrome"", ""Tyrosinemia type 1"", ""Tyrosinemia type 2"", ""Tyrosinemia type III"", ""Van den Ende-Gupta syndrome"", ""Vasculitis, autoinflammation, immunodeficiency, and hematologic defects syndrome"", ""Very long-chain acyl-CoA dehydrogenase deficiency"", ""Vici syndrome"", ""Waardenburg syndrome type 3"", ""Weill-Marchesani syndrome"", ""Werner syndrome"", ""Whipple disease"", ""Wiedemann-Steiner syndrome"", ""Wilson disease"", ""X-linked hypohidrotic ectodermal dysplasia"", ""X-linked hypophosphatemia""]","{""source_path"": ""/Users/alfred/Documents/baseline_model/artifacts/universal_meddx/cache/rarebench_data.zip"", ""mapping_dir"": ""/Users/alfred/Documents/baseline_model/external/meddxagent/ddxdriver/benchmarks/data/rarebench"", ""source"": ""rarebench_hf_zip_with_meddxagent_mappings_v1"", ""subset"": ""RAMEDIS"", ""raw_disease_codes"": [""OMIM:311250"", ""ORPHA:664"", ""CCRD:85""]}"
rarebench:RAMEDIS:553,rarebench,- Generalized hypotonia,"- Generalized hypotonia
- Death in infancy
- Weight loss
- Hyperammonemia
- Vomiting
- Increased serum lactate
- Methylmalonic aciduria",Methylmalonic acidemia,"[""3-Hydroxy-3-methylglutaryl-CoA lyase deficiency"", ""3-Methylcrotonyl-CoA carboxylase deficiency"", ""3-Methylglutaconic aciduria type I"", ""3-Methylglutaconic aciduria type IV"", ""3-Methylglutaconic aciduria with deafness, encephalopathy, and leigh-like syndrome"", ""AGel amyloidosis"", ""Aarskog-Scott syndrome"", ""Acromesomelic dysplasia, Maroteaux type"", ""Acromicric dysplasia"", ""Acute intermittent porphyria"", ""Al Kaissi syndrome"", ""Alacrimia-choreoathetosis-liver dysfunction syndrome"", ""Alagille syndrome"", ""Alkaptonuria"", ""Alpha-thalassemia-X-linked intellectual disability syndrome"", ""Alzheimer disease"", ""Amyotrophic lateral sclerosis"", ""Antiphospholipid syndrome"", ""Antisynthetase syndrome"", ""Apert syndrome"", ""Argininemia"", ""Argininosuccinic aciduria"", ""Arthrogryposis, distal, with impaired proprioception and touch"", ""Ataxia-oculomotor apraxia type 1"", ""Ataxia-pancytopenia syndrome"", ""Autoimmune lymphoproliferative syndrome"", ""Autoimmune polyendocrinopathy type 1"", ""Autosomal recessive primary microcephaly"", ""Bamforth-Lazarus syndrome"", ""Bardet-Biedl syndrome"", ""Bartter syndrome"", ""Beaulieu-Boycott-Innes syndrome"", ""Beh\u00e7et disease"", ""Bernard-Soulier syndrome"", ""Beta-ketothiolase deficiency"", ""Bethlem myopathy"", ""Bilateral frontoparietal polymicrogyria"", ""Biotinidase deficiency"", ""Bleeding disorder, platelet-type, 15"", ""Bleeding disorder, platelet-type, 17"", ""Boucher-Neuhauser syndrome"", ""Branchio-oculo-facial syndrome"", ""Brugada Syndrome"", ""Buerger disease"", ""CEDNIK syndrome"", ""CHARGE syndrome"", ""CODAS syndrome"", ""CTCF-related neurodevelopmental disorder"", ""Camurati-Engelmann disease"", ""Canavan disease"", ""Carbamoyl-phosphate synthetase 1 deficiency"", ""Cardiofaciocutaneous syndrome"", ""Carnitine palmitoyltransferase I deficiency"", ""Carnitine palmitoyltransferase II deficiency"", ""Carnitine-acylcarnitine translocase deficiency"", ""Cataract-growth hormone deficiency-sensory neuropathy-sensorineural hearing loss-skeletal dysplasia syndrome"", ""Catecholaminergic polymorphic ventricular tachycardia"", ""Centronuclear myopathy"", ""Cerebellar ataxia-areflexia-pes cavus-optic atrophy-sensorineural hearing loss syndrome"", ""Cerebral creatine deficiency syndrome"", ""Cerebrocostomandibular syndrome"", ""Charcot-Marie-Tooth disease"", ""Chitayat syndrome"", ""Choreoacanthocytosis"", ""Chronic mucocutaneous candidiasis"", ""Chudley-Mccullough syndrome"", ""Ch\u00e9diak-Higashi syndrome"", ""Citrullinemia"", ""Citrullinemia type I"", ""Citrullinemia type II"", ""Classic galactosemia"", ""Cleidocranial dysplasia"", ""Cockayne syndrome"", ""Cohen syndrome"", ""Combined immunodeficiency-enteropathy spectrum"", ""Combined oxidative phosphorylation deficiency 30"", ""Cone rod dystrophy"", ""Congenital adrenal hyperplasia"", ""Congenital contractural arachnodactyly"", ""Congenital disorder of glycosylation, type IIP"", ""Congenital disorder of glycosylation, type IIh"", ""Congenital disorder of glycosylation, type Il"", ""Congenital hyperinsulinism"", ""Congenital myasthenic syndrome"", ""Congenital nephrotic syndrome, Finnish type"", ""Congenital secretory diarrhea"", ""Cornelia de Lange syndrome"", ""Cortical dysplasia, complex, with other brain malformations 7"", ""Craniofrontonasal dysplasia"", ""Cryoglobulinemic vasculitis"", ""Cryopyrin-associated periodic syndrome"", ""Cutis laxa, autosomal recessive, type IA"", ""Cutis laxa, autosomal recessive, type IIB"", ""Cutis laxa, autosomal recessive, type IIC"", ""Cutis laxa, autosomal recessive, type IID"", ""Cystinuria"", ""D-2-hydroxyglutaric aciduria"", ""DYRK1A-related intellectual disability syndrome"", ""Desmosterolosis"", ""Developmental and epileptic encephalopathy 14"", ""Developmental and epileptic encephalopathy 28"", ""Diamond-Blackfan anemia"", ""Dihydropyrimidine dehydrogenase deficiency"", ""Dihydropyrimidinuria"", ""Dilated cardiomyopathy 1G"", ""Distal myopathy, Tateyama type"", ""Donohue syndrome"", ""Dopa-responsive dystonia"", ""Dyggve-Melchior-Clausen disease"", ""Dyskeratosis congenita"", ""Ectodermal dysplasia 9, Hair/nail type"", ""Ehlers-Danlos syndrome"", ""Elliptocytosis 2"", ""Emery-Dreifuss muscular dystrophy"", ""Eosinophilic granulomatosis with polyangiitis"", ""Epidermolysis bullosa, junctional, Herlitz type"", ""Epidermolytic palmoplantar keratoderma"", ""Epilepsy, focal, with speech disorder and mental retardation"", ""Epileptic encephalopathy, early infantile, 4"", ""Fabry disease"", ""Familial Mediterranean fever"", ""Fanconi anemia"", ""Fanconi-Bickel syndrome"", ""Felty syndrome"", ""Fibrodysplasia ossificans progressiva"", ""Focal segmental glomerulosclerosis"", ""Freeman-Sheldon syndrome"", ""Fructose-1,6-bisphosphatase deficiency"", ""GAPO syndrome"", ""GM1-gangliosidosis, type III"", ""Galactosemia"", ""Galactosialidosis"", ""Galloway-Mowat syndrome"", ""Gaucher disease"", ""Geleophysic dysplasia"", ""Giant Cell Arteritis"", ""Glutaric acidemia type I"", ""Glutathione synthetase deficiency"", ""Glycerol kinase deficiency"", ""Glycogen storage disease VI"", ""Glycogen storage disease type III"", ""Glycogen storage disease type IX"", ""Glycogen storage disease type Ia"", ""Glycogen storage disease type Ib"", ""Granulomatosis with polyangiitis"", ""Gyrate atrophy of choroid and retina"", ""Hajdu-Cheney syndrome"", ""Hawkinsinuria"", ""Hemophagocytic lymphohistiocytosis"", ""Hereditary fructose intolerance"", ""Hereditary neuropathy with liability to pressure palsies"", ""Hereditary sensory and autonomic neuropathy type IIB"", ""Hereditary spherocytosis"", ""Heterotaxy syndrome"", ""Holocarboxylase synthetase deficiency"", ""Holoprosencephaly"", ""Homocystinuria"", ""Hyaline fibromatosis syndrome"", ""Hyper-IgE syndrome"", ""Hyperekplexia"", ""Hyperphenylalaninemia"", ""Hypochondroplasia"", ""Hypomyelinating leukodystrophy"", ""Hypophosphatasia"", ""Hypotrichosis with juvenile macular degeneration"", ""Ichthyosis-hypotrichosis syndrome"", ""IgG4-related disease"", ""Imerslund-Gr\u00e4sbeck syndrome"", ""Immunoglobulin A vasculitis"", ""Immunoskeletal dysplasia with neurodevelopmental abnormalities"", ""Inclusion body myopathy with Paget disease of bone and frontotemporal dementia"", ""Intellectual developmental disorder with dysmorphic facies and behavioral abnormalities"", ""Intellectual developmental disorder with dysmorphic facies and ptosis"", ""Intellectual developmental disorder with dysmorphic facies, seizures, and distal limb anomalies"", ""Isovaleric acidemia"", ""Jervell and Lange-Nielsen syndrome"", ""Joubert syndrome"", ""Kabuki syndrome"", ""Kimura disease"", ""Krabbe disease"", ""Kufor-Rakeb syndrome"", ""L-2-hydroxyglutaric aciduria"", ""Larsen syndrome"", ""Leukocyte adhesion deficiency type II"", ""Leukocyte adhesion deficiency, type I"", ""Leukocyte adhesion deficiency, type III"", ""Limb-girdle muscular dystrophy"", ""Loeys-Dietz syndrome"", ""Long QT syndrome 14"", ""Long QT syndrome 15"", ""Lowe syndrome"", ""Mandibulofacial dysostosis-microcephaly syndrome"", ""Maple syrup urine disease"", ""Marfan syndrome"", ""Maturity-onset diabetes of the young"", ""Medium chain acyl-CoA dehydrogenase deficiency"", ""Megalocornea"", ""Mental retardation, autosomal recessive 18"", ""Mental retardation, autosomal recessive 38"", ""Methylmalonate semialdehyde dehydrogenase deficiency"", ""Methylmalonic acidemia"", ""Microcephalic cortical malformations-short stature due to RTTN deficiency"", ""Microcephaly 3, primary, autosomal recessive"", ""Microcephaly 5, primary, autosomal recessive"", ""Microcephaly, primary autosomal recessive, 6"", ""Microcephaly-capillary malformation syndrome"", ""Mitochondrial DNA depletion syndrome 3"", ""Mitochondrial complex IV deficiency"", ""Muckle-Wells syndrome"", ""Mucolipidosis type II"", ""Mucolipidosis type IV"", ""Mucopolysaccharidosis type II"", ""Muenke syndrome"", ""Multiple endocrine neoplasia type 1"", ""Multiple endocrine neoplasia, type IIA"", ""Myhre syndrome"", ""Myotonia congenita"", ""N-acetylglutamate synthase deficiency"", ""Nail-patella syndrome"", ""Nance-Horan syndrome"", ""Nemaline myopathy"", ""Neonatal severe encephalopathy with lactic acidosis and brain abnormalities"", ""Neurodegeneration with brain iron accumulation 2B"", ""Neurodevelopmental disorder with or without anomalies of the brain, eye, or heart"", ""Neurofibromatosis type 1"", ""Neuronal ceroid lipofuscinosis"", ""Niemann-Pick disease type C"", ""Nijmegen breakage syndrome"", ""Noonan syndrome"", ""Oculocutaneous albinism type 2"", ""Oculocutaneous albinism type 3"", ""Oliver-Mcfarlane syndrome"", ""Ornithine transcarbamylase deficiency"", ""Orofaciodigital syndrome type 5"", ""Orotic aciduria"", ""Osteogenesis imperfecta"", ""Osteogenesis imperfecta, type IX"", ""Osteogenesis imperfecta, type VIII"", ""Osteogenesis imperfecta, type XI"", ""Osteogenesis imperfecta, type XII"", ""Osteogenesis imperfecta, type XIV"", ""PLAA-associated neurodevelopmental disorder"", ""PMM2-CDG"", ""Palmoplantar keratoderma, punctate type IA"", ""Pantothenate kinase-associated neurodegeneration"", ""Papillon-Lef\u00e8vre syndrome"", ""Parkinson disease 15, autosomal recessive early-onset"", ""Parkinson disease 23, autosomal recessive early-onset"", ""Parkinson disease 7, autosomal recessive early-onset"", ""Pearson syndrome"", ""Perrault syndrome"", ""Phenylketonuria"", ""Pierpont syndrome"", ""Poikiloderma with neutropenia"", ""Polymyositis"", ""Poretti-Boltshauser syndrome"", ""Primary carnitine deficiency"", ""Primary erythromelalgia"", ""Primary hyperoxaluria type 2"", ""Progressive familial intrahepatic cholestasis 4"", ""Propionic acidemia"", ""Pseudoachondroplasia"", ""Recurrent metabolic encephalomyopathic crises-rhabdomyolysis-cardiac arrhythmia-intellectual disability syndrome"", ""Refsum disease"", ""Relapsing polychondritis"", ""Retinitis pigmentosa"", ""Rett syndrome"", ""Robinow syndrome"", ""Rubinstein-Taybi syndrome"", ""SAPHO syndrome"", ""STAR syndrome"", ""Sarcoidosis"", ""Schinzel-Giedion syndrome"", ""Scleroderma, familial progressive"", ""Severe combined immunodeficiency due to adenosine deaminase deficiency"", ""Severe congenital neutropenia"", ""Short chain acyl-CoA dehydrogenase deficiency"", ""Short syndrome"", ""Shprintzen-Goldberg syndrome"", ""Sick sinus syndrome"", ""Sj\u00f6gren syndrome"", ""Skraban-Deardorff syndrome"", ""Smith-Kingsmore syndrome"", ""Smith-Lemli-Opitz syndrome"", ""Smith-Magenis syndrome"", ""Spastic paraplegia 10, autosomal dominant"", ""Spastic paraplegia 45, autosomal recessive"", ""Spastic paraplegia 7, autosomal recessive"", ""Spastic paraplegia 76, autosomal recessive"", ""Spinal muscular atrophy with progressive myoclonic epilepsy"", ""Spinocerebellar ataxia, autosomal recessive 20"", ""Spondyloarthropathy"", ""Spondylocostal dysostosis"", ""Spondyloepimetaphyseal dysplasia with joint laxity"", ""Spondylometaphyseal dysplasia, Sedaghatian type"", ""Stankiewicz-Isidor syndrome"", ""Stickler syndrome"", ""Succinic semialdehyde dehydrogenase deficiency"", ""Systemic lupus erythematosus"", ""Systemic sclerosis"", ""TBCK-related intellectual disability syndrome"", ""Takayasu arteritis"", ""Temtamy preaxial brachydactyly syndrome"", ""Thrombocytopenia 3"", ""Thrombotic thrombocytopenic purpura"", ""Tietz syndrome"", ""Townes-Brocks syndrome"", ""Treacher Collins syndrome"", ""Trichohepatoenteric syndrome"", ""Trichorhinophalangeal syndrome, type I"", ""Trichothiodystrophy"", ""Tuberous sclerosis"", ""Tubulointerstitial kidney disease"", ""Tumor necrosis factor receptor 1 associated periodic syndrome"", ""Tyrosinemia type 1"", ""Tyrosinemia type 2"", ""Tyrosinemia type III"", ""Van den Ende-Gupta syndrome"", ""Vasculitis, autoinflammation, immunodeficiency, and hematologic defects syndrome"", ""Very long-chain acyl-CoA dehydrogenase deficiency"", ""Vici syndrome"", ""Waardenburg syndrome type 3"", ""Weill-Marchesani syndrome"", ""Werner syndrome"", ""Whipple disease"", ""Wiedemann-Steiner syndrome"", ""Wilson disease"", ""X-linked hypohidrotic ectodermal dysplasia"", ""X-linked hypophosphatemia""]","{""source_path"": ""/Users/alfred/Documents/baseline_model/artifacts/universal_meddx/cache/rarebench_data.zip"", ""mapping_dir"": ""/Users/alfred/Documents/baseline_model/external/meddxagent/ddxdriver/benchmarks/data/rarebench"", ""source"": ""rarebench_hf_zip_with_meddxagent_mappings_v1"", ""subset"": ""RAMEDIS"", ""raw_disease_codes"": [""OMIM:251000"", ""ORPHA:27"", ""CCRD:71""]}"
rarebench:RAMEDIS:589,rarebench,"- Macrocephaly
- Ataxia","- Macrocephaly
- Ataxia
- Death in infancy
- Dicarboxylic aciduria
- Elevated circulating glutaric acid concentration
- Neonatal death
- Death in childhood
- Decreased plasma free carnitine
- Abnormality of movement",Glutaric acidemia type I,"[""3-Hydroxy-3-methylglutaryl-CoA lyase deficiency"", ""3-Methylcrotonyl-CoA carboxylase deficiency"", ""3-Methylglutaconic aciduria type I"", ""3-Methylglutaconic aciduria type IV"", ""3-Methylglutaconic aciduria with deafness, encephalopathy, and leigh-like syndrome"", ""AGel amyloidosis"", ""Aarskog-Scott syndrome"", ""Acromesomelic dysplasia, Maroteaux type"", ""Acromicric dysplasia"", ""Acute intermittent porphyria"", ""Al Kaissi syndrome"", ""Alacrimia-choreoathetosis-liver dysfunction syndrome"", ""Alagille syndrome"", ""Alkaptonuria"", ""Alpha-thalassemia-X-linked intellectual disability syndrome"", ""Alzheimer disease"", ""Amyotrophic lateral sclerosis"", ""Antiphospholipid syndrome"", ""Antisynthetase syndrome"", ""Apert syndrome"", ""Argininemia"", ""Argininosuccinic aciduria"", ""Arthrogryposis, distal, with impaired proprioception and touch"", ""Ataxia-oculomotor apraxia type 1"", ""Ataxia-pancytopenia syndrome"", ""Autoimmune lymphoproliferative syndrome"", ""Autoimmune polyendocrinopathy type 1"", ""Autosomal recessive primary microcephaly"", ""Bamforth-Lazarus syndrome"", ""Bardet-Biedl syndrome"", ""Bartter syndrome"", ""Beaulieu-Boycott-Innes syndrome"", ""Beh\u00e7et disease"", ""Bernard-Soulier syndrome"", ""Beta-ketothiolase deficiency"", ""Bethlem myopathy"", ""Bilateral frontoparietal polymicrogyria"", ""Biotinidase deficiency"", ""Bleeding disorder, platelet-type, 15"", ""Bleeding disorder, platelet-type, 17"", ""Boucher-Neuhauser syndrome"", ""Branchio-oculo-facial syndrome"", ""Brugada Syndrome"", ""Buerger disease"", ""CEDNIK syndrome"", ""CHARGE syndrome"", ""CODAS syndrome"", ""CTCF-related neurodevelopmental disorder"", ""Camurati-Engelmann disease"", ""Canavan disease"", ""Carbamoyl-phosphate synthetase 1 deficiency"", ""Cardiofaciocutaneous syndrome"", ""Carnitine palmitoyltransferase I deficiency"", ""Carnitine palmitoyltransferase II deficiency"", ""Carnitine-acylcarnitine translocase deficiency"", ""Cataract-growth hormone deficiency-sensory neuropathy-sensorineural hearing loss-skeletal dysplasia syndrome"", ""Catecholaminergic polymorphic ventricular tachycardia"", ""Centronuclear myopathy"", ""Cerebellar ataxia-areflexia-pes cavus-optic atrophy-sensorineural hearing loss syndrome"", ""Cerebral creatine deficiency syndrome"", ""Cerebrocostomandibular syndrome"", ""Charcot-Marie-Tooth disease"", ""Chitayat syndrome"", ""Choreoacanthocytosis"", ""Chronic mucocutaneous candidiasis"", ""Chudley-Mccullough syndrome"", ""Ch\u00e9diak-Higashi syndrome"", ""Citrullinemia"", ""Citrullinemia type I"", ""Citrullinemia type II"", ""Classic galactosemia"", ""Cleidocranial dysplasia"", ""Cockayne syndrome"", ""Cohen syndrome"", ""Combined immunodeficiency-enteropathy spectrum"", ""Combined oxidative phosphorylation deficiency 30"", ""Cone rod dystrophy"", ""Congenital adrenal hyperplasia"", ""Congenital contractural arachnodactyly"", ""Congenital disorder of glycosylation, type IIP"", ""Congenital disorder of glycosylation, type IIh"", ""Congenital disorder of glycosylation, type Il"", ""Congenital hyperinsulinism"", ""Congenital myasthenic syndrome"", ""Congenital nephrotic syndrome, Finnish type"", ""Congenital secretory diarrhea"", ""Cornelia de Lange syndrome"", ""Cortical dysplasia, complex, with other brain malformations 7"", ""Craniofrontonasal dysplasia"", ""Cryoglobulinemic vasculitis"", ""Cryopyrin-associated periodic syndrome"", ""Cutis laxa, autosomal recessive, type IA"", ""Cutis laxa, autosomal recessive, type IIB"", ""Cutis laxa, autosomal recessive, type IIC"", ""Cutis laxa, autosomal recessive, type IID"", ""Cystinuria"", ""D-2-hydroxyglutaric aciduria"", ""DYRK1A-related intellectual disability syndrome"", ""Desmosterolosis"", ""Developmental and epileptic encephalopathy 14"", ""Developmental and epileptic encephalopathy 28"", ""Diamond-Blackfan anemia"", ""Dihydropyrimidine dehydrogenase deficiency"", ""Dihydropyrimidinuria"", ""Dilated cardiomyopathy 1G"", ""Distal myopathy, Tateyama type"", ""Donohue syndrome"", ""Dopa-responsive dystonia"", ""Dyggve-Melchior-Clausen disease"", ""Dyskeratosis congenita"", ""Ectodermal dysplasia 9, Hair/nail type"", ""Ehlers-Danlos syndrome"", ""Elliptocytosis 2"", ""Emery-Dreifuss muscular dystrophy"", ""Eosinophilic granulomatosis with polyangiitis"", ""Epidermolysis bullosa, junctional, Herlitz type"", ""Epidermolytic palmoplantar keratoderma"", ""Epilepsy, focal, with speech disorder and mental retardation"", ""Epileptic encephalopathy, early infantile, 4"", ""Fabry disease"", ""Familial Mediterranean fever"", ""Fanconi anemia"", ""Fanconi-Bickel syndrome"", ""Felty syndrome"", ""Fibrodysplasia ossificans progressiva"", ""Focal segmental glomerulosclerosis"", ""Freeman-Sheldon syndrome"", ""Fructose-1,6-bisphosphatase deficiency"", ""GAPO syndrome"", ""GM1-gangliosidosis, type III"", ""Galactosemia"", ""Galactosialidosis"", ""Galloway-Mowat syndrome"", ""Gaucher disease"", ""Geleophysic dysplasia"", ""Giant Cell Arteritis"", ""Glutaric acidemia type I"", ""Glutathione synthetase deficiency"", ""Glycerol kinase deficiency"", ""Glycogen storage disease VI"", ""Glycogen storage disease type III"", ""Glycogen storage disease type IX"", ""Glycogen storage disease type Ia"", ""Glycogen storage disease type Ib"", ""Granulomatosis with polyangiitis"", ""Gyrate atrophy of choroid and retina"", ""Hajdu-Cheney syndrome"", ""Hawkinsinuria"", ""Hemophagocytic lymphohistiocytosis"", ""Hereditary fructose intolerance"", ""Hereditary neuropathy with liability to pressure palsies"", ""Hereditary sensory and autonomic neuropathy type IIB"", ""Hereditary spherocytosis"", ""Heterotaxy syndrome"", ""Holocarboxylase synthetase deficiency"", ""Holoprosencephaly"", ""Homocystinuria"", ""Hyaline fibromatosis syndrome"", ""Hyper-IgE syndrome"", ""Hyperekplexia"", ""Hyperphenylalaninemia"", ""Hypochondroplasia"", ""Hypomyelinating leukodystrophy"", ""Hypophosphatasia"", ""Hypotrichosis with juvenile macular degeneration"", ""Ichthyosis-hypotrichosis syndrome"", ""IgG4-related disease"", ""Imerslund-Gr\u00e4sbeck syndrome"", ""Immunoglobulin A vasculitis"", ""Immunoskeletal dysplasia with neurodevelopmental abnormalities"", ""Inclusion body myopathy with Paget disease of bone and frontotemporal dementia"", ""Intellectual developmental disorder with dysmorphic facies and behavioral abnormalities"", ""Intellectual developmental disorder with dysmorphic facies and ptosis"", ""Intellectual developmental disorder with dysmorphic facies, seizures, and distal limb anomalies"", ""Isovaleric acidemia"", ""Jervell and Lange-Nielsen syndrome"", ""Joubert syndrome"", ""Kabuki syndrome"", ""Kimura disease"", ""Krabbe disease"", ""Kufor-Rakeb syndrome"", ""L-2-hydroxyglutaric aciduria"", ""Larsen syndrome"", ""Leukocyte adhesion deficiency type II"", ""Leukocyte adhesion deficiency, type I"", ""Leukocyte adhesion deficiency, type III"", ""Limb-girdle muscular dystrophy"", ""Loeys-Dietz syndrome"", ""Long QT syndrome 14"", ""Long QT syndrome 15"", ""Lowe syndrome"", ""Mandibulofacial dysostosis-microcephaly syndrome"", ""Maple syrup urine disease"", ""Marfan syndrome"", ""Maturity-onset diabetes of the young"", ""Medium chain acyl-CoA dehydrogenase deficiency"", ""Megalocornea"", ""Mental retardation, autosomal recessive 18"", ""Mental retardation, autosomal recessive 38"", ""Methylmalonate semialdehyde dehydrogenase deficiency"", ""Methylmalonic acidemia"", ""Microcephalic cortical malformations-short stature due to RTTN deficiency"", ""Microcephaly 3, primary, autosomal recessive"", ""Microcephaly 5, primary, autosomal recessive"", ""Microcephaly, primary autosomal recessive, 6"", ""Microcephaly-capillary malformation syndrome"", ""Mitochondrial DNA depletion syndrome 3"", ""Mitochondrial complex IV deficiency"", ""Muckle-Wells syndrome"", ""Mucolipidosis type II"", ""Mucolipidosis type IV"", ""Mucopolysaccharidosis type II"", ""Muenke syndrome"", ""Multiple endocrine neoplasia type 1"", ""Multiple endocrine neoplasia, type IIA"", ""Myhre syndrome"", ""Myotonia congenita"", ""N-acetylglutamate synthase deficiency"", ""Nail-patella syndrome"", ""Nance-Horan syndrome"", ""Nemaline myopathy"", ""Neonatal severe encephalopathy with lactic acidosis and brain abnormalities"", ""Neurodegeneration with brain iron accumulation 2B"", ""Neurodevelopmental disorder with or without anomalies of the brain, eye, or heart"", ""Neurofibromatosis type 1"", ""Neuronal ceroid lipofuscinosis"", ""Niemann-Pick disease type C"", ""Nijmegen breakage syndrome"", ""Noonan syndrome"", ""Oculocutaneous albinism type 2"", ""Oculocutaneous albinism type 3"", ""Oliver-Mcfarlane syndrome"", ""Ornithine transcarbamylase deficiency"", ""Orofaciodigital syndrome type 5"", ""Orotic aciduria"", ""Osteogenesis imperfecta"", ""Osteogenesis imperfecta, type IX"", ""Osteogenesis imperfecta, type VIII"", ""Osteogenesis imperfecta, type XI"", ""Osteogenesis imperfecta, type XII"", ""Osteogenesis imperfecta, type XIV"", ""PLAA-associated neurodevelopmental disorder"", ""PMM2-CDG"", ""Palmoplantar keratoderma, punctate type IA"", ""Pantothenate kinase-associated neurodegeneration"", ""Papillon-Lef\u00e8vre syndrome"", ""Parkinson disease 15, autosomal recessive early-onset"", ""Parkinson disease 23, autosomal recessive early-onset"", ""Parkinson disease 7, autosomal recessive early-onset"", ""Pearson syndrome"", ""Perrault syndrome"", ""Phenylketonuria"", ""Pierpont syndrome"", ""Poikiloderma with neutropenia"", ""Polymyositis"", ""Poretti-Boltshauser syndrome"", ""Primary carnitine deficiency"", ""Primary erythromelalgia"", ""Primary hyperoxaluria type 2"", ""Progressive familial intrahepatic cholestasis 4"", ""Propionic acidemia"", ""Pseudoachondroplasia"", ""Recurrent metabolic encephalomyopathic crises-rhabdomyolysis-cardiac arrhythmia-intellectual disability syndrome"", ""Refsum disease"", ""Relapsing polychondritis"", ""Retinitis pigmentosa"", ""Rett syndrome"", ""Robinow syndrome"", ""Rubinstein-Taybi syndrome"", ""SAPHO syndrome"", ""STAR syndrome"", ""Sarcoidosis"", ""Schinzel-Giedion syndrome"", ""Scleroderma, familial progressive"", ""Severe combined immunodeficiency due to adenosine deaminase deficiency"", ""Severe congenital neutropenia"", ""Short chain acyl-CoA dehydrogenase deficiency"", ""Short syndrome"", ""Shprintzen-Goldberg syndrome"", ""Sick sinus syndrome"", ""Sj\u00f6gren syndrome"", ""Skraban-Deardorff syndrome"", ""Smith-Kingsmore syndrome"", ""Smith-Lemli-Opitz syndrome"", ""Smith-Magenis syndrome"", ""Spastic paraplegia 10, autosomal dominant"", ""Spastic paraplegia 45, autosomal recessive"", ""Spastic paraplegia 7, autosomal recessive"", ""Spastic paraplegia 76, autosomal recessive"", ""Spinal muscular atrophy with progressive myoclonic epilepsy"", ""Spinocerebellar ataxia, autosomal recessive 20"", ""Spondyloarthropathy"", ""Spondylocostal dysostosis"", ""Spondyloepimetaphyseal dysplasia with joint laxity"", ""Spondylometaphyseal dysplasia, Sedaghatian type"", ""Stankiewicz-Isidor syndrome"", ""Stickler syndrome"", ""Succinic semialdehyde dehydrogenase deficiency"", ""Systemic lupus erythematosus"", ""Systemic sclerosis"", ""TBCK-related intellectual disability syndrome"", ""Takayasu arteritis"", ""Temtamy preaxial brachydactyly syndrome"", ""Thrombocytopenia 3"", ""Thrombotic thrombocytopenic purpura"", ""Tietz syndrome"", ""Townes-Brocks syndrome"", ""Treacher Collins syndrome"", ""Trichohepatoenteric syndrome"", ""Trichorhinophalangeal syndrome, type I"", ""Trichothiodystrophy"", ""Tuberous sclerosis"", ""Tubulointerstitial kidney disease"", ""Tumor necrosis factor receptor 1 associated periodic syndrome"", ""Tyrosinemia type 1"", ""Tyrosinemia type 2"", ""Tyrosinemia type III"", ""Van den Ende-Gupta syndrome"", ""Vasculitis, autoinflammation, immunodeficiency, and hematologic defects syndrome"", ""Very long-chain acyl-CoA dehydrogenase deficiency"", ""Vici syndrome"", ""Waardenburg syndrome type 3"", ""Weill-Marchesani syndrome"", ""Werner syndrome"", ""Whipple disease"", ""Wiedemann-Steiner syndrome"", ""Wilson disease"", ""X-linked hypohidrotic ectodermal dysplasia"", ""X-linked hypophosphatemia""]","{""source_path"": ""/Users/alfred/Documents/baseline_model/artifacts/universal_meddx/cache/rarebench_data.zip"", ""mapping_dir"": ""/Users/alfred/Documents/baseline_model/external/meddxagent/ddxdriver/benchmarks/data/rarebench"", ""source"": ""rarebench_hf_zip_with_meddxagent_mappings_v1"", ""subset"": ""RAMEDIS"", ""raw_disease_codes"": [""OMIM:231670"", ""ORPHA:25""]}"
rarebench:RAMEDIS:621,rarebench,"- Seizure
- Motor delay","- Seizure
- Motor delay
- Generalized hypotonia
- Death in infancy
- Pneumonia
- Hepatomegaly
- Decreased plasma free carnitine
- Elevated urinary carboxylic acid",Succinic semialdehyde dehydrogenase deficiency,"[""3-Hydroxy-3-methylglutaryl-CoA lyase deficiency"", ""3-Methylcrotonyl-CoA carboxylase deficiency"", ""3-Methylglutaconic aciduria type I"", ""3-Methylglutaconic aciduria type IV"", ""3-Methylglutaconic aciduria with deafness, encephalopathy, and leigh-like syndrome"", ""AGel amyloidosis"", ""Aarskog-Scott syndrome"", ""Acromesomelic dysplasia, Maroteaux type"", ""Acromicric dysplasia"", ""Acute intermittent porphyria"", ""Al Kaissi syndrome"", ""Alacrimia-choreoathetosis-liver dysfunction syndrome"", ""Alagille syndrome"", ""Alkaptonuria"", ""Alpha-thalassemia-X-linked intellectual disability syndrome"", ""Alzheimer disease"", ""Amyotrophic lateral sclerosis"", ""Antiphospholipid syndrome"", ""Antisynthetase syndrome"", ""Apert syndrome"", ""Argininemia"", ""Argininosuccinic aciduria"", ""Arthrogryposis, distal, with impaired proprioception and touch"", ""Ataxia-oculomotor apraxia type 1"", ""Ataxia-pancytopenia syndrome"", ""Autoimmune lymphoproliferative syndrome"", ""Autoimmune polyendocrinopathy type 1"", ""Autosomal recessive primary microcephaly"", ""Bamforth-Lazarus syndrome"", ""Bardet-Biedl syndrome"", ""Bartter syndrome"", ""Beaulieu-Boycott-Innes syndrome"", ""Beh\u00e7et disease"", ""Bernard-Soulier syndrome"", ""Beta-ketothiolase deficiency"", ""Bethlem myopathy"", ""Bilateral frontoparietal polymicrogyria"", ""Biotinidase deficiency"", ""Bleeding disorder, platelet-type, 15"", ""Bleeding disorder, platelet-type, 17"", ""Boucher-Neuhauser syndrome"", ""Branchio-oculo-facial syndrome"", ""Brugada Syndrome"", ""Buerger disease"", ""CEDNIK syndrome"", ""CHARGE syndrome"", ""CODAS syndrome"", ""CTCF-related neurodevelopmental disorder"", ""Camurati-Engelmann disease"", ""Canavan disease"", ""Carbamoyl-phosphate synthetase 1 deficiency"", ""Cardiofaciocutaneous syndrome"", ""Carnitine palmitoyltransferase I deficiency"", ""Carnitine palmitoyltransferase II deficiency"", ""Carnitine-acylcarnitine translocase deficiency"", ""Cataract-growth hormone deficiency-sensory neuropathy-sensorineural hearing loss-skeletal dysplasia syndrome"", ""Catecholaminergic polymorphic ventricular tachycardia"", ""Centronuclear myopathy"", ""Cerebellar ataxia-areflexia-pes cavus-optic atrophy-sensorineural hearing loss syndrome"", ""Cerebral creatine deficiency syndrome"", ""Cerebrocostomandibular syndrome"", ""Charcot-Marie-Tooth disease"", ""Chitayat syndrome"", ""Choreoacanthocytosis"", ""Chronic mucocutaneous candidiasis"", ""Chudley-Mccullough syndrome"", ""Ch\u00e9diak-Higashi syndrome"", ""Citrullinemia"", ""Citrullinemia type I"", ""Citrullinemia type II"", ""Classic galactosemia"", ""Cleidocranial dysplasia"", ""Cockayne syndrome"", ""Cohen syndrome"", ""Combined immunodeficiency-enteropathy spectrum"", ""Combined oxidative phosphorylation deficiency 30"", ""Cone rod dystrophy"", ""Congenital adrenal hyperplasia"", ""Congenital contractural arachnodactyly"", ""Congenital disorder of glycosylation, type IIP"", ""Congenital disorder of glycosylation, type IIh"", ""Congenital disorder of glycosylation, type Il"", ""Congenital hyperinsulinism"", ""Congenital myasthenic syndrome"", ""Congenital nephrotic syndrome, Finnish type"", ""Congenital secretory diarrhea"", ""Cornelia de Lange syndrome"", ""Cortical dysplasia, complex, with other brain malformations 7"", ""Craniofrontonasal dysplasia"", ""Cryoglobulinemic vasculitis"", ""Cryopyrin-associated periodic syndrome"", ""Cutis laxa, autosomal recessive, type IA"", ""Cutis laxa, autosomal recessive, type IIB"", ""Cutis laxa, autosomal recessive, type IIC"", ""Cutis laxa, autosomal recessive, type IID"", ""Cystinuria"", ""D-2-hydroxyglutaric aciduria"", ""DYRK1A-related intellectual disability syndrome"", ""Desmosterolosis"", ""Developmental and epileptic encephalopathy 14"", ""Developmental and epileptic encephalopathy 28"", ""Diamond-Blackfan anemia"", ""Dihydropyrimidine dehydrogenase deficiency"", ""Dihydropyrimidinuria"", ""Dilated cardiomyopathy 1G"", ""Distal myopathy, Tateyama type"", ""Donohue syndrome"", ""Dopa-responsive dystonia"", ""Dyggve-Melchior-Clausen disease"", ""Dyskeratosis congenita"", ""Ectodermal dysplasia 9, Hair/nail type"", ""Ehlers-Danlos syndrome"", ""Elliptocytosis 2"", ""Emery-Dreifuss muscular dystrophy"", ""Eosinophilic granulomatosis with polyangiitis"", ""Epidermolysis bullosa, junctional, Herlitz type"", ""Epidermolytic palmoplantar keratoderma"", ""Epilepsy, focal, with speech disorder and mental retardation"", ""Epileptic encephalopathy, early infantile, 4"", ""Fabry disease"", ""Familial Mediterranean fever"", ""Fanconi anemia"", ""Fanconi-Bickel syndrome"", ""Felty syndrome"", ""Fibrodysplasia ossificans progressiva"", ""Focal segmental glomerulosclerosis"", ""Freeman-Sheldon syndrome"", ""Fructose-1,6-bisphosphatase deficiency"", ""GAPO syndrome"", ""GM1-gangliosidosis, type III"", ""Galactosemia"", ""Galactosialidosis"", ""Galloway-Mowat syndrome"", ""Gaucher disease"", ""Geleophysic dysplasia"", ""Giant Cell Arteritis"", ""Glutaric acidemia type I"", ""Glutathione synthetase deficiency"", ""Glycerol kinase deficiency"", ""Glycogen storage disease VI"", ""Glycogen storage disease type III"", ""Glycogen storage disease type IX"", ""Glycogen storage disease type Ia"", ""Glycogen storage disease type Ib"", ""Granulomatosis with polyangiitis"", ""Gyrate atrophy of choroid and retina"", ""Hajdu-Cheney syndrome"", ""Hawkinsinuria"", ""Hemophagocytic lymphohistiocytosis"", ""Hereditary fructose intolerance"", ""Hereditary neuropathy with liability to pressure palsies"", ""Hereditary sensory and autonomic neuropathy type IIB"", ""Hereditary spherocytosis"", ""Heterotaxy syndrome"", ""Holocarboxylase synthetase deficiency"", ""Holoprosencephaly"", ""Homocystinuria"", ""Hyaline fibromatosis syndrome"", ""Hyper-IgE syndrome"", ""Hyperekplexia"", ""Hyperphenylalaninemia"", ""Hypochondroplasia"", ""Hypomyelinating leukodystrophy"", ""Hypophosphatasia"", ""Hypotrichosis with juvenile macular degeneration"", ""Ichthyosis-hypotrichosis syndrome"", ""IgG4-related disease"", ""Imerslund-Gr\u00e4sbeck syndrome"", ""Immunoglobulin A vasculitis"", ""Immunoskeletal dysplasia with neurodevelopmental abnormalities"", ""Inclusion body myopathy with Paget disease of bone and frontotemporal dementia"", ""Intellectual developmental disorder with dysmorphic facies and behavioral abnormalities"", ""Intellectual developmental disorder with dysmorphic facies and ptosis"", ""Intellectual developmental disorder with dysmorphic facies, seizures, and distal limb anomalies"", ""Isovaleric acidemia"", ""Jervell and Lange-Nielsen syndrome"", ""Joubert syndrome"", ""Kabuki syndrome"", ""Kimura disease"", ""Krabbe disease"", ""Kufor-Rakeb syndrome"", ""L-2-hydroxyglutaric aciduria"", ""Larsen syndrome"", ""Leukocyte adhesion deficiency type II"", ""Leukocyte adhesion deficiency, type I"", ""Leukocyte adhesion deficiency, type III"", ""Limb-girdle muscular dystrophy"", ""Loeys-Dietz syndrome"", ""Long QT syndrome 14"", ""Long QT syndrome 15"", ""Lowe syndrome"", ""Mandibulofacial dysostosis-microcephaly syndrome"", ""Maple syrup urine disease"", ""Marfan syndrome"", ""Maturity-onset diabetes of the young"", ""Medium chain acyl-CoA dehydrogenase deficiency"", ""Megalocornea"", ""Mental retardation, autosomal recessive 18"", ""Mental retardation, autosomal recessive 38"", ""Methylmalonate semialdehyde dehydrogenase deficiency"", ""Methylmalonic acidemia"", ""Microcephalic cortical malformations-short stature due to RTTN deficiency"", ""Microcephaly 3, primary, autosomal recessive"", ""Microcephaly 5, primary, autosomal recessive"", ""Microcephaly, primary autosomal recessive, 6"", ""Microcephaly-capillary malformation syndrome"", ""Mitochondrial DNA depletion syndrome 3"", ""Mitochondrial complex IV deficiency"", ""Muckle-Wells syndrome"", ""Mucolipidosis type II"", ""Mucolipidosis type IV"", ""Mucopolysaccharidosis type II"", ""Muenke syndrome"", ""Multiple endocrine neoplasia type 1"", ""Multiple endocrine neoplasia, type IIA"", ""Myhre syndrome"", ""Myotonia congenita"", ""N-acetylglutamate synthase deficiency"", ""Nail-patella syndrome"", ""Nance-Horan syndrome"", ""Nemaline myopathy"", ""Neonatal severe encephalopathy with lactic acidosis and brain abnormalities"", ""Neurodegeneration with brain iron accumulation 2B"", ""Neurodevelopmental disorder with or without anomalies of the brain, eye, or heart"", ""Neurofibromatosis type 1"", ""Neuronal ceroid lipofuscinosis"", ""Niemann-Pick disease type C"", ""Nijmegen breakage syndrome"", ""Noonan syndrome"", ""Oculocutaneous albinism type 2"", ""Oculocutaneous albinism type 3"", ""Oliver-Mcfarlane syndrome"", ""Ornithine transcarbamylase deficiency"", ""Orofaciodigital syndrome type 5"", ""Orotic aciduria"", ""Osteogenesis imperfecta"", ""Osteogenesis imperfecta, type IX"", ""Osteogenesis imperfecta, type VIII"", ""Osteogenesis imperfecta, type XI"", ""Osteogenesis imperfecta, type XII"", ""Osteogenesis imperfecta, type XIV"", ""PLAA-associated neurodevelopmental disorder"", ""PMM2-CDG"", ""Palmoplantar keratoderma, punctate type IA"", ""Pantothenate kinase-associated neurodegeneration"", ""Papillon-Lef\u00e8vre syndrome"", ""Parkinson disease 15, autosomal recessive early-onset"", ""Parkinson disease 23, autosomal recessive early-onset"", ""Parkinson disease 7, autosomal recessive early-onset"", ""Pearson syndrome"", ""Perrault syndrome"", ""Phenylketonuria"", ""Pierpont syndrome"", ""Poikiloderma with neutropenia"", ""Polymyositis"", ""Poretti-Boltshauser syndrome"", ""Primary carnitine deficiency"", ""Primary erythromelalgia"", ""Primary hyperoxaluria type 2"", ""Progressive familial intrahepatic cholestasis 4"", ""Propionic acidemia"", ""Pseudoachondroplasia"", ""Recurrent metabolic encephalomyopathic crises-rhabdomyolysis-cardiac arrhythmia-intellectual disability syndrome"", ""Refsum disease"", ""Relapsing polychondritis"", ""Retinitis pigmentosa"", ""Rett syndrome"", ""Robinow syndrome"", ""Rubinstein-Taybi syndrome"", ""SAPHO syndrome"", ""STAR syndrome"", ""Sarcoidosis"", ""Schinzel-Giedion syndrome"", ""Scleroderma, familial progressive"", ""Severe combined immunodeficiency due to adenosine deaminase deficiency"", ""Severe congenital neutropenia"", ""Short chain acyl-CoA dehydrogenase deficiency"", ""Short syndrome"", ""Shprintzen-Goldberg syndrome"", ""Sick sinus syndrome"", ""Sj\u00f6gren syndrome"", ""Skraban-Deardorff syndrome"", ""Smith-Kingsmore syndrome"", ""Smith-Lemli-Opitz syndrome"", ""Smith-Magenis syndrome"", ""Spastic paraplegia 10, autosomal dominant"", ""Spastic paraplegia 45, autosomal recessive"", ""Spastic paraplegia 7, autosomal recessive"", ""Spastic paraplegia 76, autosomal recessive"", ""Spinal muscular atrophy with progressive myoclonic epilepsy"", ""Spinocerebellar ataxia, autosomal recessive 20"", ""Spondyloarthropathy"", ""Spondylocostal dysostosis"", ""Spondyloepimetaphyseal dysplasia with joint laxity"", ""Spondylometaphyseal dysplasia, Sedaghatian type"", ""Stankiewicz-Isidor syndrome"", ""Stickler syndrome"", ""Succinic semialdehyde dehydrogenase deficiency"", ""Systemic lupus erythematosus"", ""Systemic sclerosis"", ""TBCK-related intellectual disability syndrome"", ""Takayasu arteritis"", ""Temtamy preaxial brachydactyly syndrome"", ""Thrombocytopenia 3"", ""Thrombotic thrombocytopenic purpura"", ""Tietz syndrome"", ""Townes-Brocks syndrome"", ""Treacher Collins syndrome"", ""Trichohepatoenteric syndrome"", ""Trichorhinophalangeal syndrome, type I"", ""Trichothiodystrophy"", ""Tuberous sclerosis"", ""Tubulointerstitial kidney disease"", ""Tumor necrosis factor receptor 1 associated periodic syndrome"", ""Tyrosinemia type 1"", ""Tyrosinemia type 2"", ""Tyrosinemia type III"", ""Van den Ende-Gupta syndrome"", ""Vasculitis, autoinflammation, immunodeficiency, and hematologic defects syndrome"", ""Very long-chain acyl-CoA dehydrogenase deficiency"", ""Vici syndrome"", ""Waardenburg syndrome type 3"", ""Weill-Marchesani syndrome"", ""Werner syndrome"", ""Whipple disease"", ""Wiedemann-Steiner syndrome"", ""Wilson disease"", ""X-linked hypohidrotic ectodermal dysplasia"", ""X-linked hypophosphatemia""]","{""source_path"": ""/Users/alfred/Documents/baseline_model/artifacts/universal_meddx/cache/rarebench_data.zip"", ""mapping_dir"": ""/Users/alfred/Documents/baseline_model/external/meddxagent/ddxdriver/benchmarks/data/rarebench"", ""source"": ""rarebench_hf_zip_with_meddxagent_mappings_v1"", ""subset"": ""RAMEDIS"", ""raw_disease_codes"": [""OMIM:271980"", ""ORPHA:22""]}"
