{
  "run_name": "single_agent_live_test_1perclass_max3_decoded_gated_v3_gpt54mini",
  "num_cases": 49,
  "runtime_seconds": 234.50309872627258,
  "metrics": {
    "accuracy": 0.24489795918367346,
    "top3_accuracy": 0.3673469387755102,
    "top5_accuracy": 0.4897959183673469,
    "macro_f1": 0.1595238095238095,
    "mean_requests": 1.9183673469387754,
    "stop_before_cap_rate": 0.6938775510204082,
    "mean_api_calls": 2.673469387755102,
    "total_input_tokens": 563729,
    "total_output_tokens": 13966,
    "total_estimated_cost": null,
    "turn_distribution": {
      "0": 2,
      "1": 15,
      "2": 17,
      "3": 15
    }
  },
  "notes": "Live API-backed sequential baseline."
}