condition_kind,condition_value,num_cases,mean_requests,initial_accuracy,initial_top3,initial_top5,sequential_accuracy,sequential_top3,sequential_top5,sequential_macro_f1,matched_accuracy,matched_top3,matched_top5,matched_macro_f1,full_accuracy,full_top3,full_top5,full_macro_f1,sequential_fraction_full_evidence_gain_recovered,matched_fraction_full_evidence_gain_recovered,sequential_gap_to_full,matched_gap_to_full,matched_minus_sequential_accuracy
lambda,0.0,10,18.4,0.3,0.4,0.4,0.9,0.9,0.9,0.8666666666666666,0.6,0.6,0.8,0.42857142857142855,1.0,1.0,1.0,1.0,0.8571428571428573,0.4285714285714286,0.09999999999999998,0.4,-0.30000000000000004
lambda,0.03,10,16.6,0.3,0.4,0.4,0.9,0.9,0.9,0.8666666666666666,0.6,0.7,0.7,0.42857142857142855,1.0,1.0,1.0,1.0,0.8571428571428573,0.4285714285714286,0.09999999999999998,0.4,-0.30000000000000004
lambda,0.06,10,15.7,0.3,0.4,0.4,0.9,0.9,0.9,0.8666666666666666,0.6,0.7,0.8,0.42857142857142855,1.0,1.0,1.0,1.0,0.8571428571428573,0.4285714285714286,0.09999999999999998,0.4,-0.30000000000000004
lambda,0.1,10,14.1,0.3,0.4,0.4,0.9,0.9,0.9,0.8181818181818182,0.7,0.9,1.0,0.5384615384615384,1.0,1.0,1.0,1.0,0.8571428571428573,0.5714285714285714,0.09999999999999998,0.30000000000000004,-0.20000000000000007
lambda,0.15,10,12.8,0.3,0.4,0.4,0.9,0.9,0.9,0.8181818181818182,0.7,0.8,0.9,0.5384615384615384,1.0,1.0,1.0,1.0,0.8571428571428573,0.5714285714285714,0.09999999999999998,0.30000000000000004,-0.20000000000000007
lambda,0.22,10,11.8,0.3,0.4,0.4,0.9,0.9,0.9,0.8181818181818182,0.7,0.8,0.9,0.5384615384615384,1.0,1.0,1.0,1.0,0.8571428571428573,0.5714285714285714,0.09999999999999998,0.30000000000000004,-0.20000000000000007
