{
  "accuracy": 0.875,
  "top3_accuracy": 0.875,
  "top5_accuracy": 0.875,
  "macro_f1": 0.8133333333333332,
  "mean_requests": 8.333333333333334,
  "utility": -2.0416666666666665,
  "stop_before_cap_rate": 0.9583333333333334,
  "mean_api_calls": 9.291666666666666,
  "total_input_tokens": 456292,
  "total_output_tokens": 25920,
  "total_estimated_cost": null,
  "mean_deterministic_margin": 2.9239441609933094,
  "mean_marginal_value_final": 0.26111347515677097,
  "mean_utility_continue_final": -0.08888652484322891,
  "drift_override_rate": 0.0,
  "cost_forced_stop_rate": 0.0,
  "cost_forced_request_rate": 0.0,
  "turn_distribution": {
    "1": 2,
    "3": 4,
    "5": 2,
    "6": 4,
    "7": 3,
    "8": 1,
    "9": 2,
    "12": 1,
    "14": 1,
    "16": 1,
    "17": 1,
    "22": 1,
    "24": 1
  },
  "run_name": "single_agent_cost_sensitive_live_test_1perclass_cap24_5lambdas_lambda_cost_24case_wide_sweep_v1",
  "evidence_cost_lambda": 0.35,
  "max_request_cap": 24,
  "num_cases": 24,
  "runtime_seconds": 206.48368287086487
}