accuracy,top3_accuracy,top5_accuracy,macro_f1,mean_requests,utility,stop_before_cap_rate,mean_api_calls,total_input_tokens,total_output_tokens,total_estimated_cost,mean_deterministic_margin,mean_marginal_value_final,mean_utility_continue_final,drift_override_rate,cost_forced_stop_rate,cost_forced_request_rate,turn_distribution,run_name,evidence_cost_lambda,max_request_cap,num_cases,runtime_seconds,one_shot_accuracy_same_cases,one_shot_top5_same_cases
0.9,0.9,0.9,0.8666666666666666,18.4,0.9,0.7,19.1,429339,22392,,5.435012156196373,0.1210094535007046,0.1210094535007046,0.0,0.0,0.0,"{'8': 1, '9': 1, '15': 2, '21': 2, '23': 1, '24': 3}",single_agent_cost_sensitive_live_test_1perclass_cap24_6lambdas_lambda_cost_v1,0.0,24,10,520.6184601783752,0.3,0.4
0.9,0.9,0.9,0.8666666666666666,16.6,0.402,0.7,17.3,382887,20276,,4.720431018683812,0.07479638189202618,0.04479638189202624,0.0,0.0,0.0,"{'6': 1, '8': 1, '9': 1, '15': 2, '18': 1, '23': 1, '24': 3}",single_agent_cost_sensitive_live_test_1perclass_cap24_6lambdas_lambda_cost_v1,0.03,24,10,461.51638078689575,0.3,0.4
0.9,0.9,0.9,0.8666666666666666,15.7,-0.041999999999999926,0.8,16.5,363486,19294,,4.755883832553874,0.08402579343427981,0.02402579343427987,0.0,0.0,0.0,"{'6': 1, '8': 1, '9': 1, '11': 1, '15': 2, '22': 1, '23': 1, '24': 2}",single_agent_cost_sensitive_live_test_1perclass_cap24_6lambdas_lambda_cost_v1,0.06,24,10,426.99654173851013,0.3,0.4
0.9,0.9,0.9,0.8181818181818182,14.1,-0.5100000000000001,0.8,14.9,323388,17493,,4.33838070869217,0.07978318269752024,-0.020216817302479713,0.0,0.0,0.0,"{'6': 1, '8': 1, '9': 1, '10': 1, '11': 1, '12': 1, '14': 1, '23': 1, '24': 2}",single_agent_cost_sensitive_live_test_1perclass_cap24_6lambdas_lambda_cost_v1,0.1,24,10,404.935986995697,0.3,0.4
0.9,0.9,0.9,0.8181818181818182,12.8,-1.02,0.8,13.6,293985,15962,,3.8736672022766014,0.13319580116277116,-0.01680419883722877,0.0,0.0,0.0,"{'6': 2, '7': 1, '8': 3, '14': 1, '23': 1, '24': 2}",single_agent_cost_sensitive_live_test_1perclass_cap24_6lambdas_lambda_cost_v1,0.15,24,10,361.91722416877747,0.3,0.4
0.9,0.9,0.9,0.8181818181818182,11.8,-1.6960000000000002,0.8,12.6,269060,14902,,3.602434364411031,0.1662399127869155,-0.053760087213084465,0.0,0.0,0.0,"{'3': 1, '6': 1, '7': 1, '8': 3, '14': 1, '16': 1, '24': 2}",single_agent_cost_sensitive_live_test_1perclass_cap24_6lambdas_lambda_cost_v1,0.22,24,10,351.08538794517517,0.3,0.4
