split,dedup_type,official_rows,duplicate_rows_removed,deduplicated_rows,duplicate_fraction,dedup_num_rows,dedup_loss,dedup_accuracy,dedup_top3_accuracy,dedup_top5_accuracy,dedup_macro_f1,dedup_DDR,dedup_DDP,dedup_DDF1,dedup_DDR@3,dedup_DDP@3,dedup_DDF1@3,dedup_DDR@5,dedup_DDP@5,dedup_DDF1@5
validate,raw_row_signature,132448,1643,130805,0.012404868325682532,130805,0.012269913699482325,0.995328924735293,1.0,1.0,0.9942910004050192,0.21394765140485483,0.9960680232237129,0.3083319444400272,0.36821477262591895,0.9239618770944027,0.5105429201228291,0.2790992953888104,0.9678357096441267,0.40627726477617526
validate,feature_signature,132448,1808,130640,0.013650640251268423,130640,0.012285409694359583,0.9953230251071647,1.0,1.0,0.9942908605582418,0.21381640588179082,0.9960630570864801,0.3082226049272864,0.36810063278220034,0.9239041130843029,0.5104465196978976,0.2789742804654011,0.9678103949785669,0.4061736906948939
test,raw_row_signature,134529,1823,132706,0.013550981572746397,132706,0.011530357261869616,0.9957575392220397,1.0,1.0,0.9948339910812246,0.21429927536275906,0.995806708061429,0.30874508961387465,0.36855530269919967,0.9247823509612727,0.5110246208410572,0.2794283353176698,0.9683377792513777,0.40670661414335396
test,feature_signature,134529,1989,132540,0.01478491626340789,132540,0.011544745344788361,0.9957522257431719,1.0,1.0,0.9948339332377627,0.21410554493427564,0.9958014561641768,0.30856652650104394,0.3684032493335345,0.9247107791358583,0.5108950757004175,0.27925733112016504,0.968298123836829,0.40655933758242496
