{
  "run_name": "single_agent_live_test_1perclass_max3_decoded_gated_v2",
  "num_cases": 49,
  "runtime_seconds": 0.005533933639526367,
  "metrics": {
    "accuracy": 0.14285714285714285,
    "top3_accuracy": 0.3469387755102041,
    "top5_accuracy": 0.4489795918367347,
    "macro_f1": 0.09562682215743439,
    "mean_requests": 2.877551020408163,
    "stop_before_cap_rate": 0.061224489795918366,
    "mean_api_calls": 3.061224489795918,
    "total_input_tokens": 645525,
    "total_output_tokens": 14733,
    "total_estimated_cost": null,
    "turn_distribution": {
      "0": 1,
      "1": 1,
      "2": 1,
      "3": 46
    }
  },
  "notes": "Live API-backed sequential baseline."
}